Price,Price,Log_Return,Simple_Return,Lag1_Return,Lag2_Return,Lag5_Return,SMA_20,SMA_50,SMA_200,EMA_12,EMA_26,RSI_14,MACD,MACD_Signal,MACD_Hist,BB_Upper,BB_Lower,BB_PctB,Rolling_Vol_20D
2016-04-15,63.66733551025391,0.002289676057037395,0.002292299367055106,-0.0008435148993156855,0.0006024294528124182,-0.0008424294205726929,63.33162708282471,62.9122282409668,61.931871795654295,63.48985631361006,63.2532872112838,78.15696583268061,0.23656910232626416,0.23584716031386307,0.0007219420124010834,63.89930887277146,62.763945292877956,0.7956836324278533,0.025772443041211752
2016-04-18,63.644344329833984,-0.0003611794408610601,-0.0003611142234187792,0.002289676057037395,-0.0008435148993156855,-0.00012024230697495767,63.36313343048096,62.936517562866214,61.94600975036621,63.51362370072144,63.282254405250484,70.60991247357376,0.2313692954709552,0.23495158734528152,-0.003582291874326321,63.926569799785995,62.79969706117592,0.7495498291136965,0.025948415737864373
2016-04-19,63.68263244628906,0.0006014140691720017,0.0006015949548738853,-0.0003611794408610601,0.002289676057037395,-0.0015671688626981714,63.402289390563965,62.96279418945313,61.95958745956421,63.539625046193386,63.31191203792001,73.33624040193351,0.22771300827337626,0.23350387153090046,-0.005790863257524204,63.9382410254374,62.86633775569053,0.7615376439623147,0.02445843415102506
2016-04-20,63.5063591003418,-0.002771835151199597,-0.0027679971630559796,0.0006014140691720017,-0.0003611794408610601,0.0006024294528124182,63.433395576477054,62.980203247070314,61.971231346130374,63.534507208370066,63.326315524025325,58.06112606711475,0.20819168434474022,0.22844143409366843,-0.02024974974892821,63.91188187142074,62.95490928153337,0.5762441104748157,0.027140287236313503
2016-04-21,63.429718017578125,-0.0012075541298721445,-0.0012068253297685683,-0.002771835151199597,0.0006014140691720017,-0.0008435148993156855,63.4537878036499,62.99623100280762,61.98219131469727,63.51838579440208,63.3339749679922,51.07733075504466,0.1844108264098807,0.21963531255691088,-0.035224486147030165,63.891450161797806,63.016125445502,0.4725018777332877,0.02700390109951686
2016-04-22,63.40676498413086,-0.00036193109670998265,-0.0003618656075516924,-0.0012075541298721445,-0.002771835151199597,0.002289676057037395,63.476854515075686,63.009204635620115,61.99217197418213,63.50121336205267,63.339366821039505,50.0,0.16184654101316198,0.2080775582481611,-0.04623101723499912,63.84477825074068,63.10893077941069,0.40474991941176963,0.02652625868790762
2016-04-25,63.3300895690918,-0.0012099941199315365,-0.0012092623722129714,-0.00036193109670998265,-0.0012075541298721445,-0.0003611794408610601,63.494559860229494,63.01988304138184,62.00278400421143,63.47488662467407,63.33867961719153,40.87401357380627,0.13620700748253967,0.19370344809503684,-0.057496440612497174,63.787420582564216,63.20169913789477,0.21920049601305577,0.027100753074504297
2016-04-26,63.23814010620117,-0.001452963027178949,-0.001451907987439549,-0.0012099941199315365,-0.00036193109670998265,0.0006014140691720017,63.49466686248779,63.032843017578124,62.014364891052246,63.43846408337055,63.331232246007055,38.62130522846677,0.10723183736349284,0.17640912594872804,-0.0691772885852352,63.787131112850965,63.202202612124616,0.06143912295593389,0.02362475322391861
2016-04-27,63.429718017578125,0.0030248882438204928,0.003029467834683608,-0.001452963027178949,-0.0012099941199315365,-0.002771835151199597,63.50549812316895,63.05146606445312,62.02761770248413,63.4371185347871,63.338527488345655,37.7593505444624,0.09859104644144878,0.1608455100472722,-0.06225446360582343,63.76862944204544,63.24236680429246,0.3560032573956097,0.025884059671853792
2016-04-28,63.54470443725586,0.0018111750207276528,0.0018128161888701921,0.0030248882438204928,-0.001452963027178949,-0.0012075541298721445,63.51595954895019,63.072694625854496,62.040881690979006,63.45367021208999,63.353799854931594,45.69457173186357,0.09987035715839454,0.14865047946949667,-0.048780122311102125,63.76698762017808,63.26493147772231,0.5572543304919314,0.025776401031693215
2016-04-29,63.59062576293945,0.0007224007301249344,0.0007226617243760725,0.0018111750207276528,0.0030248882438204928,-0.00036193109670998265,63.525152587890624,63.09056671142578,62.053510684967044,63.47474029683606,63.371342514784025,48.073204199508616,0.10339778205203487,0.1395999399860043,-0.03620215793396944,63.772786885664814,63.27751829011643,0.6321973079604108,0.02561665885541795
2016-05-02,63.47859191894531,-0.0017633518969879924,-0.0017617981054596221,0.0007224007301249344,0.0018111750207276528,-0.0012099941199315365,63.52874393463135,63.1078776550293,62.06557950973511,63.47533285408364,63.37928691509227,47.580349698057006,0.0960459389913666,0.13088913978707678,-0.03484320079571018,63.771177802576474,63.28631006668623,0.3965655745397129,0.026498371188542466
2016-05-03,63.65517425537109,0.0027779000857539753,0.0027817620253967057,-0.0017633518969879924,0.0007224007301249344,-0.001452963027178949,63.53541641235351,63.12841453552246,62.07849361419678,63.503000761974015,63.399723014372185,52.96583151254401,0.10327774760182962,0.12536686135002734,-0.02208911374819772,63.78429696867002,63.286535856037005,0.7405930073245155,0.027548538853416564
2016-05-04,63.67825698852539,0.0003625557433214052,0.00036262147459842353,0.0027779000857539753,-0.0017633518969879924,0.0030248882438204928,63.544778442382814,63.14864974975586,62.0919367980957,63.529963258366536,63.42035516060575,55.94923274992188,0.10960809776078406,0.12221510863217869,-0.012607010871394625,63.800616133380636,63.28894075138499,0.7608656793726944,0.027472429516104516
2016-05-05,63.79342269897461,0.0018069227936107735,0.0018085562623042506,0.0003625557433214052,0.0027779000857539753,0.0018111750207276528,63.549550437927245,63.17027206420899,62.10539175033569,63.57049547999854,63.44798979307752,54.90565085622152,0.12250568692102348,0.12227322428994766,0.00023246263107581933,63.820532412703955,63.278568463150535,0.9499787508898263,0.02572594545630671
2016-05-06,63.76274490356445,-0.0004810084306897858,-0.0004808927646807737,0.0018069227936107735,0.0003625557433214052,0.0007224007301249344,63.55547046661377,63.1894499206543,62.11858085632324,63.600072314393294,63.47130498644692,54.579199886692905,0.12876732794637746,0.12357204502123363,0.005195282925143832,63.840006435683435,63.270934497544104,0.864232398505538,0.025586635968203507
2016-05-09,63.80876922607422,0.000721545476990991,0.0007218058535494176,-0.0004810084306897858,0.0018069227936107735,-0.0017633518969879924,63.56407432556152,63.210770263671876,62.1312858581543,63.63217953157498,63.496302337530416,54.8493825712023,0.13587719404456067,0.12603307482589904,0.009844119218661629,63.86865209980577,63.25949655131727,0.9016952667013536,0.025667963029860262
2016-05-10,63.80876922607422,0.0,0.0,0.000721545476990991,-0.0004810084306897858,0.0027779000857539753,63.577660751342776,63.231326217651365,62.14380302429199,63.65934717688255,63.519448032978104,63.44916039237109,0.1398991439044437,0.12880628864160798,0.01109285526283571,63.900835514674085,63.25448598801147,0.857559594612462,0.024880274939974155
2016-05-11,63.824161529541016,0.00024119642870055701,0.0002412255188979362,0.0,0.000721545476990991,0.0003625557433214052,63.59010238647461,63.25639724731445,62.155795631408694,63.684703231137696,63.542019403093875,68.55292196723664,0.14268382804382185,0.13158179652205076,0.011102031521771083,63.931542206692136,63.24866256625709,0.8427531430242813,0.024838363313875643
2016-05-12,63.8317985534668,0.00011965009592852914,0.00011965725428675356,0.00024119642870055701,0.0,0.0018069227936107735,63.60560607910156,63.28238502502441,62.16835256576538,63.70733328072679,63.563484525343725,70.28399781540142,0.1438487553830683,0.1340351882942543,0.009813567088814007,63.96181261469569,63.24939954350744,0.8175018588414756,0.02453755895034207
2016-05-13,63.90093994140625,0.0010825947287602161,0.0010831809459597164,0.00011965009592852914,0.00024119642870055701,-0.0004810084306897858,63.61728630065918,63.30914405822754,62.181518421173095,63.73711892083132,63.588481222829834,77.4401760337398,0.14863769800148674,0.13695569023570078,0.011682007765785957,63.99658696519037,63.237985636127995,0.8739166145380517,0.02355700342362516
2016-05-16,63.76274490356445,-0.0021649867303801472,-0.002162644836969707,0.0010825947287602161,0.00011965009592852914,0.000721545476990991,63.623206329345706,63.33375076293945,62.193880519866944,63.74106137971334,63.60138964362499,74.14377909957233,0.1396717360883457,0.13749889940622978,0.0021728366821159306,64.00794215271269,63.238470505978725,0.681343360487708,0.024939390342589424
2016-05-17,63.71663665771485,-0.0007233836138133322,-0.0007231220349647183,-0.0021649867303801472,0.0010825947287602161,0.0,63.62490653991699,63.35774139404297,62.20495950698852,63.73730373017511,63.6099264594835,65.24624590536163,0.12737727069160343,0.1354745736633045,-0.008097302971701081,64.01104608492176,63.23876699491222,0.618778455851665,0.02502435205719772
2016-05-18,63.41712188720703,-0.0047118142036819445,-0.004700731021268556,-0.0007233836138133322,-0.0021649867303801472,0.00024119642870055701,63.62044467926025,63.37161155700684,62.21382900238037,63.6880449851031,63.59564463931487,44.332066825516804,0.09240034578822787,0.1268597280882892,-0.03445938230006132,64.01433635726053,63.22655300125997,0.24190519448715447,0.02859461629913457
2016-05-19,63.48624420166016,0.0010893693905723604,0.001089962968929381,-0.0047118142036819445,-0.0007233836138133322,0.00011965009592852914,63.623270988464355,63.389005432128904,62.22409885406494,63.65699871072726,63.5875409031923,45.45644745100808,0.06945780753495967,0.11537934397762328,-0.04592153644266361,64.01218011185743,63.234361865071286,0.32383186898690774,0.028545344707553388
2016-05-20,63.48624420166016,0.0,0.0,0.0010893693905723604,-0.0047118142036819445,0.0010825947287602161,63.62724494934082,63.40701126098633,62.23485824584961,63.630728786255396,63.58003744381955,50.36908923643089,0.050691342435847275,0.10244174366926809,-0.05175040123342081,64.0083857847052,63.24610411397644,0.31502802298019594,0.028505873787669805
2016-05-23,63.50161361694336,0.0002420611800569457,0.00024209047922840732,0.0,0.0010893693905723604,-0.0021649867303801472,63.635821151733396,63.42700721740723,62.24550617218018,63.61086491405354,63.57422827145835,41.2294271185116,0.03663664259519095,0.08928072345445268,-0.05264408085926173,63.99594846388115,63.27569383958564,0.31366654199366384,0.02810930064373539
2016-05-24,63.47091293334961,-0.0004835799527052781,-0.0004834630467651646,0.0002420611800569457,0.0,-0.0007233836138133322,63.64745979309082,63.44363624572754,62.25536039352417,63.589333840099094,63.56657528345029,38.25976516938389,0.022758556648803108,0.07597629009332277,-0.05321773344451966,63.96613165256454,63.32878793361709,0.22299584275692058,0.02758865346151536
2016-05-25,63.44784927368164,-0.00036343972350156775,-0.00036337368728556196,-0.0004835799527052781,0.0002420611800569457,-0.0047118142036819445,63.648366355895995,63.46102676391602,62.26573949813843,63.567566983727176,63.55778076420817,28.154450135524883,0.009786219519007489,0.06273827597845971,-0.052952056459452224,63.96452330330631,63.33220940848568,0.1828836376097091,0.025503459937688818
2016-05-26,63.55537033081055,0.0016932024739486796,0.0016946367506502913,-0.00036343972350156775,-0.0004835799527052781,0.0010893693905723604,63.64889965057373,63.47567321777344,62.27548868179321,63.56569057558615,63.55760221358612,38.05157240445566,0.008088362000030713,0.05180829318277391,-0.0437199311827432,63.964355562038676,63.33344373910879,0.35175532243341934,0.025396430851053673
2016-05-27,63.53230667114258,-0.00036295666842366033,-0.0003628908076205306,0.0016932024739486796,-0.00036343972350156775,0.0,63.64598369598389,63.487106246948244,62.28523551940918,63.56055459028714,63.555728469701414,33.63796863641085,0.004826120585725846,0.042411858663364305,-0.03758573807763846,63.96476825396048,63.327199138007295,0.32170242880827404,0.025283686613857666
2016-05-31,63.58609008789063,0.0008461941202623199,0.0008465522435137096,-0.00036295666842366033,0.0016932024739486796,0.0002420611800569457,63.65135860443115,63.498543701171876,62.295891704559324,63.56448312837999,63.557977478456166,37.6098418277685,0.006505649923823853,0.03523061691545621,-0.028724966991632357,63.961774799706745,63.34094240915556,0.39486934391007905,0.024620741674347243
2016-06-01,63.608375549316406,0.0003504155867501119,0.00035047698946377714,0.0008461941202623199,-0.00036295666842366033,-0.0004835799527052781,63.64901866912842,63.51272094726563,62.306772212982175,63.57123580852405,63.56171066889026,38.084786391038584,0.00952513963379431,0.03008952145912383,-0.02056438182532952,63.9600187523117,63.338018585945136,0.4346573811234992,0.02251668721354752
2016-06-02,63.73150634765625,0.001933892742489312,0.0019357639190829001,0.0003504155867501119,0.0008461941202623199,-0.00036343972350156775,63.651681137084964,63.529666366577146,62.31770338058472,63.595892814544385,63.57428812657663,45.088530127144125,0.021604687967752056,0.028392554760849478,-0.006787866793097421,63.964640713704654,63.338721560465274,0.6275327814433527,0.023553271508558783
2016-06-03,64.13167572021484,0.006259357426025971,0.006278988140899555,0.001933892742489312,0.0003504155867501119,0.0016932024739486796,63.66859378814697,63.55186241149902,62.33120038986206,63.678320953878305,63.61557609647576,58.5329518714767,0.06274485740254221,0.03526301528918803,0.02748184211335418,64.04411193768061,63.29307563861333,1.1165906130542276,0.03182789236890938
2016-06-06,64.03163146972656,-0.0015611998941352095,-0.0015599818555301903,0.006259357426025971,0.001933892742489312,-0.00036295666842366033,63.682038116455075,63.57358642578125,62.34310480117798,63.73267641785496,63.64639501301286,60.23256151556943,0.08628140484210434,0.04546669319977129,0.040814711642333044,64.08963256387031,63.27444366903983,0.9288495040700849,0.03238943637900703
2016-06-07,64.0393295288086,0.00012021552788051853,0.00012022275405665361,-0.0015611998941352095,0.006259357426025971,0.0008461941202623199,63.693566131591794,63.59485336303711,62.3547841835022,63.779853819540136,63.67550127344217,62.64998983119754,0.10435254609796374,0.057243863779409786,0.04710868231855395,64.12838523153643,63.25874703164716,0.8975945367404823,0.03233385993880643
2016-06-08,64.11626434326172,0.0012006471410379606,0.001201368206369402,0.00012021552788051853,-0.0015611998941352095,0.0003504155867501119,63.70894088745117,63.61245864868164,62.36635866165161,63.831609284728074,63.708150389725105,83.20121155908524,0.12345889500296892,0.07048687002412161,0.0529720249788473,64.18105721985465,63.23682455504769,0.9313803906517273,0.032525351470885706
2016-06-09,64.17784881591797,0.0009600514921527474,0.0009605124891016725,0.0012006471410379606,0.00012021552788051853,0.001933892742489312,63.72662525177002,63.6317537689209,62.378316230773926,63.88487690491114,63.742942865739394,83.08007823903766,0.14193403917174408,0.08477630385364611,0.057157735318097966,64.24147623950554,63.21177426403449,0.9382079231629439,0.03262553134487203
2016-06-10,64.2394027709961,0.0009586556172411417,0.0009591152744099496,0.0009600514921527474,0.0012006471410379606,0.006259357426025971,63.747005462646484,63.649832305908205,62.391598548889164,63.939419345847284,63.77971767353618,84.02098094896739,0.1597016723111011,0.09976137754513711,0.05994029476596399,64.309455388164,63.18455553712897,0.9377254632015043,0.032707921604223436
2016-06-13,64.25480651855469,0.0002397578492843444,0.00023978659349466191,0.0009586556172411417,0.0009600514921527474,-0.0015611998941352095,63.7646987915039,63.66679313659668,62.40627613067627,63.98794044934073,63.814909439833855,84.021476547073,0.17303100950687877,0.11441530393748545,0.05861570556939333,64.36829627411242,63.16110130889538,0.9059888760078348,0.032583284849718265
2016-06-14,64.24710845947266,-0.00011981236376991312,-0.00011980518655529959,0.0002397578492843444,0.0009586556172411417,0.00012021552788051853,63.788916969299315,63.68360000610352,62.42050088882446,64.02781245089949,63.846924182029326,85.80453075344803,0.18088826887016296,0.12770989692402096,0.053178371946142,64.42989516782188,63.14793877077675,0.857415814788597,0.031335929111054026
2016-06-15,64.39334106445312,0.002273509903136736,0.0022760962864611933,-0.00011981236376991312,0.0002397578492843444,0.0012006471410379606,63.82275218963623,63.70103233337402,62.435306224822995,64.08404762221544,63.88739950665331,89.1636513027952,0.1966481155621267,0.1414975406516421,0.055150574910484584,64.51690211926476,63.1286022600077,0.9109982947936371,0.03174144277869516
2016-06-16,64.46253967285156,0.0010740466737667166,0.0010746236684500143,0.002273509903136736,-0.00011981236376991312,0.0009600514921527474,63.87502307891846,63.720462799072266,62.45087194442749,64.14227716846715,63.93000248192726,88.80834494710972,0.21227468653988524,0.15565296982929075,0.05662171671059449,64.5974323166222,63.15261384121471,0.9066369609285373,0.025001808418879327
2016-06-17,64.37019348144531,-0.0014335829871927228,-0.0014325558979666475,0.0010740466737667166,0.002273509903136736,0.0009586556172411417,63.919220542907716,63.733907012939454,62.46522846221924,64.17734121661763,63.9626092226323,83.83859547497929,0.21473199398533183,0.16746877466049898,0.04726321932483285,64.64959653153035,63.18884455428509,0.8087265638264303,0.026212584823828988
2016-06-20,64.22403717041016,-0.002273140454727809,-0.0022705588274686272,-0.0014335829871927228,0.0010740466737667166,0.0002397578492843444,63.95611019134522,63.74550086975098,62.47908090591431,64.18452520950879,63.981974255801035,73.97510078390656,0.20255095370775678,0.17448521046995052,0.02806574323780625,64.66872005636374,63.24350032632669,0.6879899452823159,0.028176129612384054
2016-06-21,64.13933563232422,-0.001319715251007968,-0.001318844809789721,-0.002273140454727809,-0.0014335829871927228,-0.00011981236376991312,63.98799629211426,63.75555374145508,62.49228313446045,64.17757296686501,63.99363065406202,69.06016520234,0.18394231280299778,0.17637663093655997,0.007565681866437801,64.6714520391608,63.304540545067724,0.6107162686567132,0.02895743481303282
2016-06-22,64.16240692138672,0.0003596410906347671,0.00035970576924526654,-0.001319715251007968,-0.002273140454727809,0.002273509903136736,64.02257099151612,63.76806106567383,62.50484579086304,64.17523972909913,64.00613259978977,66.66548637053036,0.1691071293093671,0.1749227306111214,-0.005815601301754292,64.66459353944435,63.38054844358789,0.6089026626259766,0.02873151578893488
2016-06-23,64.04705047607422,-0.0017995002675009993,-0.001797882137648532,0.0003596410906347671,-0.001319715251007968,0.0010740466737667166,64.05253105163574,63.777495498657224,62.51758659362793,64.15551830555684,64.0091635535886,45.8022373938449,0.14635475196823222,0.16920913488254358,-0.022854382914311355,64.63476967343509,63.47029242983639,0.4952935314179404,0.029765210569535874
2016-06-24,64.40872192382812,0.005631080591944067,0.005646964927588982,-0.0017995002675009993,0.0003596410906347671,-0.0014335829871927228,64.09519863128662,63.79523544311523,62.53221113204956,64.19447270836781,64.03876046990264,64.85067003184905,0.15571223846517057,0.166509755599069,-0.010797517133898427,64.64838106401596,63.54201619855728,0.7833814615140734,0.034772528242952565
2016-06-27,64.73190307617188,0.005005114804357592,0.005017661314968391,0.005631080591944067,-0.0017995002675009993,-0.002273140454727809,64.15517845153809,63.81652679443359,62.549093379974366,64.27715430341459,64.09010436666333,71.8464966957225,0.18704993675126502,0.1706177918295082,0.01643214492175682,64.71150946489831,63.59884743817787,1.0183286665526563,0.03775671165437734
2016-06-28,64.80887603759766,0.0011883975225621237,0.0011891039467077924,0.005005114804357592,0.005631080591944067,-0.001319715251007968,64.21631774902343,63.839817428588866,62.56571868896484,64.35895764713507,64.14334671265846,71.84717422484911,0.21561093447661506,0.17961642035892958,0.03599451411768548,64.77805258578812,63.65458291225875,1.0274359446772672,0.03776554108959585
2016-06-29,64.78575897216797,-0.00035675960927143387,-0.00035669597812926224,0.0011883975225621237,0.005005114804357592,0.0003596410906347671,64.27518692016602,63.861879959106446,62.58215303421021,64.42461938944783,64.19093280595546,69.65233519464888,0.23368658349237137,0.19043045298561795,0.04325613050675342,64.81501177084061,63.73536206949143,0.9729052871166561,0.03799775825924383
2016-06-30,64.87042236328125,0.0013059678647697837,0.0013068210121556234,-0.00035675960927143387,0.0011883975225621237,-0.0017995002675009993,64.33213272094727,63.88916122436523,62.60029417037964,64.49320446234528,64.24126536575737,70.09909940559797,0.25193909658790403,0.20273218170607515,0.04920691488182888,64.87075900735829,63.79350643453626,0.9996874975418663,0.0378399302568312
2016-07-01,65.05084228515625,0.002777375025409493,0.0027812355045975234,0.0013059678647697837,-0.00035675960927143387,0.005631080591944067,64.37809104919434,63.9215837097168,62.61952600479126,64.57899489662388,64.30123402645359,72.94332884749012,0.2777608701702974,0.21773791939891962,0.06002295077137776,64.99575709468098,63.760425003707695,1.0445914024882712,0.03298918046103898
2016-07-05,65.2744140625,0.00343098495144869,0.0034368775174917765,0.002777375025409493,0.0013059678647697837,0.005005114804357592,64.440230178833,63.95893669128418,62.63813934326172,64.68598246060482,64.3733214365311,76.33224732768298,0.3126610240737193,0.23672254033387957,0.07593848373983975,65.15375577061835,63.72670458704766,1.0845507808484829,0.033186390156211595
2016-07-06,65.39007568359375,0.0017703608918869114,0.0017719289059110466,0.00343098495144869,0.002777375025409493,0.0011883975225621237,64.50776748657226,64.00013641357423,62.656463108062745,64.7943044949108,64.44863656594315,75.95541780903564,0.3456679289676572,0.2585116180606351,0.08715631090702208,65.31151837114189,63.70401660200263,1.0488691919100825,0.033148703766839684
2016-07-07,65.28215026855469,-0.0016518497147066647,-0.001650486161864806,0.0017703608918869114,0.00343098495144869,-0.00035675960927143387,64.56606178283691,64.0410166168213,62.67537940979004,64.86935769085602,64.51037832169214,70.9210659562369,0.35897936916387607,0.27860516828128334,0.08037420088259273,65.41793316346585,63.71419040220798,0.9203031713479378,0.03448884437756857
2016-07-08,65.45177459716797,0.0025949564961377457,0.002598326309955823,-0.0016518497147066647,0.0017703608918869114,0.0013059678647697837,64.62975807189942,64.08145774841309,62.69457765579224,64.95896029182708,64.5801113791348,76.56018735362997,0.37884891269227694,0.2986539171634821,0.08019499552879483,65.54737931819695,63.71213682560189,0.9479062187069403,0.03501026688750791
2016-07-11,65.25899505615234,-0.0029497138040746706,-0.0029453676726431954,0.0025949564961377457,-0.0016518497147066647,0.002777375025409493,64.68073768615723,64.11574356079102,62.71281200408936,65.00511948633866,64.63039905891388,74.84632911577883,0.3747204274247764,0.31386721921574096,0.06085320820903545,65.62007900861673,63.74139636369773,0.8077993888744565,0.03769202470418181
2016-07-12,64.9968490600586,-0.004025099246801933,-0.004017009392623727,-0.0029497138040746706,0.0025949564961377457,0.00343098495144869,64.71783981323242,64.1438680267334,62.72962245941162,65.0038471130648,64.65754350344312,68.97017323557608,0.34630360962167117,0.320354497296927,0.025949112324744172,65.64488353046468,63.79079609600014,0.6504833276143522,0.04137415249848856
2016-07-13,65.11256408691406,0.0017787345983022959,0.0017803174850605785,-0.004025099246801933,-0.0029497138040746706,0.0017703608918869114,64.7611125946045,64.17654747009277,62.74757774353027,65.0205728013493,64.69124873184838,70.19199901422563,0.3293240695009274,0.3221484117377271,0.007175657763200283,65.67635962223682,63.84586556697217,0.6919981609876121,0.04150048015301622
2016-07-14,65.0123062133789,-0.0015409489845025885,-0.0015397623322179754,0.0017787345983022959,-0.004025099246801933,-0.0016518497147066647,64.79206085205078,64.20369010925293,62.76423910140991,65.01930101858463,64.7150307675173,70.64534868541291,0.3042702510673223,0.31857277960364616,-0.014302528536323855,65.6967448934935,63.88737681060806,0.6217250173756214,0.041752546866438534
2016-07-15,64.80408477783203,-0.003207940268900286,-0.003202800326194577,-0.0015409489845025885,0.0017787345983022959,0.0025949564961377457,64.8091381072998,64.22620666503906,62.77963291168213,64.98619082769962,64.72162736087395,59.05028030527952,0.26456346682566334,0.3077709170480496,-0.04320745022238626,65.70042700072253,63.917849213877076,0.49716515626691765,0.04366503480916671
2016-07-18,64.82723999023438,0.0003572471806491778,0.0003573110010228753,-0.003207940268900286,-0.0015409489845025885,-0.0029497138040746706,64.83199043273926,64.24688301086425,62.794538516998294,64.96173685270496,64.72945051860435,52.52986192654978,0.23228633410060695,0.29267400045856107,-0.06038766635795412,65.69899874361404,63.96498212186447,0.497260440041175,0.043201757141334875
2016-07-19,64.92745971679688,0.0015447570950123401,0.0015459508468600447,0.0003572471806491778,-0.003207940268900286,-0.004025099246801933,64.86716156005859,64.2701773071289,62.809778881073,64.95646344718064,64.74411786661862,53.108388629573184,0.21234558056201536,0.27660831647925194,-0.06426273591723658,65.68606432453667,64.04825879558051,0.5368164325203582,0.04223760239552817
2016-07-20,64.85808563232422,-0.0010690572805044777,-0.001068486042350214,0.0015447570950123401,0.0003572471806491778,0.0017787345983022959,64.9030990600586,64.29116363525391,62.82350004196167,64.94132839874119,64.75255992333756,51.85098406747891,0.18876847540363428,0.2590403482641284,-0.07027187286049413,65.64718167674894,64.15901644336824,0.4697523993138067,0.04210000536151938
2016-07-21,64.93518829345703,0.0011880842183915748,0.001188790270035156,-0.0010690572805044777,0.0015447570950123401,-0.0015409489845025885,64.94173812866211,64.31369201660156,62.83881694793701,64.940383767159,64.76608795075381,51.66392906005355,0.17429581640519132,0.24209144189234102,-0.06779562548714971,65.59907330541704,64.28440295190718,0.4950178878016138,0.04215111943701748
2016-07-22,64.94290161132812,0.000118777815192976,0.00011878486955696488,0.0011880842183915748,-0.0010690572805044777,-0.003207940268900286,64.98653068542481,64.3360668182373,62.8537564086914,64.9407711278004,64.77918525894451,46.95679107944866,0.16158586885589443,0.2259903272850517,-0.06440445842915726,65.49162748375979,64.48143388708984,0.45681117536232035,0.04124384526672902
2016-07-25,64.90435791015625,-0.0005936775630997111,-0.000593501371443983,0.000118777815192976,0.0011880842183915748,0.0003572471806491778,65.01131248474121,64.35751800537109,62.868503150939944,64.93516909431669,64.78845730718241,38.351585014409224,0.14671178713427935,0.21013461925489724,-0.06342283212061789,65.4398816667728,64.58274330270962,0.3752190088914558,0.037069541339481135
2016-07-26,64.89661407470703,-0.0001193186050918924,-0.00011931148691024518,-0.0005936775630997111,0.000118777815192976,0.0015447570950123401,65.01954803466796,64.3774314880371,62.88370258331299,64.92923755283827,64.79646891959165,33.33487928680013,0.13276863324662713,0.19466142205324322,-0.061892788806616084,65.43151876817235,64.60757730116357,0.35079770240569547,0.03281415160227274
2016-07-27,65.08934020996094,0.0029653400252118117,0.002969740994993142,-0.0001193186050918924,-0.0005936775630997111,-0.0010690572805044777,65.03357124328613,64.40396339416503,62.89990369796753,64.95386873085714,64.81816308924863,43.841204854510885,0.13570564160851006,0.1828702659642966,-0.04716462435578653,65.43428762935073,64.63285485722153,0.5695865812008669,0.034155235297348596
2016-07-28,65.05084228515625,-0.0005916378045512843,-0.0005914628214159778,0.0029653400252118117,-0.0001193186050918924,0.0011880842183915748,65.04682540893555,64.43064750671387,62.915382862091064,64.96878773921084,64.83539858524179,36.02240628141906,0.13338915396904838,0.17297404356524695,-0.039584889596198575,65.43018963421581,64.66346118365529,0.5052389815687243,0.0342175862654489
2016-07-29,65.25899505615234,0.0031947388206921127,0.0031998474375418695,-0.0005916378045512843,0.0029653400252118117,0.000118777815192976,65.06625404357911,64.46748497009277,62.93171348571777,65.0134350187403,64.86677610160554,50.0,0.14665891713475787,0.16771101827914917,-0.021052101144391294,65.45135747510427,64.68115061205394,0.7502457739858399,0.03565102691646046
2016-08-01,65.05428314208984,-0.0031418453328591086,-0.003136914901713639,0.0031947388206921127,-0.0005916378045512843,-0.0005936775630997111,65.06642608642578,64.49884574890137,62.94588609695435,65.01971934540946,64.88066551201179,52.06280484463199,0.13905383339766786,0.16197958130285292,-0.022925747905185062,65.45150360147386,64.6813485713777,0.4842331168902208,0.03637663841152368
2016-08-02,64.9924545288086,-0.0009508676503095019,-0.0009504157189189621,-0.0031418453328591086,0.0031947388206921127,-0.0001193186050918924,65.05232810974121,64.52896995544434,62.960354537963866,65.01552475824009,64.88894617992266,45.51243678986585,0.12657857831743513,0.15489938070576936,-0.028320802388334232,65.42581524022958,64.67884097925284,0.41984518870258447,0.03415694209028919
2016-08-03,64.9924545288086,0.0,0.0,-0.0009508676503095019,-0.0031418453328591086,0.0029653400252118117,65.03244705200196,64.55878677368165,62.97493658065796,65.0119754921737,64.89661346502531,49.198230066680644,0.11536202714839305,0.1469919099942941,-0.03162988284590104,65.37092547919477,64.69396862480914,0.44092308404254543,0.033359923551738724
2016-08-04,65.10834503173828,0.0017815499055102754,0.0017831378083792426,0.0,-0.0009508676503095019,-0.0005916378045512843,65.02375679016113,64.59153541564942,62.9900980758667,65.02680157518364,64.91229728478183,63.27881516208945,0.1145042904018112,0.1404943860757975,-0.025990095673986302,65.3436563503556,64.70385722996666,0.6322106249938713,0.03374534344484699
2016-08-05,64.89204406738281,-0.00332770025469453,-0.003322169596693514,0.0017815499055102754,0.0,0.0031947388206921127,64.99577026367187,64.62041931152343,63.004669647216794,65.0060696509066,64.91079704645597,52.420218828356504,0.0952726044506278,0.1314500297507636,-0.03617742530013579,65.24899319264036,64.74254733470339,0.2951879857175778,0.03394265340049224
2016-08-08,64.89976501464844,0.00011897433789294235,0.0001189814156201674,-0.00332770025469453,0.0017815499055102754,-0.0031418453328591086,64.97780876159668,64.64730720520019,63.018712520599365,64.98971509148227,64.90997985891467,48.8889296995519,0.07973523256760018,0.12110707031413091,-0.041371837746530735,65.20167723856983,64.75394028462352,0.3256928621585277,0.032643564440472346
2016-08-09,65.08519744873047,0.0028531386455635938,0.00285721271934003,0.00011897433789294235,-0.00332770025469453,-0.0009508676503095019,64.98222618103027,64.67836502075195,63.03315330505371,65.00440468490507,64.92295893964176,58.335200035840685,0.08144574526330928,0.11317480530396659,-0.031729060040657314,65.21110708613875,64.75334527592179,0.7249450814854845,0.03126771403430258
2016-08-10,65.17015838623047,0.0013045290768159122,0.0013053803449998291,0.0028531386455635938,0.00011897433789294235,0.0,64.9851058959961,64.71004638671874,63.04881286621094,65.02990525433974,64.94127000975945,58.574148932616176,0.08863524458028849,0.10826689315923098,-0.019631648578942493,65.22219367246234,64.74801811952986,0.8902615583826189,0.030967451826228877
2016-08-11,65.00019836425781,-0.0026113490474678007,-0.002607942441468225,0.0013045290768159122,0.0028531386455635938,0.0017815499055102754,64.98450050354003,64.73788284301757,63.063282337188724,65.0253349635579,64.94563507305563,51.8694240879401,0.079699890502269,0.1025534926278386,-0.022853602125569597,65.22135756042994,64.74764344665013,0.5331378362205097,0.03191282126826918
2016-08-12,65.1469955444336,0.002255864886831084,0.0022584112644261634,-0.0026113490474678007,0.0013045290768159122,-0.00332770025469453,65.00164604187012,64.76619262695313,63.078410110473634,65.0440519760003,64.96055066352807,57.39422374949431,0.08350131247223658,0.0987430565967182,-0.015241744124481621,65.23309749190378,64.77019459183646,0.8139956620326604,0.030512066594414505
2016-08-15,65.03881072998047,-0.0016620066726478748,-0.0016606263043908998,0.002255864886831084,-0.0026113490474678007,0.00011897433789294235,65.01222457885743,64.78433532714844,63.0938667678833,65.04324563045878,64.96634770548751,54.08337642079064,0.07689792497127712,0.09437403027163,-0.017476105300352873,65.22898642220875,64.7954627355061,0.5613257174602246,0.03126275858919125
2016-08-16,65.00792694091797,-0.00047496446579455465,-0.0004748516880285214,-0.0016620066726478748,0.002255864886831084,0.0028531386455635938,65.01624794006348,64.80386123657226,63.1102659034729,65.03781198591405,64.96942764885273,47.4225260259414,0.06838433706131752,0.08917609162956751,-0.020791754568249984,65.22934129673628,64.80315458339068,0.4804756955462311,0.030898635415943024
2016-08-17,65.10834503173828,0.0015435134935012822,0.001544705323576645,-0.00047496446579455465,-0.0016620066726478748,0.0013045290768159122,65.02876091003418,64.82524154663086,63.12648624420166,65.04866322373316,64.97971782536277,51.751804798229834,0.06894539837038849,0.08512995297773171,-0.01618455460734322,65.23190813120597,64.82561368886239,0.6958779481329994,0.031021731904088943
2016-08-18,65.17790985107422,0.0010678766690969154,0.001068447052402055,0.0015435134935012822,-0.00047496446579455465,-0.0026113490474678007,65.04089698791503,64.8464744567871,63.14366464614868,65.06854732024716,64.99439871615621,47.30193545766567,0.0741486040909507,0.08293368320037552,-0.008785079109424818,65.24943609357265,64.83235788225741,0.8285064034563678,0.03097346473828342
2016-08-19,65.04655456542969,-0.00201736794667492,-0.0020153344276406804,0.0010678766690969154,0.0015435134935012822,0.002255864886831084,65.04607963562012,64.86384857177734,63.16071689605713,65.06516381950601,64.99826211239869,49.72963739918117,0.06690170710731991,0.0797272879817644,-0.012825580874444492,65.2494524438742,64.84270682736603,0.5011676335043201,0.031948253183611386
2016-08-22,65.13929748535156,0.0014247774877201918,0.0014257929653842538,-0.00201736794667492,0.0010678766690969154,-0.0016620066726478748,65.05782661437988,64.88184646606446,63.17804323196411,65.07656899886686,65.00870917706187,55.02813582523917,0.06785982180498706,0.07735379474640894,-0.009493972941421874,65.25373586337135,64.86191736538841,0.7079301293611534,0.032186473729006126
2016-08-23,65.17015838623047,0.0004736555954356608,0.0004737677879600444,0.0014247774877201918,-0.00201736794667492,-0.00047496446579455465,65.07150382995606,64.90015350341797,63.196092205047606,65.09096736615356,65.02066837774103,55.958923034415015,0.07029898841253157,0.07594283347963346,-0.005643845067101888,65.25799197279508,64.88501568711703,0.7645062435941815,0.03218199741161116
2016-08-24,65.16248321533203,-0.0001177781837764481,-0.00011777124819845053,0.0004736555954356608,0.0014247774877201918,0.0015435134935012822,65.07516098022461,64.91846099853515,63.215315437316896,65.10196980448872,65.03117318052556,51.957474041952175,0.07079662396316166,0.0749135915763391,-0.0041169676131774385,65.26594126023434,64.88438070021488,0.7288555061953128,0.030498116161083222
2016-08-25,65.09292602539062,-0.001068012406679597,-0.0010674422844131337,-0.0001177781837764481,0.0004736555954356608,0.0010678766690969154,65.07726516723633,64.9324526977539,63.23445634841919,65.10057845385825,65.03574746533037,58.125540056783116,0.0648309885278735,0.072897070966646,-0.008066082438772493,65.26784430854438,64.88668602592828,0.5410875451710038,0.03067866120036855
2016-08-26,64.93069458007812,-0.0024954162750279517,-0.0024923053120889938,-0.001068012406679597,-0.0001177781837764481,-0.00201736794667492,65.06085014343262,64.94181579589844,63.25244510650635,65.07444247327669,65.0279657701265,51.11207426264045,0.0464767031501907,0.06761299740335494,-0.02113629425316424,65.24183578845692,64.87986449840831,0.1404257273083412,0.029526461973957894
2016-08-29,65.15469360351562,0.003443880176808488,0.0034498171455912274,-0.0024954162750279517,-0.001068012406679597,0.0014247774877201918,65.06587066650391,64.95750579833984,63.271515693664554,65.08678880100575,65.03735301704421,52.431309955318774,0.0494357839615418,0.06397755471499232,-0.01454177075345052,65.25159792780455,64.88014340520327,0.73912196946665,0.030223909483309972
2016-08-30,65.10063171386719,-0.0008300910941029106,-0.0008297466638000905,0.003443880176808488,-0.0024954162750279517,0.0004736555954356608,65.07127952575684,64.97503768920899,63.29027847290039,65.0889184799075,65.04204032791999,47.51387244444202,0.04687815198751366,0.060557674169496596,-0.013679522181982935,65.2542852547583,64.88827379675537,0.5801947246966148,0.030172422741584305
2016-08-31,65.05428314208984,-0.0007122062780000704,-0.0007119527193077957,-0.0008300910941029106,0.003443880176808488,-0.0001177781837764481,65.07437095642089,64.99333663940429,63.3082409286499,65.0835899663971,65.04294720304368,52.12150231931767,0.04064276335341788,0.056574692006280854,-0.015931928652862977,65.25382455286697,64.89491735997481,0.44403061646890796,0.030304079711105873
2016-09-01,65.14405059814453,0.0013789342413226548,0.0013798854082922585,-0.0007122062780000704,-0.0008300910941029106,-0.001068012406679597,65.0761562347412,65.01296951293945,63.32665222167969,65.09289160205056,65.05043634342152,49.87907268170426,0.04245525862903321,0.053750805330831326,-0.011295546701798116,65.25773083206678,64.89458163741563,0.6869599723842031,0.03003099507507084
2016-09-02,65.05117797851562,-0.0014266672657179099,-0.0014256500597700228,0.0013789342413226548,-0.0007122062780000704,-0.0024954162750279517,65.08411293029785,65.03305206298828,63.34425817489624,65.08647412150671,65.05049127935442,50.51429949299778,0.035982842152293415,0.05019721269512375,-0.014214370542830333,65.24441841590662,64.92380744468907,0.3972744081178806,0.027896353086966107
2016-09-06,65.24471282958984,0.0029706998770808652,0.0029751167786407073,-0.0014266672657179099,0.0013789342413226548,0.003443880176808488,65.10136032104492,65.04977188110351,63.36298318862915,65.11081853813488,65.06487806085335,58.67353782865319,0.045940477281533276,0.04934586561240566,-0.0034053883308723804,65.25209431839674,64.9506263236931,0.9755148508744491,0.029671703427532132
2016-09-07,65.25244140625,0.0001184482024063145,0.00011845521767162026,0.0029706998770808652,-0.0014266672657179099,-0.0008300910941029106,65.1097225189209,65.06018264770508,63.38133010864258,65.13260667169105,65.07877164199384,55.66282688605986,0.05383502969721121,0.05024369842936677,0.0035913312678444442,65.27457603226745,64.94486900557436,0.9328657740799333,0.028051672073374015
2016-09-08,65.00475311279297,-0.003803069656226307,-0.0037958471456258636,0.0001184482024063145,0.0029706998770808652,-0.0007122062780000704,65.10145225524903,65.06410018920899,63.39851421356201,65.11293689339904,65.07328878797895,44.03082425963916,0.03964810542008479,0.04812457982751037,-0.008476474407425584,65.27009224616033,64.93281226433773,0.21329711910705612,0.03092312210569475
2016-09-09,64.71833038330078,-0.004415917155489711,-0.004406181329466796,-0.003803069656226307,0.0001184482024063145,0.0013789342413226548,65.08735885620118,65.06275161743164,63.41415256500244,65.05222819953777,65.04699557281761,39.77807874165419,0.005232626720157896,0.03954618920603988,-0.034313562485881986,65.32473260610405,64.8499851062983,-0.27731525295318954,0.03340943075138751
2016-09-12,64.74160766601562,0.0003596059648478144,0.00035967063082398276,-0.004415917155489711,-0.003803069656226307,-0.0014266672657179099,65.06708946228028,65.06017532348633,63.429793739318846,65.00444042514974,65.02437424638784,37.05458699647345,-0.01993382123809795,0.027650187117212316,-0.047584008355310264,65.34822074675037,64.78595817781019,-0.07887864895249702,0.032203965924253
2016-09-13,64.5557632446289,-0.002874684118628084,-0.0028705561706999783,0.0003596059648478144,-0.004415917155489711,0.0029706998770808652,65.04293708801269,65.05027374267578,63.44446792602539,64.93541316660807,64.98966232033162,31.83348071682518,-0.05424915372354633,0.011270318949060587,-0.06551947267260691,65.40550203428593,64.68037214173945,-0.17184355298462778,0.033151896743853576
2016-09-14,64.64096069335938,0.0013188795889444338,0.0013197496931083297,-0.002874684118628084,0.0003596059648478144,0.0001184482024063145,65.02458877563477,65.03760467529297,63.45941631317139,64.89011278610826,64.96383257018553,35.2554949202994,-0.07371978407726942,-0.005727701656205416,-0.06799208242106401,65.4293055619592,64.61987198931034,0.02605365623768538,0.0336857418631838
2016-09-15,64.69514465332031,0.0008378783787504492,0.0008382294968971582,0.0013188795889444338,-0.002874684118628084,-0.003803069656226307,65.00392875671386,65.0237060546875,63.474787406921386,64.86011768875628,64.94392976152885,38.65529396405414,-0.08381207277257374,-0.021344575879479084,-0.06246749689309466,65.43214686592938,64.57571064749834,0.13945464151524403,0.0332688087073934
2016-09-16,64.74931335449219,0.0008369412668184637,0.0008372915998897668,0.0008378783787504492,0.0013188795889444338,-0.004415917155489711,64.98249893188476,65.01304931640625,63.48926336288452,64.84307086810027,64.929513731378,44.487213972340996,-0.08644286327772477,-0.03436423335912822,-0.05207862991859655,65.41690981961426,64.54808804415526,0.23160712130012656,0.03315107687309976
2016-09-19,64.7028579711914,-0.0007177227669376959,-0.0007174652655611569,0.0008369412668184637,0.0008378783787504492,0.0003596059648478144,64.96531410217285,64.99807098388672,63.50388662338257,64.82149965319121,64.91272441580861,34.60580697148501,-0.09122476261740076,-0.04573633921078273,-0.045488423406618024,65.4159453476869,64.51468285665881,0.20879057589309183,0.03258988052821223
2016-09-20,64.71833038330078,0.00023910168620460936,0.00023913027329114378,-0.0007177227669376959,0.0008369412668184637,-0.002874684118628084,64.94426574707032,64.98725769042969,63.52097988128662,64.80562745782345,64.89832485784507,36.62311729499138,-0.09269740002162052,-0.055128551372950294,-0.03756884864867023,65.3999769996079,64.48855449453274,0.25210688510384777,0.03204170515095779
2016-09-21,64.90412902832031,0.00286676819911567,0.002870881308574047,0.00023910168620460936,-0.0007177227669376959,0.0013188795889444338,64.9309642791748,64.98540328979492,63.53778673171997,64.8207815455922,64.89875479639879,45.21318253678706,-0.07797325080659334,-0.05969749125967891,-0.018275759546914433,65.37427489448606,64.48765366386354,0.4697331285021818,0.03390394812301842
2016-09-22,65.03570556640625,0.002025192404885312,0.00202724449208036,0.00286676819911567,0.00023910168620460936,0.0008378783787504492,64.92462539672852,64.98386611938477,63.55471979141235,64.85384677956358,64.90889929788082,46.635711070574025,-0.055052518317239674,-0.058768496671191064,0.0037159783539513908,65.3574998828922,64.49175091056483,0.628305286206833,0.034817695133364156
2016-09-23,65.02021026611328,-0.00023828674408383975,-0.000238258356052512,0.002025192404885312,0.00286676819911567,0.0008369412668184637,64.92098960876464,64.98402420043945,63.571499538421634,64.87944116210969,64.91714455478693,48.989861283242,-0.037703392677244096,-0.05455547587240167,0.016852083195157574,65.34910752420615,64.49287169332314,0.6158800575377877,0.034634995928670934
2016-09-26,65.12857818603516,0.0016652931810511335,0.0016666805517600025,-0.00023828674408383975,0.002025192404885312,-0.0007177227669376959,64.9308837890625,64.99051406860352,63.58893497467041,64.9177699350213,64.93280630524976,45.98893280632411,-0.01503637022845794,-0.04665165474361293,0.03161528451515499,65.3689764120735,64.49279116605152,0.7256308216444131,0.033888953269728905
2016-09-27,65.20598602294922,0.0011878329664182137,0.0011885387194074948,0.0016652931810511335,-0.00023828674408383975,0.00023910168620460936,64.93344841003417,64.99808898925781,63.60679536819458,64.9621108716256,64.95304183989415,48.46920048470709,0.009069031731442578,-0.03550751744860183,0.04457654918004441,65.37761606579834,64.48928075427001,0.8067958791890887,0.03186847316306802
2016-09-28,65.20598602294922,0.0,0.0,0.0011878329664182137,0.0016652931810511335,0.00286676819911567,64.93871612548828,65.00365951538086,63.623820514678954,64.99963012567538,64.97177844604639,57.924623538319175,0.02785167962899493,-0.022835678033082483,0.05068735766207741,65.39360184216635,64.48383040881022,0.7937769726127604,0.03170389968246428
2016-09-29,65.2137222290039,0.00011863553702805223,0.0001186425745016706,0.0,0.0011878329664182137,0.002025192404885312,64.94668807983399,65.01077224731445,63.642327308654785,65.0325673723413,64.98970020774695,74.99499576564786,0.042867164594355245,-0.009695109507594937,0.052562274101950184,65.41547742830784,64.47789873136014,0.7848125176470525,0.03156511814005387
2016-09-30,65.12857818603516,-0.0013064685034463246,-0.0013056154450095114,0.00011863553702805223,0.0,-0.00023828674408383975,64.94591445922852,65.01464004516602,63.66074989318847,65.04733826675574,64.99998746539792,68.37730708193538,0.04735080135782255,0.0017140726654885606,0.04563672869233398,65.41338165035988,64.47844726809716,0.6953759860286192,0.03158657824082758
2016-10-03,65.0595474243164,-0.001060477180457383,-0.001059915073250428,-0.0013064685034463246,0.00011863553702805223,0.0016652931810511335,64.94633293151855,65.01697296142578,63.67916938781738,65.04921659868816,65.0043993142067,76.91053729786124,0.04481728448146782,0.010334715028684414,0.03448256945278341,65.41421168776704,64.47845417527007,0.6209869985395592,0.03139520206198639
2016-10-04,64.84244537353516,-0.00334255461736006,-0.003336974500688039,-0.001060477180457383,-0.0013064685034463246,0.0011878329664182137,64.92621955871581,65.01573471069337,63.69585763931274,65.01740564097231,64.9924027260088,59.433335476542574,0.02500291496350826,0.013268355015649182,0.011734559947859078,65.37425530116377,64.47818381626786,0.4065094843516982,0.03148715802951422
2016-10-05,64.73379516601562,-0.0016770085708725754,-0.001675603177727747,-0.00334255461736006,-0.001060477180457383,0.0,64.9002872467041,65.01247833251954,63.71131916046143,64.97377326020975,64.97324661045376,51.7217705756002,0.0005266497559972549,0.010720013963718796,-0.010193364207721541,65.32841730144001,64.47215719196818,0.30555898978971685,0.03180707979431863
2016-10-06,64.7105941772461,-0.00035847036917847225,-0.0003584061263522953,-0.0016770085708725754,-0.00334255461736006,0.00011863553702805223,64.88557929992676,65.00490341186523,63.72700649261475,64.93328417052304,64.9537908746606,48.22623150212852,-0.02050670413755995,0.004474670343463047,-0.024981374481022996,65.31877957021717,64.45237902963635,0.2980320712134384,0.029157408626188715
2016-10-07,64.76486206054688,0.0008382729523495858,0.0008386244013174338,-0.00035847036917847225,-0.0016770085708725754,-0.0013064685034463246,64.88790588378906,64.99918380737304,63.74338300704956,64.90737307668056,64.93979614768921,52.82028858766943,-0.03242307100865105,-0.0029048779269597725,-0.029518193081691277,65.31781136771609,64.45800039986203,0.356894331611888,0.024781797689781674
2016-10-10,64.69508361816406,-0.0010779928691344227,-0.001077412043548831,0.0008382729523495858,-0.00035847036917847225,-0.001060477180457383,64.88557968139648,64.98790557861328,63.759372539520264,64.87471315998572,64.92166929365031,48.99238751579044,-0.046956133664593835,-0.011715129074486587,-0.03524100459010725,65.31930478898391,64.45185457380904,0.2803953934186137,0.025056634214022395
2016-10-11,64.59423828125,-0.0015599951470675632,-0.001558778987121534,-0.0010779928691344227,0.0008382729523495858,-0.00334255461736006,64.88750343322754,64.97870468139648,63.774629287719726,64.83156317864176,64.89741514458362,35.50019990861321,-0.06585196594186016,-0.022542496447961302,-0.043309469493898856,65.31537082305658,64.45963604339849,0.15729434054940508,0.02346518737492398
2016-10-12,64.63300323486328,0.0005999502012306447,0.0006001302073490589,-0.0015599951470675632,-0.0010779928691344227,-0.0016770085708725754,64.88710556030273,64.97151565551758,63.79007986068726,64.80101549498353,64.87782907719694,29.365358603272895,-0.07681358221340417,-0.03339671360104988,-0.0434168686123543,65.31595193272267,64.45825918788279,0.2037373500379966,0.0230769110030551
2016-10-13,64.7105941772461,0.0011997648626218627,0.001200484868401741,0.0005999502012306447,-0.0015599951470675632,-0.00035847036917847225,64.88787803649902,64.96587844848632,63.806870517730715,64.78710452302393,64.8654413068302,35.08431467678149,-0.07833678380627873,-0.04238472764209565,-0.03595205616418308,65.31532187018796,64.46043420281008,0.2926232111913713,0.023287255236938628
2016-10-14,64.57872772216797,-0.002039866848493912,-0.002037787734059937,0.0011997648626218627,0.0005999502012306447,0.0008382729523495858,64.87934875488281,64.95528610229492,63.82281158447265,64.75504655366147,64.84420326352189,24.097528716629043,-0.08915670986041846,-0.051739124085760216,-0.037417585774658244,65.32486037559661,64.43383713416901,0.16261145754942757,0.024158172733035298
2016-10-17,64.71830749511719,0.0021590568868943985,0.0021613893285374886,-0.002039866848493912,0.0011997648626218627,-0.0010779928691344227,64.8801212310791,64.95181137084961,63.83884094238281,64.7493943908085,64.83487765104746,28.29758194300149,-0.08548326023895925,-0.05848795131640003,-0.02699530892255922,65.3243962113943,64.4358462507639,0.31789010958133174,0.025361169764043782
2016-10-18,64.8036117553711,0.0013172175502271285,0.0013180854622989457,0.0021590568868943985,-0.002039866848493912,-0.0015599951470675632,64.88438529968262,64.94988830566406,63.85544939041138,64.75773552381814,64.83256165877513,33.35731596485914,-0.07482613495699297,-0.06175558804451862,-0.013070546912474355,65.32373170466549,64.44503889469975,0.4080753325901512,0.025774617019057425
2016-10-19,64.85018157958984,0.0007183719816229414,0.000718630072573001,0.0013172175502271285,0.0021590568868943985,0.0005999502012306447,64.88168792724609,64.94518798828125,63.87190969467163,64.77195799393687,64.83386683809475,35.431520502880076,-0.06190884415788389,-0.06178623926719168,-0.0001226048906922128,65.32118634117064,64.44218951332154,0.46415647172090174,0.023724786713846324
2016-10-20,64.8114013671875,-0.0005981758463431244,-0.0005979969748388658,0.0007183719816229414,0.0013172175502271285,0.0011997648626218627,64.87047271728515,64.9380128479004,63.886805076599124,64.7780262052062,64.83220272913866,36.79895339163348,-0.054176523932454757,-0.060264296200244295,0.006087772267789539,65.30484042809286,64.43610500647745,0.43200306027834073,0.022489031578457903
2016-10-21,64.86566162109375,0.0008368520357033174,0.0008372022940661417,-0.0005981758463431244,0.0007183719816229414,-0.002039866848493912,64.86274528503418,64.9353221130371,63.90193363189697,64.79150857688121,64.83468116557978,41.829930879279864,-0.04317258869856744,-0.05684595469990893,0.013673366001341489,65.29135755316109,64.43413301690727,0.503402067878639,0.02276954020376407
2016-10-24,64.7726058959961,-0.001435621485265223,-0.0014345914737019516,0.0008368520357033174,-0.0005981758463431244,0.0021590568868943985,64.84494667053222,64.92783432006836,63.916216106414794,64.78860047212966,64.83008299746247,46.713483549466496,-0.04148252533281038,-0.05377326882648922,0.01229074349367884,65.25629552426899,64.43359781679546,0.41206882688626323,0.022200042063950903
2016-10-25,64.7726058959961,0.0,0.0,-0.001435621485265223,0.0008368520357033174,0.0013172175502271285,64.82327766418457,64.92251022338867,63.931793537139896,64.78613976810911,64.82582543439088,52.03439312137573,-0.03968566628176973,-0.050955748317545325,0.011270082035775598,65.19863161207353,64.44792371629562,0.43250135175949933,0.02155360958596332
2016-10-26,64.65630340576172,-0.0017971645154798864,-0.0017955505823112894,0.0,-0.001435621485265223,0.0007183719816229414,64.7957935333252,64.91547775268555,63.94598941802978,64.76616494313258,64.81326824708502,47.407234675139186,-0.04710330395244,-0.05018525944452426,0.0030819554920842596,65.13156834839151,64.46001871825888,0.29228619702176406,0.02212144795586818
2016-10-27,64.4779052734375,-0.0027629897242798344,-0.0027591761812402193,-0.0017971645154798864,0.0,-0.0005981758463431244,64.75900268554688,64.90286895751953,63.95853189468384,64.72181730164104,64.78842654533335,37.74837457165566,-0.06660924369231225,-0.05347005629408186,-0.01313918739823039,65.0615722676455,64.45643310344825,0.03548302813574463,0.02350664112221587
2016-10-28,64.44693756103516,-0.0004803994686683268,-0.0004802840953194165,-0.0027629897242798344,-0.0017971645154798864,0.0008368520357033174,64.72492065429688,64.88824951171875,63.971300239562986,64.67952811077859,64.76313106501497,39.04225428034311,-0.0836029542363832,-0.05949663588254213,-0.02410631835384107,65.0049287618287,64.44491254676507,0.0036159922081162575,0.02334447760765981
2016-10-31,64.5167007446289,0.0010819048115458245,0.0010824902816783943,-0.0004803994686683268,-0.0027629897242798344,-0.001435621485265223,64.6977783203125,64.87765243530274,63.98388442993164,64.65447774675556,64.7448769672086,46.47941969141661,-0.09039922045303683,-0.06567715279664108,-0.024722067656395758,64.94446921833034,64.45108742229465,0.1329869137075161,0.023925416323067116
2016-11-01,64.4957504272461,-0.00032477977709391697,-0.00032472704185138035,0.0010819048115458245,-0.0004803994686683268,0.0,64.68044357299804,64.86478149414063,63.99674461364746,64.63005815913873,64.7264231494336,43.66558217489895,-0.09636499029487311,-0.0718147202962875,-0.024550269998585617,64.9329863218682,64.42790082412789,0.13433290684796068,0.02128701098913786
2016-11-02,64.55787658691406,0.0009627961011941255,0.000963259738144373,-0.00032477977709391697,0.0010819048115458245,-0.0017971645154798864,64.67164764404296,64.8525358581543,64.00957265853881,64.61895330187339,64.71393821887659,42.84979460617967,-0.09498491700320244,-0.07644875963767048,-0.018536157365531963,64.92858246940958,64.41471281867635,0.2785993841695775,0.02103044774731371
2016-11-03,64.51902770996094,-0.0006019493314903492,-0.0006017681963380594,0.0009627961011941255,-0.00032477977709391697,-0.0027629897242798344,64.66206932067871,64.83966674804688,64.02239686965942,64.60358013388685,64.69950040340136,46.938168613978384,-0.09592026951450805,-0.08034306161303799,-0.015577207901470061,64.9270478789257,64.39709076243172,0.23008832928957218,0.021082294066754076
2016-11-04,64.63558197021484,0.001804880091899817,0.0018065098683424097,-0.0006019493314903492,0.0009627961011941255,-0.0004803994686683268,64.65560531616211,64.83051986694336,64.0359181022644,64.60850349332193,64.6947657046468,45.654630705726774,-0.08626221132486478,-0.08152689155540335,-0.004735319769461427,64.91629845613922,64.394912176185,0.46159594773183527,0.021943799059652894
2016-11-07,64.55009460449219,-0.001323480752164234,-0.0013226053377541902,0.001804880091899817,-0.0006019493314903492,0.0010819048115458245,64.64835586547852,64.82290786743164,64.04901189804077,64.59951751042504,64.68404932685756,36.68592584282268,-0.0845318164325164,-0.08212787653082596,-0.0024039399016904384,64.91246797129794,64.3842437596591,0.3139781198565792,0.022105629009766058
2016-11-08,64.43352508544922,-0.0018075093730523372,-0.0018058768117569235,-0.001323480752164234,0.001804880091899817,-0.00032477977709391697,64.64032020568848,64.80848449707031,64.06106567382812,64.57398021427491,64.66549197564213,29.616912006210626,-0.09151176136721517,-0.0840046534981038,-0.007507107869111365,64.92064683309295,64.35999357828402,0.13115326903838198,0.02233688823178486
2016-11-09,63.7963752746582,-0.009937698658769905,-0.00988848289684685,-0.0018075093730523372,-0.001323480752164234,0.0009627961011941255,64.59848880767822,64.78239936828614,64.06993370056152,64.4543486851031,64.60111296075442,18.680421011000803,-0.14676427565132144,-0.09655657792874733,-0.05020769772257411,65.06875447212799,64.12822314322845,-0.3528302124274012,0.041177037426379744
2016-11-10,63.524410247802734,-0.004272129477956394,-0.0042630169141208984,-0.009937698658769905,-0.0018075093730523372,-0.0006019493314903492,64.53917961120605,64.75180191040039,64.07721357345581,64.31128123321074,64.52135720423948,13.516043141429932,-0.21007597102874342,-0.11926045654874656,-0.09081551447999686,65.20743532182603,63.870923900586085,-0.25926725898225006,0.042474840578269904
2016-11-11,63.40786361694336,-0.0018363598171301553,-0.001834674740068265,-0.004272129477956394,-0.009937698658769905,0.001804880091899817,64.48063640594482,64.71707817077636,64.08299657821655,64.17229390763114,64.4388761977731,13.34549142956672,-0.26658229014195456,-0.14872482326738817,-0.11785746687456639,65.31804503264432,63.64322777924532,-0.1405312500956729,0.042410089850440626
2016-11-14,63.16693878173828,-0.003806841829449373,-0.0037996049931683373,-0.0018363598171301553,-0.004272129477956394,-0.001323480752164234,64.40306797027588,64.67939338684081,64.08820861816406,64.017623888263,64.34465861140015,11.816275137343695,-0.327034723137146,-0.18438680324133974,-0.14264791989580625,65.41665247928718,63.38948346126458,-0.10978101852769157,0.041959705615330696
2016-11-15,63.2524299621582,0.0013525015082972332,0.0013534165509478946,-0.003806841829449373,-0.0018363598171301553,-0.0018075093730523372,64.32550888061523,64.6395477294922,64.0927795791626,63.89990174578534,64.26375278553037,16.118542796380012,-0.36385103974502897,-0.2202796505420776,-0.14357138920295137,65.44219134026065,63.208826420969814,0.019523697543451516,0.04198810416732102
2016-11-16,63.38451385498047,0.0020860254004538554,0.002088202665119443,0.0013525015082972332,-0.003806841829449373,-0.009937698658769905,64.25222549438476,64.6021891784668,64.09778171539307,63.82061130104613,64.19862397586002,23.00839620758107,-0.37801267481388834,-0.25182625539643977,-0.12618641941744857,65.41533699763811,63.08911399113141,0.12698690668211562,0.043088030093259566
2016-11-17,63.12812423706055,-0.0040531914090415275,-0.0040449883153876875,0.0020860254004538554,0.0013525015082972332,-0.004272129477956394,64.16806163787842,64.56465660095215,64.10127294540405,63.71407482966373,64.1193276989119,20.704113401135842,-0.40525286924817294,-0.2825115781667864,-0.12274129108138654,65.40224064373868,62.93388263201817,0.07869263863672159,0.04423859250605469
2016-11-18,62.97265625,-0.00246577483868199,-0.002462737313035479,-0.0040531914090415275,0.0020860254004538554,-0.0018363598171301553,64.07341136932374,64.52974311828613,64.10429222106933,63.60001043279239,64.03438907306658,16.958959305419967,-0.4343786402741898,-0.3128849905882671,-0.12149364968592274,65.37105007307048,62.775772665576994,0.07586225035309642,0.043656648316447215
2016-11-21,62.96492004394531,-0.0001228577886295443,-0.00012285024192049132,-0.00246577483868199,-0.0040531914090415275,-0.003806841829449373,63.98302707672119,64.49420936584472,64.10593729019165,63.5023042191236,63.95516914498352,17.05541416960841,-0.4528649258599202,-0.3408809776425977,-0.1119839482173225,65.32661677766323,62.63943737577915,0.12112427921185757,0.043922585066848166
2016-11-22,63.01930618286133,0.0008633801853336733,0.0008637530052932885,-0.0001228577886295443,-0.00246577483868199,0.0013525015082972332,63.895362091064456,64.46348022460937,64.1078921699524,63.42799682892941,63.8858459626041,16.77816747690771,-0.45784913367469215,-0.36427460884901663,-0.09357452482567552,65.25077838807663,62.53994579405229,0.17683142436228866,0.04439592699227072
2016-11-23,62.856082916259766,-0.0025934117741909677,-0.0025900517871133566,0.0008633801853336733,-0.0001228577886295443,0.0020860254004538554,63.80535106658935,64.42778266906738,64.10838216781616,63.34001007313408,63.80956721843045,15.922923588039865,-0.4695571452963705,-0.3853311161384875,-0.08422602915788302,65.18684592321603,62.42385620996268,0.156434424718922,0.04458660381882121
2016-11-25,62.87944412231445,0.0003715927689448076,0.0003716618180902298,-0.0025934117741909677,0.0008633801853336733,-0.0040531914090415275,63.7254280090332,64.39146865844727,64.10879854202271,63.269153773007986,63.740669211310745,12.584139988133842,-0.47151543830275955,-0.4025679805713419,-0.06894745773141764,65.12788666142558,62.322969356640826,0.19839257461329363,0.04471493890059305
2016-11-28,63.02707290649414,0.0023450549712256174,0.00234780676324875,0.0003715927689448076,-0.0025934117741909677,-0.00246577483868199,63.654434776306154,64.3570238494873,64.11098320007324,63.231910562775084,63.68781022576877,18.38792687078869,-0.4558996629936871,-0.413234317055811,-0.04266534593787613,65.04682400079051,62.26204555182181,0.27471749321948746,0.0464551592904563
2016-11-29,63.073692321777344,0.0007393994369940016,0.0007396728601432034,0.0023450549712256174,0.0003715927689448076,-0.0001228577886295443,63.58228435516357,64.32444053649903,64.11385883331299,63.20756929492928,63.642320010658295,20.930998714829045,-0.4347507157290167,-0.41753759679045216,-0.01721311893856453,64.93554142858463,62.22902728174252,0.3120859504910991,0.04625592092731493
2016-11-30,62.856082916259766,-0.0034560471771644,-0.0034500819201676025,0.0007393994369940016,0.0023450549712256174,0.0008633801853336733,63.50030097961426,64.28719558715821,64.11572286605835,63.15349446744166,63.58408022588804,25.505994021877385,-0.4305857584463766,-0.42014722912163704,-0.010438529324739543,64.81877059843443,62.1818313607941,0.2556947637781075,0.04686346368625818
2016-12-01,62.6225471496582,-0.0037223236519049233,-0.00371540439312279,-0.0034560471771644,0.0007393994369940016,-0.0025934117741909677,63.403534507751466,64.24156394958496,64.11535049438477,63.07181026470574,63.51285555357472,26.027086113398255,-0.44104528886897754,-0.4243268410711052,-0.01671844779787235,64.67855201137812,62.12851700412482,0.19373465231974116,0.046830375310852414
2016-12-02,62.84833526611328,0.003599055905737744,0.003605540284324027,-0.0037223236519049233,-0.0034560471771644,0.0003715927689448076,63.319999885559085,64.19781654357911,64.11652694702148,63.03742949569151,63.463631828577576,35.943235115413884,-0.4262023328860636,-0.4247019394340969,-0.001500393451966675,64.5028858493449,62.13711392177326,0.30062971669042254,0.050179320098732896
2016-12-05,62.92617416381836,0.001237753309403089,0.0012385196421749178,0.003599055905737744,-0.0037223236519049233,0.0023450549712256174,63.23452949523926,64.1559358215332,64.11801616668701,63.02031329078795,63.42382014970653,43.41150655874266,-0.4035068589185755,-0.42046292333099267,0.01695606441241715,64.25273534155465,62.216323648923854,0.34857908028285933,0.04975068114680222
2016-12-06,62.91842269897461,-0.00012319106337166627,-0.0001231834756642014,0.001237753309403089,0.003599055905737744,0.0007393994369940016,63.15294589996338,64.11173271179199,64.1192757987976,63.00463781512436,63.38638330150417,40.45377235063236,-0.3817454863798062,-0.4127194359407554,0.030973949560949177,63.96866311497117,62.33722868495558,0.35624724066505864,0.04993809722434218
2016-12-07,63.06632995605469,0.002348019453410211,0.0023507782098690644,-0.00012319106337166627,0.001237753309403089,-0.0034560471771644,63.08458614349365,64.06893959045411,64.12104591369629,63.014128913729024,63.36267564628569,40.98753533240554,-0.34854673255666313,-0.399884895263937,0.05133816270727387,63.63418549535364,62.53498679163366,0.4833913673868236,0.05150982440649538
2016-12-08,62.94178771972656,-0.00197673418473574,-0.0019747817324221595,0.002348019453410211,-0.00012319106337166627,-0.0037223236519049233,63.04185676574707,64.02365562438965,64.12173559188842,63.00299949926711,63.331498762836866,44.29604026297044,-0.32849926356975345,-0.3856077689251003,0.05710850535534684,63.48003817592417,62.60367535556997,0.38581322290685205,0.039745082769321274
2016-12-09,62.754913330078125,-0.002973419759959849,-0.0029690035256159097,-0.00197673418473574,0.002348019453410211,0.003599055905737744,63.00338191986084,63.97447944641113,64.12179639816284,62.96483239631496,63.28878873078067,43.460398058741845,-0.3239563344657057,-0.37327748203322136,0.049321147567515655,63.395913889991085,62.6108499497306,0.18350528276680828,0.03843147571065752
2016-12-12,62.684818267822266,-0.0011175895971511282,-0.0011169653264784252,-0.002973419759959849,-0.00197673418473574,0.001237753309403089,62.96722965240478,63.925604248046874,64.12131563186645,62.921753299623774,63.24405017796893,41.89126809713648,-0.3222968783451563,-0.36308136129560836,0.04078448295045206,63.335332621196876,62.59912668361269,0.11639621447603195,0.038211171865233186
2016-12-13,62.754913330078125,0.0011175895971511378,0.0011182143331160965,-0.0011175895971511282,-0.002973419759959849,-0.00012319106337166627,62.946628379821775,63.87951156616211,64.12223714828491,62.896085612001364,63.20781781886591,42.41501653596216,-0.31173220686454783,-0.3528115304093963,0.041079323544848445,63.31378825178518,62.579468507858365,0.23892156471451798,0.03665068905035683
2016-12-14,62.4356803894043,-0.005099961955862599,-0.005086979229733446,0.0011175895971511378,-0.0011175895971511282,0.002348019453410211,62.90579090118408,63.831376266479495,64.12175350189209,62.82525403929412,63.15062245372061,38.93025031138253,-0.32536841442648523,-0.3473229072128141,0.021954492786328883,63.30959635536602,62.50198544700215,-0.08210025014666822,0.03975381367400344
2016-12-15,62.34225845336914,-0.0014974113911126788,-0.0014962908300589772,-0.005099961955862599,0.0011175895971511378,-0.00197673418473574,62.853678131103514,63.78354553222656,64.12064985275269,62.75094702607489,63.090743638879765,36.35851096395206,-0.33979661280487505,-0.34581764833122636,0.006021035526351304,63.26627143157423,62.441084830632796,-0.11976245997075943,0.038498111999342575
2016-12-16,62.396732330322266,0.0008734058224100663,0.0008737873523441131,-0.0014974113911126788,-0.005099961955862599,-0.002973419759959849,62.8171085357666,63.73726829528809,64.11997146606446,62.696452457497564,63.03933539380144,33.197959839422765,-0.342882936303873,-0.34523070592575567,0.002347769621882656,63.256088200511535,62.378128871021666,0.021189431760363333,0.03696718084382942
2016-12-19,62.56025314331055,0.002617235134322541,0.0026206630841278944,0.0008734058224100663,-0.0014974113911126788,-0.0011175895971511282,62.79648838043213,63.69317611694336,64.12018720626831,62.67549871685341,63.003847819691,37.11691498953808,-0.328349102837592,-0.34185438530812295,0.013505282470530955,63.24337603354401,62.34960072732025,0.23568833746404563,0.03792378348156931
2016-12-20,62.56804656982422,0.00012456696912865764,0.0001245747279157161,0.002617235134322541,0.0008734058224100663,0.0011175895971511378,62.776644706726074,63.65063537597656,64.11940937042236,62.65896761731046,62.971566245626796,41.92212149286752,-0.3125986283163371,-0.3360032339097658,0.023404605593428662,63.2272715769344,62.32601783651775,0.2685467171482466,0.037951739741646826
2016-12-21,62.66149139404297,0.0014923770075553192,0.0014934911562960451,0.00012456696912865764,0.002617235134322541,-0.005099961955862599,62.75875396728516,63.61198043823242,64.1196340751648,62.65935589065392,62.948597738102066,51.1853150506798,-0.28924184744814596,-0.3266509566174418,0.03740910916929585,63.1970595225647,62.32044841200562,0.3890470676556238,0.038275318813962476
2016-12-22,62.61852645874024,-0.0006859024722947697,-0.0006856672949666631,0.0014923770075553192,0.00012456696912865764,-0.0014974113911126788,62.74687614440919,63.57169090270996,64.11979694366455,62.653074439590284,62.924148013704894,42.129604226599874,-0.27107357411460953,-0.3155354801168754,0.04446190600226585,63.18694791733915,62.30680437147924,0.35417187199441186,0.03733667677541454
2016-12-23,62.6497688293457,0.0004988073188254285,0.0004989317438832686,-0.0006859024722947697,0.0014923770075553192,0.0008734058224100663,62.73539237976074,63.53047439575195,64.12053670883179,62.65256588416804,62.903823629678286,40.221698011357404,-0.2512577455102445,-0.3026799331955492,0.05142218768530471,63.17287755188339,62.29790720763809,0.4021411971523556,0.03736474523089761
2016-12-27,62.60292434692383,-0.000747999638460263,-0.0007477199564690507,0.0004988073188254285,-0.0006859024722947697,0.002617235134322541,62.71418495178223,63.49095832824707,64.12035402297974,62.644928724592006,62.881534793918696,39.13912467958136,-0.23660606932669026,-0.2894651604217774,0.05285909109508713,63.13285281667557,62.295517086888886,0.3671254541034036,0.036183571280018915
2016-12-28,62.759037017822266,0.0024905920407880485,0.0024936961416262005,-0.000747999638460263,0.0004988073188254285,0.00012456696912865764,62.698452186584475,63.451772918701174,64.12125759124756,62.66248384662743,62.87246088457822,39.48101738560408,-0.20997703795078593,-0.2735675359275791,0.06359049797679317,63.08245025975129,62.31445411341766,0.5788868948457863,0.03738878605566558
2016-12-29,62.9307746887207,0.002732723924741386,0.0027364612183209402,0.0024905920407880485,-0.000747999638460263,0.0014923770075553192,62.70218677520752,63.414316177368164,64.12179622650146,62.70375936079563,62.87678042562581,49.634811207387266,-0.17302106483018065,-0.2534582417080994,0.08043717687791874,63.09401281769049,62.310360732724554,0.7916956617592831,0.03679946323948702
2016-12-30,63.06348419189453,0.00210659681529141,0.002108817249275141,0.002732723924741386,0.0024905920407880485,-0.0006859024722947697,62.724233627319336,63.37858222961426,64.12231037139892,62.759101642503154,62.8906103342383,60.613368461934215,-0.13150869173514934,-0.22906833171350938,0.09755963997836004,63.14569184914434,62.30277540549433,0.9024723531387839,0.03460600957895069
2017-01-03,63.07125473022461,0.00012321012286235623,0.0001232177135412904,0.00210659681529141,0.002732723924741386,0.0004988073188254285,62.7353796005249,63.343779296875,64.12259555816651,62.8071251944603,62.90399140060766,63.88695447142896,-0.09686620614736086,-0.20262790660027968,0.10576170045291883,63.181713480807765,62.28904572024204,0.8762599530724032,0.03240851011415756
2017-01-04,63.118141174316406,0.0007431123021602625,0.000743388478512852,0.00012321012286235623,0.00210659681529141,-0.000747999638460263,62.744977951049805,63.308828887939455,64.12368869781494,62.854973806745846,62.91985434680831,63.27435355523722,-0.06488054006246102,-0.17507843329271597,0.11019789323025495,63.2161528477546,62.27380305434501,0.8959922587942956,0.03224091587254798
2017-01-05,63.43813705444336,0.005056984395330678,0.0050697925219820306,0.0007431123021602625,0.00012321012286235623,0.0024905920407880485,62.77096366882324,63.2821395111084,64.12645820617676,62.94469122946854,62.95824565848498,86.61489073550841,-0.013554429016437552,-0.1427736324374603,0.12921920342102275,63.331303562303916,62.21062377534257,1.0953291862514234,0.03660235135080677
2017-01-06,63.18830490112305,-0.003945976426950524,-0.003938201292164378,0.005056984395330678,0.0007431123021602625,0.002732723924741386,62.77706241607666,63.25045349121094,64.12729036331177,62.98217025587692,62.975287083865574,77.73323396422738,0.006883172011349359,-0.11284227154769838,0.11972544355904774,63.35336594506784,62.20075888708548,0.856793308004087,0.03892977145383205
2017-01-09,63.344482421875,0.0024685712433313973,0.002471620674052488,-0.003945976426950524,0.005056984395330678,0.00210659681529141,62.79719715118408,63.224217071533204,64.12928562164306,63.0379105891074,63.00263488668109,79.12509935125706,0.03527570242630418,-0.08321867675289787,0.11849437917920205,63.42368615380393,62.17070814856423,0.936787611915202,0.038987545174690025
2017-01-10,63.32889175415039,-0.0002461554040815055,-0.0002461251103257345,0.0024685712433313973,-0.003945976426950524,0.00012321012286235623,62.82589607238769,63.20123680114746,64.13105016708374,63.082676922190934,63.026802062049185,75.98326705146283,0.05587486014174914,-0.055399969373968475,0.11127482951571761,63.49534343318113,62.15644871159426,0.8756797854625521,0.037088655825667116
2017-01-11,63.360107421875,0.0004927920902264478,0.0004929135321962708,-0.0002461554040815055,0.0024685712433313973,0.0007431123021602625,62.85966053009033,63.17950019836426,64.13167070388793,63.12535853752695,63.05149134796221,76.35765389283,0.07386718956473715,-0.029546537586227353,0.1034137271509645,63.56623670008922,62.15308436009144,0.854135132936521,0.036620445828671994
2017-01-12,63.375709533691406,0.000246214720826744,0.00024624503415893173,0.0004927920902264478,-0.0002461554040815055,0.005056984395330678,62.890700340270996,63.15668037414551,64.13248378753661,63.163874075398404,63.075507509868075,75.06586839174047,0.08836656553032896,-0.005963916962916094,0.09433048249324505,63.6316104706171,62.149790209924895,0.827306358460673,0.03656741019562912
2017-01-13,63.274227142333984,-0.0016025655557346166,-0.0016012821332355154,0.000246214720826744,0.0004927920902264478,-0.003945976426950524,62.93262767791748,63.132249908447264,64.13217754364014,63.180851470311566,63.09022748264333,72.10425604148007,0.09062398766823776,0.013353663963314676,0.07727032370492308,63.65989998199278,62.20535537384218,0.7348497684445962,0.031184853251249332
2017-01-17,63.469364166259766,0.0030792433147515262,0.003083989054292635,-0.0016025655557346166,0.000246214720826744,0.0024685712433313973,62.98898296356201,63.11047966003418,64.13249053955079,63.22523803891898,63.11831168142973,74.88003038612614,0.10692635748925028,0.0320682026685018,0.07485815482074848,63.6980855309376,62.27988039618642,0.8387247662038959,0.031203223924266943
2017-01-18,63.14152908325195,-0.005178635222569211,-0.005165249208248568,0.0030792433147515262,-0.0016025655557346166,-0.0002461554040815055,63.0262228012085,63.0829296875,64.13116436004638,63.212359738047134,63.12003148897212,63.96734700337926,0.0923282490750168,0.0441202119498048,0.048208037125212,63.680471914946686,62.37197368747031,0.5881210838671443,0.03793090767432556
2017-01-19,63.03227233886719,-0.0017318456044128666,-0.0017303468251570475,-0.005178635222569211,0.0030792433147515262,0.0004927920902264478,63.04982376098633,63.05086349487305,64.12871709823608,63.18465398432714,63.11353081118657,57.2621478526948,0.07112317314057037,0.049520804187957915,0.021602368952612458,63.66625966403661,62.43338785793605,0.48576378985041935,0.037994523885810816
2017-01-20,63.07909393310547,0.0007425436385908578,0.000742819392367311,-0.0017318456044128666,-0.005178635222569211,0.000246214720826744,63.07537612915039,63.02144348144531,64.12665748596191,63.168413976446885,63.110979931328714,54.22245969327139,0.057434045118171184,0.051103452374000574,0.00633059274417061,63.648577080022,62.50217517827878,0.5032430197031454,0.03800364149839026
2017-01-23,63.25083160400391,0.002718877193394346,0.0027225766920584427,0.0007425436385908578,-0.0017318456044128666,-0.0016025655557346166,63.10484313964844,62.99778961181641,64.1244217300415,63.18109361145566,63.121339314489845,55.217598238986405,0.05975429696581358,0.05283362129236318,0.006920675673450401,63.64827759285521,62.561408686441666,0.6343202142355968,0.0387111334576416
2017-01-24,63.15714645385742,-0.0014822666850456718,-0.0014811686703667393,0.002718877193394346,0.0007425436385908578,0.0030792433147515262,63.1317741394043,62.98500503540039,64.12198574066161,63.17740943336362,63.12399169518374,52.28282910211694,0.05341773817988127,0.0529504446698668,0.0004672935100144687,63.624778019183665,62.638770259624934,0.5257323679323549,0.03912696916943063
2017-01-25,62.96981048583984,-0.002970595823831294,-0.002966187969788203,-0.0014822666850456718,0.002718877193394346,-0.005178635222569211,63.147776222229005,62.973913040161136,64.11865133285522,63.14547113374458,63.11257086486197,46.33154583775162,0.032900268882606554,0.048940409512414754,-0.0160401406298082,63.593405923137205,62.702146521320806,0.30032105577066326,0.04094006152832172
2017-01-26,62.99322509765625,0.00037176957474285507,0.0003718386896158776,-0.002970595823831294,-0.0014822666850456718,-0.0017318456044128666,63.167291259765626,62.96562026977539,64.11593225479126,63.12204866665407,63.103730437661554,37.10493088709111,0.018318228992512786,0.04281597340843436,-0.024497744415921577,63.54080612788558,62.79377639164567,0.266988978262741,0.04076888413652427
2017-01-27,63.06348419189453,0.0011147221264083166,0.0011153436600421784,0.00037176957474285507,-0.002970595823831294,0.0007425436385908578,63.18251361846924,62.963551177978516,64.1133730316162,63.113038747460294,63.100749234271404,45.96193574342793,0.0122895131888896,0.03671068136452541,-0.02442116817563581,63.50765599102294,62.85737124591553,0.3169579903722876,0.040079884197440234
2017-01-30,63.047889709472656,-0.0002473128635258469,-0.0002472822842205513,0.0011147221264083166,0.00037176957474285507,0.002718877193394346,63.18836936950684,62.9594603729248,64.11100385665894,63.10301581853912,63.09683371391594,39.44486076719254,0.006182104623178475,0.03060496601625603,-0.024422861393077554,63.498284037986664,62.87845470102701,0.2733575168880314,0.039005128009978
2017-01-31,63.18058776855469,0.0021025066707020135,0.002104718487700552,-0.0002473128635258469,0.0011147221264083166,-0.0014822666850456718,63.19422454833985,62.955381851196286,64.10857011795044,63.114949964695356,63.10303771796326,45.128232118555594,0.0119122467320949,0.0268664221594238,-0.014954175427328902,63.498579713653704,62.88986938302599,0.4775972591575758,0.0390023300565347
2017-02-01,63.06949234008789,-0.00175992691721457,-0.0017583791539541593,0.0021025066707020135,-0.0002473128635258469,-0.002970595823831294,63.194136428833005,62.95420921325684,64.10569585800171,63.10795648398651,63.10055287515768,40.929364223239986,0.007403608828830954,0.022973859493305233,-0.015570250664474278,63.4986424857808,62.88963037188521,0.2953339746432631,0.03955177433817843
2017-02-02,63.10858917236328,0.0006197087966147253,0.0006199008557825625,-0.00175992691721457,0.0021025066707020135,0.00037176957474285507,63.19365882873535,62.9569278717041,64.10282564163208,63.10805382065986,63.101148156432174,41.78318806295221,0.00690566422768768,0.019760220440181723,-0.012854556212494043,63.49869625568952,62.88862140178119,0.36055865796289166,0.03952338072748854
2017-02-03,63.12424850463867,0.00024810235821187427,0.00024813313814742166,0.0006197087966147253,-0.00175992691721457,0.0011147221264083166,63.17796440124512,62.96011444091797,64.10091508865357,63.11054531050276,63.10285929333636,45.129384247926275,0.007686017166399495,0.017345379785425278,-0.009659362619025783,63.461587238427626,62.894341564062614,0.40530399960021024,0.03474813705329243
2017-02-06,63.319786071777344,0.0030928738341446096,0.0030976617032407727,0.00024810235821187427,0.0006197087966147253,-0.0002473128635258469,63.18453845977783,62.966124038696286,64.10036542892456,63.142736196852695,63.118927943591245,45.1436554547955,0.023808253261449863,0.018637954480630194,0.00517029878081967,63.47517883651327,62.893898083042394,0.7326717531793974,0.0337822522838426
2017-02-07,63.42148208618164,0.0016047817369566415,0.001606070088250311,0.0030928738341446096,0.00024810235821187427,0.0021025066707020135,63.188388442993165,62.977432022094725,64.10043901443481,63.18562017982638,63.1413393615609,60.653605397934896,0.04428081826547725,0.02376652723759961,0.02051429102787764,63.48979041255479,62.88698647343154,0.8866823490362381,0.033112844546852926
2017-02-08,63.59357070922852,0.0027097375399015035,0.002713412197038245,0.0016047817369566415,0.0030928738341446096,-0.00175992691721457,63.20162239074707,62.991714553833006,64.1017564201355,63.2483817997344,63.17483797990665,70.3853432677838,0.07354381982775493,0.03372198575563068,0.03982183407212425,63.548771286581804,62.854473494912334,1.0645247949572136,0.03438730901555831
2017-02-09,63.42148208618164,-0.0027097375399013877,-0.0027060695150100678,0.0027097375399015035,0.0016047817369566415,0.0006197087966147253,63.204691123962405,62.999602737426756,64.1026731300354,63.27501261303398,63.1931079137048,61.39783662698673,0.08190469932917921,0.043358528470340385,0.038546170858838824,63.55875508741967,62.85062716050514,0.8061466071022535,0.03588268641492502
2017-02-10,63.40583419799805,-0.000246758958897028,-0.00024672851640916704,-0.0027097375399013877,0.0027097375399015035,0.00024810235821187427,63.206197357177736,63.00624557495117,64.1025537109375,63.29513901072076,63.20886541624504,55.75833501030232,0.08627359447572047,0.0519415416714164,0.03433205280430407,63.56356551278108,62.84882920157439,0.7793153750412698,0.0358893107172936
2017-02-13,63.335445404052734,-0.0011107478384822299,-0.0011101311864379904,-0.000246758958897028,-0.0027097375399013877,0.0030928738341446096,63.209258270263675,63.01583282470703,64.10150741577148,63.3013399943103,63.2182417116382,56.740464708461054,0.08309828267209696,0.058172889871552516,0.02492539280054444,63.57011153267348,62.84840500785387,0.6748454939084834,0.03563527930284341
2017-02-14,63.20243835449219,-0.0021022494543880103,-0.002100041275655662,-0.0011107478384822299,-0.000246758958897028,0.0016047817369566415,63.195911979675294,63.02743064880371,64.09956647872924,63.286124357415204,63.217071092590345,59.17105302734094,0.06905326482485918,0.060348964862213854,0.00870429996264533,63.535369931611655,62.856454027738934,0.5096129355339372,0.034519163217575206
2017-02-15,63.10076904296875,-0.0016099248083679075,-0.001608629574593179,-0.0021022494543880103,-0.0011107478384822299,0.0027097375399015035,63.193873977661134,63.03247932434082,64.09767736434937,63.25760815519267,63.208456125951706,53.99338213630075,0.04915202924096462,0.05810957773796401,-0.008957548496999389,63.535190990458545,62.85255696486372,0.3636092969270672,0.029694380392417376
2017-02-16,63.21811294555664,0.0018579001728727998,0.001859627138743436,-0.0016099248083679075,-0.0021022494543880103,-0.0027097375399013877,63.203166007995605,63.038318099975584,64.0954920578003,63.25153196909482,63.20917144592244,55.547769532500965,0.04236052317237693,0.0549597668248466,-0.012599243652469672,63.535971559463555,62.870360456527656,0.5224559618899185,0.02970331114234687
2017-02-17,63.36672592163086,0.0023480386068817,0.002350797408366301,0.0018579001728727998,-0.0016099248083679075,-0.000246758958897028,63.21754760742188,63.04728416442871,64.09393440246582,63.26925411563883,63.22084214782677,60.44248207757669,0.04841196781205781,0.05365020702228884,-0.005238239210231033,63.55262941964943,62.88246579519433,0.7225998379578961,0.0306613606995789
2017-02-21,63.3588981628418,-0.00012353869007267348,-0.00012353105948292864,0.0023480386068817,0.0018579001728727998,-0.0011107478384822299,63.22295093536377,63.053135528564454,64.09176177978516,63.28304550751621,63.23106851930937,56.36023218664186,0.05197698820684593,0.05331556325920026,-0.0013385750523543308,63.56372942036512,62.88217245036242,0.6994656843983097,0.02922447221090342
2017-02-22,63.39801406860352,0.0006171798652202313,0.0006173703599010594,-0.00012353869007267348,0.0023480386068817,-0.0021022494543880103,63.23499431610107,63.06226005554199,64.08993812561035,63.30073297845272,63.24343485629412,62.35247881489648,0.057298122158599085,0.054112075039080026,0.0031860471195190587,63.5829306066035,62.88705802559865,0.7342666702962305,0.02867585705097118
2017-02-23,63.51538848876953,0.001849677831739599,0.0018513895409877357,0.0006171798652202313,-0.00012353869007267348,-0.0016099248083679075,63.26227321624756,63.07746955871582,64.08847122192383,63.33375690311684,63.26357956981082,64.44540169161816,0.07017733330602027,0.05732512669246808,0.012852206613552193,63.608211773630835,62.91633465886428,0.8658384807356682,0.026662666339342948
2017-02-24,63.749996185302734,0.0036869092548881786,0.0036937142653969968,0.001849677831739599,0.0006171798652202313,0.0018579001728727998,63.30011177062988,63.09877311706543,64.08817735671997,63.39779371576083,63.299610430217626,69.23002977655841,0.09818328554320033,0.06549675846261453,0.032686527080585795,63.685448461828194,62.91477507943157,1.083754966693946,0.029054003868567733
2017-02-27,63.61703872680664,-0.002087785224535434,-0.0020856073168949996,0.0036869092548881786,0.001849677831739599,0.0023480386068817,63.32778949737549,63.116015625,64.0871417427063,63.43152371746018,63.32312363737236,59.500371855988014,0.10840008008781865,0.07407742278765536,0.03432265730016329,63.721002895953085,62.9345760987979,0.8678018481535434,0.030485878571133784
2017-02-28,63.57009506225586,-0.0007381826334781029,-0.0007379102437065077,-0.002087785224535434,0.0036869092548881786,-0.00012353869007267348,63.353899765014646,63.13870391845703,64.08583322525024,63.452842385890285,63.34141781699336,54.92202187228361,0.11142456889692198,0.08154685200950869,0.029877716887413294,63.73810444288954,62.969695087139755,0.7813543271219797,0.030681180686962135
2017-03-01,63.30991363525391,-0.004101225943496651,-0.0040928274017388855,-0.0007381826334781029,-0.002087785224535434,0.0006171798652202313,63.36036605834961,63.158057022094724,64.08287809371949,63.430853347330846,63.339084173901554,41.123327245162294,0.09176917342929158,0.08359131629346526,0.008177857135826319,63.73655871234879,62.984173404350436,0.43294337015973555,0.03388420326959908
2017-03-02,63.19235610961914,-0.0018585841931867116,-0.0018568580951169311,-0.004101225943496651,-0.0007381826334781029,0.001849677831739599,63.36650924682617,63.173969497680666,64.08002614974976,63.394161464605965,63.32821542839915,42.576442961315045,0.06594603620681738,0.0800622602761357,-0.014116224069318312,63.726359912925545,63.00665858072679,0.2580202656079921,0.0339578443287091
2017-03-03,63.239376068115234,0.000743799991567986,0.0007440766793775921,-0.0018585841931867116,-0.004101225943496651,0.0036869092548881786,63.37304859161377,63.187551956176755,64.07763984680176,63.370348326684315,63.32163473504478,44.71429886572313,0.04871359163953315,0.07379252654881518,-0.025078934909282036,63.71759228793382,63.028504895293715,0.30601513693873855,0.03398600872591818
2017-03-06,63.20021057128906,-0.0006195132255612109,-0.0006193213668646003,0.000743799991567986,-0.0018585841931867116,-0.002087785224535434,63.37684669494629,63.200195236206056,64.07655529022217,63.34417328739274,63.31264035254436,45.6188873152755,0.0315329348483786,0.06534060820872788,-0.033807673360349275,63.71137139780673,63.042321992085846,0.23598941700440762,0.03407647075134574
2017-03-07,63.08260726928711,-0.0018625389900322551,-0.0018608055406602597,-0.0006195132255612109,0.000743799991567986,-0.0007381826334781029,63.364987754821776,63.20861755371094,64.0745371055603,63.303932361530336,63.295600864895675,46.07877648539137,0.008331496634660596,0.05393878589391442,-0.04560728925925382,63.723952765751726,63.006022743891826,0.1066740811268488,0.03274083961890774
2017-03-08,62.93372344970703,-0.002362930074288661,-0.002360140552601475,-0.0018625389900322551,-0.0006195132255612109,-0.004101225943496651,63.340599822998044,63.21492149353028,64.07177450180053,63.24697714432675,63.268795130437255,44.69762283013019,-0.02181798611050567,0.038787431493030405,-0.06060541760353608,63.74659886178596,62.934600784210126,-0.0010804637687244214,0.03288876811282099
2017-03-09,62.73776245117188,-0.0031186256127062766,-0.003113767751112828,-0.002362930074288661,-0.0018625389900322551,-0.0018585841931867116,63.29780941009521,63.2166813659668,64.06795524597167,63.168636422302924,63.229459376417594,35.477479430821504,-0.06082295411466987,0.018865354371490353,-0.07968830848616022,63.76702275658098,62.828596063609446,-0.09679350887807621,0.03211028790047259
2017-03-10,62.86315155029297,0.00199662783943051,0.001998622428057928,-0.0031186256127062766,-0.002362930074288661,0.000743799991567986,63.269892883300784,63.22188591003418,64.06491643905639,63.121638749686014,63.20232546337133,34.558508734375195,-0.0806867136853171,-0.001045059239871136,-0.07964165444544596,63.773315151671376,62.76647061493019,0.0960236976362808,0.03250295484545284
2017-03-13,62.73776245117188,-0.0019966278394305285,-0.0019946359040043937,0.00199662783943051,-0.0031186256127062766,-0.0006195132255612109,63.23648929595947,63.22146041870117,64.06136600494385,63.06258085760692,63.16791338839359,32.234483390687075,-0.1053325307866757,-0.021902553549232054,-0.08342997723744365,63.788266934085364,62.68471165783358,0.048072619903995466,0.032953837994240356
2017-03-14,62.72993469238281,-0.00012477727697939953,-0.00012476949261874815,-0.0019966278394305285,0.00199662783943051,-0.0018625389900322551,63.206213760375974,63.21744361877441,64.05723882675171,63.01140452449552,63.13547052202242,30.54358814837812,-0.12406599752690539,-0.042335242344766724,-0.08173075518213867,63.799979842826055,62.61244767792589,0.09893375348430847,0.03290904716437791
2017-03-15,63.1218376159668,0.006228028150366737,0.006247462642928081,-0.00012477727697939953,-0.0019966278394305285,-0.002362930074288661,63.20218372344971,63.21861068725586,64.05518648147583,63.02839423087571,63.13446067712942,40.118690269351745,-0.1060664462537062,-0.05508148312655462,-0.05098496312715158,63.79715059900299,62.607216847896424,0.43247850360728635,0.03998703749829586
2017-03-16,63.02772903442383,-0.0014920162074246617,-0.0014909037046025864,0.006228028150366737,-0.00012477727697939953,-0.0031186256127062766,63.19853172302246,63.21774017333984,64.0523946762085,63.02829189296004,63.12655462952159,30.488664468260367,-0.09826273656155138,-0.06371773381355397,-0.034545002747997405,63.797005972257956,62.60005747378697,0.3573015557337497,0.0399287185904122
2017-03-17,63.15319061279297,0.00198859891122985,0.00199057748535747,-0.0014920162074246617,0.006228028150366737,0.00199662783943051,63.195285606384275,63.21844116210937,64.05011875152587,63.047507080626644,63.128527665319474,37.418647242025,-0.0810205846928298,-0.06717830398940915,-0.013842280703420654,63.794016883384465,62.596554329384084,0.46484650526174837,0.04001449525283002
2017-03-20,63.278564453125,0.0019832656971583524,0.001985233669359987,0.00198859891122985,-0.0014920162074246617,-0.0019966278394305285,63.190877532958986,63.21524971008301,64.04785404205322,63.083054368703316,63.13964150145321,42.41526811500704,-0.056587132749896796,-0.06506006974150669,0.008472936991609892,63.785578853335416,62.596176212582556,0.5737234954434864,0.03974442681542722
2017-03-21,63.42745971679688,0.0023502486670962676,0.002353012666432619,0.0019832656971583524,0.00198859891122985,-0.00012477727697939953,63.19430561065674,63.22003280639648,64.04433296203614,63.13603980687155,63.16096136925645,53.24616220908428,-0.024921562384896845,-0.05703236827018472,0.03211080588528788,63.793855626213535,62.59475559509995,0.6944409140942261,0.040659415756921745
2017-03-22,63.5136833190918,0.0013584817891675927,0.0013594049435354805,0.0023502486670962676,0.0019832656971583524,0.006228028150366737,63.200089073181154,63.22341682434082,64.04174322128296,63.19413880875159,63.1870889210961,59.03007667106919,0.00704988765549075,-0.04421591708504963,0.05126580474054038,63.81005405345512,62.59012409290719,0.7570592214734957,0.040880129891264584
2017-03-23,63.48233795166016,-0.0004936433087354069,-0.0004935214869236093,0.0013584817891675927,0.0023502486670962676,-0.0014920162074246617,63.19843654632568,63.22648574829102,64.03895826339722,63.238477138429836,63.2089592196564,56.888507221517095,0.029517918773436236,-0.029469149913352456,0.05898706868678869,63.80497428890019,62.59189880375117,0.7340344099028652,0.040386427338081995
2017-03-24,63.46665573120117,-0.0002470633296698695,-0.00024703281203874994,-0.0004936433087354069,0.0013584817891675927,0.00198859891122985,63.18426952362061,63.22861671447754,64.03571022033691,63.27358153731773,63.228047850141195,57.65626130402096,0.04553368717653683,-0.0144685824953746,0.060002269671911426,63.748310873856454,62.62022817338476,0.7503240298450536,0.037928935347514244
2017-03-27,63.59988784790039,0.0020970455600912382,0.0020992458979325335,-0.0002470633296698695,-0.0004936433087354069,0.0019832656971583524,63.18341197967529,63.23310028076172,64.03282041549683,63.3237825081766,63.25559155367892,64.7316617417001,0.06819095449768042,0.002063324903236406,0.06612762959444402,63.744728526695525,62.62209543265506,0.8709812853691686,0.038108115248696776
2017-03-28,63.48233795166016,-0.0018499822304213717,-0.0018482720680474962,0.0020970455600912382,-0.0002470633296698695,0.0023502486670962676,63.179024124145506,63.23726249694824,64.02903509140015,63.34817565332792,63.27238758315901,65.90793449934336,0.07578807016891176,0.016808273956371477,0.05897979621254028,63.72886814569382,62.62918010259719,0.7758180644217512,0.03858984492731438
2017-03-29,63.60775375366211,0.0019736525645728522,0.001975601498757751,-0.0018499822304213717,0.0020970455600912382,0.0013584817891675927,63.193916130065915,63.24003028869629,64.02579982757568,63.38811074568703,63.2972295217148,76.30284199818712,0.0908812239722323,0.03162286395954364,0.059258360012688666,63.7739890333706,62.61384322676123,0.8567117350582629,0.036116621346989675
2017-03-30,63.5058708190918,-0.0016030218118624755,-0.0016017376586646703,0.0019736525645728522,-0.0018499822304213717,-0.0004936433087354069,63.20959186553955,63.24731712341308,64.02209363937378,63.40622768005699,63.31268443263161,69.71179607413717,0.09354324742538012,0.044006940652710935,0.04953630677266918,63.80619637054982,62.61298736052928,0.7483043214257544,0.03593108425116129
2017-03-31,63.54499053955078,0.0006158119870564648,0.0006160016381859812,-0.0016030218118624755,0.0019736525645728522,-0.0002470633296698695,63.22487258911133,63.25757148742676,64.01785188674927,63.427575812286804,63.32989229240341,76.14044016642114,0.09768351988339674,0.0547422564988481,0.04294126338454864,63.840055164439626,62.60969001378303,0.7601812561649842,0.035910501021222334
2017-04-03,63.77598190307617,0.0036284928166830832,0.003635083766069913,0.0006158119870564648,-0.0016030218118624755,0.0020970455600912382,63.253661155700684,63.27150924682617,64.01441909790039,63.48117674933132,63.36293596726806,79.59642272000231,0.1182407820632605,0.06744196161173058,0.05079882045152992,63.91606081788295,62.59126149351842,0.8942640502372159,0.037682440178020256
2017-04-04,63.70523452758789,-0.0011099263833865246,-0.0011093106429281852,0.0036284928166830832,0.0006158119870564648,-0.0018499822304213717,63.284792518615724,63.28059730529785,64.0110943031311,63.51564717675541,63.388291416180635,70.17237012884252,0.1273557605747726,0.07942472140433898,0.04793103917043362,63.97142412553267,62.59816091169878,0.8061627259339242,0.037160015321751394
2017-04-05,63.7602424621582,0.000863103316823135,0.0008634758976751034,-0.0011099263833865246,0.0036284928166830832,0.0019736525645728522,63.32611846923828,63.292659225463865,64.00877532958984,63.55327722066353,63.4158433455123,76.03235200017379,0.13743387515123118,0.09102655215371742,0.04640732299751375,64.02319439970258,62.62904253877398,0.8113893149565291,0.035605718003057486
2017-04-06,63.78382873535156,0.00036985291814476356,0.0003699213221681763,0.000863103316823135,-0.0011099263833865246,-0.0016030218118624755,63.378421783447266,63.3089395904541,64.00699779510498,63.58874668446169,63.44310152253743,74.16138574501943,0.14564516192425714,0.10195027410782537,0.04369488781643177,64.04597327188063,62.710870295013905,0.8036521968183485,0.03274365124861654
2017-04-07,63.64244842529297,-0.002219014338678292,-0.002216554146431071,0.00036985291814476356,0.000863103316823135,0.0006158119870564648,63.41738662719727,63.32192405700684,64.00439800262451,63.59700849074343,63.45786795977858,63.77242223685289,0.1391405309648448,0.10938832547922926,0.029752205485615538,64.04826907926957,62.78650417512497,0.6783706278058791,0.03413581207298205
2017-04-10,63.70523452758789,0.000986058103710589,0.0009865444188343897,-0.002219014338678292,0.00036985291814476356,0.0036284928166830832,63.465760231018066,63.3347590637207,64.00268892288209,63.61365865025796,63.476191409245935,61.24638979412163,0.13746724101202545,0.11500410858578851,0.022463132426236945,64.02106525990698,62.91045520212916,0.7156241021704594,0.0327205781385491
2017-04-11,63.90945816040039,0.003200631570714504,0.003205759060883162,0.000986058103710589,-0.002219014338678292,-0.0011099263833865246,63.524736404418945,63.35199043273926,64.00019260406494,63.65916626720295,63.50828524266478,64.62635478814005,0.15088102453816532,0.12217949177626387,0.028701532761901447,63.9950313410881,63.05444146774979,0.9090217924800778,0.03363731957523056
2017-04-12,64.05870819091797,0.00233261290595209,0.002335335563994123,0.003200631570714504,0.000986058103710589,0.000863103316823135,63.571579933166504,63.369552841186525,63.99682662963867,63.7206342554668,63.54905731290576,69.5930244621033,0.17157694256103895,0.1320589819332189,0.03951796062782004,64.05921750711475,63.08394235921826,0.9994777717879082,0.0278453246311408
2017-04-13,64.15293884277344,0.0014699236926193592,0.001471004559983058,0.00233261290595209,0.003200631570714504,0.00036985291814476356,63.62784042358398,63.39122177124023,63.99354694366455,63.787142653513975,63.59378927808115,72.14667858294762,0.19335337543282805,0.14431786063314075,0.04903551479968729,64.11090170177692,63.144779145391034,1.0435111888431288,0.026660784060435653
2017-04-17,64.11366271972656,-0.0006124138910046699,-0.0006122264038929126,0.0014699236926193592,0.00233261290595209,-0.002219014338678292,63.67586402893066,63.4113232421875,63.99018646240234,63.83737650985437,63.63229842190674,67.65005753046248,0.2050780879476335,0.1564699060960393,0.048608181851594184,64.15114997498615,63.20057808287517,0.9605634717681987,0.026830576799745997
2017-04-18,64.3414535522461,0.003546625123290255,0.0035529218400034424,-0.0006124138910046699,0.0014699236926193592,0.000986058103710589,63.729008483886716,63.43566734313965,63.987541618347166,63.91492682406849,63.68482843156151,77.43570252122123,0.2300983925069744,0.17119560337822634,0.05890278912874805,64.25249583229262,63.2055211354808,1.0849664468724582,0.028312965253060138
2017-04-19,64.2236099243164,-0.0018332143701545152,-0.0018315350590268897,0.003546625123290255,-0.0006124138910046699,0.003200631570714504,63.768815994262695,63.45374382019043,63.98340545654297,63.96241653179894,63.72473817176558,69.76283568898106,0.23767836003335674,0.18449215470925243,0.05318620532410431,64.31628700998478,63.22134497854062,0.9153589112419628,0.029219090672053992
2017-04-20,64.13719177246094,-0.0013464883947386756,-0.001345582285974034,-0.0018332143701545152,0.003546625123290255,0.00233261290595209,63.79999141693115,63.468058013916014,63.97771934509277,63.98930503036232,63.75529029033561,70.46219432884023,0.23401474002670852,0.19439667177274367,0.039618068253964855,64.35721410311058,63.24276873075171,0.8025723502409671,0.029886871172164174
2017-04-21,64.15293884277344,0.0002454915326076186,0.00024552166811986353,-0.0013464883947386756,-0.0018332143701545152,0.0014699236926193592,63.83352146148682,63.47924537658692,63.971533660888674,64.01447946304094,63.784745738664334,70.00778366434831,0.229733724376608,0.20146408229351656,0.028269642083091434,64.39096755765239,63.27607536532124,0.7865006890206557,0.029679171594108256
2017-04-24,64.06651306152344,-0.0013480917763295595,-0.0013471835087993655,0.0002454915326076186,-0.0013464883947386756,-0.0006124138910046699,63.86351432800293,63.49214599609375,63.96545547485351,64.02248463203824,63.805617392209456,60.56696811359341,0.21686723982878675,0.2045447138005706,0.012322526028216152,64.40207916433059,63.32494949167527,0.6884626695132082,0.030309878714571442
2017-04-25,63.87017059326172,-0.0030693717673250915,-0.0030646660615534227,-0.0013480917763295595,0.0002454915326076186,0.003546625123290255,63.877028465270996,63.501432723999024,63.957547454833986,63.9990517029957,63.81039911080592,55.49673656295369,0.1886525921897828,0.20136628947841306,-0.012713697288630255,64.40110964432729,63.35294728621471,0.493457242614942,0.03212592654762311
2017-04-26,63.93301010131836,0.0009833794867877225,0.0009838631629279782,-0.0030693717673250915,-0.0013480917763295595,-0.0018332143701545152,63.89956207275391,63.51338401794433,63.95091753005981,63.9888914565838,63.81948140639943,55.727836094599716,0.16941005018436783,0.19497504161960405,-0.025564991435236217,64.38985483456723,63.40926931094059,0.5341102614290536,0.03127696657362826
2017-04-27,63.98013687133789,0.0007368558004740314,0.0007371273454017668,0.0009833794867877225,-0.0030693717673250915,-0.0013464883947386756,63.91818122863769,63.52893798828125,63.94583396911621,63.98754459731519,63.83138181120969,56.408257600474194,0.15616278610550438,0.18721259051678413,-0.031049804411279747,64.38973966551876,63.44662279175663,0.5656924336991779,0.030730696871454233
2017-04-28,64.05084228515625,0.001104504885804413,0.0011051150759577855,0.0007368558004740314,0.0009833794867877225,0.0002454915326076186,63.94542980194092,63.547939453125,63.94052536010742,63.9972827031369,63.847638142613135,63.97645916124012,0.14964456052376107,0.1796989845181795,-0.030054423994418433,64.3780459182126,63.51281368566924,0.6218314335163706,0.030010839045949287
2017-05-01,63.93120574951172,-0.001869583622535549,-0.001867837039705167,0.001104504885804413,0.0007368558004740314,-0.0013480917763295595,63.96474056243896,63.5622013092041,63.93511985778809,63.98711701796379,63.853828335716734,57.4437605712031,0.1332886822470556,0.17041692406395476,-0.037128241816899166,64.35444678260166,63.575034342276275,0.4569742395781532,0.0310813593708138
2017-05-02,64.04135131835938,0.001721394001493983,0.0017228764506524996,-0.001869583622535549,0.001104504885804413,-0.0030693717673250915,63.97800903320312,63.57569381713867,63.93130619049072,63.99546075648619,63.867718927023596,54.63180034026819,0.12774182946259316,0.16188190514368245,-0.03414007568108929,64.35861942545245,63.5973986409538,0.583211449879119,0.029045566485937726
2017-05-03,63.97053909301758,-0.0011063383618035885,-0.0011057265951459616,0.001721394001493983,-0.001869583622535549,0.0009833794867877225,63.99127426147461,63.587926635742186,63.92702268600464,63.99162665441409,63.875335235615744,46.72316848752244,0.11629141879834748,0.15276380787461546,-0.036472389076267986,64.34970235871667,63.632846164232554,0.4710748562730139,0.029043410525200968
2017-05-04,63.89970016479492,-0.0011079815894734942,-0.0011073680045067258,-0.0011063383618035885,0.001721394001493983,0.0007368558004740314,63.998247146606445,63.59796035766602,63.92188388824463,63.97748411754961,63.877140045184575,40.4217682756153,0.10034407236503284,0.14227986077269894,-0.0419357884076661,64.34291282125538,63.653581471957516,0.35703975031470103,0.02929521719903388
2017-05-05,63.9390983581543,0.0006163730426429971,0.0006165630395411625,-0.0011079815894734942,-0.0011063383618035885,0.001104504885804413,64.00601062774658,63.60643455505371,63.91728895187378,63.971578616104175,63.881729549849,43.39807197906357,0.08984906625517652,0.13179370186919448,-0.041944635614017955,64.33706680707434,63.674954448418816,0.3989412163697548,0.02933734289402931
2017-05-08,63.8288688659668,-0.0017254640882298508,-0.0017239763308836142,0.0006163730426429971,-0.0011079815894734942,-0.001869583622535549,64.01533164978028,63.60801200866699,63.91175735473633,63.9496232699292,63.8778139436355,28.722268847682543,0.07180932629369607,0.1197968267540948,-0.04798750046039872,64.31199928964051,63.718664009920055,0.1857379121272954,0.02886357363960678
2017-05-09,63.79743194580078,-0.0004926401627542042,-0.0004925188355136001,-0.0017254640882298508,0.0006163730426429971,0.001721394001493983,64.01994152069092,63.61161987304688,63.90603000640869,63.92620922006329,63.87185972157367,30.94191822697745,0.05434949848962134,0.1067073611012001,-0.052357862611578765,64.29864172112225,63.7412413202596,0.10080836944900175,0.028770040321461552
2017-05-10,63.78955841064453,-0.00012342222579666195,-0.00012341460958709138,-0.0004926401627542042,-0.0017254640882298508,-0.0011063383618035885,64.01394653320312,63.61600914001465,63.900456008911135,63.905186018614245,63.86576332817151,33.279758104170796,0.039422690442734165,0.09325042696950692,-0.05382773652677275,64.30741994817993,63.720473118226316,0.11770281206506454,0.02628873138484915
2017-05-11,63.83675003051758,0.0007395281208116885,0.0007398016391531037,-0.00012342222579666195,-0.0004926401627542042,-0.0011079815894734942,64.0028486251831,63.62654586791992,63.895156688690186,63.89465740506091,63.86361419501196,35.238658341555166,0.031043210048949277,0.08080898358539539,-0.04976577353644611,64.30582796735904,63.699869283007175,0.22589122170402134,0.024910525645644915
2017-05-12,64.0256118774414,0.0029541450893753574,0.002958512875945951,0.0007395281208116885,-0.00012342222579666195,0.0006163730426429971,63.9964822769165,63.64321098327637,63.88983804702759,63.9148042469656,63.87561402334007,48.2572088033549,0.03919022362553193,0.0724852315934227,-0.03329500796789077,64.29142697214722,63.701537581685784,0.5493814620095427,0.026701983917728732
2017-05-15,64.00993347167969,-0.0002449070810349655,-0.0002448770937438782,0.0029541450893753574,0.0007395281208116885,-0.0017254640882298508,63.99129581451416,63.658622131347656,63.884633502960206,63.92943951230623,63.88556361210597,57.0390009606148,0.04387590020026266,0.0667633653147907,-0.022887465114528036,64.28116891325728,63.70142271577105,0.5321479593076015,0.02664011864897059
2017-05-16,64.07283782958984,0.0009822455015395697,0.000982728062637106,-0.0002449070810349655,0.0029541450893753574,-0.0004926401627542042,63.977865028381345,63.67607467651367,63.87870271682739,63.95150079188832,63.89943577636403,57.04180706735776,0.05206501552429188,0.06382369535669094,-0.01175867983239906,64.22046341954933,63.73526663721336,0.6957407894406331,0.023362209759990978
2017-05-17,64.4191665649414,0.005390678986745037,0.0054052348402715555,0.0009822455015395697,-0.0002449070810349655,-0.00012342222579666195,63.9876428604126,63.70280586242676,63.87552713394165,64.02344937235803,63.93793435329568,66.98976383299726,0.08551501906234904,0.06816196009782256,0.017353058964526477,64.2821543290284,63.693131391796804,1.2326093387075236,0.029868316447890664
2017-05-18,64.36405181884766,-0.0008559306119269768,-0.0008555644078099833,0.005390678986745037,0.0009822455015395697,0.0007395281208116885,63.998985862731935,63.73141242980957,63.87238512039185,64.07584974874105,63.969498610003235,62.26876341097503,0.10635113873781421,0.0757997958258209,0.03055134291199331,64.33262491361668,63.66534681184719,1.047097162558811,0.02959136551301091
2017-05-19,64.40339660644531,0.0006110983684653902,0.0006112851271140585,-0.0008559306119269768,0.005390678986745037,0.0029541450893753574,64.01150875091552,63.76472511291504,63.86943983078003,64.12624157300324,64.00163920233229,69.73779044921962,0.12460237067095647,0.08556031079484802,0.039042059876108454,64.38580286614562,63.637214635685424,1.0235025606652566,0.029631095298036897
2017-05-22,64.34834289550781,-0.0008551917745852381,-0.0008548262023184705,0.0006110983684653902,-0.0008559306119269768,-0.0002449070810349655,64.02560024261474,63.79442893981933,63.86563982009888,64.16041100723471,64.02732095738233,63.45194635000869,0.1330900498523846,0.09506625860635534,0.038023791246029254,64.42872403614328,63.622476449086214,0.9003021628518962,0.02934092093365107
2017-05-23,64.21453094482422,-0.002081658491399482,-0.0020794933429891804,-0.0008551917745852381,0.0006110983684653902,0.0009822455015395697,64.04281826019287,63.823964309692386,63.86225225448609,64.16873715147926,64.0411883638595,60.13198622476944,0.12754878761975874,0.10156276440903603,0.025986023210722714,64.44740355744369,63.63823296294205,0.7122082609009087,0.02805375204187528
2017-05-24,64.34834289550781,0.002081658491399455,0.0020838266466287614,-0.002081658491399482,-0.0008551917745852381,0.005390678986745037,64.06358489990234,63.85633247375488,63.85949514389038,64.19636880440673,64.06394055138901,67.70435981658724,0.13242825301772143,0.10773586213077312,0.024692390886948315,64.48665299261808,63.64051680718659,0.8365392007910252,0.028688461261685307
2017-05-25,64.34834289550781,0.0,0.0,0.002081658491399455,-0.002081658491399482,-0.0008559306119269768,64.08199520111084,63.8808625793457,63.85581087112427,64.2197494338069,64.0850073916941,66.66790960135978,0.13474204211279073,0.11313709812717665,0.021604943985614078,64.52149998496128,63.642490417260404,0.8030088683717341,0.02866696395425343
2017-05-26,64.37982940673828,0.000489193799543094,0.0004893134743437777,0.0,0.002081658491399455,0.0006110983684653902,64.09844455718994,63.90790458679199,63.85185922622681,64.24437712195018,64.10684605947516,73.97776058596773,0.1375310624750199,0.11801589099674531,0.019515171478274584,64.5572425852087,63.63964652917117,0.8066543798841682,0.02851702649273985
2017-05-30,64.47427368164062,0.0014659105073298174,0.0014669854793443182,0.000489193799543094,0.0,-0.0008551917745852381,64.12559795379639,63.934326248168944,63.84922960281372,64.27974582344102,64.13406292037631,77.92466965067014,0.14568290306471,0.12354929341033825,0.022133609654371736,64.60647146117914,63.64472444641363,0.8625441228213766,0.027664418396572025
2017-05-31,64.5057373046875,0.00048788371826579275,0.0004880027528846309,0.0014659105073298174,0.000489193799543094,-0.002081658491399482,64.1488172531128,63.95886970520019,63.84602331161499,64.31451374363279,64.16159435625121,78.98344438337892,0.15291938738157285,0.1294233122045852,0.023496075176987652,64.65665322565464,63.640981280570955,0.8514127305596665,0.027239774691998873
2017-06-01,64.52310180664062,0.00026915691371879653,0.0002691931396909819,0.00048788371826579275,0.0014659105073298174,0.002081658491399455,64.17644538879395,63.98078254699707,63.84344476699829,64.34660421486475,64.18837268590968,78.46351472351681,0.15823152895507064,0.1351849555546823,0.023046573400388348,64.70321350482222,63.649677272765686,0.8290408125499318,0.026688881554374305
2017-06-02,64.73603820800781,0.0032947239779778435,0.0033001575467543898,0.00026915691371879653,0.00048788371826579275,0.0,64.21826229095458,64.0052296447754,63.84208532333374,64.40651713688676,64.2289405023614,78.88513199119025,0.17757663452536576,0.143663291348819,0.03391334317654676,64.78387983264764,63.652644749261526,0.9577085034380071,0.0278731307775789
2017-06-05,64.63351440429688,-0.0015849761107408072,-0.0015837206994582242,0.0032947239779778435,0.00026915691371879653,0.000489193799543094,64.25298309326172,64.02825317382812,63.83971117019653,64.44143979341139,64.2589089395418,73.68167910620741,0.18253085386959356,0.15143680385297392,0.031094050016619634,64.83155235409095,63.67441383243249,0.8288554515407238,0.028981782482024352
2017-06-06,64.7518081665039,0.0018285504540571256,0.0018302232718938605,-0.0015849761107408072,0.0032947239779778435,0.0014659105073298174,64.29913005828857,64.05395622253418,63.83758066177368,64.48918877388716,64.29541999339084,74.74420001334609,0.1937687804963275,0.15990319918164464,0.03386558131468287,64.8824759570783,63.715784159498845,0.8880014491869316,0.02802692543670485
2017-06-07,64.66505432128906,-0.0013406886327141847,-0.0013397903112105647,0.0018285504540571256,-0.0015849761107408072,0.00048788371826579275,64.34251117706299,64.07525955200195,63.83567316055298,64.516245011949,64.32280031397589,61.05209012036624,0.19344469797310637,0.16661149893993699,0.026833199033169386,64.89709973382257,63.787922620303405,0.7907949869274874,0.02866705301572057
2017-06-08,64.61772155761719,-0.0007322362235024496,-0.000731968203980804,-0.0013406886327141847,0.0018285504540571256,0.00026915691371879653,64.38391933441162,64.09796722412109,63.833065280914305,64.53185678820564,64.3446463320234,61.48219774147874,0.18721045618224252,0.1707312903883981,0.016479165793844425,64.88584017140649,63.88199849741675,0.7329074686412749,0.02897189720419217
2017-06-09,64.5625,-0.0008549538050796049,-0.0008545884362071154,-0.0007322362235024496,-0.0013406886327141847,0.0032947239779778435,64.42020683288574,64.11706214904785,63.83002698898316,64.5365711284817,64.3607836407624,57.09966908610569,0.17578748771929043,0.17174252985457655,0.004044957864713872,64.85616980994334,63.98424385582814,0.6631940951438418,0.02945173786042855
2017-06-12,64.5467529296875,-0.00024393403312708968,-0.00024390428363985084,-0.0008549538050796049,-0.0007322362235024496,-0.0015849761107408072,64.44626388549804,64.13787979125976,63.82694833755493,64.53813755943644,64.37455914364574,59.17552253129543,0.16357841579069543,0.17010970704180034,-0.006531291251104909,64.843499595299,64.04902817569709,0.626485411193032,0.028171173210959157
2017-06-13,64.5625,0.00024393403312715397,0.00024396378745272784,-0.00024393403312708968,-0.0008549538050796049,0.0018285504540571256,64.47389221191406,64.15822998046875,63.82429620742798,64.54188562721545,64.38848068856088,68.06454423751772,0.1534049386545746,0.1667687533643552,-0.013363814709780597,64.81644980885383,64.13133461497429,0.6293326857695072,0.02807479701327512
2017-06-14,64.79912567138672,0.0036583636618304854,0.003665063642001476,0.00024393403312715397,-0.00024393403312708968,-0.0013406886327141847,64.51020660400391,64.17869285583497,63.82363836288452,64.58146101862641,64.41889883543686,71.14483054790108,0.16256218318955007,0.1659274393293942,-0.0033652561398441194,64.82675030462781,64.19366290338002,0.95636521405,0.03029272433437916
2017-06-15,64.72815704345703,-0.0010958098331687687,-0.001095209652821394,0.0036583636618304854,0.00024393403312715397,-0.0007322362235024496,64.5256561279297,64.19915130615234,63.82150568008423,64.60402963783112,64.44180685084577,66.70379889542804,0.1622227869853532,0.165186508860586,-0.0029637218752328054,64.85345258048964,64.19785967536974,0.80888210343018,0.024844007825492745
2017-06-16,64.79912567138672,0.0010958098331687914,0.0010964104521320461,-0.0010958098331687687,0.0036583636618304854,-0.0008549538050796049,64.54740982055664,64.21992897033691,63.81999814987183,64.63404441222428,64.46827491162658,67.82128774514891,0.16576950059770468,0.16530310720800975,0.0004663933896949246,64.88756307351095,64.20725656760233,0.8700035919748982,0.024668224987754287
2017-06-19,64.70449829101562,-0.0014613860881525758,-0.0014603187834812958,0.0010958098331687914,-0.0010958098331687687,-0.00024393403312708968,64.56246490478516,64.2383423614502,63.818249225616455,64.64488347049988,64.48577293972947,59.78368003320019,0.1591105307704055,0.16406459192048892,-0.0049540611500834275,64.90243363062017,64.22249617895015,0.7088918412739489,0.02544726664251767
2017-06-20,64.79912567138672,0.0014613860881526161,0.0014624544331600653,-0.0014613860881525758,0.0010958098331687914,0.00024393403312715397,64.5850040435791,64.26147590637207,63.81652460098267,64.66861303986708,64.50898425318557,61.832671774516136,0.15962878668150893,0.16317743087269293,-0.0035486441911840028,64.92497271617079,64.24503537098742,0.8149137627524654,0.025461709365674427
2017-06-21,64.83067321777344,0.0004867329468978626,0.00048685142059956554,0.0014613860881526161,-0.0014613860881525758,0.0036583636618304854,64.61581115722656,64.28398468017578,63.81542207717896,64.6935453749296,64.53281306537727,62.26438054443457,0.16073230955232987,0.16268840660862033,-0.0019560970562904623,64.92466993209236,64.30695238236076,0.8478322101100058,0.02378681159547951
2017-06-22,64.85432434082031,0.00036474725302590693,0.00036481378139363585,0.0004867329468978626,0.0014613860881526161,-0.0010958098331687687,64.64111022949218,64.30288200378418,63.813470134735105,64.71828060045125,64.55662871541008,55.55523705784555,0.16165188504116657,0.1624811022951296,-0.0008292172539630382,64.94046697316843,64.34175348581594,0.8561204412998319,0.023019431326479434
2017-06-23,64.8700942993164,0.00024313014834195155,0.00024315970687194266,0.00036474725302590693,0.0004867329468978626,0.0010958098331687914,64.66719779968261,64.31910972595215,63.811558399200436,64.7416365541228,64.57984838829204,62.09654139327315,0.16178816583077094,0.16234251500225788,-0.0005543491714869453,64.9495855327329,64.38481006663233,0.8592516173456879,0.022980716636944534
2017-06-26,64.94107818603516,0.0010936484500498596,0.0010942467015884194,0.00024313014834195155,0.00036474725302590693,-0.0014613860881525758,64.69526023864746,64.33487251281738,63.81124002456665,64.77231988210933,64.60660615108782,60.16954710917259,0.165713731021512,0.16301675820610873,0.0026969728154032646,64.96881705044885,64.42170342684608,0.9492996276878827,0.02311031180505046
2017-06-27,64.72024536132812,-0.0034063054763086354,-0.0034005105993839546,0.0010936484500498596,0.00024313014834195155,0.0014613860881526161,64.70755882263184,64.34700416564941,63.81124959945679,64.76430841737375,64.61502387036488,52.59197683917847,0.14928454700887528,0.16027031596666202,-0.010985768957786746,64.96063356038049,64.45448408488319,0.5250648065649414,0.026454211550808803
2017-06-28,64.72024536132812,0.0,0.0,-0.0034063054763086354,0.0010936484500498596,0.0004867329468978626,64.71828422546386,64.35458000183105,63.81114278793335,64.75752948567443,64.62281805488067,55.03892247003944,0.13471143079375736,0.1551585389320811,-0.020447108138323733,64.9528502285426,64.48371822238512,0.5041803497491603,0.026438123743400762
2017-06-29,64.58619689941406,-0.002073346193594691,-0.002071198296076937,0.0,-0.0034063054763086354,0.00036474725302590693,64.72143898010253,64.361831741333,63.81129495620728,64.73117062624975,64.62010537669795,51.080919303423016,0.11106524955179964,0.1463398810560248,-0.03527463150422516,64.94645480742902,64.49642315277605,0.1994831823713426,0.027598991586552536
2017-06-30,64.53882598876953,-0.0007337216553404814,-0.0007334525474275155,-0.002073346193594691,0.0,0.00024313014834195155,64.71157836914062,64.36986442565917,63.810784282684324,64.70157914356048,64.61408468129585,49.64855668080558,0.08749446226462965,0.13457079729774576,-0.04707633503311612,64.9507402021622,64.47241653611906,0.1388378986133758,0.02488635018716431
2017-07-03,64.54595184326172,0.00011040580646456936,0.00011041190140992363,-0.0007337216553404814,-0.002073346193594691,0.0010936484500498596,64.70720024108887,64.37772468566895,63.810038318634035,64.67763648197607,64.60903780440444,49.26068075997519,0.06859867757162874,0.12137637335252237,-0.05277769578089363,64.95541369746122,64.45898678471652,0.17518199822080519,0.024313115277495807
2017-07-05,64.58560943603516,0.0006142200036511985,0.0006144086753843148,0.00011040580646456936,-0.0007337216553404814,-0.0034063054763086354,64.69889030456542,64.38810661315918,63.80921979904175,64.66347847490823,64.60730236971041,38.42329075385531,0.0561761051978209,0.10833631972158209,-0.052160214523761184,64.95189767937113,64.44588292975972,0.27613129139563436,0.023422710016887425
2017-07-06,64.43514251708984,-0.0023324462907405234,-0.00232972825152844,0.0006142200036511985,0.00011040580646456936,0.0,64.68739471435546,64.39940605163574,63.80788122177124,64.6283498660131,64.59454978803481,35.373823233708066,0.03380007797828455,0.09342907137292258,-0.059628993394638036,64.96642896064166,64.40836046806926,0.04799061293915901,0.0243496684869374
2017-07-07,64.41927337646484,-0.0002463111659027571,-0.00024628083379796273,-0.0023324462907405234,0.0006142200036511985,-0.002073346193594691,64.67747230529785,64.40913131713867,63.80638593673706,64.59618425223644,64.58156635014075,29.935520270814862,0.01461790209569358,0.07766683751747679,-0.0630489354217832,64.98005805456563,64.37488655603008,0.07334585409619854,0.024263937181086048
2017-07-10,64.45093536376953,0.0004913779259189945,0.0004914986718285164,-0.0002463111659027571,-0.0023324462907405234,-0.0007337216553404814,64.67189407348633,64.4185472869873,63.804119968414305,64.57383826939538,64.57188998077991,35.65193365395409,0.0019482886154662538,0.06252312773707468,-0.06057483912160842,64.98724823224602,64.35653991472664,0.14966577484526666,0.024218521212666322
2017-07-11,64.51428985595703,0.0009825051237802517,0.0009829879400495845,0.0004913779259189945,-0.0002463111659027571,0.00011040580646456936,64.6702709197998,64.42781623840332,63.80151288986206,64.56467697502025,64.56762330486711,33.290964750532595,-0.0029463298468641597,0.049429236220286915,-0.052375566067151075,64.9886567356791,64.35188510392051,0.2550439497249653,0.024502377519970957
2017-07-12,64.664794921875,0.0023301780512993454,0.0023328950261098935,0.0009825051237802517,0.0004913779259189945,0.0006142200036511985,64.67538566589356,64.44248802185058,63.79973581314087,64.58007973607482,64.57482120242325,41.46100070693582,0.005258533651570474,0.04059509570654363,-0.03533656205497315,64.98974297505958,64.36102835672753,0.48315492640102087,0.02588625720716472
2017-07-13,64.64103698730469,-0.0003674688834505921,-0.00036740137502977444,0.0023301780512993454,0.0009825051237802517,-0.0023324462907405234,64.66748123168945,64.45448173522949,63.79729810714721,64.58945777472557,64.57972607537744,39.02170839747416,0.009731699348137113,0.034422416434862324,-0.02469071708672521,64.97664516396101,64.35831729941789,0.4572326496974184,0.022183001570032376
2017-07-14,64.664794921875,0.0003674688834504667,0.00036753640841147295,-0.0003674688834505921,0.0023301780512993454,-0.0002463111659027571,64.66431312561035,64.46836685180664,63.794592151641844,64.60104810505625,64.5860274714143,39.519050252782954,0.01502063364195294,0.030542059876280447,-0.015521426234327507,64.97215485700316,64.35647139421754,0.5007825389080152,0.021937885578755353
2017-07-17,64.75190734863281,0.0013462317983063323,0.0013471383751089139,0.0003674688834504667,-0.0003674688834505921,0.0004913779259189945,64.66195220947266,64.48541099548339,63.79232175827026,64.62425721945264,64.59831486972678,40.498907920450634,0.02594234972586662,0.029622117846197685,-0.0036797681203310645,64.96614324084533,64.35776117809999,0.6478596176130329,0.022128386467041305
2017-07-18,64.90241241455078,0.002321637008234012,0.002324334094247371,0.0013462317983063323,0.0003674688834504667,0.0009825051237802517,64.67184791564941,64.50467727661133,63.790765209198,64.66705032639082,64.62084061378782,59.844805264416536,0.04620971260300166,0.032939636797558486,0.013270075805443177,64.99420120765016,64.34949462364865,0.8576270269652347,0.02295637856674838
2017-07-19,64.91028594970703,0.00012130608584693018,0.0001213134437276775,0.002321637008234012,0.0013462317983063323,0.0023301780512993454,64.67740592956542,64.52630561828613,63.789673748016355,64.70447119151639,64.64228100904108,60.18364827185831,0.06219018247530528,0.03878974593310785,0.02340043654219743,65.01257770067566,64.34223415845518,0.8474039883642408,0.022429942798726128
2017-07-20,64.94991302490234,0.0006103036455851932,0.0006104899187475699,0.00012130608584693018,0.002321637008234012,-0.0003674688834505921,64.68336791992188,64.54935523986816,63.78912557601929,64.74223147357577,64.66506856577155,71.68472476187877,0.07716290780422241,0.04646437830733076,0.030698529496891655,65.03390852512375,64.33282731472,0.88019148284828,0.02246350974548485
2017-07-21,65.02116394042969,0.0010964119760894571,0.0010970132554299905,0.0006103036455851932,0.00012130608584693018,0.0003674688834504667,64.69170989990235,64.57398735046387,63.79001916885376,64.78514416078407,64.6914460009314,77.96077945742262,0.09369815985266428,0.05591113461639746,0.037787025236266814,65.06648342632997,64.31693637347473,0.9395375037128828,0.022729945359215784
2017-07-24,64.98948669433594,-0.00048730233355399937,-0.000487183621055598,0.0010964119760894571,0.0006103036455851932,0.0013462317983063323,64.69767951965332,64.59704208374023,63.791297626495364,64.8165814736382,64.71352308933174,74.99978498507797,0.10305838430645053,0.06534058455440808,0.03771779975204245,65.08790198782853,64.30745705147811,0.8738984790486174,0.02282873466431003
2017-07-25,64.74401092529297,-0.0037843127103218545,-0.003777161222976111,-0.00048730233355399937,0.0010964119760894571,0.002321637008234012,64.68782615661621,64.61141006469727,63.791464710235594,64.80541677389277,64.7157814475511,57.246872556684906,0.08963532634167848,0.07019953291186216,0.019435793429816314,65.06178404694637,64.31386826628605,0.5751217852726056,0.026293467661254864
2017-07-26,64.90241241455078,0.0024435933363543944,0.0024465813438805384,-0.0037843127103218545,-0.00048730233355399937,0.00012130608584693018,64.69693450927734,64.62925964355469,63.79215246200562,64.82033918014785,64.72960596362515,71.22352517187846,0.0907332165227075,0.07430626963403122,0.01642694688867627,65.08289834948766,64.31097066906702,0.7661880257506369,0.024850304007434945
2017-07-27,64.82318878173828,-0.00122140336110856,-0.0012206577516175043,0.0024435933363543944,-0.0037843127103218545,0.0006103036455851932,64.70208168029785,64.64426666259766,63.79279298782349,64.82077758039253,64.73653802422612,67.34756736919367,0.0842395561664091,0.07629292694050681,0.007946629225902294,65.09207905852467,64.31208430207103,0.6552665584459308,0.02531576402750243
2017-07-28,64.94197082519531,0.0018307237010634896,0.0018324004987932963,-0.00122140336110856,0.0024435933363543944,0.0010964119760894571,64.71987037658691,64.65472274780274,63.79453165054321,64.83942269497757,64.75175526874236,69.62094005889848,0.08766742623521395,0.07856782679944824,0.009099599435765715,65.11993722664516,64.31980352652866,0.7775791703012411,0.024697926368349304
2017-07-31,64.93406677246094,-0.00012171687541956031,-0.00012170946822120943,0.0018307237010634896,-0.00122140336110856,-0.00048730233355399937,64.73963241577148,64.666123046875,63.7960369682312,64.8539833222827,64.76525982457336,67.5513420057036,0.08872349770933852,0.0805989609814263,0.008124536727912218,65.14108931867946,64.3381755128635,0.7421609334414943,0.024460916445563252
2017-08-01,65.1981201171875,0.004058238218161005,0.0040664840175781425,-0.00012171687541956031,0.0018307237010634896,-0.0037843127103218545,64.77224082946778,64.68201751708985,63.798474597930905,64.90692744457576,64.7973235499522,70.36521273000594,0.1096038946235609,0.08639994770985322,0.023203946913707682,65.21161333622456,64.332868322711,0.9846448983157151,0.027826350120541982
2017-08-02,65.15834045410156,-0.000610321331929425,-0.0006101351237495223,0.004058238218161005,-0.00012171687541956031,0.0024435933363543944,64.80087738037109,64.69821746826172,63.80137266159058,64.9456063691182,64.82406554285214,69.51463799316164,0.121540826266056,0.09342812342109377,0.02811270284496223,65.26309618267605,64.33865857806613,0.8866816667213664,0.02809939108785343
2017-08-03,65.29352569580078,0.002072569662362036,0.002074718919436558,-0.000610321331929425,0.004058238218161005,-0.00122140336110856,64.84379653930664,64.71979736328124,63.80424875259399,64.99913241937706,64.85884036899648,71.87876663958669,0.14029205038058024,0.10280090881299107,0.03749114156758916,65.32215312049102,64.36543995812225,0.9700773169887594,0.02664476467533514
2017-08-04,65.19013214111328,-0.0015847743394229123,-0.0015835192476694182,0.002072569662362036,-0.000610321331929425,0.0018307237010634896,64.88233947753906,64.73663314819336,63.80618135452271,65.02851699195188,64.8833805002644,65.07862336912294,0.14513649168748088,0.11126802538788905,0.03386846629959184,65.34046750162679,64.42421145345133,0.8359242912361972,0.027654188495182322
2017-08-07,65.21397399902344,0.0003656611571753095,0.0003657280193656298,-0.0015847743394229123,0.002072569662362036,-0.00012171687541956031,64.92049140930176,64.75394577026367,63.808000316619875,65.05704883919365,64.90786890757988,61.74401684084595,0.14917993161377296,0.11885040663306584,0.030329524980707123,65.35376454770102,64.4872182709025,0.8386808039911705,0.027664020803974957
2017-08-08,65.12654113769531,-0.0013416070106931602,-0.001340707458334478,0.0003656611571753095,-0.0015847743394229123,0.004058238218161005,64.95110397338867,64.76888000488282,63.80957601547241,65.06773996204006,64.9240668505514,57.6902833019518,0.1436731114886669,0.12381494760418606,0.019858163884480848,65.34857250672349,64.55363544005385,0.7206931487565836,0.028444067772466473
2017-08-09,65.17424774169922,0.0007322535273326796,0.0007325216903972809,-0.0013416070106931602,0.0003656611571753095,-0.000610321331929425,64.97657661437988,64.78287948608398,63.81111894607544,65.08412577429532,64.9425987684142,57.93202050175344,0.141527005881116,0.12735735925957206,0.014169646621543935,65.36190054530567,64.59125268345409,0.7564999360984498,0.027613151855990167
2017-08-10,65.26968383789062,0.0014632511005142775,0.001464322174759003,0.0007322535273326796,-0.0013416070106931602,0.002072569662362036,65.00800895690918,64.79815841674805,63.81360433578491,65.11267316869458,64.96682729207912,58.63940165499682,0.14584587661546777,0.1310550627307512,0.014790813884716564,65.38043180254884,64.63558611126952,0.8513142172199464,0.027709489173928167
2017-08-11,65.3252944946289,0.0008516508185778674,0.0008520135761098668,0.0014632511005142775,0.0007322535273326796,-0.0015847743394229123,65.04103393554688,64.8142022705078,63.81636777877807,65.14538414191524,64.99338041819392,61.482753043196965,0.15200372372132165,0.1352447949288653,0.016758928792456357,65.40228335808632,64.67978451300743,0.893440849100583,0.027735791114062214
2017-08-14,65.27761840820312,-0.0007300922695192892,-0.0007298258170072014,0.0008516508185778674,0.0014632511005142775,0.0003656611571753095,65.06731948852538,64.82503387451172,63.819474353790284,65.1657278751903,65.01443508412054,71.10075966475796,0.15129279106976412,0.13845439415704505,0.012838396912719069,65.41628483551189,64.71835414153888,0.8013177690761852,0.027882491826822686
2017-08-15,65.16629791259766,-0.0017067951617787216,-0.0017053394152547474,-0.0007300922695192892,0.0008516508185778674,-0.0013416070106931602,65.08051376342773,64.83568954467773,63.82291631698608,65.16581557325297,65.02568418252625,60.83855602907997,0.14013139072672232,0.13878979347098053,0.0013415972557417888,65.42312309172382,64.73790443513164,0.6251923723101138,0.027875155033925847
2017-08-16,65.26171875,0.0014631956671301194,0.00146426666020405,-0.0017067951617787216,-0.0007300922695192892,0.0007322535273326796,65.09808540344238,64.84588775634765,63.82699022293091,65.18056990813713,65.04316822456134,67.77521446286869,0.13740168357578852,0.13851217149194212,-0.0011104879161535908,65.43998195879115,64.75618884809361,0.7393024205679626,0.02822780469980779
2017-08-17,65.38098907470703,0.0018259014962167597,0.001827569469384116,0.0014631956671301194,-0.0017067951617787216,0.0014632511005142775,65.11963920593261,64.86020645141602,63.8313116645813,65.21140362607096,65.0681919912388,67.78796515545883,0.1432116348321557,0.13945206415998485,0.0037595706721708644,65.47624043230056,64.76303797956467,0.8664455552162839,0.02874720279929839
2017-08-18,65.34915924072266,-0.00048695476940094985,-0.0004868362261697401,0.0018259014962167597,0.0014631956671301194,0.0008516508185778674,65.13603897094727,64.87483520507813,63.83557870864868,65.23259679755584,65.08900438008946,66.49866875299455,0.14359241746637963,0.1402801348212638,0.0033122826451158216,65.50357245303883,64.76850548885571,0.7899331355643614,0.028737297774961295
2017-08-21,65.38098907470703,0.00048695476940105106,0.00048707335112196937,-0.00048695476940094985,0.0018259014962167597,-0.0007300922695192892,65.15561408996582,64.89120498657226,63.839694271087644,65.25542637865603,65.11063287598706,58.91405407415672,0.14479350266896063,0.14118280839080316,0.003610694278157467,65.53188201383675,64.7793461660949,0.7994873738141438,0.028612871889018877
2017-08-22,65.30150604248047,-0.0012164298203246918,-0.0012156902694717697,0.00048695476940105106,-0.00048695476940094985,-0.0017067951617787216,65.1834888458252,64.90630004882813,63.84360666275025,65.26251555770594,65.12477162906066,56.718630280202504,0.1377439286452784,0.1404950324416982,-0.002751103796419796,65.5107809643057,64.8561967273447,0.6802933678989659,0.02497101638564155
2017-08-23,65.49234008789062,0.0029180911254287874,0.002922352897742009,-0.0012164298203246918,0.00048695476940105106,0.0014631956671301194,65.21298522949219,64.92489685058594,63.84789045333862,65.29787317773435,65.15199892230733,58.8670436836052,0.14587425542701737,0.14157087703876203,0.004303378388255341,65.5399505480815,64.88601991090287,0.9271934093862069,0.025529383148325122
2017-08-24,65.39691162109375,-0.001458156150476513,-0.001457093557335254,0.0029180911254287874,-0.0012164298203246918,0.0018259014962167597,65.24167137145996,64.93685256958008,63.852124538421634,65.3131098613281,65.17014060369891,59.288274765419914,0.14296925762918988,0.1418505531568476,0.0011187044723422745,65.52198501907517,64.96135772384474,0.7769045513026335,0.025748156579670663
2017-08-25,65.4764175415039,0.0012150058487804497,0.0012157442674174401,-0.001458156150476513,0.0029180911254287874,-0.00048695476940094985,65.2683937072754,64.95181777954102,63.857339000701906,65.33823411981669,65.19282778427706,61.227194099024125,0.1454063355396329,0.14256170963340467,0.002844625906228221,65.52966124598743,65.00712616856336,0.8981050138375489,0.025397628494101702
2017-08-28,65.50828552246094,0.0004865908894758922,0.0004867092940268325,0.0012150058487804497,-0.001458156150476513,0.00048695476940105106,65.29710464477539,64.9660009765625,63.865898551940916,65.36439587406966,65.21619502414254,67.14595098415484,0.14820084992712168,0.1436895376921481,0.004511312234973586,65.52813240671382,65.06607688283695,0.9570465382896834,0.02532045482893426
2017-08-29,65.57982635498047,0.001091492410676559,0.0010920883053029407,0.0004865908894758922,0.0012150058487804497,-0.0012164298203246918,65.31618995666504,64.9835075378418,63.87617563247681,65.39753902497901,65.24313067827867,67.83461713948307,0.1544083467003361,0.1458332994937857,0.00857504720655039,65.57426963565287,65.05811027767722,1.0107655111580145,0.02161707905861932
2017-08-30,65.57186126708984,-0.00012146375002612745,-0.00012145637360350126,0.001091492410676559,0.0004865908894758922,0.0029180911254287874,65.33686599731445,64.99896224975586,63.88699562072754,65.4243578314576,65.26748109226469,64.39511234199068,0.15687673919291,0.14804198743361058,0.00883475175929943,65.60764487534152,65.06608711928737,0.9339246685110735,0.021415180883012336
2017-08-31,65.62753295898438,0.0008486578091957877,0.0008490180211260245,-0.00012146375002612745,0.001091492410676559,-0.001458156150476513,65.35356636047364,65.01489944458008,63.89929859161377,65.4556155433848,65.2941516009106,64.3971827095705,0.16146394247419948,0.15072637844172837,0.010737564032471114,65.65279574335736,65.05433697758991,0.9577869256529516,0.020505267733728932
2017-09-01,65.51912689208984,-0.0016532040039428902,-0.0016518382149498523,0.0008486578091957877,-0.00012146375002612745,0.0012150058487804497,65.37001609802246,65.02819549560547,63.910632076263425,65.46538652010865,65.31081643729424,60.87509189976569,0.1545700828144163,0.15149511931626597,0.0030749634981503404,65.66758315557671,65.07244904046821,0.7505499017481124,0.020587976125459394
2017-09-05,65.79016876220703,0.004128302626422098,0.0041368358061850685,-0.0016532040039428902,0.0008486578091957877,0.0004865908894758922,65.39882583618164,65.04659698486329,63.92266035079956,65.51535301889302,65.34632401691741,74.5599913500006,0.1690290019756162,0.15500189584813603,0.014027106127480177,65.74100871574882,65.05664295661447,1.0718330012892436,0.024771419537576975
2017-09-06,65.67854309082031,-0.0016981332917551763,-0.001696692279209433,0.004128302626422098,-0.0016532040039428902,0.001091492410676559,65.42642593383789,65.06134628295898,63.93541244506836,65.54045918380491,65.37093283720651,66.20244605511334,0.1695263465984027,0.1579067859981894,0.011619560600213324,65.76516688820213,65.08768497947365,0.8721385822030334,0.025141051710743344
2017-09-07,65.88578033447266,0.0031503588458512326,0.0031553264414798665,-0.0016981332917551763,0.004128302626422098,-0.00012146375002612745,65.46200256347656,65.08465698242188,63.949978065490725,65.59358551467687,65.40906968885585,68.36582874400426,0.18451582582102333,0.16322859396275619,0.02128723185826714,65.83676972081423,65.08723540613889,1.065388085240171,0.02693785373424699
2017-09-08,65.81407165527344,-0.0010889714028101622,-0.0010883786886212166,0.0031503588458512326,-0.0016981332917551763,0.0008486578091957877,65.48922195434571,65.10653350830079,63.964223823547364,65.62750645938404,65.43906983451642,66.43791643063311,0.18843662486762014,0.16827020014372898,0.020166424723891158,65.88373371227648,65.09471019641494,0.9117110509349288,0.027302277521255955
2017-09-11,65.61477661132812,-0.0030327466051172044,-0.0030281524745832122,-0.0010889714028101622,0.0031503588458512326,-0.0016532040039428902,65.50369606018066,65.12710510253906,63.9772011756897,65.62554802122159,65.45208515131728,57.39080099370492,0.1734628699043128,0.16930873409584576,0.0041541358084670466,65.89410462323062,65.1132874971307,0.6422619297585078,0.029842402192146088
2017-09-12,65.51912689208984,-0.0014588101725909735,-0.0014577466262647443,-0.0030327466051172044,-0.0010889714028101622,0.004128302626422098,65.515771484375,65.14671112060547,63.99051639556885,65.6091755398167,65.45705120618932,56.81010772404309,0.1521243336273841,0.16587185400215343,-0.01374752037476934,65.89139733614161,65.14014563260838,0.5044664227702493,0.0302596480372457
2017-09-13,65.43946838378906,-0.0012165450913305645,-0.0012158054003371666,-0.0014588101725909735,-0.0030327466051172044,-0.0016981332917551763,65.52943000793456,65.16458145141601,64.00331651687623,65.58306674658168,65.45574877490041,48.221727259663744,0.1273179716812649,0.15816107753797573,-0.030843105856710823,65.86975786469677,65.18910215117236,0.3678309424897277,0.02990112656692886
2017-09-14,65.47933197021484,0.0006089818658583065,0.0006091673329615688,-0.0012165450913305645,-0.0014588101725909735,0.0031503588458512326,65.54031066894531,65.1824559020996,64.01557781219482,65.56710755021756,65.45749567825703,52.87974025558594,0.10961187196052435,0.14845123642248545,-0.038839364461961096,65.85774519033183,65.2228761475588,0.403950744764435,0.02957796316903017
2017-09-15,65.48727416992188,0.0001212858750918982,0.00012129323052101348,0.0006089818658583065,-0.0012165450913305645,-0.0010889714028101622,65.54562492370606,65.20349853515626,64.02764572143555,65.55482549171053,65.45970149245443,50.399295130451364,0.09512399925610282,0.13778578898920893,-0.04266178973310611,65.85529261716307,65.23595723024904,0.4057848864814145,0.02892113462111735
2017-09-18,65.43946838378906,-0.0007302677409504249,-0.0007300011603593726,0.0001212858750918982,0.0006089818658583065,-0.0030327466051172044,65.55014038085938,65.22390243530273,64.04056264877319,65.537078244338,65.4582027436644,47.49830816849532,0.07887550067360394,0.12600373132608794,-0.047128230652484004,65.85023143408476,65.25004932763399,0.3156026381313157,0.028997328232834494
2017-09-19,65.39163970947266,-0.0007311514385861951,-0.0007308842125046677,-0.0007302677409504249,0.0001212858750918982,-0.0014588101725909735,65.55067291259766,65.2427165222168,64.05440811157227,65.51470308512795,65.45327214853909,43.03888920246091,0.061430936588863005,0.11308917237864297,-0.05165823578977996,65.84953537620507,65.25181044899026,0.23393580243332954,0.02908672227840218
2017-09-20,65.33588409423828,-0.000853005044275543,-0.0008526413388942888,-0.0007311514385861951,-0.0007302677409504249,-0.0012165450913305645,65.55239181518554,65.25914840698242,64.06684585571288,65.48719247114492,65.4445767371094,41.569174744049626,0.04261573403552177,0.09899448471001873,-0.056378750674496964,65.84556149213232,65.25922213823877,0.1307467347883835,0.02891187130801309
2017-09-21,65.3199234008789,-0.0002443166322991111,-0.00024428678942112203,-0.000853005044275543,-0.0007311514385861951,0.0006089818658583065,65.54377098083496,65.2722509765625,64.07881460189819,65.46145876802707,65.43534315664789,38.68899000723788,0.026115611379182724,0.08441871004385154,-0.05830309866466882,65.85401847475124,65.23352348691868,0.13924353242888182,0.02682022038631864
2017-09-22,65.38367462158203,0.0009755083520766097,0.0009759843151051495,-0.0002443166322991111,-0.000853005044275543,0.0001212858750918982,65.54310913085938,65.28710372924805,64.09114086151124,65.4494919762663,65.43151585775412,44.85021116628765,0.017976118512180506,0.07113019173751733,-0.05315407322533683,65.85472920059038,65.23148906112837,0.24418446569411892,0.02661440186518976
2017-09-25,65.52713012695312,0.0021916535165886005,0.0021940569446634584,0.0009755083520766097,-0.0002443166322991111,-0.0007302677409504249,65.54564476013184,65.30435043334961,64.10344486236572,65.4614363071412,65.43859839621331,38.92504481121468,0.022837910927890448,0.061471735575591956,-0.03863382464770151,65.85580178131198,65.23548773895169,0.47015280661991327,0.02742414972335947
2017-09-26,65.49525451660156,-0.0004865674070450403,-0.00048644905232086977,0.0021916535165886005,0.0009755083520766097,-0.0007311514385861951,65.54499320983886,65.31921737670899,64.11621219635009,65.46663910859664,65.4427951458717,41.727272727272734,0.02384396272493916,0.0539461810054614,-0.030102218280522237,65.85553518704641,65.23445123263132,0.41991631262774626,0.02743091218920806
2017-09-27,65.2960433959961,-0.003046246620915604,-0.0030416115194265014,-0.0004865674070450403,0.0021916535165886005,-0.000853005044275543,65.53080406188965,65.32708999633789,64.12891784667968,65.4403936143504,65.43192464588091,23.18797347170964,0.008468968469486526,0.04485073849826643,-0.0363817700287799,65.8600163727036,65.20159175107571,0.14345096130649124,0.029108164163142804
2017-09-28,65.31195831298828,0.00024370508487543409,0.00024373478337214038,-0.003046246620915604,-0.0004865674070450403,-0.0002443166322991111,65.51780891418457,65.33512344360352,64.14205354690552,65.42063433721776,65.42303825085183,25.951693645631607,-0.0024039136340689993,0.03539980807179934,-0.03780372170586834,65.86044231716963,65.17517551119951,0.19960517654890453,0.029152859573682258
2017-09-29,65.3199234008789,0.00012194707442012733,0.00012195451026686399,0.00024370508487543409,-0.003046246620915604,0.0009755083520766097,65.5024284362793,65.34252365112305,64.15487859725953,65.40514034701178,65.4154001138168,32.70936048748625,-0.010259766805020831,0.026267893096435308,-0.036527659901456136,65.85187219287197,65.15298467968664,0.23886350527484548,0.02891981870488955
2017-10-02,65.29436492919922,-0.000391357979784177,-0.00039128140923916366,0.00012194707442012733,0.00024370508487543409,0.0021916535165886005,65.49119033813477,65.34798767089843,64.1691720199585,65.38809797504062,65.40643454458586,35.63907575314418,-0.018336569545240877,0.017347000568100072,-0.035683570113340946,65.85262393046472,65.12975674580483,0.22771566739724228,0.02844195937739142
2017-10-03,65.32632446289062,0.0004893487314743264,0.0004894684820972994,-0.000391357979784177,0.00012194707442012733,-0.0004865674070450403,65.46799812316894,65.35472442626953,64.1840923500061,65.37859435778678,65.4005004644603,42.30154280612138,-0.021906106673512227,0.009496379119777612,-0.03140248579328984,65.80751720408861,65.12847904224927,0.29136126915966515,0.023679353353605267
2017-10-04,65.32632446289062,0.0,0.0,0.0004893487314743264,-0.000391357979784177,-0.003046246620915604,65.45038719177246,65.36637069702148,64.19874031066894,65.37055283549506,65.3950059458255,38.99201914526912,-0.024453110330441064,0.002706481229733877,-0.02715959156017494,65.78032724198447,65.12044714156046,0.3119920136974542,0.023162222512636287
2017-10-05,65.2784194946289,-0.0007335869886263382,-0.0007333179794759559,0.0,0.0004893487314743264,0.00024370508487543409,65.42001914978027,65.37389083862304,64.21233114242554,65.35637847536181,65.38636991240354,35.79117833303921,-0.029991437041729796,-0.0038331024245588574,-0.026158334617170938,65.68702926792011,65.15300903164044,0.23484215478828846,0.019346548168608473
2017-10-06,65.20652770996094,-0.0011019170177479776,-0.0011013101301247108,-0.0007335869886263382,0.0,0.00012194707442012733,65.38964195251465,65.3815576171875,64.22552354812622,65.33332451145398,65.37304826777816,34.655435831457055,-0.039723756324178794,-0.011011233204482846,-0.028712523119695948,65.60015218512736,65.17913171990195,0.06507044745277156,0.019352156889868945
2017-10-09,65.27040100097656,0.000979074181911064,0.0009795536314973763,-0.0011019170177479776,-0.0007335869886263382,-0.000391357979784177,65.37242317199707,65.38812622070313,64.23856809616089,65.32364397138053,65.3654447665336,42.17893317321416,-0.04180079515306545,-0.017169145594199367,-0.024631649558866084,65.56054251403916,65.18430382995498,0.2288365728025893,0.017432866099284277
2017-10-10,65.30233001708984,0.000489061023702701,0.0004891806335431959,0.000979074181911064,-0.0011019170177479776,0.0004893487314743264,65.36158332824706,65.3954914855957,64.25198711395264,65.32036490148965,65.36076959990814,47.76678717959134,-0.040404698418484486,-0.021816256159056392,-0.018588442259428094,65.53877679204747,65.18438986444666,0.33280051677311134,0.017027339722971654
2017-10-11,65.33428955078125,0.0004892890589900873,0.0004894087804070413,0.000489061023702701,0.000979074181911064,0.0,65.35632438659668,65.39821487426758,64.26540971755982,65.32250715522683,65.35880811478762,50.936210411176845,-0.0363009595607906,-0.024713196839403234,-0.011587762721387368,65.52999314343324,65.18265562976012,0.43656073718495825,0.016704650500673025
2017-10-12,65.39018249511719,0.0008551260045975603,0.0008554917290788389,0.0004892890589900873,0.000489061023702701,-0.0007335869886263382,65.3518669128418,65.40285171508789,64.27934600830078,65.33291874597919,65.36113214296019,50.428492490078874,-0.028213396981001893,-0.02541323686772297,-0.002800160113278924,65.51658811313268,65.18714571255092,0.6163043439694633,0.016861497748379573
2017-10-13,65.52598571777344,0.002074660039635714,0.0020768136358448874,0.0008551260045975603,0.0004892890589900873,-0.0011019170177479776,65.35380249023437,65.40750091552735,64.29318075180053,65.36262135702445,65.37334351887228,49.92388259651687,-0.010722161847823486,-0.02247502186374307,0.011752860015919585,65.52596483982828,65.18164014064047,1.0000606344686,0.01849869788613812
2017-10-16,65.4620361328125,-0.0009764188990447523,-0.0009759423572256454,0.002074660039635714,0.0008551260045975603,0.000979074181911064,65.35493087768555,65.41293899536133,64.305837059021,65.37791593791492,65.37991334212711,47.8809764834138,-0.0019974042121901903,-0.018379498333432494,0.016382094121242304,65.52973291027426,65.18012884509683,0.8063615838465583,0.018652787068406368
2017-10-17,65.47004699707031,0.00012236671221152204,0.00012237419932303872,-0.0009764188990447523,0.002074660039635714,0.000489061023702701,65.35885124206543,65.41806045532226,64.31786987304687,65.39208994701575,65.38658990915994,64.68104280656581,0.005500037855810547,-0.013603591095583888,0.019103628951394433,65.54050250587665,65.17719997825421,0.8060693129017974,0.018443464273354495
2017-10-18,65.36622619628906,-0.0015870342381083073,-0.0015857755652122218,0.00012236671221152204,-0.0009764188990447523,0.0004892890589900873,65.36036834716796,65.42285415649414,64.3293447303772,65.38811090844241,65.38508148598432,53.98724172337635,0.003029422458098452,-0.01027698838484742,0.013306410842945872,65.54171853514265,65.17901815919328,0.5161506563255316,0.019097795975071493
2017-10-19,65.39818572998047,0.0004888108906234865,0.0004889303781350218,-0.0015870342381083073,0.00012236671221152204,0.0008551260045975603,65.36428146362304,65.42733291625977,64.34074495315552,65.38966088098672,65.38605217072477,55.55435229906218,0.003608710261957526,-0.007499848655486431,0.011108558917443957,65.5453342863178,65.18322864092829,0.5936308693032251,0.019138842190193756
2017-10-20,65.23846435546875,-0.0024452778602868375,-0.0024422906037666614,0.0004888108906234865,-0.0015870342381083073,0.002074660039635714,65.35702095031738,65.42670852661132,64.34974658966064,65.36639987706089,65.37511973996506,46.66733377605138,-0.00871986290417226,-0.007743851505223597,-0.0009760113989486629,65.54626050384218,65.16778139679258,0.1867552458236744,0.020752155972415157
2017-10-23,65.29436492919922,0.0008564983606675913,0.0008568652601306237,-0.0024452778602868375,0.0004888108906234865,-0.0009764188990447523,65.34538269042969,65.42608993530274,64.36027688980103,65.35531757738987,65.36913790213055,48.147525759518864,-0.013820324740677847,-0.008959146152314447,-0.0048611785883634,65.51851774819447,65.1722476326649,0.35266484474859905,0.019275756185856252
2017-10-24,65.18256378173828,-0.0017137309396786597,-0.001712263341287823,0.0008564983606675913,-0.0024452778602868375,0.00012236671221152204,65.32974815368652,65.42418884277343,64.36946729660035,65.32874007036655,65.35531759691631,42.62325887299462,-0.02657752654975809,-0.012482822231803175,-0.014094704317954915,65.50237154177279,65.15712476560026,0.07368357329804658,0.020014405647313414
2017-10-25,65.12670135498047,-0.0008573823222970314,-0.0008570148750954854,-0.0017137309396786597,0.0008564983606675913,-0.0015870342381083073,65.32128105163574,65.4233969116211,64.37845634460449,65.29765719107638,65.33838306047662,42.2780012736677,-0.040725869400233705,-0.01813143166548928,-0.022594437734744423,65.51605628915968,65.1265058141118,0.0005019654221958779,0.01726167313685295
2017-10-26,65.04682159423828,-0.0012272813850128874,-0.0012265285832119277,-0.0008573823222970314,-0.0017137309396786597,0.0004888108906234865,65.30802421569824,65.41909896850586,64.38688991546631,65.25906709925513,65.31678591482932,41.936999745780334,-0.057718815574190785,-0.026048908447229582,-0.0316699071269612,65.53832325415503,65.07772517724145,-0.06709446815376983,0.01762536647901585
2017-10-27,65.19053649902344,0.0022069698774926415,0.0022094070280889166,-0.0012272813850128874,-0.0008573823222970314,-0.0024452778602868375,65.30155487060547,65.4152899169922,64.39596405029297,65.24852392998872,65.30743410625111,46.26873119751344,-0.058910176262386926,-0.03262116201026105,-0.026289014252125875,65.53764296666733,65.06546677454361,0.2648793534407098,0.01958120339065075
2017-10-30,65.34229278564453,0.0023251829570376877,0.0023278882913222443,0.0022069698774926415,-0.0012272813850128874,0.0008564983606675913,65.30395126342773,65.41515258789063,64.40630437850952,65.26294990778192,65.31001623065062,51.67906141813052,-0.047066322868701604,-0.035510194181949166,-0.011556128686752438,65.54070411111945,65.06719841573602,0.5809737297578829,0.0213389123663707
2017-10-31,65.30233001708984,-0.0006117782568280032,-0.0006115911586663803,0.0023251829570376877,0.0022069698774926415,-0.0017137309396786597,65.3027515411377,65.41357940673828,64.41546920776368,65.26900838613697,65.30944688149796,48.66616994313152,-0.04043849536098776,-0.036495854417756886,-0.003942640943230873,65.53927008761964,65.06623299465575,0.49910889853222623,0.021387022667231404
2017-11-01,65.34477996826172,0.0006498414342345913,0.0006500526269241913,-0.0006117782568280032,0.0023251829570376877,-0.0008573823222970314,65.30367431640624,65.4144448852539,64.42648546218872,65.2806655526177,65.31206414718416,48.083623693379785,-0.03139859456645411,-0.035476402447496336,0.004077807881042228,65.54072351592077,65.06662511689171,0.586702785623528,0.02151841710940169
2017-11-02,65.40876007080078,0.0009786367180002525,0.0009791157391629834,0.0006498414342345913,-0.0006117782568280032,-0.0012272813850128874,65.31019134521485,65.4127732849121,64.43836790084839,65.30037240156895,65.3192268081928,44.732710331635275,-0.018854406623844966,-0.03215200328276606,0.013297596658921093,65.5514465325247,65.068936157905,0.7042831217124087,0.021587532568906907
2017-11-03,65.46481323242188,0.0008566002078770296,0.0008569671946145885,0.0009786367180002525,0.0006498414342345913,0.0022069698774926415,65.32310562133789,65.41413131713867,64.45029649734497,65.32567099093094,65.33001098776532,50.12567498515377,-0.004339996834374915,-0.02658960199308783,0.022249605158712916,65.56861069421599,65.07760054845978,0.7886042423130439,0.021258504197401183
2017-11-06,65.51280975341797,0.0007328965368332062,0.0007331651711230958,0.0008566002078770296,0.0009786367180002525,0.0023251829570376877,65.33522605895996,65.41485916137695,64.46160638809204,65.3544615697751,65.34355163707292,51.86759874449383,0.010909932702176661,-0.019089695054034933,0.029999627756211594,65.59338443523718,65.07706768268274,0.8439433130523529,0.021156200709970582
2017-11-07,65.5368423461914,0.0003667708026356093,0.0003668380712702479,0.0007328965368332062,0.0008566002078770296,-0.0006117782568280032,65.34695167541504,65.41543029785156,64.47350486755371,65.38252015076222,65.357869467378,58.00961311165393,0.02465068338422327,-0.010341619366383292,0.034992302750606566,65.61970931816813,65.07419403266195,0.8480941337879555,0.021137361592539955
2017-11-08,65.48880004882812,-0.0007333266777110269,-0.000733057859417463,0.0003667708026356093,0.0007328965368332062,0.0006498414342345913,65.35467720031738,65.41360977172852,64.48609981536865,65.39887090431083,65.3675680289669,54.19063009406601,0.03130287534392551,-0.002012720424321532,0.03331559576824704,65.63458373826037,65.07477066237439,0.7395850584562957,0.02134401457451826
2017-11-09,65.42479705810547,-0.0009777898894592783,-0.0009773120086936649,-0.0007333266777110269,0.0003667708026356093,0.0009786367180002525,65.3564079284668,65.41066848754883,64.4982576751709,65.40285954335616,65.3718072163105,59.45433289719192,0.03105232704565708,0.0046002890696741905,0.02645203797598289,65.63766364373754,65.07515221319605,0.6215782043270502,0.02149566034003974
2017-11-10,65.16070556640625,-0.0040447346211248195,-0.0040365656994652,-0.0009777898894592783,-0.0007333266777110269,0.0008566002078770296,65.33814392089843,65.40133193969727,64.50874378204345,65.36560508536387,65.35617005705834,44.401122396149596,0.009435028305532,0.005567236916845753,0.003867791388686248,65.62047221094397,65.05581563085289,0.18575881208439993,0.024523897585662764
2017-11-13,65.16869354248047,0.0001225813383447348,0.0001225888517439877,-0.0040447346211248195,-0.0009777898894592783,0.0007328965368332062,65.32347679138184,65.39432327270508,64.5193478012085,65.33531100184335,65.34228290783034,49.36364145501386,-0.006971905986986826,0.003059408336079237,-0.010031314323066063,65.60916364894231,65.03778993382136,0.22910330873620832,0.02441973049868003
2017-11-14,65.24872589111328,0.0012273262118919252,0.0012280796849279962,0.0001225813383447348,-0.0040447346211248195,0.0003667708026356093,65.31241073608399,65.38349441528321,64.52968849182129,65.32199021557719,65.33535275844389,55.476947100238334,-0.013362542866701688,-0.00022498190447694773,-0.01313756096222474,65.59125661997219,65.0335648521958,0.3858063743263938,0.024937433570601845
2017-11-15,65.40078735351562,0.0023277779960855084,0.002330489374706035,0.0012273262118919252,0.0001225813383447348,-0.0007333266777110269,65.31413879394532,65.37793930053711,64.54134496688843,65.3341128521831,65.34019976548623,64.92059714548506,-0.006086913303136043,-0.001397368184208767,-0.004689545118927277,65.59481128604007,65.03346630185057,0.6543588381668969,0.0258409726060841
2017-11-16,65.31275177001953,-0.0013470004315917982,-0.0013460936337085228,0.0023277779960855084,0.0012273262118919252,-0.0009777898894592783,65.30986709594727,65.36647872924804,64.55236577987671,65.33082653185024,65.33816658063685,55.40543276531129,-0.007340048786616649,-0.0025859043046903432,-0.004754144481926305,65.58774024589408,65.03199394600045,0.5051906311797576,0.026224105298868934
2017-11-17,65.37678527832031,0.000979933281135108,0.0009804135726245722,-0.0013470004315917982,0.0023277779960855084,-0.0040447346211248195,65.31678314208985,65.35773300170898,64.56362846374512,65.33789710823025,65.3410272249097,51.65389933931825,-0.0031301166794435176,-0.002694746779640978,-0.00043536989980253946,65.59405827557767,65.03950800860203,0.6081996345573877,0.024885593392572427
2017-11-20,65.33673858642578,-0.0006127398598622035,-0.0006125521731306094,0.000979933281135108,-0.0013470004315917982,0.0001225813383447348,65.31890182495117,65.35217224121094,64.57371322631836,65.33771887410649,65.34070954798496,51.64974247922276,-0.002990673878471739,-0.0027539321994071303,-0.00023674167906460875,65.59610324914773,65.0417004007546,0.5321729253850519,0.024844283876797827
2017-11-21,65.3927993774414,0.0008576607142536548,0.0008580286103732071,-0.0006127398598622035,0.000979933281135108,0.0012273262118919252,65.32941360473633,65.34964569091797,64.58356981277466,65.34619279769647,65.34456805387062,52.27266162112196,0.001624743825857422,-0.0018781969943542198,0.003502940820211642,65.60072846414303,65.05809874532963,0.6168122027000004,0.02411316997747396
2017-11-22,65.52886199951172,0.002078535662095205,0.0020806973147757812,0.0008576607142536548,-0.0006127398598622035,0.0023277779960855084,65.34952163696289,65.35143356323242,64.59324626922607,65.37429575182189,65.35821945725144,55.32111952406706,0.016076294570453342,0.0017127013186072925,0.01436359325184605,65.61716498693185,65.08187828699393,0.8350360892015899,0.024713171764825886
2017-11-24,65.51280975341797,-0.0002449945266922958,-0.0002449645179839477,0.002078535662095205,0.0008576607142536548,-0.0013470004315917982,65.37282104492188,65.35210311889648,64.60370290756225,65.3956055982213,65.36967059030081,52.20463003847853,0.025935007920480757,0.0065571626389819854,0.019377845281498773,65.60876707715556,65.1368750126882,0.7966540847727502,0.024143313478979612
2017-11-27,65.48880004882812,-0.00036655587507547114,-0.00036648870167854675,-0.0002449945266922958,0.002078535662095205,0.000979933281135108,65.3877342224121,65.3521336364746,64.61411773681641,65.40994320600696,65.37849499463617,48.87230977618198,0.031448211370786794,0.011535372385342947,0.019912838985443847,65.61261334059216,65.16285510423205,0.7247114521658196,0.023239058860479552
2017-11-28,65.48880004882812,0.0,0.0,-0.00036655587507547114,-0.0002449945266922958,-0.0006127398598622035,65.39505958557129,65.35312026977539,64.62488451004029,65.42207502797945,65.38666573939113,47.69142781724995,0.03540928858831194,0.016310155625936747,0.01909913296237519,65.62322692614863,65.16689224499395,0.7054204230536232,0.021882393611741855
2017-11-29,65.3287582397461,-0.0024467952317828003,-0.002443804268252081,0.0,-0.00036655587507547114,0.0008576607142536548,65.3963809967041,65.35186264038086,64.63551610946655,65.40771859902047,65.38237629497299,43.05687031238622,0.025342304047484276,0.018116585310246253,0.007225718737238023,65.62258480129026,65.17017719211793,0.350526923979645,0.023590186514489173
2017-11-30,65.23274993896484,-0.001470698668017385,-0.0014696177207121908,-0.0024467952317828003,0.0,0.002078535662095205,65.39077949523926,65.3497999572754,64.64617601394653,65.3808003436273,65.3712928611946,41.89349341096755,0.009507482432695724,0.016394764734736146,-0.006887282302040422,65.6276599608938,65.15389902958472,0.16643607391231152,0.024036213269483478
2017-12-01,65.40756225585938,0.0026762401022349096,0.0026798244295709317,-0.001470698668017385,-0.0024467952317828003,-0.0002449945266922958,65.39071960449219,65.351552734375,64.65712326049805,65.38491756089377,65.37397948302163,61.26946975396361,0.010938077872140184,0.015303427362216954,-0.00436534949007677,65.62758153385404,65.15385767513034,0.535553732532201,0.025729041666887543
2017-12-04,65.41557312011719,0.00012246861756991454,0.00012247611715721085,0.0026762401022349096,-0.001470698668017385,-0.00036655587507547114,65.38825759887695,65.3521907043457,64.66736749649048,65.38963380077429,65.37706049317686,61.27027911868987,0.012573307597435246,0.014757403409260614,-0.002184095811825368,65.62288993236737,65.15362526538652,0.5582092008247339,0.025535764080735907
2017-12-05,65.4957504272461,0.0012249103436001861,0.0012256608526792778,0.00012246861756991454,0.0026762401022349096,0.0,65.38740463256836,65.35156311035156,64.6780517578125,65.40595943561611,65.38585234014495,61.27540430985248,0.020107095471161074,0.015827341821640705,0.004279753649520369,65.62024769900245,65.15456156613428,0.7326584088094429,0.02579111681930491
2017-12-06,65.56795501708984,0.0011018244433691428,0.0011024316749215224,0.0012249103436001861,0.00012246861756991454,-0.0024467952317828003,65.38896026611329,65.35301712036133,64.68890146255494,65.43088183276592,65.39934142732605,58.23034910713615,0.0315404054398698,0.018969954545286525,0.012570450894583276,65.626377910879,65.15154262134757,0.8769617695289474,0.02606520337559098
2017-12-07,65.47972869873047,-0.001346476781386242,-0.0013455706882482543,0.0011018244433691428,0.0012249103436001861,-0.001470698668017385,65.3885066986084,65.35669082641601,64.69872316360474,65.438396735222,65.40529604002268,58.21941473380603,0.03310069519932313,0.021796102676093845,0.011304592523229282,65.62515465717559,65.1518587400412,0.6927377710637913,0.02639024608021757
2017-12-08,65.45567321777344,-0.00036744044583180346,-0.00036737294785860186,-0.001346476781386242,0.0011018244433691428,0.0026762401022349096,65.39005050659179,65.35956512451172,64.70725154876709,65.44105465561452,65.40902768281903,54.04234690686182,0.03202697279549227,0.02384227669997353,0.00818469609551874,65.62809402390438,65.1520069892792,0.6378376355770968,0.026180533380712565
2017-12-11,65.40756225585938,-0.0007352861773211556,-0.0007350159206825913,-0.00036744044583180346,-0.001346476781386242,0.00012246861756991454,65.40239334106445,65.36131790161133,64.71620416641235,65.43590197872912,65.40891913267387,53.59937341512023,0.026982846055247478,0.024470390571028323,0.0025124554842191546,65.61455914026095,65.19022754186796,0.5121813101227843,0.021593358789352788
2017-12-12,65.39954376220703,-0.00012260027618502756,-0.00012259276107828843,-0.0007352861773211556,-0.00036744044583180346,0.0012249103436001861,65.41393585205078,65.36342147827149,64.72535140991211,65.4303084069565,65.40822466078744,50.36035742238455,0.022083746169059282,0.023993061690634518,-0.001909315521575236,65.5954766163292,65.23239508777237,0.4603612722989277,0.021620891866269473
2017-12-13,65.58397674560547,0.0028161268619384633,0.0028200958720605573,-0.00012260027618502756,-0.0007352861773211556,0.0011018244433691428,65.43069839477539,65.36857452392579,64.73672172546387,65.45394968982558,65.42124333373692,52.80008682439766,0.03270635608865291,0.025735720570238197,0.006970635518414713,65.6099047743118,65.25149201523898,0.9276587452595011,0.02331401416065777
2017-12-14,65.6080551147461,0.00036707060740717837,0.0003671379860665791,0.0028161268619384633,-0.00012260027618502756,-0.001346476781386242,65.44106178283691,65.37420913696289,64.7488002204895,65.47765821673643,65.4350812434413,54.79976624015748,0.04257697329512666,0.02910397111521589,0.013473002179910772,65.63624517309403,65.2458783925798,0.9277857139616319,0.022005480973089762
2017-12-15,65.6160888671875,0.00012244320606970098,0.00012245070254501833,0.00036707060740717837,0.0028161268619384633,-0.00036744044583180346,65.45622863769532,65.38096252441406,64.76068378448487,65.49895523988275,65.44848921557065,56.51953045625771,0.0504660243121009,0.03337638175459289,0.017089642557508007,65.65650686067222,65.25595041471841,0.899095386198368,0.021278544951946143
2017-12-18,65.5118179321289,-0.0015903701901637901,-0.0015891062216409901,0.00012244320606970098,0.00036707060740717837,-0.0007352861773211556,65.46298027038574,65.38706832885742,64.77224182128906,65.50093411561292,65.453180231612,51.0651668890913,0.04775388400092595,0.036251882203859505,0.011502001797066445,65.66107446529591,65.26488607547557,0.6232687857544507,0.0220227505182906
2017-12-19,65.31136322021484,-0.0030645160441014722,-0.003059825207747058,-0.0015903701901637901,0.00012244320606970098,-0.00012260027618502756,65.46171150207519,65.38788757324218,64.7833856010437,65.47176936247476,65.4426752678048,49.224056956941965,0.029094094669957826,0.03482032469707917,-0.005726230027121346,65.66350075871074,65.25992224543964,0.127462124676219,0.024643514874358403
2017-12-20,65.18302154541016,-0.0019670074910265647,-0.001965074199599015,-0.0030645160441014722,-0.0015903701901637901,0.0028161268619384633,65.45122261047364,65.38550140380859,64.79463209152222,65.4273466213879,65.42344165873854,47.84394929741459,0.0039049626493579126,0.02863725228753492,-0.02473228963817701,65.6870341625893,65.21541105835797,-0.06867668834970656,0.025340026454300828
2017-12-21,65.22309112548828,0.0006145353238200818,0.0006147241893383892,-0.0019670074910265647,-0.0030645160441014722,0.00036707060740717837,65.43593406677246,65.38327743530273,64.8070587348938,65.3959226989418,65.40860087849778,40.94385557511518,-0.012678179555976499,0.020374165918832638,-0.03305234547480913,65.68952925885277,65.18233887469215,0.08034902093732492,0.024128085534209597
2017-12-22,65.25519561767578,0.000492104757607444,0.0004922258610180474,0.0006145353238200818,-0.0019670074910265647,0.00012244320606970098,65.42305335998535,65.3805776977539,64.81901895523072,65.37427237874704,65.3972375258443,42.308621106013035,-0.022965147097266936,0.011706303315612725,-0.03467145041287966,65.68619760320279,65.1599091167679,0.1810537440280205,0.024265046894887333
2017-12-26,65.32032012939453,0.0009974996728305387,0.0009979973410900733,0.000492104757607444,0.0006145353238200818,-0.0015903701901637901,65.41462936401368,65.37646438598632,64.83193174362182,65.36597203269281,65.3915399409221,41.46346896346896,-0.025567908229291447,0.004251461006631891,-0.029819369235923338,65.67969160334589,65.14956712468147,0.3220998304836887,0.024619130743932214
2017-12-27,65.52130126953125,0.00307213096351652,0.0030768547940149826,0.0009974996728305387,0.000492104757607444,-0.0030645160441014722,65.41625442504883,65.37764968872071,64.84588857650756,65.38986883836026,65.40115189118944,47.982633825770826,-0.01128305282918518,0.0011445582394684767,-0.012427611068653657,65.68361983413796,65.14888901595971,0.696448083617653,0.02712040436681271
2017-12-28,65.48117065429688,-0.0006126696069217476,-0.0006124819632212786,0.00307213096351652,0.0009974996728305387,-0.0019670074910265647,65.42387504577637,65.37787216186524,64.85768524169922,65.40391527158128,65.40707920697518,50.065058001445735,-0.0031639353938999193,0.0002828595127947974,-0.0034467949066947167,65.68942206869691,65.15832802285583,0.6078822272047254,0.025644746513190094
2017-12-29,65.585693359375,0.0015949527445005686,0.0015962253581254249,-0.0006126696069217476,0.00307213096351652,0.0006145353238200818,65.44152221679687,65.38226150512695,64.87047506332398,65.43188113124185,65.42030988493073,55.46912106391446,0.01157124631112083,0.0025405368724600043,0.009030709438660826,65.70041671220532,65.18262772138841,0.7784360910236297,0.02543614970604746
2018-01-02,65.40071868896484,-0.0028243356005783105,-0.0028203509170299235,0.0015949527445005686,-0.0006126696069217476,0.000492104757607444,65.44118003845215,65.38231216430664,64.88171270370484,65.42708690935308,65.41885868522955,49.741857132168,0.008228224123527639,0.0036780743226735315,0.004550149800854107,65.70028152884665,65.18207854805765,0.4219198827731621,0.026021210204027714
2018-01-03,65.45700073242188,0.0008602021673061598,0.0008605722472974087,-0.0028243356005783105,0.0015949527445005686,0.0009974996728305387,65.44325141906738,65.38668289184571,64.89260488510132,65.43168903597905,65.42168402205861,52.09116606596433,0.01000501392043418,0.004943462242225661,0.005061551678208519,65.70215326341447,65.18434957472029,0.526553139065441,0.026200380800594617
2018-01-04,65.42483520507812,-0.0004915201221151398,-0.00049139934588871,0.0008602021673061598,-0.0028243356005783105,0.00307213096351652,65.43970565795898,65.38929229736328,64.90259176254273,65.43063460045583,65.42191744302302,43.48600016238937,0.008717157432812428,0.005698201280343015,0.0030189561524694127,65.69752029819547,65.18189101772249,0.4711605732179986,0.025869898134697974
2018-01-05,65.33638000488281,-0.0013529273729329942,-0.001352012579291073,-0.0004915201221151398,0.0008602021673061598,-0.0006126696069217476,65.42812690734863,65.39236862182617,64.91170524597167,65.4161338934446,65.41558133649411,39.43647765905059,0.0005525569504811756,0.004669072414370648,-0.004116515463889472,65.68246683304841,65.17378698164885,0.3196372389954398,0.025882500480545714
2018-01-08,65.34444427490234,0.00012341933216608678,0.00012342694864519999,-0.0013529273729329942,-0.0004915201221151398,0.0015949527445005686,65.42136268615722,65.39672348022461,64.9210157775879,65.40510472136117,65.41031192452435,39.43791493375892,-0.005207203163180907,0.002693817298860337,-0.007901020462041244,65.67711615869895,65.1656092136155,0.34962391616729566,0.025524979953549767
2018-01-09,65.15145874023438,-0.0029577277278120544,-0.002953357960411851,0.00012341933216608678,-0.0013529273729329942,-0.0028243356005783105,65.40615196228028,65.39881622314454,64.92943979263306,65.36608226272628,65.39113761457695,36.89275664755604,-0.025055351850667762,-0.002856016531045283,-0.02219933531962248,65.6881524620687,65.12415146249185,0.04841707330839929,0.027462832933663764
2018-01-10,65.15950012207031,0.00012341835124768619,0.0001234259676057281,-0.0029577277278120544,0.00012341933216608678,0.0008602021673061598,65.39374885559081,65.39819549560546,64.93723785400391,65.33430039493305,65.37397928179868,43.577333359146614,-0.03967888686563015,-0.010220590597962256,-0.02945829626766789,65.69654242403202,65.09095528714961,0.11318740235067266,0.027423623988282193
2018-01-11,65.15950012207031,0.0,0.0,0.00012341835124768619,-0.0029577277278120544,-0.0004915201221151398,65.38174667358399,65.39453964233398,64.94562366485596,65.30740804526187,65.35809193663363,48.88407884925835,-0.05068389137176155,-0.018313250752722117,-0.03237064061903943,65.70209404423008,65.0613993029379,0.15311631703821765,0.027431071737389547
2018-01-12,65.15145874023438,-0.0001234183512476516,-0.00012341073551624948,0.0,0.00012341835124768619,-0.0013529273729329942,65.36012077331543,65.39152221679687,64.95334218978881,65.28341584448842,65.34278577393738,46.495046252398474,-0.059369929448962466,-0.02652458649197019,-0.03284534295699228,65.68138096263495,65.03886058399591,0.17524449026342812,0.025048245287254252
2018-01-16,65.19970703125,0.0007402817294878463,0.0007405558056343686,-0.0001234183512476516,0.0,0.00012341933216608678,65.33970336914062,65.38862075805665,64.9618113708496,65.27053756552866,65.33218734855313,47.3271838594686,-0.06164978302447821,-0.033549625798471795,-0.028100157226006416,65.64618157889782,65.03322515938342,0.27160474475244106,0.025220603025182323
2018-01-17,65.12735748291016,-0.0011102767647188246,-0.0011096606355174288,0.0007402817294878463,-0.0001234183512476516,-0.0029577277278120544,65.31526679992676,65.38299270629882,64.96972320556641,65.24850986051042,65.31701476591292,40.76947781784207,-0.06850490540249154,-0.040540681719275745,-0.0279642236832158,65.606514986941,65.02401861291253,0.17740688973383806,0.02531825319880842
2018-01-18,64.99868774414062,-0.00197761763189414,-0.0019756634345757806,-0.0011102767647188246,0.0007402817294878463,0.00012341835124768619,65.28961029052735,65.3736701965332,64.97583673477173,65.21007568876122,65.29343498652237,23.142310467049327,-0.08335929776114881,-0.049104404927650364,-0.034254892833498446,65.59786376691092,64.98135681414378,0.02811149155586445,0.025600785999837748
2018-01-19,64.86202239990234,-0.002104799743371901,-0.0021025862056822664,-0.00197761763189414,-0.0011102767647188246,0.0,65.26714324951172,65.36065444946288,64.9816206741333,65.15652902893677,65.26147849862458,21.053382509256153,-0.10494946968780994,-0.06027341787968228,-0.044676051808127656,65.62947744613616,64.90480905288727,-0.059043078715086725,0.02447446028017878
2018-01-22,64.81372833251953,-0.0007448434937574485,-0.00074456616670171,-0.002104799743371901,-0.00197761763189414,-0.0001234183512476516,65.2486785888672,65.34619216918945,64.98688810348511,65.1037904602572,65.22831181965384,11.905998930779248,-0.12452135939663833,-0.07312300618307349,-0.05139835321356484,65.66297535123178,64.83438182650261,-0.024925965949138557,0.0237747983640176
2018-01-23,64.98265838623047,0.002603002338744811,0.0026063930907394006,-0.0007448434937574485,-0.002104799743371901,0.0007402817294878463,65.2366569519043,65.3360693359375,64.9928822517395,65.08515475656078,65.21011526902988,29.03813196229649,-0.12496051246910156,-0.08349050744027911,-0.04147000502882245,65.66769492056426,64.80561898324433,0.2053640466250914,0.025738306557441595
2018-01-24,64.9102554321289,-0.0011148100303816244,-0.001114188860529941,0.002603002338744811,-0.0007448434937574485,-0.0011102767647188246,65.21940994262695,65.32577850341796,64.99922128677368,65.05824716818664,65.18790342925945,23.021902316721494,-0.12965626107281025,-0.09272365816678534,-0.03693260290602492,65.6742703151715,64.76454957008241,0.16016548246597223,0.025809853476778145
2018-01-25,65.08712005615234,0.0027210508287003323,0.002724756247622029,-0.0011148100303816244,0.002603002338744811,-0.00197761763189414,65.20774993896484,65.32430679321288,65.0061307144165,65.06268915095059,65.18043799421447,35.418327480679665,-0.11774884326388246,-0.09772869518620476,-0.0200201480776777,65.66367327912563,64.75182659880404,0.3677081515831688,0.02759165367088616
2018-01-26,64.96651458740234,-0.00185470407887306,-0.0018529851781112772,0.0027210508287003323,-0.0011148100303816244,-0.002104799743371901,65.1800106048584,65.32026321411132,65.01141599655152,65.04789306425086,65.1645918159321,34.46156015820817,-0.11669875168124122,-0.10152270648521206,-0.015176045196029164,65.62293262063935,64.73708858907744,0.2589914140081522,0.025343206537814328
2018-01-29,64.87808227539062,-0.0013621256151023448,-0.0013611983430747987,-0.00185470407887306,0.0027210508287003323,-0.0007448434937574485,65.14985618591308,65.31285034179687,65.01551286697388,65.02176832750312,65.1433688870031,31.646960625949532,-0.12160055949998139,-0.10553827708816593,-0.016062282411815454,65.58854613599067,64.71116623583549,0.1902437467801709,0.025555487984156928
2018-01-30,64.75747680664062,-0.001860685515613379,-0.0018589555134823632,-0.0013621256151023448,-0.00185470407887306,0.002603002338744811,65.10844535827637,65.29998413085937,65.01853555679321,64.98110809352428,65.11478428845774,33.558747866839866,-0.13367619493345728,-0.11116586065722421,-0.02251033427623307,65.52993208679737,64.68695862975537,0.08365408933836012,0.024797886813041733
2018-01-31,64.77352142333984,0.00024773400962737545,0.00024776469823128977,-0.001860685515613379,-0.0013621256151023448,-0.0011148100303816244,65.07708549499512,65.28919952392579,65.02183485031128,64.94917168272667,65.08950555770826,33.99960782577344,-0.140333874981593,-0.11699946352209797,-0.023334411459495025,65.50033708569153,64.65383390429871,0.14139051296204788,0.02356847319160313
2018-02-01,64.59391021728516,-0.0027767625774617255,-0.0027729109381100514,0.00024773400962737545,-0.001860685515613379,0.0027210508287003323,65.03393096923828,65.27354202270507,65.02309713363647,64.89451607265875,65.052794791751,29.592864811297375,-0.15827871909225166,-0.1252553146361287,-0.03302340445612295,65.46989344163917,64.5979684968374,-0.004654390927148331,0.024344771122448903
2018-02-02,64.40047454833984,-0.0029991354164740623,-0.002994642502592293,-0.0027767625774617255,0.00024773400962737545,-0.00185470407887306,64.98271293640137,65.25481674194336,65.02398145675659,64.81850968430199,65.00447477372055,26.1009541845728,-0.18596508941855916,-0.1373972695926148,-0.04856781982594435,65.46367594957627,64.50174992322647,-0.10528395335235224,0.02569917578777252
2018-02-05,64.6825180053711,0.004369962305488206,0.00437952451452106,-0.0029991354164740623,-0.0027767625774617255,-0.0013621256151023448,64.95001983642578,65.24061111450196,65.02670808792114,64.79758788754339,64.98062612421317,35.67307326516723,-0.18303823666978758,-0.14652546300804936,-0.03651277366173822,65.41849003898747,64.48154963386409,0.21449429484315838,0.031424750268488115
2018-02-06,64.47301483154297,-0.0032442025978362612,-0.0032389458587670505,0.004369962305488206,-0.0029991354164740623,-0.001860685515613379,64.90644836425781,65.21949417114257,65.02830846786499,64.74765357123563,64.94302528771908,33.153805056647656,-0.1953717164834501,-0.15629471370312953,-0.03907700278032056,65.38249551894278,64.43040120957285,0.04475777404690079,0.03277896172924264
2018-02-07,64.32794189453125,-0.0022526695771089133,-0.00225013422112752,-0.0032442025978362612,0.004369962305488206,0.00024773400962737545,64.86527252197266,65.19579681396485,65.02961561203003,64.68308254405034,64.89746355489035,32.876130670884194,-0.2143810108400146,-0.16791197313050654,-0.046469037709508054,65.39186632237778,64.33867872156753,-0.01019460068464773,0.03221740880468098
2018-02-08,64.27958679199219,-0.0007519793796139002,-0.0007516967139775677,-0.0022526695771089133,-0.0032442025978362612,-0.0027767625774617255,64.82127685546875,65.17161254882812,65.03166269302368,64.62100627450293,64.85169490578679,34.4285300512787,-0.2306886312838543,-0.18046730476117612,-0.05022132652267819,65.38973282806207,64.25282088287544,0.02354264042177313,0.03209333056173908
2018-02-09,64.11845397949219,-0.002509896508091785,-0.0025067493514142614,-0.0007519793796139002,-0.0022526695771089133,-0.0029991354164740623,64.76922454833985,65.14420562744141,65.03258991241455,64.54369053680897,64.7973807630983,32.46948111156851,-0.25369022628933635,-0.19511188906680815,-0.0585783372225282,65.39503796917587,64.14341112750382,-0.0199397673337662,0.03262049430523728
2018-02-12,64.13457489013672,0.0002513922808921737,0.0002514238825797044,-0.002509896508091785,-0.0007519793796139002,0.004369962305488206,64.71838035583497,65.12032196044922,65.03336210250855,64.48074966809016,64.74828403176782,26.83124072499291,-0.2675343636776688,-0.20959638398898028,-0.05793797968868852,65.37777020969796,64.05899050197198,0.057313884739002494,0.0327512776194783
2018-02-13,64.19095611572266,0.0008787219311995825,0.0008791081204251316,0.0002513922808921737,-0.002509896508091785,-0.0032442025978362612,64.66794281005859,65.09948608398437,65.03406267166137,64.436166044649,64.70700048243114,30.17595209258512,-0.2708344377821419,-0.2218439947476126,-0.04899044303452929,65.32663340784477,64.00925221227241,0.13792811379192185,0.03284044284467203
2018-02-14,63.98146438598633,-0.0032689078580937685,-0.003263570795840165,0.0008787219311995825,0.0002513922808921737,-0.0022526695771089133,64.6106481552124,65.07096412658692,65.03431396484375,64.36621194331627,64.65325706787968,20.066220925068734,-0.2870451245634058,-0.23488422071077125,-0.052160903852634555,65.29972617046768,63.921570139957126,0.04345969883178885,0.034002053423553044
2018-02-15,64.04595184326172,0.0010074008306739065,0.001007908429328186,-0.0032689078580937685,0.0008787219311995825,-0.0007519793796139002,64.56301136016846,65.0435717010498,65.03433696746826,64.3169411586925,64.60827149568576,24.29626820840771,-0.29133033699325495,-0.24617344396726798,-0.045156893025986966,65.27061775463515,63.85540496570177,0.13464185672287307,0.034381647988929745
2018-02-16,64.18291473388672,0.0021362263641004913,0.002138509721272941,0.0010074008306739065,-0.0032689078580937685,-0.002509896508091785,64.52905597686768,65.01731498718262,65.0353988456726,64.29632170872237,64.57676358740434,31.101860839410307,-0.28044187868196957,-0.25302713091020834,-0.027414747771761228,65.2414077272661,63.81670422646926,0.2570433126700652,0.03542593684568945
2018-02-20,64.11845397949219,-0.001004833548772526,-0.0010043288725948285,0.0021362263641004913,0.0010074008306739065,0.0002513922808921737,64.49429225921631,64.98832496643067,65.0364926147461,64.26895744268697,64.542814727559,32.081167233596474,-0.27385728487203664,-0.257193161702574,-0.01666412316946264,65.21594958514008,63.77263493329254,0.23960059281389423,0.035459218314356146
2018-02-21,63.87666702270508,-0.00377806970290154,-0.0037709417769873355,-0.001004833548772526,0.0021362263641004913,0.0008787219311995825,64.43899269104004,64.95626373291016,65.03618045806884,64.20860507038206,64.49347045312538,27.677376107799546,-0.28486538274331963,-0.26272760591072314,-0.02213777683259649,65.17248437939881,63.70550100268128,0.11667890907311597,0.035192677810451205
2018-02-22,63.95728302001953,0.0012612613155484282,0.00126205704010518,-0.00377806970290154,-0.001004833548772526,-0.0032689078580937685,64.39134407043457,64.92629592895508,65.03682252883911,64.16994013955706,64.45375286548791,33.33306701607491,-0.2838127259308578,-0.2669446299147501,-0.016868096016107725,65.11973025853719,63.66295788233195,0.20203920838633024,0.0359651787902162
2018-02-23,64.12651062011719,0.0026424529405060008,0.0026459472964899255,0.0012612613155484282,-0.00377806970290154,0.0010074008306739065,64.34331359863282,64.90067489624023,65.0384679222107,64.16325867502785,64.42951269916415,42.73553033521475,-0.26625402413630184,-0.2668065087590605,0.0005524846227586422,65.0018589805186,63.68476821674704,0.33539252990066826,0.035865818755286084
2018-02-26,64.15868377685547,0.0005015880057562433,0.0005017138220551054,0.0026424529405060008,0.0012612613155484282,0.0021362263641004913,64.30292205810547,64.8758576965332,65.04031354904174,64.1625548445398,64.40945129751165,33.988171862465265,-0.24689645297185336,-0.2628244976016191,0.015928044629765714,64.89640752775918,63.70943658845176,0.37848204494866455,0.03587276773481027
2018-02-27,64.02176666259766,-0.002136319007476284,-0.0021340387021343554,0.0005015880057562433,0.0026424529405060008,-0.001004833548772526,64.26010627746582,64.84461349487304,65.04123863220215,64.14089512424101,64.38073391714765,35.56640148372297,-0.2398387929066388,-0.25822735666262303,0.018388563755984244,64.80001738559154,63.720195169340094,0.27927883749646537,0.036187466196784236
2018-02-28,64.10230255126953,0.0012571548776565947,0.0012579454280965408,-0.002136319007476284,0.0005015880057562433,-0.00377806970290154,64.22734756469727,64.81449844360351,65.04162208557129,64.13495780532233,64.36010937152705,42.47191125636992,-0.22515156620471544,-0.25161219857104156,0.02646063236632612,64.7173971711408,63.73729795825373,0.3724159638294282,0.03651126605129641
2018-03-01,64.21136474609375,0.0016999314786189327,0.0017013771812173228,0.0012571548776565947,-0.002136319007476284,0.0012612613155484282,64.19923973083496,64.78640396118163,65.04262924194336,64.14671271928717,64.34909125112458,47.81249388418106,-0.20237853183741095,-0.24176546522431544,0.039386933386904494,64.61646224872683,63.78201721294309,0.514530633821077,0.03726625121911233
2018-03-02,64.09020233154297,-0.0018887134947525815,-0.0018869309978052362,0.0016999314786189327,0.0012571548776565947,0.0026424529405060008,64.17405433654785,64.75797164916992,65.04271606445313,64.13801881348036,64.32991429411852,49.070294101401466,-0.1918954806381663,-0.23179146830708564,0.03989598766891933,64.5497061265099,63.79840254658581,0.3883913144492652,0.03665468256985351
2018-03-05,64.04984283447266,-0.0006299279565978816,-0.0006297295936362746,-0.0018887134947525815,0.0016999314786189327,0.0005015880057562433,64.15652275085449,64.73274124145507,65.04086944580078,64.12445327824841,64.30916826007068,47.25541947154592,-0.18471498182226753,-0.22237617101012203,0.037661189187854494,64.52021956637232,63.79282593533667,0.353339496209293,0.03536109052130539
2018-03-06,64.07405853271484,0.0003780043890660654,0.00037807584172799835,-0.0006299279565978816,-0.0018887134947525815,-0.002136319007476284,64.12609977722168,64.71056198120117,65.03941947937011,64.11670024047402,64.29175272471099,46.13295643834233,-0.1750524842369714,-0.21291143365549192,0.03785894941852053,64.39361316800941,63.858586386433956,0.4027315149466036,0.030976566291468662
2018-03-07,64.05792999267578,-0.00025174884601203163,-0.0002517171599303314,0.0003780043890660654,-0.0006299279565978816,0.0012571548776565947,64.10534553527832,64.68725875854493,65.03769214630127,64.10765866388967,64.27443252233802,52.900608049639544,-0.16677385844835158,-0.20368391861406387,0.0369100601657123,64.318397795301,63.89229327525563,0.38872321139075283,0.029195359670653315
2018-03-08,64.13056945800781,0.001133322777289331,0.0011339652302273517,-0.00025174884601203163,0.0003780043890660654,0.0016999314786189327,64.09547691345215,64.66476623535156,65.03660327911376,64.11118340144631,64.2637759990543,53.190112406088566,-0.15259259760799182,-0.1934656544128495,0.04087305680485767,64.28171265784138,63.9092411690629,0.5942153845674375,0.028696753318113687
2018-03-09,64.04984283447266,-0.001259578320343404,-0.0012587853845273944,0.001133322777289331,-0.00025174884601203163,-0.0018887134947525815,64.08398971557617,64.63935668945312,65.03577983856201,64.10174639114268,64.24792909797418,44.760997939482046,-0.14618270683149603,-0.1840090648965788,0.03782635806508278,64.24961118113548,63.91836825001685,0.39691287603273534,0.028893018354705036
2018-03-12,64.11441802978516,0.0010076943500697746,0.0010082022446078476,-0.001259578320343404,0.001133322777289331,-0.0006299279565978816,64.08378791809082,64.6112190246582,65.0346102142334,64.10369587401075,64.23803938921944,49.84112014800754,-0.13434351520868404,-0.17407595495899986,0.03973243975031582,64.24924232534576,63.91833351083587,0.5925636016668394,0.027806859748598072
2018-03-13,64.13056945800781,0.0002518839702734808,0.00025191569570437444,0.0010076943500697746,-0.001259578320343404,0.0003780043890660654,64.08358764648438,64.58420700073242,65.0335213470459,64.10783027154876,64.23007865357414,62.154364205443976,-0.12224838202537569,-0.16371044037227503,0.04146205834689934,64.24879272347626,63.91838256949249,0.6421923961990171,0.02780691949875993
2018-03-14,64.2678451538086,0.0021382779299961466,0.002140565676571171,0.0002518839702734808,0.0010076943500697746,-0.00025174884601203163,64.08743209838867,64.55785003662109,65.03296142578125,64.13244794574258,64.23287617211002,64.10171135592046,-0.1004282263674412,-0.15105399757130827,0.050625771203867076,64.26618076202053,63.90868343475682,1.004655676171925,0.028682365406509897
2018-03-15,64.27593994140625,0.00012594599734816207,0.00012595392887826407,0.0021382779299961466,0.0002518839702734808,0.001133322777289331,64.10215587615967,64.53535446166993,65.03196975708008,64.15452363738315,64.23606608094678,57.94821848875903,-0.08154244356363449,-0.13715168676977352,0.055609243206139025,64.29230147728711,63.91201027503224,0.9569762966278255,0.025848182305982473
2018-03-16,64.21942138671875,-0.000879698033425532,-0.0008793112125473623,0.00012594599734816207,0.0021382779299961466,-0.001259578320343404,64.11082935333252,64.51060287475586,65.03053817749023,64.1645079065117,64.2348331406336,53.14910483303138,-0.07032523412189562,-0.12378639624019794,0.05346116211830232,64.30594099924504,63.91571770742001,0.7782817829206303,0.02596273910514696
2018-03-19,64.17096710205078,-0.0007547961734322695,-0.0007545113864571018,-0.000879698033425532,0.00012594599734816207,0.0010076943500697746,64.11023197174072,64.48552551269532,65.02877750396729,64.16550162890233,64.23010232296079,58.5169764646447,-0.06460069405845559,-0.11194925580384947,0.04734856174539388,64.304485600141,63.91597834334043,0.6563294616688191,0.025018452811891585
2018-03-20,64.09020233154297,-0.001259380084231856,-0.001258587397932942,-0.0007547961734322695,-0.000879698033425532,0.0002518839702734808,64.10881938934327,64.46060195922851,65.02554832458496,64.15391712161627,64.21973936063354,49.30944999825839,-0.06582223901726536,-0.10272385244653266,0.0369016134292673,64.30323209197738,63.91440668670916,0.45211974951210776,0.025168658125188405
2018-03-21,64.09020233154297,0.0,0.0,-0.001259380084231856,-0.0007547961734322695,0.0021382779299961466,64.11949615478515,64.43551712036133,65.0228317642212,64.14411484622039,64.21014402514535,42.10222695218866,-0.06602917892496407,-0.09538491774221895,0.02935573881725488,64.28087470751814,63.95811760205217,0.40923879677290803,0.020901869161327923
2018-03-22,64.19519805908203,0.0016369088090112385,0.0016382492755431244,0.0,-0.001259380084231856,0.00012594599734816207,64.13139190673829,64.41639190673828,65.02004871368408,64.15197380204526,64.20903691654807,56.99132307817358,-0.05706311450281021,-0.08772055709433721,0.030657442591527,64.27669878781806,63.98608502565852,0.719556540852018,0.0212030956667868
2018-03-23,64.21136474609375,0.0002518046857412787,0.00025183639120229806,0.0016369088090112385,0.0,-0.000879698033425532,64.13563461303711,64.39742919921875,65.0177802658081,64.16111087036042,64.20920934836627,61.11326915202989,-0.04809847800585487,-0.07979614127664074,0.03169766327078587,64.2852331937819,63.986036032292326,0.7531111347434075,0.019125490967624587
2018-03-26,64.17096710205078,-0.0006293334105206436,-0.0006291354217856648,0.0002518046857412787,0.0016369088090112385,-0.0007547961734322695,64.13624877929688,64.37765853881837,65.01554649353028,64.16262721369739,64.20637658937994,56.52240890605103,-0.04374937568255177,-0.07258678815782295,0.028837412475271176,64.28634581442824,63.986151744165504,0.6156529265335595,0.0192050994333599
2018-03-27,64.38899230957031,0.003391809044394915,0.0033975677376469893,-0.0006293334105206436,0.0002518046857412787,-0.001259380084231856,64.15461006164551,64.36240921020507,65.01467895507812,64.19745261306245,64.21990367976441,67.52049097589534,-0.02245106670196151,-0.06255964386665067,0.04010857716468916,64.33293190140874,63.97628822188229,1.1571888452811154,0.020957554257551355
2018-03-28,64.38094329833984,-0.0001250138272253174,-0.00012500601332243733,0.003391809044394915,-0.0006293334105206436,0.0,64.16854209899903,64.34603393554687,65.0138499069214,64.22568194925897,64.23183254039964,64.22262479522229,-0.006150591140666961,-0.05127783332145393,0.04512724218078697,64.37149521681215,63.9655889811859,1.0232765124022225,0.02068049625025367
2018-03-29,64.54239654541016,0.0025046408457723786,0.0025077800789923277,-0.0001250138272253174,0.003391809044394915,0.0016369088090112385,64.18509368896484,64.33433471679687,65.01374938964844,64.27440727174377,64.25483728151153,75.62921794362842,0.019569990232241707,-0.037108268610714805,0.05667825884295651,64.44791506658285,63.92227231134682,1.1797446609625204,0.021621737801275923
2018-04-02,64.53431701660156,-0.00012518956512264863,-0.00012518172923603466,0.0025046408457723786,-0.0001250138272253174,0.0002518046857412787,64.20729942321778,64.32504730224609,65.01242534637451,64.31439338633727,64.2755394841108,73.21354759795858,0.038853902226478,-0.021915834443276244,0.06076973666975424,64.50859392286527,63.90600492357027,1.04268762583848,0.02015700386635152
2018-04-03,64.46142578125,-0.0011301340885934235,-0.001129495727564822,-0.00012518956512264863,0.0025046408457723786,-0.0006293334105206436,64.22787857055664,64.31703536987305,65.01109169006348,64.33701375478539,64.28930883945443,67.21118890000159,0.04770491533095367,-0.007991684488430262,0.05569659981938393,64.53992272603976,63.91583441507351,0.8742214148054965,0.020552301325447653
2018-04-04,64.46142578125,0.0,0.0,-0.0011301340885934235,-0.00012518956512264863,0.003391809044394915,64.2472469329834,64.30998931884766,65.00940319061279,64.35615406654918,64.3020582425504,61.74795581031401,0.05409582399877877,0.004425817209011544,0.049670006789767226,64.56708107172015,63.927412794246656,0.8348279972746798,0.02058199635193694
2018-04-05,64.37240600585938,-0.0013819318780294322,-0.0013809774498738658,0.0,-0.0011301340885934235,-0.0001250138272253174,64.26297073364258,64.29778427124023,65.00774272918702,64.3586543649046,64.3072691879807,55.33070255320584,0.0513851769239011,0.013817689151989455,0.03756748777191164,64.57442742791177,63.95151403937338,0.6756829668946098,0.021361063355624665
2018-04-06,64.53431701660156,0.0025120659666228546,0.0025152238480483646,-0.0013819318780294322,0.0,0.0025046408457723786,64.28315811157226,64.29026550292969,65.00641868591309,64.3856793882426,64.32408754565631,65.58568083981572,0.06159184258628159,0.02337251983884788,0.038219322747433705,64.61041887894977,63.95589734419476,0.8837290168356415,0.022643772858460143
2018-04-09,64.59907531738281,0.0010029676296641275,0.0010034707698942658,0.0025120659666228546,-0.0013819318780294322,-0.00012518956512264863,64.31061973571778,64.2805046081543,65.00526069641113,64.41850953118724,64.34445701022865,70.85256453135335,0.07405252095858827,0.03350852006279596,0.04054400089579231,64.64748078570445,63.97375868573111,0.9281521738361428,0.021972981123293944
2018-04-10,64.4857406616211,-0.001755972366290709,-0.0017544315488247086,0.0010029676296641275,0.0025120659666228546,-0.0011301340885934235,64.32918586730958,64.27088912963868,65.00341777801513,64.42885278202323,64.35492246588736,68.67363992623329,0.07393031613587198,0.04159287927741116,0.032337436858460814,64.6614147667381,63.99695696788105,0.7356128479202286,0.02316188241222632
2018-04-11,64.53431701660156,0.0007530047366265669,0.0007532883158676285,-0.001755972366290709,0.0010029676296641275,0.0,64.34937324523926,64.2640138244629,65.00173889160156,64.44507804888143,64.36821095112545,70.04745734693455,0.07686709775597933,0.0486477229731248,0.02821937478285453,64.67984847035919,64.01889802011934,0.7798148806694735,0.023219538635403283
2018-04-12,64.41287231445312,-0.0018836352880033905,-0.00188186236041199,0.0007530047366265669,-0.001755972366290709,-0.0013819318780294322,64.35662460327148,64.25712173461915,64.99909786224366,64.44012332050784,64.37151920026083,59.68209367513014,0.06860412024700224,0.05263900242790029,0.015965117819101954,64.68592995244352,64.02731925409945,0.5854035795699395,0.0234161165119575
2018-04-13,64.46142578125,0.0007535011994099215,0.0007537851527539274,-0.0018836352880033905,0.0007530047366265669,0.0025120659666228546,64.36589889526367,64.25087982177735,64.99780376434326,64.44340062216048,64.37817894700078,60.811167405530924,0.06522167515970523,0.05515553697426128,0.010066138185443947,64.69608308122321,64.03571470930413,0.6446569673055709,0.023526520445458575
2018-04-16,64.46954345703125,0.00012592282273115907,0.00012593075134259557,0.0007535011994099215,-0.0018836352880033905,0.0010029676296641275,64.3784049987793,64.24839248657227,64.99655025482178,64.44742259675598,64.38494668848452,63.27933601623313,0.062475908271466096,0.056619611233702245,0.005856297037763851,64.70414660328262,64.05266339427598,0.6398937946396378,0.02321485469080244
2018-04-17,64.49384307861328,0.0003768452817868038,0.00037691629689029504,0.00012592282273115907,0.0007535011994099215,-0.001755972366290709,64.39454879760743,64.25025985717774,64.99608848571778,64.45456420934941,64.39301308775332,55.63417813891325,0.061551121596096436,0.05760591330618109,0.003945208289915347,64.70880450668265,64.0802930885322,0.6579832571666736,0.022947180682363042
2018-04-18,64.28335571289062,-0.0032690189745611577,-0.003263681549664943,0.0003768452817868038,0.00012592282273115907,0.0007530047366265669,64.40420646667481,64.24227661132812,64.99481113433838,64.42822444066344,64.38489031924497,45.693120980504396,0.04333412141846793,0.05475155492863846,-0.011417433510170528,64.68962981245652,64.1187831208931,0.288295604458703,0.025650982566731158
2018-04-19,64.12956237792969,-0.002395294971551127,-0.002392428541655889,-0.0032690189745611577,0.0003768452817868038,-0.0018836352880033905,64.40617446899414,64.23540756225586,64.99272918701172,64.3822764310121,64.3659771384068,31.656168850980734,0.0162992926052965,0.047061102463970064,-0.030761809858673564,64.68289173984805,64.12945719814023,0.0001900491955796555,0.027199719446112425
2018-04-20,63.96761703491211,-0.002528477676697441,-0.00252528376949146,-0.002395294971551127,-0.0032690189745611577,0.0007535011994099215,64.39479541778564,64.22820106506347,64.9896392250061,64.31848267776596,64.33646898259238,27.84827491597504,-0.017986304826422383,0.034051621005891576,-0.05203792583231396,64.72212948157922,64.06746135399207,-0.15251134868586222,0.027945773334018764
2018-04-23,63.9352912902832,-0.000505473186504834,-0.0005053454564559745,-0.002528477676697441,-0.002395294971551127,0.00012592282273115907,64.38099174499511,64.2213151550293,64.98713996887207,64.25953015661476,64.3067521164954,28.760360105087116,-0.047221959880644704,0.01779690482858432,-0.06501886470922902,64.76008691524092,64.00189657474931,-0.08784770908967261,0.027920722358746108
2018-04-24,63.82192611694336,-0.0017746974361942756,-0.00177312359186943,-0.000505473186504834,-0.002528477676697441,0.0003768452817868038,64.36353969573975,64.21538459777832,64.98415323257446,64.19220645820377,64.27083907949155,26.348684117708473,-0.07863262128778103,-0.0014890003946887494,-0.07714362089309229,64.80957250049353,63.91750689098596,-0.10714545323114098,0.02843714667556485
2018-04-25,63.73289489746094,-0.001395968152869672,-0.0013949942425630635,-0.0017746974361942756,-0.000505473186504834,-0.0032690189745611577,64.33073482513427,64.2073509979248,64.98056303024292,64.12154314116641,64.2309913623041,26.3484610783174,-0.10944822113768282,-0.023080844543287564,-0.08636737659439525,64.85799823362646,63.80347141664209,-0.06692719240936883,0.025141557176511033
2018-04-26,63.86245346069336,0.0020307732127372857,0.00203283662919862,-0.001395968152869672,-0.0017746974361942756,-0.002395294971551127,64.30481033325195,64.20078094482422,64.9773038482666,64.0816831903244,64.20369225848108,24.542745061762304,-0.12200906815668588,-0.04286648926596723,-0.07914257889071866,64.87121297859673,63.73840768790718,0.10950317217416422,0.026698136910168854
2018-04-27,63.95957946777344,0.0015197071044430245,0.001520862444470028,0.0020307732127372857,-0.001395968152869672,-0.002528477676697441,64.27566947937012,64.20034324645997,64.9737777709961,64.06289800223963,64.18560982953977,26.349292341030676,-0.12271182730013663,-0.058835556872801106,-0.06387627042733553,64.85051227693386,63.70082668180638,0.22506395406160148,0.02547572751581279
2018-04-30,63.99195861816406,0.000506115855520878,0.0005062439537604213,0.0015197071044430245,0.0020307732127372857,-0.000505473186504834,64.24855155944825,64.199263381958,64.97053237915038,64.05198425084339,64.1712652953638,30.57511420047662,-0.119281044520406,-0.0709246544023221,-0.0483563901180839,64.82319026913957,63.67391284975692,0.2767354191801545,0.025681377986787938
2018-05-01,63.892948150634766,-0.0015484311606983835,-0.0015472329596923906,0.000506115855520878,0.0015197071044430245,-0.0017746974361942756,64.22012767791747,64.19346405029297,64.9666731452942,64.0275171585036,64.15064921056904,25.732158992168166,-0.12313205206544353,-0.08136613393494639,-0.04176591813049714,64.80654872854424,63.6337066272907,0.22103702030050476,0.02587654083152414
2018-05-02,63.90106964111328,0.00012710282734326362,0.0001271109052498609,-0.0015484311606983835,0.000506115855520878,-0.001395968152869672,64.19210987091064,64.18911636352539,64.9624189567566,64.0080636942897,64.13216183505381,28.818124407957058,-0.12409814076410441,-0.089912535300778,-0.03418560546332641,64.7835130439126,63.60070669790867,0.2539409297383087,0.025909306972691788
2018-05-03,63.957889556884766,0.0008887905840668168,0.0008891856754604799,0.00012710282734326362,-0.0015484311606983835,0.0020307732127372857,64.17138404846192,64.19074081420898,64.95769634246827,64.00034459622741,64.11925277741166,29.30187194033877,-0.11890818118425273,-0.09571166447747295,-0.023196516706779774,64.76523152167127,63.57753657525256,0.3202446745935025,0.026063685573800146
2018-05-04,63.99843978881836,0.000633813637800113,0.0006340145401064756,0.0008887905840668168,0.00012710282734326362,0.0015197071044430245,64.14459018707275,64.19156394958496,64.95313711166382,64.00005154893371,64.11030366714549,31.13795136375161,-0.1102521182117755,-0.09861975522433347,-0.011632362987442024,64.71747605965028,63.57170431449523,0.3724437054130556,0.024135329747896502
2018-05-07,63.96597671508789,-0.0005073765866137089,-0.0005072478928797031,0.000633813637800113,0.0008887905840668168,0.000506115855520878,64.11293525695801,64.18835327148437,64.94821743011475,63.994809266803586,64.09961278180789,29.00254621269829,-0.10480351500430629,-0.09985650718032804,-0.00494700782397825,64.64885491038915,63.57701560352688,0.3628912553129495,0.023545068759368296
2018-05-08,63.91729736328125,-0.0007613091627289351,-0.0007610194404357173,-0.0005073765866137089,0.000633813637800113,-0.0015484311606983835,64.08451309204102,64.1835255432129,64.942698097229,63.98288435856938,64.08610793599111,33.28758725425995,-0.10322357742172983,-0.1005299212286084,-0.0026936561931214242,64.59696454441901,63.57206163966303,0.33684724866734134,0.02309757794802675
2018-05-09,63.84428405761719,-0.0011429619577424343,-0.0011423090255066048,-0.0007613091627289351,-0.0005073765866137089,0.00012710282734326362,64.0500114440918,64.17997589111329,64.93697208404541,63.96156123534597,64.06819505611156,35.93841664284962,-0.10663382076559458,-0.10175070113600565,-0.004883119629588928,64.52661344657598,63.57340944160761,0.28417276322560864,0.022774005811461252
2018-05-10,63.97406768798828,0.0020307518161586445,0.0020328151891244595,-0.0011429619577424343,-0.0007613091627289351,0.0008887905840668168,64.02807121276855,64.17741119384766,64.93312236785889,63.963485304983244,64.0612226584728,50.32836864283357,-0.09773735348955626,-0.10094803160671578,0.0032106781171595267,64.47373616705083,63.582406258486266,0.4394124170395711,0.02391533638579108
2018-05-11,64.03894805908203,0.0010136528113247896,0.001014166730966437,0.0020307518161586445,-0.0011429619577424343,0.000633813637800113,64.00694732666015,64.17396286010742,64.92880504608155,63.97509495945998,64.05957268814755,55.10734195677752,-0.08447772868757397,-0.09765397102288743,0.013176242335313462,64.40346631060446,63.61042834271584,0.5403520811331142,0.02409054760254716
2018-05-14,63.957889556884766,-0.0012665705581984335,-0.0012657687962407405,0.0010136528113247896,0.0020307518161586445,-0.0005073765866137089,63.98136463165283,64.17131660461426,64.92447854995727,63.97244797444841,64.05204060435031,56.91943311978256,-0.07959262990190297,-0.09404170279869055,0.014449072896787582,64.31291654748871,63.64981271581695,0.46459819164536936,0.02424852156874606
2018-05-15,63.65763854980469,-0.0047055646841109855,-0.004694510859571621,-0.0012665705581984335,0.0010136528113247896,-0.0007613091627289351,63.939554405212405,64.1634725189209,64.91805688858032,63.92401575527245,64.02282563734693,46.84775661510929,-0.09880988207447672,-0.09499533865384778,-0.003814543420628938,64.20287498750059,63.67623382292422,-0.035309190337386304,0.028441925538114875
2018-05-16,63.60899353027344,-0.0007644583832412979,-0.000764166259375032,-0.0047055646841109855,-0.0012665705581984335,-0.0011429619577424343,63.905836296081546,64.15417121887207,64.91143152236938,63.87555079758029,63.99217140719333,38.61142439897295,-0.11662060961304377,-0.09932039284568699,-0.017300216767356782,64.15617801968143,63.65549457248165,-0.09287513391601727,0.026723568277821658
2018-05-17,63.55221176147461,-0.0008930675427698509,-0.0008926688766393021,-0.0007644583832412979,-0.0047055646841109855,0.0020307518161586445,63.87696876525879,64.14405685424805,64.90320198059082,63.82580633048711,63.95958180380676,31.007387962281186,-0.1337754733196519,-0.10621140894047996,-0.02756406437917193,64.1507406308281,63.60319689968948,-0.09311610254188464,0.025848524247130432
2018-05-18,63.722564697265625,0.002676933203255872,0.0026805193882217804,-0.0008930675427698509,-0.0007644583832412979,0.0010136528113247896,63.864716148376466,64.1358967590332,64.89602310180663,63.809923002299186,63.94202498110001,38.87180036684295,-0.13210197880082575,-0.11138952291254912,-0.020712455888276624,64.1432984194354,63.58613387731753,0.24486630005115112,0.02688613015834459
2018-05-21,63.722564697265625,0.0,0.0,0.002676933203255872,-0.0008930675427698509,-0.0012665705581984335,63.85407981872559,64.12935119628906,64.88816829681396,63.79648326306325,63.925768663778946,42.334741734083416,-0.12928540071569472,-0.11496869847317825,-0.014316702242516466,64.1375180854782,63.57064155197297,0.2680004133408931,0.026867805968355658
2018-05-22,63.7387924194336,0.00025462967950037966,0.000254662100388936,0.0,0.002676933203255872,-0.0047055646841109855,63.8499231338501,64.12183868408204,64.88091159820557,63.78760774865869,63.91191857160522,42.75228982662778,-0.1243108229465335,-0.11683712336784932,-0.007473699578684184,64.13775119138587,63.56209507631433,0.3069494764201568,0.026214598497371205
2018-05-23,63.93351745605469,0.0030503902968791207,0.0030550474715569376,0.00025462967950037966,0.0,-0.0007644583832412979,63.859954261779784,64.11789764404297,64.87450931549073,63.81005539595037,63.913518488971846,49.03086253083068,-0.1034630930214746,-0.11416231729857437,0.010699224277099767,64.14457539051777,63.57533313304179,0.6292300304638062,0.02791678767803532
2018-05-24,64.06336212158203,0.0020288730552814596,0.0020309326108420844,0.0030503902968791207,0.00025462967950037966,-0.0008930675427698509,63.869999694824216,64.11380798339843,64.86919342041016,63.849025661432165,63.924618017313335,52.41041155026046,-0.07559235588117019,-0.10644832501509353,0.03085596913392334,64.16881980787322,63.57117958177521,0.8235431925663342,0.027915097010746757
2018-05-25,64.20124053955078,0.002149906805392394,0.002152219512099318,0.0020288730552814596,0.0030503902968791207,0.002676933203255872,63.88208274841308,64.11231399536133,64.86432838439941,63.9032125657581,63.945108574516105,58.100692209685675,-0.04189600875800181,-0.0935378617636752,0.051641853005673394,64.21387846636243,63.550287030463736,0.9809552593237826,0.028408380891614172
2018-05-29,64.64752960205078,0.006927359054019076,0.00695140870720512,0.002149906805392394,0.0020288730552814596,0.0,63.91486129760742,64.12087615966797,64.86121761322022,64.0177228790339,63.9971397617409,69.73887184055963,0.02058311729300044,-0.07071366595234008,0.09129678324534052,64.39064705343489,63.43907554177995,1.269956115194254,0.037157147619250534
2018-05-30,64.45276641845703,-0.00301724066254544,-0.003012693366516106,0.006927359054019076,0.002149906805392394,0.00025462967950037966,63.94285221099854,64.12651214599609,64.85685497283936,64.08465265432977,64.0308898844606,65.43211070950366,0.053762769869166505,-0.04581837878803876,0.09958114865720527,64.47566190631412,63.41004251568295,0.9785143850999899,0.038574901233398316
2018-05-31,64.42843627929688,-0.0003775591620794938,-0.0003774878955884464,-0.00301724066254544,0.006927359054019076,0.0030503902968791207,63.96922054290771,64.13327682495117,64.85260906219483,64.13754244278626,64.0603377655596,62.17475386779184,0.07720467722666058,-0.021213767585098894,0.09841844481175947,64.54387826985959,63.39456281595584,0.8995558702612011,0.03867000928212633
2018-06-01,64.4683837890625,0.0006198370297019199,0.0006200291683697845,-0.0003775591620794938,-0.00301724066254544,0.0020288730552814596,63.9947452545166,64.14084045410156,64.84911949157714,64.18844111144415,64.09056339693018,61.66250890947969,0.0978777145139702,0.0026045288347149274,0.09527318567925527,64.61111919722791,63.378371311805296,0.8842136256299684,0.03863770138604582
2018-06-04,64.32980346679688,-0.0021518994745941067,-0.0021495857988165223,0.0006198370297019199,-0.0003775591620794938,0.002149906805392394,64.01131343841553,64.14353256225586,64.84445991516114,64.21018916611379,64.10828488358698,59.79433848156862,0.10190428252681727,0.022464479573135396,0.07943980295368187,64.64565773122295,63.3769691456081,0.7510387749937827,0.03966343749201497
2018-06-05,64.38688659667969,0.0008869577612181104,0.000887351224573063,-0.0021518994745941067,0.0006198370297019199,0.006927359054019076,64.03235893249511,64.14704299926758,64.839489402771,64.23737338620086,64.12892204751977,72.02568864841946,0.10845133868109258,0.03966185139472683,0.06878948728636575,64.68794332602465,63.37677453896558,0.7703905612181111,0.03961525151581624
2018-06-06,64.20755767822266,-0.0027890634889600496,-0.0027851776648302184,0.0008869577612181104,-0.0021518994745941067,-0.00301724066254544,64.04687194824218,64.14777481079102,64.83378139495849,64.23278635420421,64.13474690905332,66.75586898578459,0.09803944515088858,0.05133737014595918,0.0467020750049294,64.70457923303182,63.38916466345254,0.622155960331098,0.04098494554544026
2018-06-07,64.37057495117188,0.00253569338676978,0.002538910976277675,-0.0027890634889600496,0.0008869577612181104,-0.0003775591620794938,64.07318649291992,64.14740646362304,64.82872932434083,64.25398459989154,64.15221565291395,71.62272488121708,0.10176894697758598,0.06142368551228455,0.04034526146530144,64.7388309878358,63.40754199800404,0.723383848678519,0.04143232075338907
2018-06-08,64.2890396118164,-0.0012674583325564203,-0.0012666554464880742,0.00253569338676978,-0.0027890634889600496,0.0006198370297019199,64.08893508911133,64.14556838989257,64.8236669921875,64.25937767864922,64.1623507609808,65.70443537299857,0.09702691766841554,0.06854433194351076,0.02848258572490478,64.75959069693687,63.4182794812858,0.6491857522476182,0.04137566528621271
2018-06-11,64.23202514648438,-0.0008872392892071752,-0.0008868458088080455,-0.0012674583325564203,0.00253569338676978,-0.0021518994745941067,64.09858894348145,64.13936096191406,64.81736541748047,64.2551695967777,64.16751182657366,63.69101317105975,0.08765777020404641,0.07236701959561789,0.015290750608428522,64.77176868935776,63.42540919760513,0.5991088961160232,0.04145774629560693
2018-06-12,64.22386932373047,-0.000126982460376822,-0.00012697439844544522,-0.0008872392892071752,-0.0012674583325564203,0.0008869577612181104,64.11188793182373,64.13315200805664,64.81150020599365,64.25035417015505,64.17168645599268,63.09254149334857,0.07866771416236418,0.07362715850896714,0.005040555653397033,64.7838722209875,63.439903642659964,0.5833214360160759,0.04113721469924649
2018-06-13,64.18307495117188,-0.0006353920212247662,-0.0006351902024613887,-0.000126982460376822,-0.0008872392892071752,-0.0027890634889600496,64.13815975189209,64.12758499145508,64.80503349304199,64.24000352108071,64.17253004822818,57.3461376070142,0.06747347285252658,0.07239642137767904,-0.00492294852515246,64.77556313953664,63.500756364247536,0.5352329467888175,0.03702105240290506
2018-06-14,64.32164764404297,0.0021566950036522314,0.002159022343141359,-0.0006353920212247662,-0.000126982460376822,0.00253569338676978,64.17379245758056,64.12478942871094,64.79910030364991,64.2525641553826,64.18357579606631,57.5641930842174,0.06898835931629321,0.07171480896540189,-0.0027264496491086754,64.76461734844852,63.582967566712604,0.6251260642093087,0.037242338013191004
2018-06-15,64.32980346679688,0.00012678944068510384,0.00012679747880595116,0.0021566950036522314,-0.0006353920212247662,-0.0012674583325564203,64.21267204284668,64.12393737792969,64.79285018920899,64.26444712636942,64.19440747537968,54.07471889735219,0.07003965098974163,0.07137977737026985,-0.001340126380528217,64.72890254534967,63.69644154034369,0.6134487630838091,0.03688992410468653
2018-06-18,64.32980346679688,0.0,0.0,0.00012678944068510384,0.0021566950036522314,-0.0008872392892071752,64.24303398132324,64.11984710693359,64.78663990020752,64.27450194797365,64.20443680807725,35.95721578915423,0.07006513989639984,0.07111684987549585,-0.0010517099790960105,64.70664084512204,63.77942711752443,0.59358088959539,0.03611438584956999
2018-06-19,64.43577575683594,0.0016459726986550417,0.0016473280552420366,0.0,0.00012678944068510384,-0.000126982460376822,64.27869453430176,64.11658111572265,64.78068111419678,64.29931330318323,64.22157302650382,49.18509085852709,0.07774027667940686,0.07244153523627805,0.005298741443128807,64.67915516522618,63.87823390337736,0.6961256742910898,0.036299864189619495
2018-06-20,64.2890396118164,-0.002279843372183613,-0.002277246503142538,0.0016459726986550417,0.0,-0.0006353920212247662,64.3062068939209,64.11264709472657,64.77453067779541,64.29773273528063,64.2265705513418,44.01676654550217,0.07116218393883855,0.07218566497679016,-0.0010234810379516068,64.61578233620986,63.99663145163195,0.47227286186273987,0.03766845674214661
2018-06-21,64.32164764404297,0.0005070812328434529,0.0005072098202656417,-0.002279843372183613,0.0016459726986550417,0.0021566950036522314,64.32561340332032,64.1083937072754,64.76718807220459,64.3014119520133,64.23361329894928,43.6618047362628,0.06779865306401689,0.0713082625942355,-0.003509609530218616,64.58068172492129,64.07054508171935,0.49222608426546705,0.036381546472132466
2018-06-22,64.36243438720703,0.0006339050469342231,0.0006341060071994864,0.0005070812328434529,-0.002279843372183613,0.00012678944068510384,64.34056701660157,64.10738494873047,64.76060752868652,64.31080001896618,64.24315560178319,51.53954141319607,0.06764441718298997,0.0705754935119864,-0.002931076328996432,64.56400527856937,64.11712875463377,0.5489338093057097,0.0358365554829137
2018-06-25,64.354248046875,-0.0001271993682289283,-0.00012719127873228597,0.0006339050469342231,0.0005070812328434529,0.0,64.34821739196778,64.10524139404296,64.75294986724853,64.31748433095215,64.25138467178999,48.385611641106145,0.06609965916216254,0.06968032664202163,-0.0035806674798590926,64.56183133732625,64.1346034466093,0.5141157799812661,0.03512545398064654
2018-06-26,64.46023559570312,0.001645584716072933,0.0016469394336007248,-0.0001271993682289283,0.0006339050469342231,0.0016459726986550417,64.33885269165039,64.10505523681641,64.74618068695068,64.33944606399076,64.26685511059837,63.475826599285504,0.07259095339239252,0.07026245199209581,0.002328501400296709,64.50927210336155,64.16843327993922,0.8561299233284012,0.025127919285441825
2018-06-27,64.61509704589844,0.002399552591990302,0.0024024338224049036,0.001645584716072933,-0.0001271993682289283,-0.002279843372183613,64.34696922302246,64.10748031616211,64.74118228912353,64.38185390736118,64.2926508095095,63.155302346199946,0.08920309785168001,0.07405058116401265,0.015152516687667358,64.55214962115079,64.14178882489412,1.1533953177834178,0.024257403210203893
2018-06-28,64.566162109375,-0.0007576166881183288,-0.0007573297690580683,0.002399552591990302,0.001645584716072933,0.0005070812328434529,64.35385551452637,64.1131364440918,64.73641746520997,64.41020901536331,64.31291090579583,65.45120426064096,0.09729810956747542,0.07870008684470521,0.01859802272277021,64.57883759563386,64.12887343341889,0.9718300093134944,0.024399097186659363
2018-06-29,64.54991149902344,-0.00025172095128380627,-0.00025168927222329884,-0.0007576166881183288,0.002399552591990302,0.0006339050469342231,64.35793190002441,64.12154342651367,64.73196968078614,64.43170170515717,64.33046650529417,68.56806716697267,0.10123519986299812,0.08320710944836379,0.018028090414634323,64.59431665993334,64.12154714011548,0.906074399789963,0.024352111428496265
2018-07-02,64.50985717773438,-0.0006207096601171449,-0.0006205170597277654,-0.00025172095128380627,-0.0007576166881183288,-0.0001271993682289283,64.36693458557129,64.13238822937012,64.72712230682373,64.4437256240152,64.3437547032527,66.10470961255896,0.09997092076250169,0.08655987171119138,0.013411049051310311,64.6123508588776,64.12151831226497,0.7911840161159538,0.02307805514816317
2018-07-03,64.64054870605469,0.0020238662362030797,0.0020259156358111152,-0.0006207096601171449,-0.00025172095128380627,0.001645584716072933,64.37961769104004,64.14649337768554,64.7228886795044,64.47400609817512,64.365739444201,73.39304942182551,0.10826665397412683,0.09090122816377848,0.017365425810348348,64.65389677676374,64.10533860531633,0.9756669913897424,0.02390433378493902
2018-07-05,64.73045349121094,0.001389875599664846,0.001390841924394648,0.0020238662362030797,-0.0006207096601171449,0.002399552591990302,64.40576248168945,64.1646639251709,64.7193436050415,64.51345954325755,64.39275529953507,71.99937593917049,0.12070424372248567,0.09686183127551992,0.02384241244696575,64.70912883628206,64.10239612709684,1.0351467039868547,0.021459072754481095
2018-07-06,64.80400085449219,0.0011355646118411558,0.0011362096094573726,0.001389875599664846,0.0020238662362030797,-0.0007576166881183288,64.42743377685547,64.18608604431152,64.7164054107666,64.55815820652442,64.42321793323559,73.8404651947773,0.13494027328883362,0.10447751967818267,0.030462753610650956,64.77840556393703,64.0764619897739,1.0364634587412171,0.020151377133319926
2018-07-09,64.74678039550781,-0.0008833673120796725,-0.0008829772580377648,0.0011355646118411558,0.001389875599664846,-0.00025172095128380627,64.45032081604003,64.20377258300782,64.71345989227295,64.58717700482957,64.44718552303353,69.82314622716788,0.13999148179604504,0.11158031210175515,0.02841116969428989,64.82236033416714,64.07828129791292,0.8984248514246428,0.019789004142644236
2018-07-10,64.70590209960938,-0.0006315558159053822,-0.000631356426508467,-0.0008833673120796725,0.0011355646118411558,-0.0006207096601171449,64.4740146636963,64.21869903564453,64.71038978576661,64.60544240402646,64.46634971389099,63.689086157034374,0.13909269013547032,0.11708278770849818,0.022009902426972136,64.8478720779201,64.10015724947249,0.8101281759979526,0.01959604209774434
2018-07-11,64.73860931396484,0.0005053472672476223,0.0005054749766895128,-0.0006315558159053822,-0.0008833673120796725,0.0020238662362030797,64.499751663208,64.23363204956054,64.70716445922852,64.62592962094006,64.48651709167424,75.75977477792544,0.1394125292658117,0.1215487360199609,0.017863793245850815,64.87196955759235,64.12753376882365,0.8208572913345743,0.019512772761961457
2018-07-12,64.78764343261719,0.0007571302335235121,0.0007574169289694677,0.0005053472672476223,-0.0006315558159053822,0.001389875599664846,64.52998008728028,64.2515259552002,64.70346702575684,64.65080866889039,64.5088227465589,76.20763930008839,0.14198592233148588,0.1256361732822659,0.016349749049219986,64.89196777034611,64.16799240421444,0.8559007079393466,0.019156385120863966
2018-07-13,64.84481048583984,0.0008819868050090248,0.0008823758697460438,0.0007571302335235121,0.0005053472672476223,0.0011355646118411558,64.55613822937012,64.27040077209473,64.70021480560303,64.68065510226722,64.53371072724639,76.63807340995652,0.14694437502083701,0.12989781362998012,0.01704656139085689,64.93014848754181,64.18212797119843,0.8859148915872853,0.018175977945336198
2018-07-16,64.75493621826172,-0.0013869515067868742,-0.0013859901340562697,0.0008819868050090248,0.0007571302335235121,-0.0008833673120796725,64.57739486694337,64.28634170532227,64.69750926971436,64.69208296626637,64.55009780065492,70.29594305279673,0.14198516561144459,0.13231528402627302,0.00966988158517157,64.94552063795777,64.20926909592896,0.7411422471579778,0.019246051836059663
2018-07-17,64.73045349121094,-0.00037815428284946153,-0.0003780827915305096,-0.0013869515067868742,0.0008819868050090248,-0.0006315558159053822,64.59742736816406,64.30098197937012,64.69460174560547,64.69798612395014,64.56345748143684,64.91912384161753,0.13452864251330254,0.13275795572367893,0.00177068678962361,64.95218545906586,64.24266927726227,0.687488497737602,0.01937823504974099
2018-07-18,64.6977767944336,-0.0005049392609248575,-0.0005048118005503976,-0.00037815428284946153,-0.0013869515067868742,0.0005053472672476223,64.61052742004395,64.31561798095703,64.69149101257324,64.69795391940914,64.57340706017735,55.27681745142913,0.12454685923179909,0.13111573642530297,-0.00656887719350388,64.95945350971694,64.26160133037097,0.6250255813077964,0.01891055048556293
2018-07-19,64.82030487060547,0.0018920618827868079,0.0018938529613032884,-0.0005049392609248575,-0.00037815428284946153,0.0007571302335235121,64.6370906829834,64.33367813110351,64.68912071228027,64.71677714267011,64.59169578687573,64.8271625820121,0.12508135579437862,0.1299088602991181,-0.004827504504739483,64.96310319660306,64.31107816936374,0.7809925692542836,0.017382656381728038
2018-07-20,64.67327117919922,-0.002270904226747057,-0.002268327674480375,0.0018920618827868079,-0.0005049392609248575,0.0008819868050090248,64.65467185974121,64.35025787353516,64.68585544586182,64.71008391752075,64.59773840852932,56.24415901384845,0.11234550899142448,0.12639619003757938,-0.014050681046154895,64.94503370926888,64.36431001021354,0.5320278292211259,0.01980780644707071
2018-07-23,64.46903991699219,-0.003162889539950571,-0.0031578928741851087,-0.002270904226747057,0.0018920618827868079,-0.0013869515067868742,64.66000213623047,64.36015731811523,64.68156902313233,64.67300022513173,64.58820518693398,48.22838296068666,0.08479503819775402,0.11807595966961432,-0.03328092147186029,64.93104719298475,64.3889570794762,0.14772975105129824,0.023186123402881606
2018-07-24,64.56704711914062,0.0015190668478265717,0.0015202212143166083,-0.003162889539950571,-0.002270904226747057,-0.00037815428284946153,64.67064208984375,64.3707192993164,64.67801216125488,64.65669974728695,64.58663792265298,46.71660713798838,0.07006182463396726,0.1084731326624849,-0.03841130802851764,64.90543277290267,64.43585140678483,0.2793886679116398,0.02371869451690018
2018-07-25,64.56704711914062,0.0,0.0,0.0015190668478265717,-0.003162889539950571,-0.0005049392609248575,64.67598266601563,64.38290245056152,64.67481475830078,64.64290703526444,64.58518675202244,42.06293913610625,0.05772028324200562,0.09832256277838905,-0.04060227953638343,64.8949478149585,64.45701751707276,0.2512491202345984,0.02306663953723539
2018-07-26,64.56704711914062,0.0,0.0,0.0,0.0015190668478265717,0.0018920618827868079,64.67358016967773,64.40109062194824,64.6712979888916,64.6312362789377,64.58384307551268,37.604961527409735,0.04739320342503106,0.08813669090771746,-0.0407434874826864,64.89637897105779,64.45078136829768,0.2609209522734712,0.021381145326352935
2018-07-27,64.55072021484375,-0.0002528994223027955,-0.000252867445939553,0.0,0.0,-0.002270904226747057,64.67280807495118,64.41992515563965,64.66753993988037,64.61884919215402,64.58138953027795,39.285714285714285,0.03745966187607053,0.07800128510138807,-0.04054162322531754,64.8972750267914,64.44834112311095,0.22804936515926857,0.021230117422053107
2018-07-30,64.47718048095703,-0.001139904492798312,-0.0011392550484635722,-0.0002528994223027955,0.0,-0.003162889539950571,64.66917152404785,64.4384245300293,64.66325439453125,64.59705400581602,64.57367034143937,37.93164526387827,0.02338366437665229,0.06707776095644091,-0.04369409657978862,64.90413302429074,64.43421002380497,0.09144148532343736,0.021594130718744938
2018-07-31,64.52620697021484,0.0007600806860468242,0.000760369620571355,-0.001139904492798312,-0.0002528994223027955,0.0015190668478265717,64.66998901367188,64.45449737548829,64.65893451690674,64.58615446187738,64.57015453616347,38.98246058380295,0.0159999257139134,0.05686219390793541,-0.040862268194022014,64.90271982417984,64.43725820316392,0.19109796175414534,0.021671620691239055
2018-08-01,64.49095916748047,-0.0005464048648180559,-0.000546255612865143,0.0007600806860468242,-0.001139904492798312,0.0,64.66250953674316,64.46986526489258,64.65375938415528,64.57150903197017,64.56428821255733,34.38737082152292,0.007220819412836477,0.04693391900891563,-0.03971309959607915,64.9084634673334,64.41655560615291,0.1512550768125589,0.020390573496046248
2018-08-02,64.52373504638672,0.0005080952958278443,0.0005082243981071599,-0.0005464048648180559,0.0007600806860468242,0.0,64.65217361450195,64.48556411743164,64.64906787872314,64.56415918803425,64.56128427432247,32.65864512938849,0.002874913711778504,0.03812211794948821,-0.0352472042377097,64.90342257818635,64.40092465081754,0.24439980521360155,0.019757356016779127
2018-08-03,64.66297149658203,0.002155585630059925,0.0021579105750033634,0.0005080952958278443,-0.0005464048648180559,-0.0002528994223027955,64.64512214660644,64.50015319824219,64.6450325012207,64.57936108165698,64.56881666115652,45.28440654095924,0.01054442050046589,0.03260657845968375,-0.022062157959217857,64.88613724453452,64.40410704867836,0.5370295266334677,0.020940760794726992
2018-08-06,64.72027587890625,0.0008858084370835249,0.0008862008812453581,0.002155585630059925,0.0005080952958278443,-0.001139904492798312,64.64379692077637,64.51329147338868,64.64180274963378,64.6010402812338,64.58003586247132,49.49512534818941,0.021004418762473165,0.030286146520241634,-0.00928172775776847,64.88274103546165,64.40485280609109,0.6600352413588735,0.021014498852536676
2018-08-07,64.60566711425781,-0.0017724022264775068,-0.0017708324492138328,0.0008858084370835249,0.002155585630059925,0.0007600806860468242,64.63878517150879,64.52138000488281,64.63784015655517,64.60175210169902,64.58193447371477,45.77426829353662,0.019817627984252795,0.028192442813043866,-0.008374814828791072,64.87644585555483,64.40112448746274,0.43032491389161176,0.021828910668609796
2018-08-08,64.58926391601562,-0.0002539294413413562,-0.0002538972039894949,-0.0017724022264775068,0.0008858084370835249,-0.0005464048648180559,64.63131790161133,64.52021469116211,64.63459415435791,64.59983084236312,64.58247739536668,38.25703228608434,0.017353446996438038,0.026024643649722703,-0.008671196653284665,64.86512603098016,64.39750977224249,0.41006731521862755,0.021726158152905132
2018-08-09,64.71209716796875,0.0018999535329541045,0.00190175958829375,-0.0002539294413413562,-0.0017724022264775068,0.0005080952958278443,64.6275405883789,64.52540130615235,64.63168281555176,64.61710258476398,64.59207886000387,52.02315355930317,0.025023724760117716,0.025824459871801708,-0.0008007351116839923,64.85300707685812,64.40207409989969,0.6875147392417018,0.022692182477990118
2018-08-10,64.84317779541016,0.0020235482068477677,0.0020255969622058334,0.0018999535329541045,-0.0002539294413413562,0.002155585630059925,64.62745895385743,64.5336961364746,64.62998588562012,64.65188338640186,64.61067878114507,71.10456959399556,0.04120460525679448,0.028900488948800263,0.012304116307994217,64.85259515413516,64.4023227535797,0.9790851966201233,0.0236607128152758
2018-08-13,64.851318359375,0.00012553445546094658,0.00012554233524042502,0.0020235482068477677,0.0018999535329541045,0.0008858084370835249,64.63227806091308,64.54135482788087,64.62860897064209,64.6825656899362,64.62850393508803,67.84448573782112,0.054061754848163446,0.0339327421286729,0.020129012719490545,64.87252270414201,64.39203341768415,0.9558692662570462,0.02308805613533108
2018-08-14,64.81034088134766,-0.0006320677929242351,-0.0006318680801563614,0.00012553445546094658,0.0020235482068477677,-0.0017724022264775068,64.63627243041992,64.55096557617188,64.62742656707763,64.7022234116918,64.64197333851467,64.52497426507429,0.06025007317713005,0.03919620833836433,0.021053864838765715,64.88586448663744,64.3866803742024,0.8487059114894894,0.02317150362964484
2018-08-15,64.88407135009766,0.00113698771480293,0.0011376343303761693,-0.0006320677929242351,0.00012553445546094658,-0.0002539294413413562,64.64558715820313,64.56090927124023,64.62589424133301,64.7302000176004,64.65990652455785,67.39536324589533,0.0702934930425414,0.04541566527919975,0.024877827763341652,64.91772998399014,64.37344433241611,0.9381599830986761,0.023371114314627833
2018-08-16,64.91680145263672,0.0005043125292770333,0.000504439716220384,0.00113698771480293,-0.0006320677929242351,0.0018999535329541045,64.6504119873047,64.57509414672852,64.62376678466796,64.75890793068291,64.67893577848962,69.73196147614465,0.07997215219329235,0.052326962662018264,0.02764518953127408,64.93854883114278,64.3622751434666,0.9622620658011307,0.022497035798472207
2018-08-17,64.99053955078125,0.001135241557471379,0.0011358861880823579,0.0005043125292770333,0.00113698771480293,0.0020235482068477677,64.6662754058838,64.5874934387207,64.62220783233643,64.79454356454418,64.7020175394001,77.66439443151637,0.09252602514408181,0.060366775158430974,0.03215924998565084,64.99217165979634,64.34037915197125,0.9974959684324433,0.020985649999556877
2018-08-20,65.07241821289062,0.0012590621393460764,0.0012598550908382578,0.001135241557471379,0.0005043125292770333,0.00012553445546094658,64.69644432067871,64.60316101074218,64.62084602355957,64.83729351044363,64.72945462632532,78.42819590371587,0.10783888411830844,0.06986119695040648,0.037977687167901966,65.05548884883623,64.33739979252118,1.0235755772985402,0.016943184639320916
2018-08-21,65.0396728515625,-0.000503340800252667,-0.0005032141455231232,0.0012590621393460764,0.001135241557471379,-0.0006320677929242351,64.7200756072998,64.61931396484376,64.61900058746338,64.86842879369269,64.75243375412067,78.63302306693951,0.11599503957201307,0.0790879654747278,0.036907074097285275,65.10457256018582,64.3355786544138,0.9156043914832329,0.016795882158316806
2018-08-22,65.08060455322266,0.0006291364240322803,0.0006293343718621891,-0.000503340800252667,0.0012590621393460764,0.00113698771480293,64.74575347900391,64.63644866943359,64.61707954406738,64.90107121823576,64.7767427022023,78.81335859782094,0.12432851603345796,0.08813607558647384,0.03619244044698412,65.15501633314487,64.33649062486295,0.9090904791757798,0.016763148713345097
2018-08-23,65.08060455322266,0.0,0.0,0.0006291364240322803,-0.000503340800252667,0.0005043125292770333,64.77143135070801,64.65439926147461,64.6149185180664,64.92869173131066,64.79925098746307,75.24674845493958,0.12944074384759574,0.09639700923869823,0.03304373460889751,65.19757899374113,64.3452837076749,0.8627536225638762,0.016763148713345097
2018-08-24,65.11341857910156,0.0005040788476193829,0.0005042059167117419,0.0,0.0006291364240322803,0.001135241557471379,64.7995662689209,64.67023468017578,64.61280139923096,64.95711124635542,64.82252266091777,74.49144486692015,0.13458858543765473,0.10403532447848954,0.03055326095916519,65.23846896796414,64.36066356987766,0.8575420142833798,0.01658888034007475
2018-08-27,65.03150177001953,-0.0012588554310103087,-0.0012580634048958705,0.0005040788476193829,0.0,0.0012590621393460764,64.82728233337403,64.68426864624024,64.61051490783692,64.96855594230375,64.8380025949253,77.65446167566763,0.13055334737845214,0.10933892905848207,0.021214418319970077,65.25018380930665,64.40438085744141,0.7414503711474874,0.016743217201882463
2018-08-28,64.93317413330078,-0.0015131443185816623,-0.001512000092916188,-0.0012588554310103087,0.0005040788476193829,-0.000503340800252667,64.84763069152832,64.69633605957031,64.6080567932129,64.96311258707253,64.84505233850867,70.18620189336605,0.11806024856386443,0.11108319295955855,0.006977055604305879,65.24810474287038,64.44715664018626,0.606802727275072,0.018039489953204566
2018-08-29,64.89227294921875,-0.0006300950446062591,-0.0006298965764104381,-0.0015131443185816623,-0.0012588554310103087,0.0006291364240322803,64.86769638061523,64.70546600341797,64.60671463012696,64.95221418124888,64.84855016152423,61.701052381235506,0.103664019724647,0.10959935831257625,-0.005935338587929245,65.23145690915194,64.50393585207851,0.533781247105595,0.0180948152788127
2018-08-30,64.94140625,0.0007568652976603167,0.0007571517924744864,-0.0006300950446062591,-0.0015131443185816623,0.0,64.88857994079589,64.71851333618164,64.60557819366456,64.9505514225952,64.8554283903002,57.139054927749996,0.09512303229499253,0.10670409310905951,-0.011581060814066985,65.21526326202694,64.56189661956485,0.5808524735897769,0.01815235999260222
2018-08-31,64.95777893066406,0.0002520828860933908,0.00025211466165409036,0.0007568652976603167,-0.0006300950446062591,0.0005040788476193829,64.9033203125,64.73123596191407,64.6041234588623,64.95166334691348,64.86300991180865,57.645859816771136,0.08865343510483115,0.10309396150821384,-0.014440526403382697,65.21331970900148,64.59332091599852,0.5878366519074856,0.016811007050254467
2018-09-04,64.85760498046875,-0.0015433297204174195,-0.0015421393995357358,0.0002520828860933908,0.0007568652976603167,-0.0012588554310103087,64.91018676757812,64.74113937377929,64.60140754699707,64.9371928289989,64.86260954652421,53.12844027431296,0.07458328247469126,0.09739182570150934,-0.02280854322681808,65.20899664746298,64.61137688769327,0.412014644345701,0.017735167670126915
2018-09-05,64.87403869628906,0.00025334938250166987,0.00025338147816689194,-0.0015433297204174195,0.0002520828860933908,-0.0015131443185816623,64.9236053466797,64.75153518676758,64.59921398162842,64.92747680858201,64.8634561502105,49.28142861826647,0.06402065837151838,0.09071759223551115,-0.026696933863992772,65.18681956162224,64.66039113173714,0.4058435153256271,0.016288218760899878
2018-09-06,64.9725570678711,0.0015174581960648505,0.0015186101183441991,0.00025334938250166987,-0.0015433297204174195,-0.0006300950446062591,64.94277000427246,64.76178161621094,64.59719284057617,64.93441223308803,64.87153769966683,53.64947465143222,0.0628745334211942,0.08514898047264777,-0.022274447051453566,65.15420847646665,64.73133153207827,0.5704390816144279,0.016827701361474576
2018-09-07,64.76736450195312,-0.0031631395259404398,-0.0031581420707148533,0.0015174581960648505,0.00025334938250166987,0.0007568652976603167,64.94553337097167,64.76482696533203,64.59434597015381,64.90871258214419,64.86382116650285,37.53685430407145,0.044891415641345134,0.07709746750638724,-0.03220605186504211,65.14540648317477,64.74566025876858,0.05429505486083168,0.01976690342499589
2018-09-10,64.80836486816406,0.0006328402360316996,0.0006330405216612434,-0.0031631395259404398,0.0015174581960648505,0.0002520828860933908,64.94379272460938,64.76967102050781,64.59142379760742,64.8932744723011,64.85971329255183,34.548555305546614,0.03356117974927031,0.06839020995496387,-0.034829030205693556,65.14797887650958,64.73960657270918,0.16837159331081994,0.01849391667616677
2018-09-11,64.66883087158203,-0.0021553455772978366,-0.002153024487901778,0.0006328402360316996,-0.0031631395259404398,-0.0015433297204174195,64.93466835021972,64.77204940795899,64.58712364196778,64.8587446875751,64.84557385396148,30.710436294079827,0.013170833613614263,0.05734633468669395,-0.04417550107307969,65.17016306139818,64.69917363904126,-0.0644234584025057,0.0199588458667358
2018-09-12,64.71808624267578,0.0007613655935491746,0.0007616555059044572,-0.0021553455772978366,0.0006328402360316996,0.00025334938250166987,64.93005561828613,64.77621398925781,64.58315002441407,64.83710492682135,64.83613032719958,31.305278398539556,0.0009745996217702668,0.046071987673709215,-0.04509738805193895,65.17903217566544,64.68107906090682,0.07431860685698427,0.020116295808359944
2018-09-13,64.75912475585938,0.0006339110062899948,0.0006341119703341391,0.0007613655935491746,-0.0021553455772978366,0.0015174581960648505,64.92380828857422,64.7785855102539,64.57950164794921,64.82510797744258,64.830426210804,34.09480383201348,-0.005318233361421676,0.03579394346668304,-0.04111217682810472,65.18367526804023,64.66394130910821,0.1831387869031161,0.019792193924822402
2018-09-14,64.65240478515625,-0.0016493120091159723,-0.0016479526415074108,0.0006339110062899948,0.0007613655935491746,-0.0031631395259404398,64.9105884552002,64.77702453613281,64.57531967163087,64.79853825555239,64.8172394385338,28.74569117129792,-0.018701182981416764,0.02489491817706308,-0.043596101158479846,65.19745428092763,64.62372262947277,0.049992284042115843,0.020392521651870287
2018-09-17,64.64419555664062,-0.00012698289831216113,-0.0001269748363251777,-0.0016493120091159723,0.0006339110062899948,0.0006328402360316996,64.89327125549316,64.77382843017578,64.57189685821533,64.77479322495057,64.80442137320838,30.841805734815722,-0.02962814825781379,0.013990304890087709,-0.0436184531479015,65.20088081662152,64.5856616943648,0.09514311268660133,0.01977591278031087
2018-09-18,64.49642181396484,-0.002288572103531852,-0.002285955319009325,-0.00012698289831216113,-0.0016493120091159723,-0.0021553455772978366,64.86447143554688,64.76882125854492,64.56821521759034,64.7319668540297,64.78160659104219,29.403468374469313,-0.04963973701249813,0.00126429650957054,-0.05090403352206867,65.20729855302788,64.52164431806587,-0.036786039981829534,0.020150423963826537
2018-09-19,64.39791107177734,-0.0015285506998266173,-0.001527383061213028,-0.002288572103531852,-0.00012698289831216113,0.0007613655935491746,64.83238334655762,64.76266143798829,64.56316696166992,64.6805736567601,64.75318470072628,27.888152551511396,-0.07261104396617668,-0.013510771585578904,-0.05910027238059778,65.22297255923891,64.44179413387633,-0.056175466032125074,0.02051540058700515
2018-09-20,64.48004150390625,0.0012745460585875663,0.0012753586376017534,-0.0015285506998266173,-0.002288572103531852,0.0006339110062899948,64.8023551940918,64.75749008178711,64.55848930358887,64.64972255632105,64.7329518713322,29.955716426023884,-0.0832293150111525,-0.027454480270693624,-0.05577483474045887,65.20475768699086,64.39995270119275,0.09951330338004992,0.021104258701753156
2018-09-21,64.52108764648438,0.0006363687548107897,0.0006365712803648726,0.0012745460585875663,-0.0015285506998266173,-0.0016493120091159723,64.77437934875488,64.75215896606446,64.55361598968506,64.62993257019234,64.71725822504717,31.4258826583593,-0.0873256548548369,-0.03942871518752228,-0.04789693966731462,65.17311225207908,64.37564644543068,0.1823792316124015,0.021408342241085808
2018-09-24,64.43897247314453,-0.001273497924264546,-0.0012726873698992724,0.0006363687548107897,0.0012745460585875663,-0.00012698289831216113,64.74065704345703,64.74404220581054,64.54797107696533,64.60055409372345,64.69664446564698,31.916183847132416,-0.09609037192353753,-0.05076104653472534,-0.045329325388812194,65.13268254045795,64.34863154645612,0.11522327932690765,0.021307390203344132
2018-09-25,64.38972473144531,-0.0007645461790227045,-0.0007642539880620136,-0.001273497924264546,0.0006363687548107897,-0.002288572103531852,64.70856819152831,64.73673797607422,64.54252105712891,64.56811880721912,64.67390967052094,29.655671926878355,-0.10579086330182008,-0.06176700988814429,-0.04402385341367579,65.10538921659797,64.31174716645866,0.09825281431719236,0.021151913658045755
2018-09-26,64.55390167236328,0.002546493133715184,0.002549738201284679,-0.0007645461790227045,-0.001273497924264546,-0.0015285506998266173,64.68960456848144,64.73320693969727,64.53801219940186,64.56593155570283,64.66502018917593,33.33313084679868,-0.0990886334731016,-0.06923133460513575,-0.029857298867965842,65.07737808384763,64.30183105311525,0.32502299571695736,0.02335624201008205
2018-09-27,64.60315704345703,0.0007627205817678137,0.0007630115270760296,0.002546493133715184,-0.0007645461790227045,0.0012745460585875663,64.67514877319336,64.73131454467773,64.53399017333984,64.57165855381886,64.6604377339375,42.536117796380935,-0.08877918011863528,-0.07314090370783566,-0.015638276410799623,65.05252718804383,64.29777035834289,0.40461599431322665,0.023611423011872815
2018-09-28,64.60315704345703,0.0,0.0,0.0007627205817678137,0.002546493133715184,0.0006363687548107897,64.65823631286621,64.72697158813476,64.5300082397461,64.57650447530166,64.65619471982784,40.31136758232654,-0.07969024452617646,-0.07445077187150381,-0.0052394726546726444,65.01513460646798,64.30133801926443,0.4228361827492593,0.023346075522830943
2018-10-01,64.4822006225586,-0.00187405385841023,-0.001872298915934878,0.0,0.0007627205817678137,-0.001273497924264546,64.63445739746093,64.72315017700195,64.52449935913086,64.56199619026427,64.64330626817826,41.03115008946118,-0.08131007791399725,-0.0758226330800025,-0.005487444833994742,64.97006114560932,64.29885364931255,0.2731599010106693,0.023938542684629735
2018-10-02,64.59742736816406,0.0017853595955659109,0.001786954298907073,-0.00187405385841023,0.0,-0.0007645461790227045,64.6214485168457,64.7257179260254,64.51944622039795,64.56744714071039,64.63990783114018,44.54726622028837,-0.07246069042979286,-0.07515024454996058,0.0026895541201677198,64.94038875862805,64.30250827506336,0.46234224231567245,0.02467454443418362
2018-10-03,64.26826477050781,-0.005108626013154148,-0.0050955991758036,0.0017853595955659109,-0.00187405385841023,0.002546493133715184,64.59115982055664,64.71974227905274,64.51270709991455,64.52141908375614,64.61237871553779,32.40053834033614,-0.09095963178164368,-0.07831212199629721,-0.01264750978534647,64.92385931422129,64.25846032689199,0.014734683704843628,0.03010767709088102
2018-10-04,64.10372924804688,-0.0025634191291858976,-0.0025601363759931717,-0.005108626013154148,0.0017853595955659109,0.0007627205817678137,64.54771842956544,64.71047592163086,64.50566665649414,64.45715910903164,64.57470097720513,31.110725880165162,-0.11754186817348966,-0.0861580712317357,-0.03138379694175396,64.89720049472864,64.19823636440223,-0.13521025222170746,0.0300210465684464
2018-10-05,63.98852157592773,-0.0017988239326500045,-0.0017972070185395816,-0.0025634191291858976,-0.005108626013154148,0.0,64.50877628326415,64.6989054107666,64.4990524482727,64.38506102701565,64.5312802808142,28.975984225963913,-0.14621925379854872,-0.0981703077450983,-0.04804894605345042,64.92281443297308,64.09473813355523,-0.12826904682837623,0.02888947801902551
2018-10-08,63.96382141113281,-0.00038608382660461983,-0.0003860093058347669,-0.0017988239326500045,-0.0025634191291858976,-0.00187405385841023,64.4665491104126,64.68716743469238,64.49295644760132,64.32025493226445,64.48924629046743,31.458925393747847,-0.16899135820298739,-0.11233451783667611,-0.05665684036631127,64.92212066805617,64.01097755276903,-0.0517549228491526,0.028534700861707868
2018-10-09,64.08727264404297,0.0019281564451776748,0.001930016534138268,-0.00038608382660461983,-0.0017988239326500045,0.0017853595955659109,64.43747119903564,64.6793692779541,64.4872773551941,64.2844115033073,64.45947046480636,39.37052275432844,-0.17505896149906164,-0.12487940656915322,-0.050179554929908415,64.91250318423572,63.96243921383556,0.13139476298088765,0.029358278600317245
2018-10-10,64.03791809082031,-0.0007704114293327785,-0.0007701147386437457,0.0019281564451776748,-0.00038608382660461983,-0.005108626013154148,64.40346279144288,64.66960350036621,64.48119096755981,64.24648943984776,64.4282443630296,34.524216463349504,-0.18175492318184183,-0.13625450989169097,-0.045500413290150865,64.89112737330275,63.915798209583,0.12520888924469833,0.029020399185537765
2018-10-11,64.21892547607422,0.0028225785134426973,0.0028265657387112064,-0.0007704114293327785,0.0019281564451776748,-0.0025634191291858976,64.37645282745362,64.66416282653809,64.4756839942932,64.24224883003644,64.41273926029217,40.367168840266,-0.1704904302557253,-0.14310169396449784,-0.027388736291227456,64.84043952432276,63.91246613058448,0.33024583200083907,0.031145044047133107
2018-10-12,64.20249938964844,-0.00025581535997653204,-0.0002557826420173104,0.0028225785134426973,-0.0007704114293327785,-0.0017988239326500045,64.35395755767823,64.65773811340333,64.4690899848938,64.23613353151521,64.39716593654079,42.131770941750474,-0.1610324050255798,-0.14668783617671424,-0.014344568848865563,64.80505841767088,63.90285669768558,0.3321238314284541,0.030805795280589545
2018-10-15,64.18602752685547,-0.0002565940007093809,-0.0002565610832843124,-0.00025581535997653204,0.0028225785134426973,-0.00038608382660461983,64.33104915618897,64.64819923400879,64.46261426925659,64.22842491541371,64.38152605434188,43.07120575915959,-0.15310113892816446,-0.1479704967270043,-0.005130642201160163,64.76634782800282,63.89575048437511,0.3334228442172808,0.030796831482556214
2018-10-16,64.23535919189453,0.000768278068412441,0.0007685732696016689,-0.0002565940007093809,-0.00025581535997653204,0.0019281564451776748,64.31799602508545,64.63850090026855,64.45586259841919,64.22949172717999,64.37069887934578,38.2464220162825,-0.14120715216579072,-0.14661782781476157,0.005410675648970853,64.74803989155997,63.887952158610936,0.40392046064000964,0.03015705051090147
2018-10-17,64.12020874023438,-0.0017942421105264846,-0.0017926334204212413,0.000768278068412441,-0.0002565940007093809,-0.0007704114293327785,64.3041109085083,64.62879173278809,64.44946004867553,64.21267895995759,64.35214405422641,33.006534193105,-0.1394650942688287,-0.145187281105575,0.005722186836746301,64.74116604649738,63.86705577051923,0.28961216527498235,0.030326239896170074
2018-10-18,64.07902526855469,-0.0006424917186878061,-0.0006422853650793758,-0.0017942421105264846,0.000768278068412441,0.0028225785134426973,64.28406009674072,64.61858695983886,64.4425701713562,64.1921168535879,64.33191303306555,32.07686969407615,-0.1397961794776421,-0.14410906077998842,0.004312881302346305,64.72391723614857,63.84420295733286,0.2669302032222901,0.029835967883647323
2018-10-19,64.04610443115234,-0.0005138857334853494,-0.0005137537168266038,-0.0006424917186878061,-0.0017942421105264846,-0.00025581535997653204,64.26031093597412,64.60526710510254,64.43567651748657,64.16965340398244,64.31074202551642,34.13191938259952,-0.1410886215339815,-0.14350497293078704,0.002416351396805544,64.69756632957916,63.82305554236908,0.2550556174325146,0.029629736311314808
2018-10-22,64.02146911621094,-0.0003847236980117339,-0.00038464970133955667,-0.0005138857334853494,-0.0006424917186878061,-0.0002565940007093809,64.23943576812744,64.58883293151855,64.42910196304321,64.14685582124835,64.2893144026049,27.563660572053536,-0.14245858135654998,-0.14329569461593963,0.0008371132593896491,64.68062395896183,63.79824757729305,0.25297769019579286,0.029437397988505008
2018-10-23,64.1119384765625,0.0014121122209211363,0.0014131097208553989,-0.0003847236980117339,-0.0005138857334853494,0.000768278068412441,64.2255464553833,64.5740453338623,64.42293943405151,64.14148392206592,64.27617544512027,42.519167579408546,-0.13469152305435728,-0.14157486030362318,0.006883337249265903,64.6642968029116,63.786796107855,0.3705323204177432,0.030014642206111806
2018-10-24,64.28475189208984,0.0026918687605407806,0.0026954950923925303,0.0014121122209211363,-0.0003847236980117339,-0.0017942421105264846,64.21208896636963,64.56353355407715,64.41860589981079,64.16352514822344,64.27681073748839,58.59455935088926,-0.11328558926494736,-0.13591700609588803,0.022631416830940665,64.62413135699,63.80004657574927,0.5881740900624386,0.030196003907906912
2018-10-25,64.21067810058594,-0.001152940609848588,-0.0011522762291786837,0.0026918687605407806,0.0014121122209211363,-0.0006424917186878061,64.19246501922608,64.55006568908692,64.41386178970338,64.1707794485869,64.27191202364376,60.97622574796395,-0.1011325750568659,-0.1289601198880836,0.027827544831217688,64.56119418499455,63.82373585345761,0.524697098915269,0.03014405469623322
2018-10-26,64.32585144042969,0.0017920722004631101,0.0017936789214922921,-0.001152940609848588,0.0026918687605407806,-0.0005138857334853494,64.17859973907471,64.53824668884278,64.40969354629516,64.19463667810118,64.27590753599827,66.41914990795975,-0.08127085789709554,-0.11942226748988599,0.03815140959279045,64.50014036194518,63.85705911620424,0.728978379217566,0.031042119627912056
2018-10-29,64.26826477050781,-0.0008956346599388802,-0.0008952336989306309,0.0017920722004631101,-0.001152940609848588,-0.0003847236980117339,64.16790294647217,64.5238011932373,64.40527757644654,64.20596407693297,64.2753414052212,58.730100317217314,-0.06937732828822618,-0.10941327964955404,0.04003595136132786,64.45978347780427,63.87602241514007,0.6719227787780309,0.03053880424033761
2018-10-30,64.17778015136719,-0.0014089127331804686,-0.0014079206815950096,-0.0008956346599388802,0.0017920722004631101,0.0014121122209211363,64.14692058563233,64.50590843200683,64.40016794204712,64.20162808838438,64.26811464567646,56.488744159705504,-0.0664865572920803,-0.1008279351780593,0.03434137788597899,64.35792011305988,63.935921058204784,0.5731270968022767,0.029930321064206056
2018-10-31,64.04610443115234,-0.0020538414809452726,-0.0020517337917309586,-0.0014089127331804686,-0.0008956346599388802,0.0026918687605407806,64.13581256866455,64.48603706359863,64.39476167678833,64.17770137188715,64.2516694446006,41.5975488523228,-0.0739680727134413,-0.0954559626851357,0.0214878899716944,64.34327621301883,63.92834892431027,0.28379793290670907,0.025016935594689232
2018-11-01,64.1649169921875,0.0018533912876886275,0.0018551098788979203,-0.0020538414809452726,-0.0014089127331804686,-0.001152940609848588,64.13887195587158,64.46772331237793,64.39059282302857,64.17573454424105,64.24524333701444,48.33821366402634,-0.06950879277339084,-0.09026652870278673,0.020757735929395893,64.34614805382418,63.93159585791898,0.5628269167867987,0.024322851659623064
2018-11-02,63.925724029541016,-0.003734749686120745,-0.0037277841826804936,0.0018533912876886275,-0.0020538414809452726,0.0017920722004631101,64.13573207855225,64.4446257019043,64.38591133117676,64.13727138813336,64.22157524016457,40.38408964722262,-0.08430385203121205,-0.0890739933684718,0.004770141337259753,64.354198351452,63.917265805652505,0.019358191487049176,0.027085940028458468
2018-11-05,63.97520065307617,0.0007736711227984178,0.0007739704834988093,-0.003734749686120745,0.0018533912876886275,-0.0008956346599388802,64.13630104064941,64.4218613433838,64.38171869277954,64.1123374288938,64.20332527075061,40.39047374813655,-0.09098784185681552,-0.08945676306614055,-0.001531078790674975,64.35293377400257,63.91966830729626,0.12817164082350638,0.02720713812207157
2018-11-06,63.96696472167969,-0.00012874459930760284,-0.0001287363120773266,0.0007736711227984178,-0.003734749686120745,-0.0014089127331804686,64.13028564453126,64.40057060241699,64.37664022445679,64.0899723970147,64.18581708193054,43.854184515213085,-0.09584468491583209,-0.09073434743607886,-0.00511033747975323,64.35899533224156,63.901575956820956,0.14295145411933013,0.026245345820608886
2018-11-07,64.02468872070312,0.0009019963628033239,0.0009024032838604867,-0.00012874459930760284,0.0007736711227984178,-0.0020538414809452726,64.12962417602539,64.38240089416504,64.37221239089966,64.07992875450523,64.17388164776554,47.849377944196156,-0.0939528932603082,-0.09137805660092474,-0.0025748366593834615,64.35953206169008,63.89971629036071,0.2717880467238242,0.02634482908983003
2018-11-08,63.91744995117188,-0.0016763639526109725,-0.0016749596393831334,0.0009019963628033239,-0.00012874459930760284,0.0018533912876886275,64.11455039978027,64.3629044342041,64.36636404037476,64.05493201553087,64.15488670727711,45.190821407589745,-0.09995469174624816,-0.09309338362998942,-0.006861308116258735,64.35888518967552,63.870215609885015,0.0966590580635621,0.024718408454489447
2018-11-09,64.07416534423828,0.002448839652828729,0.002451840509690495,-0.0016763639526109725,0.0009019963628033239,-0.003734749686120745,64.10813369750977,64.34555961608886,64.36190229415894,64.05789098917816,64.14890734705202,51.79278732096787,-0.09101635787385476,-0.0926779784787625,0.0016616206049077376,64.34946553802001,63.86680185699953,0.42962314214388025,0.026489568486484122
2018-11-12,64.17314910888672,0.0015436390964688523,0.001544831120571688,0.002448839652828729,-0.0016763639526109725,0.0007736711227984178,64.10748977661133,64.32986701965332,64.35837762832642,64.07562300759486,64.15070303311384,52.070462299160276,-0.07508002551898585,-0.08915838788680716,0.014078362367821312,64.34801389042299,63.86696566279967,0.6364922028707729,0.027111916763281695
2018-11-13,64.14012908935547,-0.0005146781490397728,-0.000514545724960791,0.0015436390964688523,0.002448839652828729,-0.00012874459930760284,64.10272827148438,64.31551750183105,64.35529088973999,64.08554702017341,64.14991977802063,44.59715207551897,-0.06437275784722374,-0.08420126187889049,0.01982850403166675,64.33626293386972,63.86919360909904,0.5800755174608208,0.027005698865161968
2018-11-14,64.18965911865234,0.0007719179225324206,0.0007722159278455987,-0.0005146781490397728,0.0015436390964688523,0.0009019963628033239,64.10620079040527,64.30182991027831,64.35237157821655,64.10156426609325,64.15286343288224,49.20009987863584,-0.05129916678899349,-0.0776208428609111,0.026321676071917613,64.34287414767299,63.86952743313754,0.6763154273268543,0.026366552929058023
2018-11-15,64.19791412353516,0.000128595076388303,0.00012860334508957294,0.0007719179225324206,-0.0005146781490397728,-0.0016763639526109725,64.1121452331543,64.2863370513916,64.3503915977478,64.11638732108432,64.15620052107876,44.69989569834692,-0.039813199994441106,-0.07005931428761711,0.030246114293176002,64.35189682353845,63.872393642770135,0.6788703262477483,0.026238103047508194
2018-11-16,64.33814239501953,0.0021819298166746333,0.0021843119577769077,0.000128595076388303,0.0007719179225324206,0.002448839652828729,64.12674713134766,64.27775260925293,64.3500799369812,64.15050348630513,64.16967769692623,52.70933046199723,-0.01917421062110236,-0.05988229355431416,0.0407080829332118,64.38446298475405,63.86903127794127,0.9101324402005694,0.027140963725002333
2018-11-19,64.33814239501953,0.0,0.0,0.0021819298166746333,0.000128595076388303,0.0015436390964688523,64.14258079528808,64.26834815979004,64.34835805892945,64.17937101072273,64.18215656345166,56.68683629515109,-0.002785552728923335,-0.048462945389236,0.04567739266031266,64.41172107918115,63.87344051139501,0.863307931653125,0.027060103898870876
2018-11-20,64.29686737060547,-0.0006417386045336044,-0.0006415327343559651,0.0,0.0021819298166746333,-0.0005146781490397728,64.15182723999024,64.2609088897705,64.34747732162475,64.19744737378161,64.19065366027786,61.308991315597666,0.0067937135037539065,-0.03741161361063802,0.04420532711439193,64.42911819484122,63.874536285139264,0.7615305838107341,0.026868333881932098
2018-11-21,64.36286926269531,0.0010259914967454564,0.0010265180060704537,-0.0006417386045336044,0.0,0.0007719179225324206,64.15573310852051,64.2538045501709,64.34765195846558,64.22289689515296,64.20341037156804,59.37382583311669,0.019486523584916426,-0.026031986171527133,0.04551850975644356,64.44293135504513,63.86853486199588,0.8606152834868449,0.025382782587700915
2018-11-23,64.35462951660156,-0.000128028375056199,-0.00012802017977353586,0.0010259914967454564,-0.0006417386045336044,0.000128595076388303,64.16293067932129,64.24571464538575,64.34802717208862,64.24316345229889,64.21461178971867,75.9966520076398,0.028551662580213133,-0.015115256421179082,0.04366691900139222,64.46285985844202,63.863001500200575,0.819573503722205,0.024990502966835887
2018-11-26,64.30513763427734,-0.0007693451630039835,-0.0007690492928943415,-0.000128028375056199,0.0010259914967454564,0.0021819298166746333,64.16189498901367,64.23876930236817,64.34896059036255,64.25269794183404,64.22131740783414,69.99764165121444,0.03138053399990781,-0.005816098336961703,0.03719663233686951,64.4595901262077,63.86419985181965,0.740586135557715,0.024352359442074707
2018-11-27,64.3464126586914,0.0006416560972054948,0.0006418620025168131,-0.0007693451630039835,-0.000128028375056199,0.0,64.16580238342286,64.23281364440918,64.35001977920533,64.26711559058133,64.23058372271245,72.11289648487903,0.036531867868873746,0.002653494904205387,0.03387837296466836,64.47132463181744,63.860280135028276,0.79557630617344,0.024227018209917375
2018-11-28,64.37936401367188,0.0005119620413564538,0.0005120931162898579,0.0006416560972054948,-0.0007693451630039835,-0.0006417386045336044,64.17588157653809,64.23047248840332,64.35096181869507,64.28438457874911,64.24160448500574,71.28376522296529,0.04278009374337444,0.010678814672039197,0.03210127907133524,64.49601857371499,63.85574457936118,0.817805250452428,0.023633747333082128
2018-11-29,64.42884826660156,0.000768340069131972,0.0007686353179752192,0.0005119620413564538,0.0006416560972054948,0.0010259914967454564,64.19501876831055,64.2310912322998,64.35319873809814,64.30660976149565,64.25547439475358,82.97422274694986,0.05113536674207353,0.018770125086046065,0.032365241656027464,64.52799322827791,63.86204430834319,0.8511222727321739,0.022212963585655488
2018-11-30,64.45360565185547,0.0003841855086663175,0.0003842593173706277,0.000768340069131972,0.0005119620413564538,-0.000128028375056199,64.20945320129394,64.23056251525878,64.35523700714111,64.32922451385869,64.27015078416854,79.48283221094565,0.05907372969015512,0.026830846006867876,0.032242883683287246,64.56142089105198,63.8574855115359,0.8468392947224372,0.02144743950442002
2018-12-03,64.55447387695312,0.0015637508289500647,0.0015649741248378035,0.0003841855086663175,0.000768340069131972,-0.0007693451630039835,64.24089069366455,64.23123023986817,64.35709480285645,64.36387826202707,64.29121175400444,79.54274095352933,0.07266650802263541,0.035997978410021385,0.03666852961261403,64.5984280791833,63.883353308145814,0.9385320192930366,0.016039375502031203
2018-12-04,64.7115707397461,0.0024305987020849158,0.0024335550018177443,0.0015637508289500647,0.0003841855086663175,0.0006416560972054948,64.27770919799805,64.2366822052002,64.36006038665772,64.41736941244538,64.32234945665196,87.13288516072738,0.09501995579341838,0.047802373886700784,0.04721758190671759,64.67001496692698,63.88540342906911,1.0529634995332382,0.017445600818729125
2018-12-06,64.82737731933594,0.001787981331894631,0.0017895807236016914,0.0024305987020849158,0.0015637508289500647,0.0005119620413564538,64.32072982788085,64.245435256958,64.36481393814087,64.480447551967,64.35975892796189,88.15329420034507,0.12068862400511193,0.062379623910383014,0.05830900009472892,64.7559189699989,63.8855406857628,1.0821003357175343,0.017748224378460027
2018-12-07,64.95965576171875,0.002038392974159748,0.0020404719094406776,0.001787981331894631,0.0024305987020849158,0.000768340069131972,64.36747817993164,64.25355033874511,64.36982580184936,64.5541718919288,64.4041957304624,89.68417370843503,0.14997616146639814,0.07989893142158605,0.07007723004481209,64.86515243254328,63.86980392731999,1.0949449651851002,0.018393556047711358
2018-12-10,65.02579498291016,0.0010176404593021677,0.0010181584310424707,0.002038392974159748,0.001787981331894631,0.0003841855086663175,64.42289543151855,64.26200309753418,64.37432222366333,64.62672929054132,64.45024011953261,88.82121875161518,0.1764891710087113,0.09921697933901111,0.0772721916697002,64.95520174698744,63.890589116049675,1.0663088468718736,0.0160677191714782
2018-12-11,65.0340347290039,0.000126707010504655,0.00012671503817696106,0.0010176404593021677,0.002038392974159748,0.0015637508289500647,64.47088890075683,64.27062065124511,64.37869897842407,64.68939166568941,64.49348416467863,88.92426130447399,0.19590750101077958,0.11855508367336481,0.07735241733741477,65.0424470056326,63.89933079588106,0.9926409261307578,0.015106953899186697
2018-12-12,64.96792602539062,-0.0010170417265721056,-0.001016524714924305,0.000126707010504655,0.0010176404593021677,0.0024305987020849158,64.51062774658203,64.28033515930176,64.38342977523804,64.73224310564345,64.52862800621286,86.52062347929348,0.20361509943059275,0.1355670868248104,0.06804801260578236,65.10508230802279,63.91617318514128,0.8846368658525029,0.016015237995471537
2018-12-13,65.01753997802734,0.0007633769616176329,0.0007636684079668221,-0.0010170417265721056,0.000126707010504655,0.001787981331894631,64.55449829101562,64.28873741149903,64.38800596237182,64.77613493216406,64.56484370782874,86.27581950233781,0.21129122433531222,0.15071191432691078,0.060579310008401444,65.16316124911793,63.945835332913305,0.8803761021168371,0.015451718380018718
2018-12-14,65.07543182373047,0.0008900073343355115,0.0008904035083869832,0.0007633769616176329,-0.0010170417265721056,0.002038392974159748,64.59878692626953,64.30488075256348,64.39232629776001,64.82218060778965,64.60266504974739,87.85712568419872,0.21951555804226075,0.16447264306998077,0.05504291497227998,65.22434264439042,63.97323120814863,0.8809771724993075,0.015466780406498008
2018-12-17,65.19945526123047,0.0019040273646575442,0.0019058411757595373,0.0008900073343355115,0.0007633769616176329,0.0010176404593021677,64.6488639831543,64.32679527282716,64.39787256240845,64.88022286216516,64.64687173207946,93.56001486436269,0.23335113008569408,0.17824834047312346,0.05510278961257062,65.29916253894113,63.99856542736747,0.9233373065160645,0.01589725003975013
2018-12-18,65.29869079589844,0.0015208730053930945,0.0015220301192757635,0.0019040273646575442,0.0008900073343355115,0.000126707010504655,64.69689140319824,64.35299865722656,64.40411680221558,64.94460254427797,64.69515462569568,93.90419776710026,0.2494479185822911,0.19248825609495698,0.05695966248733411,65.39097365603419,64.00280915036228,0.933521668535181,0.015282029982937973
2018-12-19,65.41442108154297,0.0017707529753103325,0.0017723216841554201,0.0015208730053930945,0.0019040273646575442,-0.0010170417265721056,64.75070533752441,64.38201065063477,64.41081861495972,65.01688231924182,64.74843362242511,94.33649025797891,0.268448696816705,0.20768034423930662,0.060768352577398405,65.49289874726783,64.00851192778099,0.947131256694942,0.01543516145474833
2018-12-20,65.32351684570312,-0.0013906330776014648,-0.0013896665954824527,0.0017707529753103325,0.0015208730053930945,0.0007633769616176329,64.80203781127929,64.40673553466797,64.41714654922485,65.06405686177433,64.79103237970496,87.00970800247434,0.27302448206937413,0.22074917180532014,0.05227531026405399,65.55401572100726,64.05005990155132,0.8467382669608476,0.01656917860781138
2018-12-21,65.32351684570312,0.0,0.0,-0.0013906330776014648,0.0017707529753103325,0.0008900073343355115,64.85007019042969,64.43244750976562,64.42311128616333,65.10397378237876,64.8304756734826,86.7380671602838,0.2734981088961632,0.23129895922348878,0.042199149672674435,65.60664354162438,64.093496839235,0.8128887995630729,0.016776010996239255
2018-12-24,65.33838653564453,0.00022760559307335787,0.00022763149719162712,0.0,-0.0013906330776014648,0.0019040273646575442,64.89925804138184,64.45483673095703,64.42955400466919,65.14003728288118,64.8680987003094,85.6992960829413,0.27193858257177794,0.23942688389314662,0.03251169867863132,65.64808419193872,64.15043189082496,0.7932112439824134,0.016578066269180486
2018-12-26,65.19743347167969,-0.0021596082782428558,-0.002157278002081542,0.00022760559307335787,0.0,0.0015208730053930945,64.94387283325196,64.47473541259765,64.43496908187866,65.14886746577325,64.89249386855906,72.45632718117255,0.2563735972141927,0.24281622655735585,0.013557370656836876,65.64868901740694,64.23905664909698,0.679877139691201,0.018855562345208562
2018-12-27,65.33838653564453,0.0021596082782427066,0.0021619419118095173,-0.0021596082782428558,0.00022760559307335787,0.0017707529753103325,64.99347152709962,64.49778259277343,64.44100816726684,65.17802424575345,64.92552295500984,73.08203930001585,0.2525012907436093,0.24475323939460655,0.007748051349002721,65.65982366988638,64.32711938431285,0.7588083585222978,0.019561630610871388
2018-12-28,65.49588775634766,0.002407645819697989,0.002410546526385504,0.0021596082782427066,-0.0021596082782428558,-0.0013906330776014648,65.0492977142334,64.5229931640625,64.44714838027954,65.2269263243064,64.96777219955338,73.68172782101823,0.25915412475302446,0.24763341646629014,0.011520708286734321,65.68541792174112,64.41317750672569,0.8510264544683838,0.020376862538318247
2018-12-31,65.66171264648438,0.0025286369678082237,0.0025318366666562397,0.002407645819697989,0.0021596082782427066,0.0,65.11094093322754,64.5538232421875,64.45407724380493,65.2938165277184,65.01917519562235,75.81149627464217,0.2746413320960528,0.2530349995922427,0.02160633250381011,65.73268367332709,64.48919819312799,0.9429257293528271,0.02121303809048702
2019-01-02,65.79430389404297,0.0020172723320195257,0.002019308394717756,0.0025286369678082237,0.002407645819697989,0.00022760559307335787,65.17797584533692,64.58812881469727,64.46195165634155,65.37081458407603,65.0765921362461,78.02936543654366,0.2942224478299238,0.2612724892397789,0.03294995859014488,65.79033983081285,64.56561185986098,1.003236688737527,0.021428588779189312
2019-01-03,66.05133056640625,0.00389890797695224,0.00390651860649216,0.0020172723320195257,0.0025286369678082237,-0.0021596082782428558,65.25281867980956,64.62823333740235,64.47135347366333,65.47550935058837,65.14879498292464,85.01361054126558,0.3267143676637261,0.27436086492456835,0.05235350273915773,65.90866937008012,64.59696798953901,1.108760422488295,0.02368527621575073
2019-01-04,65.85237884521484,-0.003016622852394194,-0.0030120774174471343,0.00389890797695224,0.0020172723320195257,0.0021596082782427066,65.309859085083,64.66485153198242,64.48016435623168,65.5334892728386,65.20091230605725,74.60536612129988,0.3325769667813461,0.2860040852959239,0.04657288148542216,65.96594260195886,64.65377556820715,0.9134532770425452,0.02737269568078237
2019-01-07,65.75289154052734,-0.0015119048552848647,-0.001510762502921037,-0.003016622852394194,0.00389890797695224,0.002407645819697989,65.35613479614258,64.69767059326172,64.4884778022766,65.56724346786763,65.24179965675873,69.48904789078618,0.3254438111088973,0.2938920304585186,0.031551780650378725,65.99936296780874,64.71290662447643,0.8084105779734756,0.02839797813730364
2019-01-08,65.66999816894531,-0.0012614755733612543,-0.0012606802475133572,-0.0015119048552848647,-0.003016622852394194,0.0025286369678082237,65.3916519165039,64.72537551879883,64.49585180282592,65.58305188341804,65.27351806506884,63.86459789856083,0.3095338183491947,0.2970203880366538,0.012513430312540874,66.02099778563145,64.76230604737636,0.7211393337873785,0.028762178984814226
2019-01-09,65.76116943359375,0.001387361627157028,0.0013883244585128907,-0.0012614755733612543,-0.0015119048552848647,0.0020172723320195257,65.42842063903808,64.75638534545898,64.50360082626342,65.61045458344508,65.30964038866328,63.69205193303277,0.3008141947817933,0.29777914938568173,0.0030350453961115464,66.05368103609953,64.80316024197663,0.7660881739188145,0.028872694813430674
2019-01-10,65.62854766845703,-0.002018754786935803,-0.002016718471994916,0.001387361627157028,-0.0012614755733612543,0.00389890797695224,65.45814628601075,64.78243927001954,64.51088872909546,65.61323813498538,65.33326315012948,56.27661287436935,0.27997498485589745,0.29421831647972485,-0.014243331623827404,66.06057181838105,64.85572075364044,0.6414294159942264,0.03027241437894316
2019-01-11,65.76116943359375,0.002018754786935954,0.0020207938442688977,-0.002018754786935803,0.001387361627157028,-0.003016622852394194,65.4978084564209,64.81229736328125,64.51774961471557,65.63599679630974,65.36495991186757,62.52248476275301,0.271036884442168,0.2895820300722135,-0.0185451456300455,66.0679236522709,64.92769326057089,0.7309717221097712,0.030232432671760606
2019-01-14,65.70313262939453,-0.0008829287807985331,-0.0008825391138737038,0.002018754786935954,-0.002018754786935803,-0.0015119048552848647,65.53208808898925,64.8428044128418,64.52436056137086,65.64632538601509,65.3900097427955,60.51273816717445,0.2563156432195939,0.2829287527016896,-0.02661310948209572,66.0616156220041,65.00256055597441,0.6615067486967499,0.0306808066982888
2019-01-15,65.7114028930664,0.00012586528042605669,0.00012587320179280326,-0.0008829287807985331,0.002018754786935954,-0.0012614755733612543,65.56388664245605,64.87611038208007,64.53020559310913,65.65633731017684,65.41381664281556,60.36787595531541,0.2425206673612763,0.27484713563360696,-0.032326468272330655,66.05277218139193,65.07500110352018,0.6508699264570603,0.030679959851698628
2019-01-16,65.73629760742188,0.00037877748425143567,0.0003788492295009327,0.00012586528042605669,-0.0008829287807985331,0.001387361627157028,65.59072875976562,64.90753799438477,64.53621549606324,65.66863889436839,65.43770412167528,66.01049987759211,0.2309347726931037,0.26606466304550636,-0.03512989035240266,66.05362545333159,65.12783206619966,0.657236862651629,0.030219380678857776
2019-01-17,65.66171264648438,-0.0011352526389675837,-0.0011346084834732428,0.00037877748425143567,0.00012586528042605669,-0.002018754786935803,65.60887985229492,64.94225776672363,64.5422169303894,65.66757331777085,65.45429734573521,60.00094395280235,0.21327597203563187,0.2555069248435315,-0.042230952807899624,66.05158961916176,65.16617008542808,0.5596697861031685,0.03039466156309029
2019-01-18,65.61195373535156,-0.00075809436709335,-0.0007578070861585795,-0.0011352526389675837,0.00037877748425143567,0.002018754786935954,65.61875648498535,64.97499282836914,64.5479695701599,65.65901645893712,65.4659755968179,53.846465034664455,0.19304086211921856,0.24301371229866892,-0.04997285017945036,66.05191039752263,65.18560257244808,0.492147422155391,0.03007032283340655
2019-01-22,65.72798919677734,0.0017669490183249666,0.0017685109925824616,-0.00075809436709335,-0.0011352526389675837,-0.0008829287807985331,65.63898010253907,65.01021331787109,64.55474748611451,65.66962764937408,65.4853840116297,52.271384271049584,0.18424363774437325,0.23125969738780977,-0.047016059643436525,66.05136506023291,65.22659514484522,0.6079199090287366,0.030012414043379784
2019-01-23,65.79430389404297,0.0010084176807880153,0.0010089263048516095,0.0017669490183249666,-0.00075809436709335,0.00012586528042605669,65.66251945495605,65.04560562133788,64.56104742050171,65.68880861009237,65.50826696588254,50.0,0.18054164420982488,0.22111608675221278,-0.0405744425423879,66.05220700047424,65.27283190943787,0.6690898780350731,0.03008823844818014
2019-01-24,65.93521118164062,0.0021393435064058987,0.0021416335344861537,0.0010084176807880153,0.0017669490183249666,0.00037877748425143567,65.69236068725586,65.08596084594727,64.567728099823,65.72671669802287,65.5398924633461,45.45182883098254,0.186824234676763,0.21425771633712284,-0.027433481660359832,66.06871619259455,65.31600518191716,0.8226344386356457,0.03073573990658671
2019-01-25,65.86063385009766,-0.001131710024465408,-0.0011310698821835885,0.0021393435064058987,0.0010084176807880153,-0.0011352526389675837,65.72552070617675,65.12169021606445,64.57460256576537,65.7473193368036,65.56365108458697,50.358235442132724,0.1836682522166342,0.20813982351302512,-0.024471571296390937,66.02785465778858,65.42318675456492,0.7234501669438339,0.029777800417772463
2019-01-28,65.88553619384766,0.0003780351874861741,0.00037810665179272007,-0.001131710024465408,0.0021393435064058987,-0.00075809436709335,65.75287818908691,65.15593795776367,64.5813586616516,65.76858346865653,65.58749442601369,56.15468486710753,0.18108904264283865,0.20272966733898784,-0.02164062469614919,66.00206258066909,65.50369379750474,0.7661844185312751,0.02913013132799004
2019-01-29,66.01817321777344,0.002011119614797284,0.002013143272228124,0.0003780351874861741,-0.001131710024465408,0.0017669490183249666,65.7789924621582,65.19349884033203,64.58938516616821,65.80698189159759,65.61939655873664,65.44240061720876,0.18758533286094803,0.1997008004433799,-0.012115467582431871,66.02421603548801,65.53376888882839,0.9876789624412552,0.028802897620054765
2019-01-30,66.08445739746094,0.001003525591299683,0.00100402929158383,0.002011119614797284,0.0003780351874861741,0.0010084176807880153,65.80012969970703,65.23139480590821,64.59750032424927,65.84967043096117,65.65384550975325,64.66228373702421,0.19582492120791528,0.198925624596287,-0.003100703388371706,66.07399404171635,65.52626535769771,1.019103172884469,0.02779717432831986
2019-01-31,66.39115905761719,0.0046303193951175515,0.004641055888703338,0.001003525591299683,0.002011119614797284,0.0021393435064058987,65.82997245788575,65.27525970458984,64.6071084022522,65.93297637352363,65.70846132811354,79.87054513289146,0.2245150454100866,0.20404350875904692,0.02047153665103968,66.21047847201636,65.44946644375513,1.2374214583883065,0.031245808403405254
2019-02-01,66.20668029785156,-0.002782532199458678,-0.002778664544860976,0.0046303193951175515,0.001003525591299683,-0.001131710024465408,65.83773994445801,65.31263046264648,64.61567258834839,65.97508466957409,65.74536643698303,66.76889853773963,0.22971823259105406,0.20917845352544837,0.020539779065605696,66.24282099801884,65.43265889089717,0.955390779388979,0.030459694291528405
2019-02-04,66.14852905273438,-0.0008787149239422367,-0.0008783289670404315,-0.002782532199458678,0.0046303193951175515,0.0003780351874861741,65.85254745483398,65.34883819580078,64.6249984550476,66.0017684208295,65.77523033444609,66.76314686238364,0.22653808638341388,0.21265038009704149,0.013887706286372398,66.28086631292142,65.42422859674654,0.845515487249422,0.02841912698678881
2019-02-05,66.28980255126953,0.0021334239175014496,0.0021357012855498514,-0.0008787149239422367,-0.002782532199458678,0.002011119614797284,65.8793930053711,65.38869689941406,64.63579965591431,66.04608136397412,65.81334679495153,69.78784936469654,0.23273456902259682,0.21666721788215257,0.016067351140444247,66.34692133411545,65.41186467662675,0.9389140942546479,0.028411080991584778
2019-02-06,66.26483917236328,-0.0003766503967989315,-0.0003765794729430061,0.0021334239175014496,-0.0008787149239422367,0.001003525591299683,65.909135055542,65.42673629760742,64.64728576660156,66.07973641141861,65.8467906747598,68.08128578960282,0.2329457366588059,0.21992292163748323,0.013022815021322687,66.39586393619805,65.42240617488594,0.8654027231154173,0.027890896360226618
2019-02-07,66.31475830078125,0.0007530439332803869,0.0007533275420485985,-0.0003766503967989315,0.0021334239175014496,0.0046303193951175515,65.93681449890137,65.46593887329101,64.65918310165405,66.1158936251667,65.88145494335399,72.72403869638629,0.2344386818127191,0.2228260736725304,0.01161260814018869,66.45033939208433,65.42328960571841,0.8679897575532182,0.02769863151617227
2019-02-08,66.4144515991211,0.0015022061407966888,0.001503335017639218,0.0007530439332803869,-0.0003766503967989315,-0.002782532199458678,65.97610969543457,65.5081251525879,64.67214572906494,66.1618256211597,65.92093617711451,76.98670484341888,0.2408894440451803,0.2264387477470604,0.014450696298119903,66.51017821793654,65.4420411729326,0.9103798344386652,0.026376562383388095
2019-02-11,66.38953399658203,-0.0003752538407592469,-0.00037518344184284125,0.0015022061407966888,0.0007530439332803869,-0.0008787149239422367,66.00752792358398,65.5489875793457,64.68542892456054,66.19685767891698,65.9556471267047,73.69902700338909,0.24121055221228005,0.22939310864010437,0.011817443572175679,66.56190132470277,65.45315452246518,0.8445386018044123,0.026029503742112724
2019-02-12,66.38123321533203,-0.0001250392904270107,-0.00012503147334075315,-0.0003752538407592469,0.0015022061407966888,0.0021334239175014496,66.04143295288085,65.5890249633789,64.69802282333374,66.22522314605776,65.98717202215859,71.93787927179815,0.23805112389916872,0.23112471169191723,0.006926412207251487,66.6003463728017,65.48251953296001,0.8039829160832309,0.02564103542793936
2019-02-13,66.2815170288086,-0.0015033037551108574,-0.0015021743600329707,-0.0001250392904270107,-0.0003752538407592469,-0.0003766503967989315,66.06993865966797,65.62607833862305,64.70963251113892,66.23388374340404,66.00897535598452,63.355243413735685,0.2249083874195179,0.2298814468374374,-0.004973059417919479,66.61598550917915,65.52389181015678,0.6937364617431887,0.02660174204146014
2019-02-14,66.39784240722656,0.0017534816073558465,0.0017550198551945506,-0.0015033037551108574,-0.0001250392904270107,0.0007530439332803869,66.1030158996582,65.66496307373046,64.72166193008422,66.25910815322288,66.03778032274319,70.07109099305053,0.2213278304796944,0.2281707235658888,-0.0068428930861944015,66.6440901641692,65.5619416351472,0.7724455097072609,0.027009739621296804
2019-02-15,66.42274475097656,0.0003749771714549847,0.0003750474841828222,0.0017534816073558465,-0.0015033037551108574,0.0015022061407966888,66.14106750488281,65.70232849121093,64.73431091308593,66.28428301441576,66.06629620631603,70.07109099305053,0.21798680809973803,0.22613394047265867,-0.00814713237292064,66.65796837953997,65.62416663022566,0.7724673722796261,0.026319722421587945
2019-02-19,66.4809341430664,0.0008756626798038376,0.0008760461843002609,0.0003749771714549847,0.0017534816073558465,-0.0003752538407592469,66.18451652526855,65.73771575927735,64.7472102355957,66.31453703420817,66.0970101275568,68.30806937476984,0.2175269066513721,0.22441253370840136,-0.0068856270570292755,66.65845357321878,65.71057947731832,0.812718344218772,0.02585604692996305
2019-02-20,66.4560317993164,-0.00037464890017232285,-0.0003745787280367008,0.0008756626798038376,0.0003749771714549847,-0.0001250392904270107,66.22091865539551,65.77028884887696,64.75970094680787,66.33630545960943,66.12360432546492,65.19812515992936,0.21270113414450975,0.22207025379562306,-0.009369119651113311,66.65758752586349,65.78424978492752,0.7692121648938759,0.02575497439718443
2019-02-21,66.32301330566406,-0.00200360739221712,-0.0020016015108159646,-0.00037464890017232285,0.0008756626798038376,-0.0015033037551108574,66.24735412597656,65.79755599975586,64.77132381439209,66.3342605128486,66.13837536103523,46.75110212276847,0.1958851518133713,0.2168332333991727,-0.020948081585801415,66.63673286663983,65.85797538531328,0.5971537115234211,0.027222522531486652
2019-02-22,66.47261047363281,0.002253044595800744,0.0022555846080047903,-0.00200360739221712,-0.00037464890017232285,0.0017534816073558465,66.27422409057617,65.82649230957031,64.78385698318482,66.35554512220003,66.16313351752395,63.11460606516668,0.19241160467608154,0.21194890765455449,-0.019537302978472948,66.64671001316181,65.90173816799053,0.7663005110092879,0.027321677361532327
2019-02-25,66.44771575927734,-0.000374581004306786,-0.00037451085760120684,0.002253044595800744,-0.00200360739221712,0.0003749771714549847,66.30357818603515,65.85476593017579,64.79650907516479,66.36972522021192,66.18421368357976,65.25507465125145,0.1855115366321627,0.20666143345007615,-0.02114989681791346,66.62829720163133,65.97885917043898,0.7219419964943515,0.026885245714354553
2019-02-26,66.53907775878906,0.0013740013044629764,0.0013749456767286894,-0.000374581004306786,0.002253044595800744,0.0008756626798038376,66.33625526428223,65.88618896484375,64.80998304367066,66.39577945691609,66.21049991137303,63.391781226176136,0.18527954554305381,0.2023850558686717,-0.017105510325617884,66.6116293441525,66.06088118441195,0.8682672214508714,0.02708467274904553
2019-02-27,66.40612030029297,-0.00200018511032436,-0.00199818607312352,0.0013740013044629764,-0.000374581004306786,-0.00037464890017232285,66.3556526184082,65.91396057128907,64.82214330673217,66.39737035589714,66.22499031055229,56.80088729580444,0.17238004534485185,0.19638405376390772,-0.024004008419055867,66.58797566317199,66.12332957364441,0.6086153160916105,0.027835959230331022
2019-02-28,66.3313217163086,-0.001127015720134616,-0.0011263808764332417,-0.00200018511032436,0.0013740013044629764,-0.00200360739221712,66.36799583435058,65.93907836914063,64.8336051750183,66.38720902672966,66.23286671097868,50.7786664753775,0.15434231575098067,0.18797570616132234,-0.03363339041034166,66.56286395801413,66.17312771068703,0.4059001612154238,0.028140302635101023
2019-03-01,66.12645721435547,-0.0030932825079666216,-0.0030885032387761857,-0.001127015720134616,-0.00200018511032436,0.002253044595800744,66.3547607421875,65.95761840820313,64.84444801330567,66.34709336328748,66.22498452604363,37.679352438148705,0.12210883724385724,0.17480233237782933,-0.05269349513397209,66.5770339493432,66.13248753503179,-0.013565109248844763,0.02516067084653035
2019-03-04,66.24304962158203,0.0017616207866198506,0.0017631733520611093,-0.0030932825079666216,-0.001127015720134616,-0.000374581004306786,66.35657920837403,65.97650558471679,64.85737506866455,66.33108663379434,66.2263226812687,44.18907303608828,0.1047639525256443,0.16079465640739232,-0.05603070388174802,66.57429992205067,66.13885849469739,0.23927701945573268,0.02412287466263652
2019-03-05,66.29302215576172,0.0007540971431801699,0.0007543815459154501,0.0017616207866198506,-0.0030932825079666216,0.0013740013044629764,66.36380386352539,65.99407760620117,64.87079521179199,66.32523056025086,66.23126338308299,46.61272177561113,0.09396717716786895,0.14742916055948765,-0.0534619833916187,66.56108628857677,66.166521438474,0.32060817696954963,0.024005353235208925
2019-03-06,66.37631225585938,0.001255604566188193,0.001256393167624159,0.0007540971431801699,0.0017616207866198506,-0.00200018511032436,66.36812934875488,66.0151335144043,64.88491571426391,66.33308928265217,66.2420077440294,53.68661543482776,0.0910815386227739,0.1361596361721449,-0.045078097549371005,66.56234992686998,66.17390877063977,0.5210660146929647,0.023212692628443988
2019-03-07,66.56790924072266,0.0028823684904264427,0.0028865265085040726,0.001255604566188193,0.0007540971431801699,-0.001127015720134616,66.38328285217285,66.04002136230469,64.89914243698121,66.36921543004763,66.2661485956363,56.248143019716224,0.10306683441133657,0.12954107581998325,-0.02647424140864668,66.59043310425534,66.17613260009037,0.9456339943923543,0.02518844307812736
2019-03-08,66.65118408203125,0.0012501939485998928,0.0012509757668286436,0.0028823684904264427,0.001255604566188193,-0.0030932825079666216,66.40010414123535,66.06627731323242,64.91378553390503,66.41259522266049,66.29466974277666,58.04754020813624,0.11792547988382296,0.1272179566327512,-0.009292476748928247,66.63641110817112,66.16379717429957,1.0312580159013003,0.025386882453515777
2019-03-11,66.61788177490234,-0.0004997755121632394,-0.0004996506451846461,0.0012501939485998928,0.0028823684904264427,0.0017616207866198506,66.41027565002442,66.09468627929688,64.92818098068237,66.44417776915923,66.31861137478597,54.91054330579417,0.12556639437325146,0.12688764418085127,-0.001321249807599817,66.66590561442119,66.15464568562764,0.906067663796432,0.025072999259094557
2019-03-12,66.77610778808594,0.0023723120945429665,0.0023751282533754914,-0.0004997755121632394,0.0012501939485998928,0.0007540971431801699,66.4296043395996,66.1234407043457,64.94239393234253,66.49524392591718,66.35249999799338,60.47541761342355,0.14274392792380297,0.1300589009294416,0.01268502699436136,66.73268594960977,66.12652272958944,1.0716339049319206,0.026177844544596048
2019-03-13,66.74279022216797,-0.000499068927410414,-0.000498944413227842,0.0023723120945429665,-0.0004997755121632394,0.001255604566188193,66.4476821899414,66.14837875366212,64.95579107284546,66.53332797149422,66.38141038496927,64.6975857076457,0.15191758652494514,0.13443063804854233,0.017486948476402808,66.78030720528946,66.11505717459335,0.9436046878761745,0.026289980351252573
2019-03-14,66.68452453613281,-0.0008733697420851755,-0.0008729884657384668,-0.000499068927410414,0.0023723120945429665,0.0028823684904264427,66.46783256530762,66.16883499145507,64.96820749282837,66.55658898143861,66.40386328505545,57.92666917799618,0.15272569638315758,0.1380896497154654,0.014636046667692193,66.80684035518695,66.12882477542828,0.8195973327077904,0.025816752489873408
2019-03-15,66.8094482421875,0.0018716012404292018,0.0018733537792114952,-0.0008733697420851755,-0.000499068927410414,0.0012501939485998928,66.48841285705566,66.18913787841797,64.97901708602905,66.5954904061692,66.43390661521337,62.5886138797878,0.16158379095583086,0.1427884779635385,0.018795312992292368,66.85811587240082,66.11870984171051,0.9341801010631731,0.025908010034044738
2019-03-18,66.767822265625,-0.0006232494158876795,-0.0006230552363133413,0.0018716012404292018,-0.0008733697420851755,-0.0004997755121632394,66.50566673278809,66.20346771240234,64.99059236526489,66.62200299993162,66.45864110783646,58.24596530214854,0.1633618920951676,0.14690316078986432,0.016458731305303287,66.89419564813085,66.11713781744533,0.8373693983697972,0.026115766094852926
2019-03-19,66.73446655273438,-0.0004997024976866394,-0.0004995776671871122,-0.0006232494158876795,0.0018716012404292018,0.0023723120945429665,66.51834335327149,66.22110946655273,65.00212251663208,66.6393050849782,66.47907262227334,62.75223268520768,0.1602324627048688,0.14956902117286522,0.010663441532003576,66.91980348650834,66.11688322003464,0.7691714339358535,0.02614140351629828
2019-03-20,67.02597045898438,0.004358603698485878,0.004368116227012164,-0.0004997024976866394,-0.0006232494158876795,-0.000499068927410414,66.54684028625488,66.24657104492188,65.01491044998168,66.69879206559453,66.51958357314082,73.09165242179694,0.17920849245371073,0.15549691542903432,0.02371157702467641,67.00638689992783,66.08729367258192,1.021307478364403,0.029911946096360914
2019-03-21,67.04267883300781,0.00024925102472759267,0.0002492820903452486,0.004358603698485878,-0.0004997024976866394,-0.0008733697420851755,66.58282356262207,66.27402465820313,65.02847482681274,66.75169772211964,66.558331370168,84.81201263878019,0.19336635195163865,0.1630708027335552,0.030295549218083445,67.07975755205386,66.08588957319027,0.9626925106406516,0.028520557143242444
2019-03-22,67.40913391113281,0.005451112604111249,0.005465996951550478,0.00024925102472759267,0.004358603698485878,0.0018716012404292018,66.62964973449706,66.3069839477539,65.043586063385,66.85284175119858,66.62135378060984,87.23560796160498,0.23148797058874493,0.17675423630459314,0.05473373428415179,67.24519727191849,66.01410219707564,1.1331632646124064,0.03297946367180201
2019-03-25,67.492431640625,0.0012349410436832367,0.0012357038973680456,0.005451112604111249,0.00024925102472759267,-0.0006232494158876795,66.68188552856445,66.34426162719727,65.06001043319702,66.95124019572573,66.68587806653689,87.50161018687709,0.26536212918884416,0.19447581488144336,0.0708863143074008,67.40102101012496,65.96275004700394,1.063555917378514,0.032778459308574565
2019-03-26,67.5091323852539,0.00024741557380628733,0.0002474461835637598,0.0012349410436832367,0.005451112604111249,-0.0004997024976866394,66.73038825988769,66.37922088623047,65.07570322036743,67.03706976334544,66.74685986792333,86.95855631611698,0.29020989542210884,0.21362263098957646,0.07658726443253239,67.53476879929795,65.92600772047743,0.9840644988360612,0.0327516123104985
2019-03-27,67.6340103149414,0.0018480843753506222,0.0018497931357621678,0.00024741557380628733,0.0012349410436832367,0.004358603698485878,66.79178276062012,66.4178384399414,65.09242807388306,67.12890677128328,66.8125747158506,86.36496122417114,0.3163320554326816,0.2341645158781975,0.08216753955448411,67.6754808112448,65.90808470999545,0.9765358222335814,0.03132428977389149
2019-03-28,67.6673812866211,0.0004932835052375839,0.0004934051895533198,0.0018480843753506222,0.00024741557380628733,0.00024925102472759267,66.85858573913575,66.4569580078125,65.10960485458374,67.21174900441218,66.87589372109287,85.88440047632133,0.3358552833193187,0.25450266936642174,0.08135261395289695,67.79608255275612,65.92108892551538,0.9313590914309279,0.030438085754315433
2019-03-29,67.61738586425781,-0.0007391138809222783,-0.0007388408035403637,0.0004932835052375839,0.0018480843753506222,0.005451112604111249,66.93313217163086,66.49457977294922,65.12657243728637,67.27415467515766,66.93081906503102,84.88366519861324,0.34333561012664404,0.2722692575184662,0.07106635260817784,67.86258003829118,66.00368430497053,0.8680968654463648,0.027218994906463016
2019-04-01,67.3501968383789,-0.003959311852072918,-0.003951484111132109,-0.0007391138809222783,0.0004932835052375839,0.0012349410436832367,66.98848953247071,66.52834945678711,65.14240804672241,67.28585346949939,66.96188408527901,68.62005651814569,0.32396938422037636,0.28260928285884823,0.04136010136152812,67.875808215194,66.10117084974742,0.7038204046364004,0.032482350636864006
2019-04-02,67.38360595703125,0.000495927801990623,0.0004960507945139803,-0.003959311852072918,-0.0007391138809222783,0.00024741557380628733,67.04301872253419,66.5637825012207,65.15771783828735,67.30089231373506,66.99312274244585,70.78304160418863,0.3077695712892137,0.2876413405449213,0.020128230744292375,67.88317059826323,66.20286684680514,0.7026938487767567,0.03250314214711526
2019-04-03,67.291748046875,-0.0013641385995280776,-0.0013632085854061726,0.000495927801990623,-0.003959311852072918,0.0018480843753506222,67.08879051208496,66.59505767822266,65.17252756118775,67.2994855034489,67.01524313536653,69.27361314257486,0.28424236808237424,0.28696154605241186,-0.002719177970037623,67.87395287646565,66.30362814770426,0.6292455828229422,0.03335220570398109
2019-04-04,67.3584976196289,0.0009914512653321234,0.0009919429156068915,-0.0013641385995280776,0.000495927801990623,0.0004932835052375839,67.12831993103028,66.62634155273437,65.18767103195191,67.30856429055352,67.04066939346004,68.09538896348485,0.267894897093484,0.2831482162606263,-0.015253319167142287,67.88204092273529,66.37459893932527,0.6526942271290201,0.03236042673826555
2019-04-05,67.40863037109375,0.0007439908310691399,0.0007442676608961918,0.0009914512653321234,-0.0013641385995280776,-0.0007391138809222783,67.1661922454834,66.65580993652344,65.20253530502319,67.3239590721751,67.06792576217364,71.00178032045768,0.256033310001456,0.27772523500879226,-0.021691925007336244,67.89466316224812,66.43772132871868,0.666402062203844,0.03227329086038127
2019-04-08,67.34184265136719,-0.000991280011082913,-0.0009907888553570832,0.0007439908310691399,0.0009914512653321234,-0.003959311852072918,67.20239028930663,66.68543411254883,65.21779932022095,67.32671039205081,67.0882159021139,69.47921662278684,0.2384944899369117,0.2698790859944162,-0.03138459605750449,67.8867547104069,66.51802586820637,0.6018845791518147,0.032534468836251815
2019-04-09,67.44203186035156,0.0014866648966766775,0.0014877705307687616,-0.000991280011082913,0.0007439908310691399,0.000495927801990623,67.23568649291992,66.71656402587891,65.23340124130249,67.34445215640477,67.114424491613,65.21001840798795,0.23002766479177694,0.26190880175388837,-0.03188113696211142,67.89713994950698,66.57423303633287,0.6559787505657101,0.03202090837899082
2019-04-10,67.53389739990234,0.001361213873304506,0.0013621407454182943,0.0014866648966766775,-0.000991280011082913,-0.0013641385995280776,67.27524185180664,66.74687850952148,65.24925855636597,67.37359757848132,67.14549655889368,67.02217099105863,0.2281010195876405,0.2551472453206388,-0.027046225732998308,67.90651686741697,66.64396683619631,0.7048675630268928,0.03193480922888369
2019-04-11,67.41698455810547,-0.0017326729451454998,-0.0017311727339616167,0.001361213873304506,0.0014866648966766775,0.0009914512653321234,67.31186485290527,66.77352905273438,65.26457223892211,67.3802724984235,67.16560678105752,50.32893685307488,0.21466571736597473,0.247050939729706,-0.03238522236373126,67.88074794216146,66.74298176364908,0.5923913077972124,0.0325956013210641
2019-04-12,67.291748046875,-0.0018593679101540912,-0.0018576403565265798,-0.0017326729451454998,0.001361213873304506,0.0007439908310691399,67.33597984313965,66.79154083251953,65.27872980117797,67.36665335203142,67.17495057852548,41.87696868630721,0.19170277350593778,0.23598130648495236,-0.04427853297901457,67.85378582874823,66.81817385753108,0.45728921884451695,0.03326700730304873
2019-04-15,67.30844116210938,0.00024803999783445306,0.0002480707622982692,-0.0018593679101540912,-0.0017326729451454998,-0.000991280011082913,67.36301078796387,66.81357604980468,65.29219652175904,67.35769763050496,67.18483876990207,41.87660970051078,0.17285886060288647,0.2233568173085392,-0.05049795670565274,67.80713650285499,66.91888507307276,0.43856511340727417,0.0330687468425086
2019-04-16,67.1915054321289,-0.0017388223921932556,-0.0017373115163792363,0.00024803999783445306,-0.0018593679101540912,0.0014866648966766775,67.3858627319336,66.83443557739258,65.30532323837281,67.33212959998556,67.18533259673369,31.97279757316558,0.1467970032518764,0.20804485449720667,-0.061247851245330276,67.72947461367676,67.04225085019044,0.21718483828511645,0.03380187408395781
2019-04-17,67.1915054321289,0.0,0.0,-0.0017388223921932556,0.00024803999783445306,0.001361213873304506,67.39413948059082,66.85246963500977,65.31853120803834,67.310495112623,67.1857898438,30.071440438611063,0.12470526882300703,0.19137693736236674,-0.06667166853935971,67.70793142156568,67.08034753961597,0.1771203749968893,0.030289579928062915
2019-04-18,67.28337097167969,0.0013662857523757317,0.001367219545982179,0.0,-0.0017388223921932556,-0.0017326729451454998,67.40617408752442,66.8728402709961,65.33239877700805,67.30632216786249,67.19301807549479,36.48615278240792,0.11330409236769867,0.17576236836343315,-0.062458275995734475,67.67899907713247,67.13334909791637,0.2749415916387394,0.030609010950072593
2019-04-22,67.21659088134766,-0.0009930128588812443,-0.0009925199847692356,0.0013662857523757317,0.0,-0.0018593679101540912,67.39654693603515,66.89087692260742,65.34527898788453,67.29251735455252,67.19476420926168,43.54819694357251,0.097753145290838,0.16016052374891412,-0.06240737845807612,67.68221822178234,67.11087565028797,0.1850295012730944,0.023642570291424993
2019-04-23,67.3335189819336,0.0017380607141827611,0.0017395720171577977,-0.0009930128588812443,0.0013662857523757317,0.00024803999783445306,67.38860130310059,66.90925827026368,65.35829431533813,67.29882529722653,67.2050423405707,47.76184534402466,0.09378295665582925,0.14688501033029716,-0.05310205367446791,67.67187330606316,67.10532930013801,0.40277485845597444,0.024094620159654415
2019-04-24,67.50885772705078,0.002600648968373768,0.002604033589336474,0.0017380607141827611,-0.0009930128588812443,-0.0017388223921932556,67.38858757019042,66.93164474487304,65.37181859970093,67.33113797873796,67.22754718401367,59.02806418659543,0.10359079472428334,0.13822616720909442,-0.03463537248481108,67.67183499536046,67.10534014502039,0.7123058255307347,0.025944702877355806
2019-04-25,67.4921646118164,-0.00024730353933991663,-0.0002472729623402836,0.002600648968373768,0.0017380607141827611,0.0,67.38149528503418,66.95386337280273,65.38554552078247,67.35591130690386,67.24714847496202,55.79971133856808,0.10876283194184566,0.13233350015564468,-0.023570668213799023,67.64530467120338,67.11768589886498,0.7097524435905574,0.02501432725822086
2019-04-26,67.64242553710938,0.002223871579511392,0.0022263462159970437,-0.00024730353933991663,0.002600648968373768,0.0013662857523757317,67.3802474975586,66.98108154296875,65.40022813796998,67.39999041924317,67.2764282573433,59.33323587100862,0.12356216189986924,0.1305792325044896,-0.007017070604620368,67.63854180711962,67.12195318799758,1.0075180324265618,0.026285288286199544
2019-04-29,67.50048065185547,-0.0021006642739083555,-0.002098459422866683,0.002223871579511392,-0.00024730353933991663,-0.0009930128588812443,67.37440223693848,67.00313430786133,65.41403749465942,67.41545045502968,67.29302473101086,55.97441629266106,0.12242572401882512,0.12894853080735671,-0.006522806788531593,67.61476986290786,67.1340346109691,0.7622616386223497,0.027208507862147
2019-04-30,67.60067749023438,0.0014832864222244736,0.0014843870356373579,-0.0021006642739083555,0.002223871579511392,0.0017380607141827611,67.38692626953124,67.02669296264648,65.42810266494752,67.44394692198425,67.31581382428668,55.97466928708524,0.12813309769757097,0.12878544418539958,-0.0006523464878286089,67.64725658208137,67.12659595698112,0.9105384782303729,0.023546032684827363
2019-05-01,67.60487365722656,6.207092767907644e-05,6.207285411896635e-05,0.0014832864222244736,-0.0021006642739083555,0.002600648968373768,67.39798965454102,67.04917175292968,65.44190298080444,67.46870488125231,67.3372256637637,52.861986008478596,0.1314792174886037,0.1293241988460404,0.002155018642563289,67.67593643468905,67.120042874393,0.8721647766082405,0.023520544911131588
2019-05-02,67.45420837402344,-0.0022311027653360237,-0.0022286157055337874,6.207092767907644e-05,0.0014832864222244736,-0.00024730353933991663,67.40611267089844,67.06913528442382,65.45539934158325,67.46647464937095,67.34589104970887,51.461207180549984,0.12058359966208343,0.12757607900924903,-0.006992479347165598,67.68045861353694,67.13176672825993,0.587655211268012,0.024450516645835713
2019-05-03,67.57975769042969,0.0018595225518831945,0.0018612525360923726,-0.0022311027653360237,6.207092767907644e-05,0.002223871579511392,67.41717567443848,67.09427017211914,65.46964586257934,67.48390280953383,67.36321450457709,61.30293666762479,0.12068830495674376,0.12619852419874797,-0.005510219242004205,67.70111401315027,67.13323733572669,0.7862981038926062,0.025047476203911668
2019-05-06,67.66346740722656,0.0012379138019871865,0.001238680333545128,0.0018595225518831945,-0.0022311027653360237,-0.0021006642739083555,67.42991752624512,67.11808731079101,65.48447431564331,67.51152813225579,67.3854554603289,63.23673311487347,0.12607267192689164,0.12617335374437672,-0.00010068181748507099,67.73437188047164,67.1254631720186,0.8835548379243666,0.0252596386993422
2019-05-07,67.76392364501953,0.0014835441403246313,0.0014846451363241808,0.0012379138019871865,0.0018595225518831945,0.0014832864222244736,67.45102157592774,67.14441146850587,65.49919240951539,67.55035821114252,67.41349014067636,71.60745553405216,0.13686807046616423,0.12831229708873423,0.008555773377429993,67.7866857066547,67.11535744520079,0.9660939916548922,0.025253912381053772
2019-05-08,67.71367645263672,-0.0007417786357386899,-0.0007415035859793528,0.0014835441403246313,0.0012379138019871865,6.207092767907644e-05,67.464603805542,67.16790344238281,65.51439443588256,67.57548409444932,67.43572616378454,68.99035526797704,0.1397579306647856,0.13060142380394452,0.009156506860841074,67.82013207702605,67.10907553405795,0.8502852896269557,0.02511808321116009
2019-05-09,67.78064727783203,0.0009885407566188724,0.0009890295240748692,-0.0007417786357386899,0.0014835441403246313,-0.0022311027653360237,67.47694129943848,67.19539398193359,65.53095247268676,67.60704766112359,67.46127587593621,68.4184945094072,0.1457717851873781,0.13363549608063124,0.012136289106746856,67.8587484346068,67.09513416427016,0.8977217165672743,0.024923853321383145
2019-05-10,67.77226257324219,-0.0001237111709331618,-0.00012370351902180055,0.0009885407566188724,-0.0007417786357386899,0.0018595225518831945,67.49470520019531,67.22421279907226,65.54697854995727,67.63246533991106,67.48431192758851,71.51194730779454,0.1481534123225572,0.13653907932901643,0.011614332993540755,67.8972622875463,67.09214811284433,0.8447428722138929,0.02391827410727438
2019-05-13,67.9145736694336,0.0020976411907604646,0.002099842779154759,-0.0001237111709331618,0.0009885407566188724,0.0012379138019871865,67.52584648132324,67.25997512817383,65.56371618270875,67.67586662137606,67.51618316772519,72.06103862999096,0.1596834536508709,0.14116795419338735,0.018515499457483542,67.95759941464677,67.09409354799972,0.9501731871489904,0.023379915316640902
2019-05-14,67.95641326904297,0.0006158724813089837,0.0006160621697048896,0.0020976411907604646,-0.0001237111709331618,0.0014835441403246313,67.55824508666993,67.29424240112304,65.58066301345825,67.71902764409404,67.54879280485984,68.90931830782522,0.17023483923419747,0.14698133120154938,0.023253508032648085,68.01766797902746,67.09882219431239,0.9333351569942822,0.02337200734494353
2019-05-15,68.05684661865234,0.0014768173036360211,0.0014779083353289035,0.0006158724813089837,0.0020976411907604646,-0.0007417786357386899,67.6015121459961,67.32951889038085,65.5981936454773,67.7709997940261,67.58642642069633,72.28129327473056,0.1845733733297692,0.15449973962719335,0.030073633702575847,68.0781769552108,67.1248473367814,0.9776254339043918,0.022076166209324562
2019-05-16,67.95641326904297,-0.0014768173036360393,-0.0014757273455842101,0.0014768173036360211,0.0006158724813089837,0.0009885407566188724,67.6397575378418,67.36112091064453,65.61558980941773,67.79952494402869,67.6138328539072,62.89648343246072,0.18569209012149201,0.16073820972605307,0.024953880395438943,68.10038399191386,67.17913108376975,0.8437229108335489,0.023235800513144323
2019-05-17,67.97317504882812,0.0002466244484007222,0.0002466548627102494,-0.0014768173036360393,0.0014768173036360211,-0.0001237111709331618,67.67424774169922,67.38922622680664,65.63282464981079,67.82624034476707,67.64045079427171,71.64043562392159,0.1857895504953575,0.16574847787991398,0.020041072615443523,68.12572574425384,67.2227697391446,0.8310541216155265,0.0230635852133871
2019-05-20,67.88947296142578,-0.0012321576123824423,-0.0012313988178750401,0.0002466244484007222,-0.0014768173036360393,0.0020976411907604646,67.70789184570313,67.41399200439453,65.64981721878051,67.83596843963764,67.65889688072757,63.42409691536219,0.17707155891007176,0.16801309408594553,0.009058464824126228,68.11375348039641,67.30203021100985,0.7236983003578001,0.023284847514279332
2019-05-21,67.85597229003906,-0.0004935807902030909,-0.0004934589992435789,-0.0012321576123824423,0.0002466244484007222,0.0006158724813089837,67.7340145111084,67.43875381469726,65.66647840499878,67.83904595508402,67.67349505919509,61.36228681902921,0.16555089588892713,0.16752065444654185,-0.0019697585576147203,68.10409624315105,67.36393277906575,0.6647714117872335,0.02305492121866761
2019-05-22,67.98155212402344,0.0018489717079676396,0.0018506821101553772,-0.0004935807902030909,-0.0012321576123824423,0.0014768173036360211,67.75764923095703,67.46286270141601,65.683071308136,67.8609699810747,67.69631410103423,74.4167808848257,0.1646558800404705,0.16694769956532757,-0.002291819524857075,68.12756233956337,67.38773612235069,0.8026425501788387,0.022237343521912447
2019-05-23,68.22423553466797,0.0035634853940386376,0.0035698421566161542,0.0018489717079676396,-0.0004935807902030909,-0.0014768173036360393,67.79425277709962,67.49249160766601,65.70059110641479,67.91685698931983,67.7354193924145,76.92023327703241,0.1814375969053259,0.16984567903332726,0.011591917871998647,68.19697872979283,67.3915268244064,1.033840387852903,0.024843758469786467
2019-05-24,68.22423553466797,0.0,0.0,0.0035634853940386376,0.0018489717079676396,0.0002466244484007222,67.82334327697754,67.52328582763671,65.71868394851684,67.96414599629647,67.77162799554438,75.1848577674527,0.19251800075208791,0.1743801433770794,0.018137857375008504,68.2623139471307,67.38437260682437,0.9566276119889152,0.024086492552388233
2019-05-28,68.3665542602539,0.0020838707690527414,0.0020860435367373587,0.0,0.0035634853940386376,-0.0012321576123824423,67.86664695739746,67.55442794799805,65.73757040023804,68.02605495998222,67.81569660774508,76.08414239482201,0.21035835223713661,0.18157578514909087,0.028782567088045746,68.34096334233648,67.39233057245845,1.026976632823592,0.022805306002006687
2019-05-29,68.34982299804688,-0.0002447587132731951,-0.00024472876230297036,0.0020838707690527414,0.0,-0.0004935807902030909,67.90410423278809,67.58606796264648,65.75575902938843,68.07586542737678,67.85526152554522,78.35760490283437,0.22060390183156642,0.189381408485586,0.03122249334598043,68.40741841447272,67.40079005110346,0.942783833118844,0.02278015275381885
2019-05-30,68.53395080566406,0.002690281156845186,0.0026939032105826044,-0.0002447587132731951,0.0020838707690527414,0.0018489717079676396,67.95055809020997,67.62205764770508,65.7742128944397,68.14634010095945,67.90553480555401,80.40437757508946,0.24080529540543694,0.1996661858695562,0.041139109535880736,68.50635113891141,67.39476504150852,1.0248290859494678,0.023914008587057715
2019-05-31,68.83527374267578,0.0043870586192966,0.004396695848837728,0.002690281156845186,-0.0002447587132731951,0.0035634853940386376,68.01961135864258,67.65824371337891,65.7941326713562,68.25232989199273,67.97440435645193,84.69933107202804,0.27792553554080257,0.21531805580380547,0.0626074797369971,68.65344593012207,67.38577678716308,1.1434347546941812,0.024744069211692813
2019-06-03,69.03075408935547,0.0028358034354725504,0.0028398281295494154,0.0043870586192966,0.002690281156845186,0.0,68.09216117858887,67.69800521850586,65.81523473739624,68.37208746081777,68.05265248481516,85.21262359317987,0.3194349760026114,0.23614143984356667,0.08329353615904472,68.83653850211576,67.34778385506198,1.1304550670078914,0.02542029371552797
2019-06-04,68.91332244873047,-0.001702598211392502,-0.001701149613301256,0.0028358034354725504,0.0043870586192966,0.0020838707690527414,68.15465393066407,67.72808898925781,65.8353809928894,68.45535438203511,68.11640581547556,78.81376179667902,0.3389485665595515,0.25670286518676366,0.08224570137278786,68.95523059120931,67.35407727011882,0.9738262776419789,0.02722923627664581
2019-06-05,68.91332244873047,0.0,0.0,-0.001702598211392502,0.0028358034354725504,-0.0002447587132731951,68.21212387084961,67.75650680541992,65.85536359786987,68.52581100768056,68.17543667719815,77.44984888645456,0.35037433048240985,0.2754371582458929,0.07493717223651697,69.05832107113139,67.36592667056783,0.9143233856407019,0.027327548574143355
2019-06-06,68.89651489257812,-0.0002439238962898202,-0.000243894149274948,0.0,-0.001702598211392502,0.002690281156845186,68.27126579284668,67.78425445556641,65.87489347457885,68.58284237458788,68.22884987833741,81.8365965450778,0.3539924962504699,0.29114822584680833,0.06284427040366158,69.13591929649712,67.40661228919623,0.8615604962518136,0.02700028986041795
2019-06-07,69.08110809326172,0.002675699244846174,0.0026792821229260078,-0.0002439238962898202,0.0,0.0043870586192966,68.33628883361817,67.81319641113281,65.89493692398071,68.65949863899924,68.29198011647995,83.69053308525002,0.3675185225192905,0.30642228518130477,0.06109623733798575,69.24029163917663,67.4322860280597,0.9119562766088013,0.02775556836679517
2019-06-10,68.93843841552734,-0.0020673843982004694,-0.0020652488310084482,0.002675699244846174,-0.0002439238962898202,0.0028358034354725504,68.39459762573242,67.83861755371093,65.91443075180054,68.7024124507728,68.3398659164094,80.7931090088153,0.36254653436340334,0.31764713501772446,0.04489939934567888,69.29585526002565,67.49333999143919,0.8017121681423589,0.02955238417548702
2019-06-11,68.88814544677734,-0.000729800733252657,-0.0007295344934687975,-0.0020673843982004694,0.002675699244846174,-0.001702598211392502,68.4432762145996,67.86403274536133,65.93346845626832,68.73098675785042,68.38047921495517,80.00434688111281,0.3505075428952438,0.3242192165932284,0.026288326302015386,69.34052753053723,67.54602489866198,0.7479067036601952,0.029677036442348325
2019-06-12,69.00559997558594,0.0017035516274376968,0.0017050034958385751,-0.000729800733252657,-0.0020673843982004694,0.0,68.49573554992676,67.89714080810546,65.95309343338013,68.77323494519435,68.42678445648338,79.9094409583571,0.34645048871097117,0.32866547101677696,0.017785017694194216,69.39581361507034,67.59565748478319,0.7832334468554367,0.029880910601213877
2019-06-13,69.12305450439453,0.001700654474041233,0.0017021014069893425,0.0017035516274376968,-0.000729800733252657,-0.0002439238962898202,68.54904594421387,67.93192977905274,65.97314161300659,68.82705333891745,68.47836001558791,78.32379670144732,0.3486933233295417,0.3326710414793299,0.016022281850211817,69.46581752223648,67.63227436619127,0.8130597489828078,0.02996198106743611
2019-06-14,69.13146209716797,0.00012162485523745849,0.00012163225184003146,0.001700654474041233,0.0017035516274376968,0.002675699244846174,68.60779838562011,67.96872406005859,65.99364141464234,68.87388545557138,68.5267379475568,78.43805004974362,0.3471475080145865,0.3355663347863812,0.011581173228205288,69.51521707270075,67.70037969853948,0.7885458052625052,0.0288849330411156
2019-06-17,69.13146209716797,0.0,0.0,0.00012162485523745849,0.001700654474041233,-0.0020673843982004694,68.66571273803712,68.00418334960938,66.01463285446167,68.91351263120163,68.57153232900947,76.32576752197797,0.34198030219215525,0.33684912826753605,0.005131173924619203,69.55014971728886,67.78127575878537,0.7633027395150803,0.02896722205485392
2019-06-18,69.29084014892578,0.0023027809767766443,0.0023054344132602544,0.0,0.00012162485523745849,-0.000729800733252657,68.73578109741212,68.04182754516602,66.0366256904602,68.9715630185438,68.62481438974402,79.49118905865194,0.3467486287997872,0.3388290283739863,0.007919600425800866,69.58252486007156,67.88903733475267,0.8277609331129544,0.028315881702423322
2019-06-19,69.5257797241211,0.0033848943985047603,0.0033906296227663724,0.0023027809767766443,0.0,0.0017035516274376968,68.81927146911622,68.0855062866211,66.05954755783081,69.05682712709415,68.69155256266083,80.1242034526706,0.36527456443332085,0.34411813558585325,0.0211564288474676,69.62924257937904,68.0093003588534,0.9361317620178004,0.028904023684105447
2019-06-20,69.63481140136719,0.0015669910378293917,0.0015682194098178837,0.0033848943985047603,0.0023027809767766443,0.001700654474041233,68.9019344329834,68.12936187744141,66.08293272018433,69.14574778467463,68.76142358775019,77.49552660163404,0.38432419692443887,0.3521593478535704,0.03216484907086847,69.6890572503222,68.1148116156446,0.9655416869133544,0.028839317236819265
2019-06-21,69.44184875488281,-0.002774912340970669,-0.0027710658304530567,0.0015669910378293917,0.0033848943985047603,0.00012162485523745849,68.96281509399414,68.16752090454102,66.1058539390564,69.19130178009127,68.81182545198223,64.16177375013798,0.3794763281090354,0.3576227439046634,0.021853584204372,69.71689503475072,68.20873515323755,0.8176279032220716,0.03067195927323515
2019-06-24,69.56771087646484,0.0018108417336072092,0.0018124822976171018,-0.002774912340970669,0.0015669910378293917,0.0,69.02998886108398,68.21053543090821,66.12932229995728,69.24921087184104,68.86781696490686,72.41280193994126,0.3813939069341785,0.36237697651056644,0.019016930423612077,69.74540945706626,68.3145682651017,0.8758083135994755,0.030652892664143793
2019-06-25,69.59288787841797,0.000361840958620284,0.00036190643095657116,0.0018108417336072092,-0.002774912340970669,0.0023027809767766443,69.09130554199218,68.25655822753906,66.15242395401,69.30208425746827,68.92152592146324,72.88051128715719,0.38055833600502353,0.36601324840945787,0.014545087595565664,69.77690042244252,68.40571066154185,0.865800818186037,0.030435390816506196
2019-06-26,69.4334487915039,-0.002293654003001465,-0.0022910255886005038,0.000361840958620284,0.0018108417336072092,0.0033848943985047603,69.14548683166504,68.29905838012695,66.17575437545776,69.32229418578144,68.95944613405885,66.49401662127767,0.3628480517225938,0.36538020907208507,-0.0025321573494912486,69.75094359924185,68.54003006408823,0.7378055505031041,0.032261790988049814
2019-06-27,69.63481140136719,0.0028958836517446436,0.0029000807732875167,-0.002293654003001465,0.000361840958620284,0.0015669910378293917,69.20052986145019,68.34792449951172,66.19988660812378,69.37037375741002,69.0094731908965,66.83570026770097,0.3609005665135214,0.36448428056037235,-0.0035837140468509276,69.77105363438163,68.63000608851875,0.8805989868621868,0.03243052336902699
2019-06-28,69.69355773925781,0.0008432789637067129,0.000843634623378442,0.0028958836517446436,-0.002293654003001465,-0.002774912340970669,69.24344406127929,68.3979655456543,66.22501024246216,69.42009437000199,69.06014612040475,74.19465236458572,0.35994824959723815,0.3635770743677455,-0.003628824770507355,69.82725088199332,68.65963724056526,0.8854988174238912,0.02953768322947754
2019-07-01,69.6884994506836,-7.25816317884601e-05,-7.257899780555022e-05,0.0008432789637067129,0.0028958836517446436,0.0018108417336072092,69.27633132934571,68.44606811523437,66.2498623085022,69.46138745933762,69.10669081153652,76.40954634711244,0.35469664780109156,0.3618009890544147,-0.007104341253323154,69.88333436342225,68.66932829526917,0.8395107587599898,0.028426667780000543
2019-07-02,69.82301330566406,0.0019283555027961642,0.0019302159759611026,-7.25816317884601e-05,0.0008432789637067129,0.000361840958620284,69.32181587219239,68.4981965637207,66.27518175125122,69.5170222049263,69.15975173702745,76.67217669259034,0.3572704678988572,0.36089488482330323,-0.003624416924446039,69.95024065462978,68.693391089755,0.8987728105882001,0.02765023392128646
2019-07-03,69.9491958618164,0.0018055461981102412,0.0018071771781025259,0.0019283555027961642,-7.25816317884601e-05,-0.002293654003001465,69.37360954284668,68.55051010131837,66.30166570663452,69.58351045983247,69.21822907960441,76.80429724243774,0.3652813802280548,0.3617721839042536,0.0035091963238012003,70.03038735468479,68.71683173100857,0.938189528174562,0.02782456911735529
2019-07-05,69.62122344970703,-0.004699749666229064,-0.004688723123526417,0.0018055461981102412,0.0019283555027961642,0.0028958836517446436,69.40984497070312,68.59275741577149,66.32655084609985,69.5893124582747,69.24808051442683,63.16119667371944,0.34123194384787325,0.3576641358929776,-0.01643219204510432,70.03499832687814,68.7846916145281,0.6690613006520707,0.03378425230607184
2019-07-08,69.61277770996094,-0.00012131720249517077,-0.00012130984386093946,-0.004699749666229064,0.0018055461981102412,0.0008432789637067129,69.43642845153809,68.63516967773438,66.35213262557983,69.59292249699566,69.27509512150344,62.875791381442795,0.3178273754922145,0.349696783812825,-0.03186940832061047,70.04778751512754,68.82506938794864,0.6442272380713994,0.03286708209890694
2019-07-09,69.52029418945312,-0.0013294256048014112,-0.0013285423100503069,-0.00012131720249517077,-0.004699749666229064,-7.25816317884601e-05,69.46552124023438,68.67272705078125,66.37774454116821,69.58174891121988,69.29325801542565,56.36602247952078,0.2884908957942258,0.3374556062091052,-0.048964710414879375,70.03073589455958,68.90030658590918,0.5484532281670372,0.032235586800896616
2019-07-10,69.57916259765625,0.0008464218779489283,0.0008467801940350572,-0.0013294256048014112,-0.00012131720249517077,0.0019283555027961642,69.50007209777831,68.71430068969727,66.40324014663696,69.58135101682547,69.31443613262792,51.64143250585304,0.26691488419754705,0.3233474618067936,-0.056432577609246526,69.99704132102524,69.0031028745314,0.5795728348741617,0.03197425026996192
2019-07-11,69.35212707519531,-0.0032683166634811024,-0.003262981530458786,0.0008464218779489283,-0.0013294256048014112,0.0018055461981102412,69.51739845275878,68.74932968139649,66.42739534378052,69.5460857950362,69.31722805429959,41.89602981575125,0.2288577407366148,0.30444951759275785,-0.07559177685614304,69.96332231706579,69.07147458845178,0.31468655213114305,0.03427772031498201
2019-07-12,69.4109878540039,0.0008483635203621656,0.0008487234824792189,-0.0032683166634811024,0.0008464218779489283,-0.004699749666229064,69.53179512023925,68.78545196533203,66.45225542068482,69.52530149641585,69.32417322464806,49.04159183422026,0.2011282717677858,0.28378526842776347,-0.08265699665997767,69.94121042240558,69.12237981807293,0.3524636651388906,0.03393123195680999
2019-07-15,69.51193237304688,0.0014532452477036741,0.0014543017202879316,0.0008483635203621656,-0.0032683166634811024,-0.00012131720249517077,69.5508186340332,68.8266064453125,66.47786645889282,69.52324470820524,69.33808130971464,48.24052637405481,0.1851633984906016,0.2640608944403311,-0.0788974959497295,69.9147415129804,69.18689575508601,0.4465734868073882,0.034214404723866075
2019-07-16,69.41938018798828,-0.0013323446967226393,-0.0013314575195795264,0.0014532452477036741,0.0008483635203621656,-0.0013294256048014112,69.56521453857422,68.86339889526367,66.50219385147095,69.50726555124878,69.34410344884603,44.750036935805575,0.16316210240275097,0.24388113603281508,-0.08071903363006411,69.87855332021702,69.25187575693143,0.26728965718614395,0.03467983627216806
2019-07-17,69.629638671875,0.003024237723688568,0.003028815344034097,-0.0013323446967226393,0.0014532452477036741,0.0008464218779489283,69.58215446472168,68.90272232055663,66.52732625961303,69.52609218519127,69.36525420610744,55.75916113109343,0.160837979083837,0.22727250464301949,-0.06643452555918247,69.86850743192913,69.29580149751423,0.5829120222087962,0.03534603360537968
2019-07-18,69.75576782226562,0.001809790393261251,0.0018114290522890375,0.003024237723688568,-0.0013323446967226393,-0.0032683166634811024,69.59365386962891,68.94255920410156,66.55308931350709,69.56142689858733,69.39418114063768,53.71475969108495,0.1672457579496438,0.21526715530434434,-0.04802139735470054,69.88881104950745,69.29849668975037,0.7746230884565053,0.03390228829667792
2019-07-19,69.68008422851562,-0.0010855687410285747,-0.0010849797244414372,0.001809790393261251,0.003024237723688568,0.0008483635203621656,69.59591751098633,68.98188735961914,66.57907873153687,69.57968187242246,69.41535914714716,49.590468063002064,0.1643227252752979,0.20507826929853507,-0.04075554402323717,69.89309126736656,69.2987437546061,0.6416119622312962,0.03375471323720731
2019-07-22,69.75576782226562,0.0010855687410285776,0.001086158184048669,-0.0010855687410285747,0.001809790393261251,0.0014532452477036741,69.61161346435547,69.02138977050781,66.60487043380738,69.60677201855218,69.44057460456335,51.9604747653078,0.16619741398882582,0.19730209823659323,-0.03110468424776741,69.90768274088617,69.31554418782477,0.7434470060509724,0.032243938150615103
2019-07-23,69.69691467285156,-0.0008440591009816362,-0.0008437029833004983,0.0010855687410285776,-0.0010855687410285747,-0.0013323446967226393,69.61807365417481,69.0598828125,66.63201368331909,69.62064011921362,69.45956275776989,46.15542074509658,0.16107736144373064,0.19005715087802072,-0.028979789434290082,69.91574355481467,69.32040375353495,0.6324302835242683,0.0318878788508975
2019-07-24,69.76416778564453,0.0009644714757790217,0.0009649367279549459,-0.0008440591009816362,0.0010855687410285776,0.003024237723688568,69.62663764953614,69.09687469482422,66.66031587600708,69.64272129866453,69.482126093168,44.14847414442063,0.16059520549652007,0.18416476180172062,-0.02356955630520055,69.93103605119055,69.32223924788173,0.7259048263080836,0.0320267675214005
2019-07-25,69.6884994506836,-0.0010852190049390818,-0.001084630367747419,0.0009644714757790217,-0.0008440591009816362,0.001809790393261251,69.63939018249512,69.13151641845702,66.68881576538087,69.64976409128285,69.49741300853952,52.53160922840179,0.15235108274332276,0.17780202599004105,-0.02545094324671829,69.93080406561354,69.3479762993767,0.5842603441932054,0.031090997774613625
2019-07-26,69.6884994506836,0.0,0.0,-0.0010852190049390818,0.0009644714757790217,-0.0010855687410285747,69.64207458496094,69.16414947509766,66.71743915557862,69.6557233773445,69.51156755980945,52.867651732726195,0.1441558175350508,0.171072784299043,-0.02691696676399219,69.9342988601173,69.34985030980458,0.5794336228532284,0.02939293944959857
2019-07-29,69.73051452636719,0.0006027165987904031,0.000602898268936336,0.0,-0.0010852190049390818,0.0010855687410285776,69.6439224243164,69.19963150024414,66.74565536499023,69.66722970796337,69.52778585362853,58.27765627628638,0.13944385433484285,0.16474699830620299,-0.02530314397136013,69.93797905905465,69.34986578957815,0.6472371166320806,0.029317892060280407
2019-07-30,69.7137451171875,-0.00024051774240685348,-0.00024048882033345098,0.0006027165987904031,0.0,-0.0008440591009816362,69.6451847076416,69.23444290161133,66.77403450012207,69.67438592476708,69.54156061389216,55.481052461502124,0.1328253108749209,0.1583626608199466,-0.02553734994502571,69.94026201277961,69.3501074025036,0.6161736405207946,0.02933147726318767
2019-07-31,69.7978286743164,0.0012053991654569283,0.001206125951023873,-0.00024051774240685348,0.0006027165987904031,0.0009644714757790217,69.64392547607422,69.27261001586913,66.80192901611328,69.69337711700544,69.56054343318284,70.54388420393724,0.13283368382259653,0.1532568654204766,-0.020423181597880063,69.93600725375065,69.35184369839779,0.7634590892087173,0.028814712666824758
2019-08-01,70.29768371582031,0.007135948241295064,0.007161469790647468,0.0012053991654569283,-0.00024051774240685348,-0.0010852190049390818,69.66134986877441,69.32144424438476,66.83240493774414,69.78634736297695,69.61514641708192,79.05771990619203,0.17120094589503765,0.1568456815153888,0.014355264379648847,70.05427909005466,69.26842064749415,1.3097308784678574,0.03802816286510616
2019-08-02,70.36509704589844,0.0009585099181794489,0.0009589694356166856,0.007135948241295064,0.0012053991654569283,0.0,69.69854354858398,69.36911514282227,66.86330028533935,69.8753857757341,69.67069831551278,78.5871321348958,0.20468746022132223,0.1664140372565755,0.03827342296474673,70.20103231984213,69.19605477732584,1.163252131630246,0.03326931989465198
2019-08-05,70.66854095458984,0.004303148968358262,0.004312420808479489,0.0009585099181794489,0.007135948241295064,0.0006027165987904031,69.75133171081544,69.4180012512207,66.89546619415283,69.99740964940422,69.74461258507404,86.67293822514895,0.25279706433018134,0.18369064267129667,0.06910642165888467,70.4126157045953,69.09004771703557,1.193506309242186,0.035733717196828094
2019-08-06,70.84555053710938,0.002501654400183206,0.0025047861485250067,0.004303148968358262,0.0009585099181794489,-0.00024051774240685348,69.81759452819824,69.47042755126954,66.9290929031372,70.12789286289731,69.82616354448406,86.4075806864286,0.30172931841325124,0.20729837781968757,0.09443094059356366,70.62977544610779,69.0054136102887,1.13283683859316,0.03535879485290368
2019-08-07,70.84555053710938,0.0,0.0,0.002501654400183206,0.004303148968358262,0.0012053991654569283,69.8809139251709,69.52000747680664,66.96292552947997,70.23830173585301,69.90167369208594,85.2970248097262,0.3366280437670781,0.23316431100916568,0.10346373275791243,70.80462914744304,68.95719870289876,1.0221504359133975,0.03551712450497999
2019-08-08,70.90455627441406,0.0008325318695000371,0.0008328785203495226,0.0,0.002501654400183206,0.007135948241295064,69.95853538513184,69.57110214233398,66.99721778869629,70.34080243409318,69.97596129077691,90.09262867591954,0.36484114331626927,0.2594996774705864,0.10534146584568288,70.95332845135202,68.96374231891166,0.9754862701630632,0.031933168443890714
2019-08-09,70.778076171875,-0.0017854007079509343,-0.001783807828224182,0.0008325318695000371,0.0,0.0009585099181794489,70.02688980102539,69.6159846496582,67.03100082397461,70.40807531682884,70.03537720789528,82.39560567085081,0.37269810893356237,0.2821393637631816,0.09055874517038076,71.05071700588456,69.00306259616622,0.8668521246966348,0.033543879057169775
2019-08-12,71.08997344970703,0.004397012310734816,0.004406693353385727,-0.0017854007079509343,0.0008325318695000371,0.004303148968358262,70.1057918548584,69.66107864379883,67.06589099884033,70.51298272188703,70.11349544802948,88.04312043970515,0.39948727385754523,0.30560894578205433,0.0938783280754909,71.20311013619879,69.008473573518,0.9484485548014573,0.03566103300672413
2019-08-13,70.98042297363281,-0.0015422002126398535,-0.0015410116329797052,0.004397012310734816,-0.0017854007079509343,0.002501654400183206,70.18384399414063,69.70007202148437,67.09936935424804,70.584896606771,70.17771230177789,82.4647792671155,0.407184304993109,0.32592401762426526,0.08126028736884372,71.2975373364892,69.07015065179206,0.8576294071276153,0.035859851493138986
2019-08-14,71.23326873779297,0.0035558605860730027,0.003562190158462153,-0.0015422002126398535,0.004397012310734816,0.0,70.26402549743652,69.74647094726562,67.13448230743408,70.68464616538976,70.25590166740864,87.67051416579224,0.42874449798112835,0.34648811369563787,0.08225638428549048,71.43894348988987,69.08910750498318,0.9124727200460061,0.03628302301223622
2019-08-15,71.57890319824219,0.004840415639700626,0.004852149375897508,0.0035558605860730027,-0.0015422002126398535,0.0008325318695000371,70.35518226623535,69.79978256225586,67.17074756622314,70.82222417044397,70.35390178080371,89.44909870752653,0.46832238964026374,0.3708549688845631,0.09746742075570064,71.64166582486396,69.06869870760673,0.9756069068272119,0.03855064442778776
2019-08-16,71.5030288696289,-0.001060571864368202,-0.0010600096567998651,0.004840415639700626,0.0035558605860730027,-0.0017854007079509343,70.44632949829102,69.85191284179687,67.20692138671875,70.92696335493396,70.43902230590187,86.47354523104553,0.4879410490320879,0.39427218491406807,0.09366886411801983,71.78852548779268,69.10413350878936,0.8936457043543331,0.038530311047943855
2019-08-19,71.27538299560547,-0.003188802339935614,-0.003183723509650238,-0.001060571864368202,0.004840415639700626,0.004397012310734816,70.52231025695801,69.89579833984375,67.24240940093995,70.98056637657574,70.50097494958362,79.56819317764867,0.47959142699211554,0.4113360333296776,0.06825539366243794,71.8719355938083,69.17268492010771,0.7789932576417667,0.04169067456874476
2019-08-20,71.46086883544922,0.002599002592186363,0.002602382927288982,-0.003188802339935614,-0.001060571864368202,-0.0015422002126398535,70.61050796508789,69.94624694824219,67.27948322296143,71.05445906255628,70.57207820038848,80.32374561095995,0.4823808621678012,0.42554499909730237,0.056835863070498815,71.96356362835203,69.25745230182375,0.8142372089518836,0.04137605339897676
2019-08-21,71.42713928222656,-0.0004721117509228247,-0.00047200032370620093,0.002599002592186363,-0.003188802339935614,0.0035558605860730027,70.69365653991699,69.99702682495118,67.31579433441162,71.11179448096709,70.63541605830241,74.81211576752636,0.47637842266468056,0.435711683810778,0.04066673885390254,72.03203179461566,69.35528128521831,0.7740198385073676,0.04181926010000135
2019-08-22,71.29228973388672,-0.001889715918831098,-0.001887931529877207,-0.0004721117509228247,0.002599002592186363,0.004840415639700626,70.77384605407715,70.04276062011719,67.35262716293335,71.13956298141626,70.68407336760495,69.78262214278506,0.45548961381130937,0.4396672698108843,0.015822344000425093,72.04935159221213,69.49834051594217,0.7032306659238906,0.04248882782545251
2019-08-23,71.55357360839844,0.0036582671670462915,0.0036649667935624297,-0.001889715918831098,-0.0004721117509228247,-0.001060571864368202,70.86709976196289,70.09137100219726,67.39051902770996,71.2032569240289,70.74848079284892,69.22903509208149,0.45477613117998317,0.44268904208470405,0.012087089095279113,72.07965825959826,69.65454126432752,0.7830683417642326,0.04316859847500257
2019-08-26,71.51140594482422,-0.0005894896840163279,-0.0005893159691086058,0.0036582671670462915,-0.001889715918831098,-0.003188802339935614,70.95614433288574,70.1389698791504,67.42824123382569,71.25066446568972,70.8049937670693,65.36742721711784,0.4456706986204182,0.44328537339184687,0.0023853252285713222,72.0752268302608,69.83706183551068,0.7480878814747384,0.04363643634236412
2019-08-27,71.75585174560547,0.0034124480629012083,0.0034182770923263384,-0.0005894896840163279,0.0036582671670462915,0.002599002592186363,71.05824966430664,70.19145767211914,67.4668970489502,71.32838558567676,70.87542769140532,68.87889595286092,0.4529578942714352,0.44521987756776454,0.007738016703670636,72.06727294726497,70.04922638134832,0.8456818554540918,0.043895141636157584
2019-08-28,71.78116607666016,0.00035272199048303404,0.0003527842041988194,0.0034124480629012083,-0.0005894896840163279,-0.0004721117509228247,71.15741653442383,70.24126419067383,67.50621562957764,71.39804412275113,70.94251942364642,68.43782595439447,0.45552469910471416,0.4472808418751545,0.00824385722955967,72.0247625936954,70.29007047515226,0.8595736301379953,0.0440605493247136
2019-08-29,71.73902893066406,-0.0005871946760479151,-0.0005870223109930572,0.00035272199048303404,0.0034124480629012083,-0.001889715918831098,71.22948379516602,70.2855291748047,67.54453994750976,71.4505033239685,71.00152012786994,70.95531228163577,0.44898319609856685,0.44762131271983696,0.001361883378729889,72.03324237304531,70.42572521728673,0.8169764836864775,0.03896121889977635
2019-08-30,71.73058319091797,-0.00011773559056801654,-0.0001177286600053673,-0.0005871946760479151,0.00035272199048303404,0.0036582671670462915,71.29775810241699,70.3274446105957,67.58232711791992,71.49359253426843,71.05552479920682,66.10049241436438,0.43806773506160823,0.4457105971881912,-0.007642862126582994,72.02023058613193,70.57528561870205,0.7995443413120726,0.03916858885219215
2019-09-03,71.79647827148438,0.0009182252395454705,0.0009186469374020678,-0.00011773559056801654,-0.0005871946760479151,-0.0005894896840163279,71.35415496826172,70.37453720092773,67.62060886383057,71.54019033999396,71.11041024159775,70.9701451571163,0.4297800983962077,0.44252449742979455,-0.012744399033586873,72.04523136506936,70.6630785714541,0.8200248954138252,0.03712754632334229
2019-09-04,71.9316635131836,0.0018811247384797956,0.0018828951635767588,0.0009182252395454705,-0.00011773559056801654,0.0034124480629012083,71.40846061706543,70.42181625366212,67.65931888580322,71.60041698202313,71.17124381727076,69.10171443834199,0.42917316475237044,0.43985423089430975,-0.01068106614193931,72.10194789419177,70.71497333993909,0.8772260237319744,0.036812507316085284
2019-09-05,71.55992126464844,-0.005181392076549244,-0.005167991818610274,0.0018811247384797956,0.0009182252395454705,0.00035272199048303404,71.44417915344238,70.46115692138672,67.69612892150879,71.5941868716578,71.20003473929873,49.488137462248076,0.39415213235906776,0.4307138111872614,-0.03656167882819361,72.08735354407355,70.8010047628112,0.5899772385934691,0.04240266987561154
2019-09-06,71.64445495605469,0.001180602205825273,0.0011812993909485758,-0.005181392076549244,0.0018811247384797956,-0.0005871946760479151,71.48117408752441,70.50537704467773,67.73266048431397,71.60192042310348,71.23295475535473,53.7959364210854,0.3689656677487534,0.4183641824995598,-0.04939851475080642,72.07703581684264,70.88531235820618,0.6370123809739392,0.04245666004442985
2019-09-09,71.31495666503906,-0.004609684255738581,-0.004599075967815391,0.001180602205825273,-0.005181392076549244,-0.00011773559056801654,71.50801811218261,70.53897994995117,67.76754455566406,71.55777215263203,71.2390289708869,51.007110154978854,0.31874318174511984,0.39843998234867184,-0.079696800603552,72.01176464860824,71.00427157575699,0.30837441730772686,0.0455600435539663
2019-09-10,70.95170593261719,-0.005106628850117636,-0.005093612187525243,-0.004609684255738581,0.001180602205825273,0.0009182252395454705,71.50110473632813,70.56414291381836,67.80081874847411,71.46453119570667,71.21774578286693,38.11743507383759,0.24678541283974198,0.3681090684468859,-0.12132365560714392,72.03206785875821,70.97014161389805,-0.017360604251089717,0.04690969605899636
2019-09-11,70.90949249267578,-0.0005951372419794308,-0.0005949601829375872,-0.005106628850117636,-0.004609684255738581,0.0018811247384797956,71.49755821228027,70.5885627746582,67.83355186462403,71.37914062600962,71.19491220581573,37.967091238636414,0.18422842019388952,0.33133293879628667,-0.14710451860239715,72.04389004122054,70.95122638334,-0.038194635982650674,0.046642502551778514
2019-09-12,70.77433013916016,-0.0019079439276409966,-0.001906124959639044,-0.0005951372419794308,-0.005106628850117636,-0.005181392076549244,71.47461128234863,70.60758911132812,67.86565036773682,71.28609285880201,71.16375797865607,37.9615706524052,0.12233488014594229,0.2895333270662178,-0.16719844692027552,72.10044990410626,70.84877266059101,-0.05947421495160126,0.04504509251342932
2019-09-13,70.36883544921875,-0.005745879424938255,-0.005729403431217195,-0.0019079439276409966,-0.0005951372419794308,0.001180602205825273,71.41410789489746,70.61598190307618,67.89596885681152,71.14497633425074,71.10487482832737,24.194180952824112,0.04010150592337425,0.2396469628376491,-0.19954545691427486,72.20870830408691,70.619507485708,-0.1577346510209769,0.044621974974471054
2019-09-16,70.5546646118164,0.002637307052786192,0.0026407878062975065,-0.005745879424938255,-0.0019079439276409966,-0.004609684255738581,71.36668968200684,70.63465072631836,67.92701011657715,71.05415914618392,71.06411851599323,30.38779621149564,-0.009959369809308782,0.18972569630825753,-0.1996850661175663,72.2474629878862,70.48591637612748,0.03902720213590672,0.04629261740998204
2019-09-17,70.71517944335938,0.0022724580987861453,0.002275042088657031,0.002637307052786192,-0.005745879424938255,-0.005106628850117636,71.33867950439453,70.65669876098633,67.95868919372559,71.00200842267245,71.03827117727961,27.907082211705102,-0.03626275460716499,0.14452800612517303,-0.18079076073233802,72.26607596838387,70.4112830404052,0.1638438438976373,0.04640653870338463
2019-09-18,70.76585388183594,0.0007163425294900839,0.0007165991640756264,0.0022724580987861453,0.002637307052786192,-0.0005951372419794308,71.30392875671387,70.68160995483399,67.99037422180176,70.96567695485145,71.01809211835786,28.675082605030966,-0.05241516350641007,0.10513937219885641,-0.15755453570526648,72.26357250954958,70.34428500387817,0.21964863352262284,0.04526288626561364
2019-09-19,70.86723327636719,0.0014315780850283212,0.00143260328209327,0.0007163425294900839,0.0022724580987861453,-0.0019079439276409966,71.2759334564209,70.7073713684082,68.02244235992431,70.95053177354617,71.00691738932152,32.134012107870106,-0.056385615775340625,0.07283437460401701,-0.12921999037935764,72.25295352310944,70.29891338973236,0.2908435077290986,0.04577365958289355
2019-09-20,71.12065887451172,0.003569682786534292,0.003576061692097232,0.0014315780850283212,0.0007163425294900839,-0.005745879424938255,71.26735191345215,70.74274200439453,68.0552732849121,70.97670517369473,71.0153426845208,38.641155776324084,-0.038637510826077914,0.05053999751799803,-0.08917750834407595,72.24677911568634,70.28792471121795,0.4251128421766302,0.047477265751311594
2019-09-23,71.17137145996094,0.0007127958955561757,0.0007130499949206115,0.003569682786534292,0.0014315780850283212,0.002637307052786192,71.24824180603028,70.77794967651367,68.08757228851319,71.0066538331203,71.02690037159044,38.2921991815085,-0.020246538470146902,0.036382690320369046,-0.05662922879051595,72.2190314223458,70.27745218971477,0.4604083393675493,0.04547702766960581
2019-09-24,71.41635131835938,0.003436201864713039,0.003442112374302919,0.0007127958955561757,0.003569682786534292,0.0022724580987861453,71.24348907470703,70.81603805541992,68.1205171585083,71.06968421546476,71.05574858986962,40.72983203542107,0.01393562559513839,0.031893277375322916,-0.017957651780184526,72.20977419673844,70.27720395267562,0.5894468101138413,0.04730755538716465
2019-09-25,71.07843780517578,-0.004742828122943822,-0.004731598673772153,0.003436201864713039,0.0007127958955561757,0.0007163425294900839,71.20961837768554,70.84921920776367,68.15111106872558,71.07103092157415,71.0574292724849,41.23167041340043,0.013601649089252987,0.02823495171810893,-0.014633302628855944,72.1473524757551,70.27188427961599,0.4300544937099895,0.04820178680615952
2019-09-26,71.19670104980469,0.0016624587094888755,0.0016638413600629232,-0.004742828122943822,0.003436201864713039,0.0014315780850283212,71.18039512634277,70.88056045532227,68.18196559906006,71.09036478745577,71.0677457004345,41.94487907985396,0.022619087021269024,0.02711177877874095,-0.0044926917574719255,72.07873394421038,70.28205630847516,0.5090755977241523,0.04872122897873575
2019-09-27,71.2727279663086,0.001067273509069695,0.0010678432481123767,0.0016624587094888755,-0.004742828122943822,0.003569682786534292,71.157080078125,70.91089965820312,68.21315906524659,71.11842066112544,71.08292957198073,49.16406648805226,0.03549108914471333,0.028787640851935425,0.006703448292777903,72.0177886964714,70.29637145977861,0.5671817881908587,0.048994058004681554
2019-09-30,71.32343292236328,0.000711168630007053,0.0007114215703747373,0.001067273509069695,0.0016624587094888755,0.0007127958955561757,71.13672256469727,70.94376663208008,68.24493659973145,71.14996100900818,71.10074463497203,58.397592562590276,0.04921637403614909,0.03287338748877816,0.01634298654737093,71.9587061320063,70.31473899738823,0.6135730476201965,0.04912896826215601
2019-10-01,71.39282989501953,0.0009725167511515398,0.0009729897989037006,0.000711168630007053,0.001067273509069695,0.003436201864713039,71.11654014587403,70.97650787353516,68.2768130493164,71.18732545300993,71.12238058016072,60.786477062220776,0.06494487284921036,0.0392876845608646,0.025657188288345754,71.88862378598654,70.34445650576151,0.6789247529615071,0.04914697279539178
2019-10-02,71.55370330810547,0.002250820322802853,0.0022533553204502343,0.0009725167511515398,0.000711168630007053,-0.004742828122943822,71.09764213562012,71.01364364624024,68.30920440673827,71.24369127687079,71.15433041186034,67.19567456924123,0.08936086501044826,0.049302320650781335,0.04005854435966693,71.80117910662513,70.39410516461511,0.824120260399295,0.04937974363584299
2019-10-03,71.79072570800781,0.003307036311704081,0.0033125105891689266,0.002250820322802853,0.0009725167511515398,0.0016624587094888755,71.10918235778809,71.0541748046875,68.34216075897217,71.32785042012264,71.20147080416757,83.89137013005906,0.12637961595507363,0.06471777971163979,0.06166183624343384,71.85116825509859,70.36719646047759,0.9592697466960889,0.04731666896542923
2019-10-04,71.90925598144531,0.0016496912376113078,0.0016510527267770136,0.003307036311704081,0.002250820322802853,0.001067273509069695,71.12242240905762,71.09858993530274,68.3752135848999,71.4172974295569,71.25389933581776,83.35744426616967,0.16339809373913283,0.0844538425171384,0.07894425122199443,71.91251562950706,70.33232918860818,0.997937175021013,0.04747975098170111
2019-10-07,71.72297668457031,-0.0025938384143717537,-0.0025904773221832045,0.0016496912376113078,0.003307036311704081,0.000711168630007053,71.14282341003418,71.13927947998047,68.40675636291503,71.46432500725126,71.28864580609573,74.50650815560206,0.17567920115553193,0.10269891424481711,0.07298028691071481,71.97385911666385,70.31178770340452,0.8490543606657959,0.045267774046703235
2019-10-08,71.75686645507812,0.0004723976608345881,0.00047250925818165257,-0.0025938384143717537,0.0016496912376113078,0.0009725167511515398,71.18308143615722,71.17980651855468,68.43892311096191,71.50933138384,71.32332881713147,74.29669145704581,0.1860025667085381,0.1193596447375613,0.06664292197097679,72.05226804196988,70.31389483034457,0.8300700994951672,0.04053890630667032
2019-10-09,71.67221069335938,-0.0011804548036183687,-0.001179758340921211,0.0004723976608345881,-0.0025938384143717537,0.002250820322802853,71.22121734619141,71.21897583007812,68.4706665802002,71.53438973915068,71.34917191907427,69.89883673561762,0.18521782007641718,0.1325312798053325,0.052686540271084686,72.10663904260295,70.33579564977987,0.7546771493152714,0.040813232669986814
2019-10-10,71.45208740234375,-0.003075976162046507,-0.003071250194268349,-0.0011804548036183687,0.0004723976608345881,0.003307036311704081,71.25510520935059,71.25206100463868,68.50123508453369,71.5217278411804,71.35679528820533,58.32997764150473,0.16493255297505982,0.13901153443927797,0.025921018535781853,72.12015647876416,70.39005393993702,0.6138557909560078,0.041935658182728534
2019-10-11,71.18966674804688,-0.0036794408750834527,-0.0036726800270955318,-0.003075976162046507,-0.0011804548036183687,0.0016496912376113078,71.296146774292,71.2699006652832,68.53119625091553,71.47064151915986,71.34441539634174,50.4155979202773,0.1262261228181103,0.13645445211504442,-0.010228329296934124,72.0555939378092,70.53669961077479,0.42989635661289155,0.03835781207747805
2019-10-14,71.30817413330078,0.0016632871325217543,0.001664671161804021,-0.0036794408750834527,-0.003075976162046507,-0.0025938384143717537,71.33382225036621,71.28876220703125,68.5610451889038,71.44564653672,71.3417308583387,47.39282811678306,0.10391567838129845,0.12994669736829523,-0.02603101898699678,72.0084090638617,70.65923543687072,0.48098975806202815,0.037816887149808624
2019-10-15,71.12191009521484,-0.0026155168731347026,-0.0026120993890229594,0.0016632871325217543,-0.0036794408750834527,0.0004723976608345881,71.35415878295899,71.29782958984374,68.58917530059814,71.3958409303346,71.32544783884805,51.13034922196742,0.07039309148655093,0.11803597619194638,-0.04764288470539545,71.97238823281108,70.7359293331069,0.3121662694977491,0.03879926652599039
2019-10-16,71.19813537597656,0.001071181333563415,0.0010717552531938068,-0.0026155168731347026,0.0016632871325217543,-0.0011804548036183687,71.37577285766602,71.3048812866211,68.6168574142456,71.36542469120259,71.31601728604277,50.038128305805245,0.04940740515982611,0.10431026198552233,-0.05490285682569622,71.93479147754006,70.81675423779198,0.341116668234159,0.03887175107977905
2019-10-17,71.19813537597656,0.0,0.0,0.001071181333563415,-0.0026155168731347026,-0.003075976162046507,71.39231796264649,71.31193298339844,68.64387657165527,71.33968787347551,71.30728529270453,47.93360132898792,0.03240258077097735,0.08992872574261333,-0.05752614497163598,71.90568689567918,70.87894902961379,0.3108742327639468,0.03865275565267206
2019-10-18,71.23200225830078,0.00047555782118863216,0.0004756709167363926,0.0,0.001071181333563415,-0.0036794408750834527,71.39788513183593,71.31848190307618,68.66977993011474,71.32312085575633,71.30170877163758,47.44329333856735,0.02141208411875084,0.07622539741784083,-0.05481331329908999,71.90116573560177,70.8946045280701,0.3351984238077885,0.036616880928302876
2019-10-21,71.06265258789062,-0.0023802686130401252,-0.0023774380200076717,0.00047555782118863216,0.0,0.0016632871325217543,71.39244918823242,71.32417343139649,68.69583129882812,71.28304881454622,71.28400090617484,41.25593518275311,-0.0009520916286192005,0.060789899608548824,-0.061741991237168024,71.90822462170371,70.87667375476113,0.18029051119962713,0.037540312494025695
2019-10-22,71.18966674804688,0.0017857591989010764,0.0017873546163951204,-0.0023802686130401252,0.00047555782118863216,-0.0026155168731347026,71.3811149597168,71.32616729736328,68.72301517486572,71.26868234277708,71.27701319075796,40.18318952215186,-0.008330847980872136,0.046965750090664636,-0.05529659807153677,71.90458426227458,70.85764565715901,0.3171352066544647,0.03591396780688767
2019-10-23,71.22350311279297,0.00047518590332401345,0.0004752988220304566,0.0017857591989010764,-0.0023802686130401252,0.001071181333563415,71.38836822509765,71.33102890014648,68.75078269958496,71.2617316920103,71.27304948127906,32.82146075463851,-0.011317789268758816,0.03530904221877995,-0.04662683148753877,71.89801647596495,70.87871997423035,0.33825598143021146,0.031597577180485496
2019-10-24,71.23200225830078,0.00011932351081484723,0.00011933063014812895,0.00047518590332401345,0.0017857591989010764,0.0,71.39013328552247,71.33100357055665,68.7781368637085,71.25715793297807,71.27000894624362,28.024537933288116,-0.012851013265546385,0.025677031121914683,-0.03852804438746107,71.89722469509151,70.88304187595342,0.34408035293274364,0.03105693362394645
2019-10-25,71.11346435546875,-0.0016654963878051376,-0.0016641102183564405,0.00011932351081484723,0.00047518590332401345,0.00047555782118863216,71.38217010498047,71.32169479370117,68.80556144714356,71.23505122874587,71.25841305063066,29.313184252229476,-0.023361821884790857,0.015869260520573577,-0.03923108240536444,71.9018697159643,70.86247049399665,0.2414797473072482,0.03135378782277626
2019-10-28,70.9610824584961,-0.002145098595368102,-0.002142799515587601,-0.0016654963878051376,0.00011932351081484723,-0.0023802686130401252,71.3640525817871,71.31085586547852,68.83156101226807,71.19290218716898,71.23638856232441,25.001797483523077,-0.04348637515542464,0.003998133385373933,-0.047484508540798574,71.91660005311498,70.81150511045924,0.13535248625552118,0.031992137070430596
2019-10-29,70.97801208496094,0.00023854776021483125,0.000238576214994346,-0.002145098595368102,-0.0016654963878051376,0.0017857591989010764,71.34331169128419,71.30490844726563,68.8579354095459,71.15984217144467,71.21724956400118,27.223801990508036,-0.05740739255651306,-0.008282971803003466,-0.04912442075350959,71.92184191684993,70.76478146571844,0.1842864986301946,0.031723681169222286
2019-10-30,71.20657348632812,0.0032149982689112892,0.0032201719187852085,0.00023854776021483125,-0.002145098595368102,0.00047518590332401345,71.32595520019531,71.2998225402832,68.8854112625122,71.16703160450366,71.21645874343281,41.98920608999572,-0.04942713892914696,-0.016511805228232167,-0.032915333700914796,71.89870839451206,70.75320200587856,0.3957825857177466,0.03291085778610794
2019-10-31,71.54522705078125,0.00474465748924229,0.004755931199500019,0.0032149982689112892,0.00023854776021483125,0.00011932351081484723,71.31368026733398,71.3021842956543,68.914455909729,71.2252155193156,71.24081195138454,61.0516680420781,-0.015596432068946342,-0.016328730596375,0.0007322985274286591,71.85410399827741,70.77325653639055,0.714227068677253,0.0352782018770603
2019-11-01,71.4815902709961,-0.000889858072436969,-0.000889462266154939,0.00474465748924229,0.0032149982689112892,-0.0016654963878051376,71.29229698181152,71.30597030639649,68.94355529785156,71.26465778880491,71.25864738246688,55.58054347078869,0.006010406338035068,-0.011860903209492988,0.017871309547528056,71.76282032598066,70.82177363764238,0.7011518573205279,0.034686361098301643
2019-11-04,71.27796173095703,-0.0028527503103046178,-0.002848685084748115,-0.000889858072436969,0.00474465748924229,-0.002145098595368102,71.27004623413086,71.30045806884766,68.97188533782959,71.26670454913601,71.26007807494761,54.96625066770262,0.006626474188394127,-0.008163427729915566,0.014789901918309693,71.69466534773751,70.8454271205242,0.5093207024513555,0.03492498140533442
2019-11-05,71.03190612792969,-0.0034580293260479933,-0.003452057228517491,-0.0028527503103046178,-0.000889858072436969,0.00023854776021483125,71.23379821777344,71.29086807250977,68.99840492248535,71.23058171510426,71.24317644924258,45.2259082343661,-0.012594734138318131,-0.00904968901159608,-0.0035450451267220514,71.6036829847944,70.86391345075248,0.227087855672209,0.03650623023250955
2019-11-06,71.18462371826172,0.002147677899302917,0.0021499858114040205,-0.0034580293260479933,-0.0028527503103046178,0.0032149982689112892,71.20941886901855,71.2794435119629,69.02535652160644,71.22351125405156,71.23883920991067,49.64324132679578,-0.015327955859106623,-0.01030534238109819,-0.005022613478008434,71.51659466264103,70.90224307539607,0.4596401290863045,0.03758825858202744
2019-11-07,70.81980895996094,-0.005138086945745635,-0.005124909555533574,0.002147677899302917,-0.0034580293260479933,0.00474465748924229,71.17780494689941,71.2602163696289,69.04977951049804,71.16140320880685,71.20779993213661,40.73563454910233,-0.046396723329763745,-0.017523618570831304,-0.02887310475893244,71.50902745491479,70.84658243888404,-0.04041615269977613,0.0402000348795706
2019-11-08,70.75196075439453,-0.0009584991541430141,-0.0009580399405590967,-0.005138086945745635,0.002147677899302917,-0.000889858072436969,71.15591964721679,71.24047500610351,69.07423614501953,71.09841206197419,71.17403406711867,42.68311526837981,-0.07562200514448136,-0.02914329588556132,-0.046478709258920045,71.53780910731746,70.77403018711613,-0.02889505344789599,0.03841659041688015
2019-11-11,70.7943344116211,0.0005987250806201847,0.0005989043522576232,-0.0009584991541430141,-0.005138086945745635,-0.0028527503103046178,71.1302276611328,71.22175003051758,69.0987801361084,71.05163088499678,71.14590816671145,40.30323331599217,-0.09427728171466754,-0.042170093051382564,-0.052107188663284974,71.53729646427507,70.72315885799054,0.08742447601134158,0.037873954333732265
2019-11-12,70.8367691040039,0.0005992284547566846,0.000599408027993853,0.0005987250806201847,-0.0009584991541430141,-0.0034580293260479933,71.11597061157227,71.20255584716797,69.12287311553955,71.0185752263825,71.12300897688127,40.55397780212736,-0.1044337504987709,-0.05462282454086023,-0.04981092595791067,71.54371433057419,70.68822689257034,0.17363459103521822,0.03704657376079937
2019-11-13,70.96402740478516,0.0017948888592913082,0.0017965006364759617,0.0005992284547566846,0.0005987250806201847,0.002147677899302917,71.1042652130127,71.183203125,69.14727096557617,71.01018325382907,71.11123256413342,43.813583204170776,-0.10104931030434727,-0.06390812169355764,-0.03714118861078963,71.53534162238617,70.67318880363922,0.3373399643564811,0.03746288436272905
2019-11-14,71.16765594482422,0.0028653523909679623,0.0028694614368143245,0.0017948888592913082,0.0005992284547566846,-0.005138086945745635,71.10274124145508,71.17535781860352,69.17115345001221,71.03440982167447,71.11541207381421,51.20376364677849,-0.08100225213974,-0.06732694778279412,-0.013675304356945875,71.53263424246583,70.67284824044432,0.5755010005007232,0.03897991042980337
2019-11-15,71.14224243164062,-0.00035715735509156063,-0.00035709358199598196,0.0028653523909679623,0.0017948888592913082,-0.0009584991541430141,71.09825325012207,71.16531356811524,69.19583126068115,71.05099945397696,71.11739950772727,54.26468528077416,-0.06640005375031421,-0.06714156897629814,0.0007415152259839242,71.52432145709977,70.67218504314437,0.5516222294906608,0.03895116175394439
2019-11-18,71.2440185546875,0.0014295781022006335,0.0014306004360864488,-0.00035715735509156063,0.0028653523909679623,0.0005987250806201847,71.10732154846191,71.1638948059082,69.22130870819092,71.08069470024012,71.126778696391,56.02151206167619,-0.04608399615088388,-0.06293005441121528,0.016846058260331406,71.53789582640016,70.67674727052366,0.6587380078533087,0.03828707030559682
2019-11-19,71.32041931152344,0.0010718067604144103,0.001072381350545104,0.0014295781022006335,-0.00035715735509156063,0.0005992284547566846,71.11385917663574,71.17126907348633,69.24646179199219,71.11757540966832,71.14112244566007,52.76776175213675,-0.023547035991754228,-0.05505345072732308,0.03150641473556885,71.55357142823695,70.67414692503453,0.734881032010717,0.037959403856120774
2019-11-20,71.51555633544922,0.00273232488444357,0.002736061086144659,0.0010718067604144103,0.0014295781022006335,0.0017948888592913082,71.12846183776855,71.1833903503418,69.27271537780761,71.17880324440384,71.16885828934815,49.22454806844874,0.009944955055686933,-0.04205376957072108,0.05199872462640801,71.60163069945001,70.6552929760871,0.9090447713582429,0.039090497070682614
2019-11-21,71.396728515625,-0.0016629479730433984,-0.0016615660411959388,0.00273232488444357,0.0010718067604144103,0.0028653523909679623,71.13669815063477,71.1958383178711,69.29812522888183,71.2123302092071,71.18573756536865,47.844304646286105,0.026592643838441177,-0.028324486888888632,0.05491713072732981,71.62300784623817,70.65038845503138,0.767350586818542,0.03965000246964732
2019-11-22,71.43911743164062,0.0005935333246204603,0.0005937095003778481,-0.0016629479730433984,0.00273232488444357,-0.00035715735509156063,71.15298080444336,71.21724395751953,69.32324855804444,71.24722055111994,71.20450644435176,54.459019577213255,0.04271410676817311,-0.014116768157476286,0.056830874925649394,71.65748189956814,70.64847970931858,0.7835837523073109,0.03911137514007202
2019-11-25,71.50704193115234,0.000950350886330412,0.0009508026128222102,0.0005935333246204603,-0.0016629479730433984,0.0014295781022006335,71.18027877807617,71.23629150390624,69.34883609771728,71.28719307112493,71.22691648041106,64.58416272850324,0.06027659071386893,0.000761903616792757,0.05951468709707617,71.69991572727997,70.66064182887237,0.8144148559651561,0.038151497268064175
2019-11-26,71.62580871582031,0.0016595325446058457,0.0016609103307940742,0.000950350886330412,0.0005935333246204603,0.0010718067604144103,71.21266860961914,71.25450408935546,69.37505897521973,71.33928778569346,71.25646405340433,63.83030627717534,0.08282373228912832,0.01717426935125987,0.06564946293786844,71.75927733943547,70.66605987980282,0.8779121002513016,0.038412570141853314
2019-11-27,71.51555633544922,-0.0015404687825132364,-0.0015392828695104388,0.0016595325446058457,0.000950350886330412,0.00273232488444357,71.22811775207519,71.26949813842774,69.40122917175293,71.36640602411742,71.27565607429653,75.95237146613695,0.09074994982088924,0.031889405445185745,0.0588605443757035,71.79121829382355,70.66501721032684,0.7552284734814553,0.037579452296364245
2019-11-29,71.51555633544922,0.0,0.0,-0.0015404687825132364,0.0016595325446058457,-0.0016629479730433984,71.2266342163086,71.28246459960937,69.42681774139405,71.38935222586078,71.29342646401155,80.00179856115108,0.09592576184923018,0.04469667672599464,0.05122908512323555,71.7863633161748,70.6669051164424,0.7580910294012636,0.03355527650000787
2019-12-02,71.32845306396484,-0.0026196881377786338,-0.002616259749232075,0.0,-0.0015404687825132364,0.0005935333246204603,71.21897735595704,71.28662048339844,69.45134628295898,71.37998312403063,71.29602102697106,68.84265489583893,0.08396209705956892,0.052549760792709496,0.03141233626685942,71.76811085474512,70.66984385716896,0.5996804130957373,0.03469207523066633
2019-12-03,71.7110595703125,0.005349674530990118,0.005364009591019014,-0.0026196881377786338,0.0,0.000950350886330412,71.24063224792481,71.29741424560547,69.47749691009521,71.43091796192016,71.32676462277414,74.8733487586659,0.10415333914602343,0.0628704764633723,0.041282862682651134,71.83208686154168,70.64917763430793,0.8976867468417616,0.038129974100769286
2019-12-04,71.5665054321289,-0.002017820266952917,-0.0020157858362399583,0.005349674530990118,-0.0026196881377786338,0.0016595325446058457,71.26736221313476,71.30041732788087,69.50304927825928,71.45177757272151,71.34452320124487,66.97331315771373,0.10725437147664252,0.07174725546602634,0.03550711601061618,71.86735784084928,70.66736658542024,0.7492878324244052,0.036556118809391726
2019-12-05,71.49003601074219,-0.0010690797903923136,-0.001068508528186296,-0.002017820266952917,0.005349674530990118,-0.0015404687825132364,71.28263282775879,71.30864929199218,69.52888439178467,71.45766348626316,71.3553019278743,59.78319758099992,0.10236155838886418,0.07787011605059391,0.024491442338270275,71.88927140154935,70.67599425396823,0.6709446051933742,0.036269268470256875
2019-12-06,71.39647674560547,-0.0013095606674513077,-0.0013087035670629188,-0.0010690797903923136,-0.002017820266952917,0.0,71.31146621704102,71.3126448059082,69.55350372314453,71.4482501415466,71.3583519143729,57.40876610238829,0.08989822717369123,0.08027573827521338,0.009622488898477846,71.87904211959828,70.74389031448375,0.5748891277637319,0.03092893723080185
2019-12-09,71.41348266601562,0.0002381615478444355,0.00023818991055746253,-0.0013095606674513077,-0.0010690797903923136,-0.0026196881377786338,71.34454231262207,71.31545989990235,69.57833255767822,71.44290129915721,71.36243567375384,55.1951089447932,0.08046562540337732,0.08031371570084617,0.00015190970253115,71.84835030772788,70.84073431751625,0.5684192728810087,0.03051794968270987
2019-12-10,71.36245727539062,-0.0007147617843493674,-0.0007145064029944193,0.0002381615478444355,-0.0013095606674513077,0.005349674530990118,71.37294845581054,71.31624038696289,69.60244945526124,71.43052529550081,71.36243727387507,51.30908710774903,0.06808802162574068,0.07786857688582507,-0.009780555260084395,71.8051060508051,70.940790860816,0.4878618581028857,0.030796677399819953
2019-12-11,71.60051727294922,0.003330375831163225,0.0033359276943043525,-0.0007147617843493674,0.0002381615478444355,-0.002017820266952917,71.41113586425782,71.32039413452148,69.62842144012451,71.45667790741595,71.38007282936205,52.57684724960431,0.07660507805390182,0.07761587711944043,-0.001010799065538609,71.77307351337517,71.04919821514046,0.7616215930468182,0.032509689881362096
2019-12-12,71.26045227050781,-0.004760791500009206,-0.004749476894769344,0.003330375831163225,-0.0007147617843493674,-0.0010690797903923136,71.42595710754395,71.31452911376954,69.65306709289551,71.42648934789162,71.3712120472247,46.355824315722465,0.05527730066691561,0.07314816182893547,-0.017870861162019858,71.7305364653209,71.121377749767,0.22830588677427008,0.03714171149921986
2019-12-13,71.5835189819336,0.004523358731104344,0.00453360456090568,-0.004760791500009206,0.003330375831163225,-0.0013095606674513077,71.44675025939941,71.31038497924804,69.6803524017334,71.45064775312885,71.38693848683278,53.35745835772445,0.06370926629607254,0.07126038272236287,-0.007551116426290333,71.73333080009114,71.16016971870768,0.7386217888417362,0.039127968562999035
2019-12-16,71.38798522949219,-0.0027352845650133618,-0.002731547082656771,0.004523358731104344,-0.004760791500009206,0.0002381615478444355,71.45903739929199,71.29995956420899,69.70607707977295,71.44100736487705,71.38701602332607,47.38689377777629,0.05399134155098295,0.06780657448808688,-0.013815232937103933,71.70943445887566,71.20864033970831,0.3581209980701566,0.04053597190428146
2019-12-17,71.39647674560547,0.00011894173925968519,0.00011894881310881011,-0.0027352845650133618,0.004523358731104344,-0.0007147617843493674,71.46666030883789,71.29342956542969,69.73159435272217,71.43415650037373,71.38771681756899,44.71047417267023,0.04643968280474553,0.06353319615141861,-0.017093513346673084,71.69805758500544,71.23526303267033,0.3483483375543306,0.04026290976121764
2019-12-18,71.3029556274414,-0.001310742866994025,-0.0013098842187589943,0.00011894173925968519,-0.0027352845650133618,0.003330375831163225,71.46578712463379,71.28435134887695,69.75622756958008,71.41397175069183,71.38143821089287,45.05823851544988,0.0325335397989619,0.05733326488092727,-0.024799725081965374,71.6996268658138,71.23194738345379,0.15183100107213882,0.04039359969234094
2019-12-19,71.35395050048828,0.0007149303402558899,0.000715185963865661,-0.001310742866994025,0.00011894173925968519,-0.004760791500009206,71.45770683288575,71.27798614501953,69.7801577758789,71.40473771219898,71.37940208419623,46.33057083858808,0.025335628002750354,0.05093373750529189,-0.025598109502541537,71.69544153708014,71.21997212869135,0.28178126590927716,0.03919247859555134
2019-12-20,71.37098693847656,0.0002387310637495193,0.00023875956227770168,0.0007149303402558899,-0.001310742866994025,0.004523358731104344,71.45641975402832,71.27636413574218,69.80375679016113,71.39954528547246,71.37877874006885,51.046606367121356,0.02076654540360323,0.04490029908495416,-0.024133753681350928,71.69581739899236,71.21702210906427,0.32156713453762953,0.03877416876986599
2019-12-23,71.3257827758789,-0.0006335695503165589,-0.0006333688875092003,0.0002387310637495193,0.0007149303402558899,-0.0027352845650133618,71.45075302124023,71.27908645629883,69.82729629516602,71.38819720707345,71.37485311309182,38.63213769567743,0.013344093981629612,0.03858905806428926,-0.025244964082659645,71.69713858406844,71.20436745841202,0.2463929218765547,0.038762124481268694
2019-12-24,71.39398193359375,0.0009557073338037836,0.0009561641675792654,-0.0006335695503165589,0.0002387310637495193,0.00011894173925968519,71.44510002136231,71.28080261230468,69.85038566589355,71.38908716499964,71.37627006275864,44.66938544588765,0.012817102241001521,0.03343466689963171,-0.02061756465863019,71.69123569354309,71.19896434918152,0.39615871743488745,0.038764016404202316
2019-12-26,71.46214294433594,0.0009542610227288406,0.0009547164746404047,0.0009557073338037836,-0.0006335695503165589,-0.001310742866994025,71.43691673278809,71.28760726928711,69.8739824295044,71.40032651566676,71.38263101694955,49.133714978958935,0.01769549871721665,0.030286833263148703,-0.012591334545932052,71.66818948497865,71.20564398059753,0.5545377942470718,0.03842381026162879
2019-12-27,71.56440734863281,0.0014300061284322867,0.00143102907474435,0.0009542610227288406,0.0009557073338037836,0.0007149303402558899,71.43935928344726,71.29493270874023,69.8983818435669,71.42556972073847,71.39609593040757,55.18743194898117,0.02947379033089703,0.03012422467669837,-0.0006504343458013373,71.67511741418826,71.20360115270626,0.7652041411944472,0.03840831212843839
2019-12-30,71.53884887695312,-0.0003572032199065798,-0.00035713943043191865,0.0014300061284322867,0.0009542610227288406,0.0002387310637495193,71.44052391052246,71.30174697875977,69.92202884674072,71.44299728323303,71.40667022274428,53.85224917713032,0.03632706048874468,0.031364791839107634,0.004962268649637044,71.678090108879,71.20295771216591,0.7069422483309218,0.03843344424128886
2019-12-31,71.46214294433594,-0.001072802908525617,-0.0010722276612127324,-0.0003572032199065798,0.0014300061284322867,-0.0006335695503165589,71.44720840454102,71.30634979248048,69.94550045013428,71.44594276955655,71.41077931323255,53.01554624176067,0.03516345632399975,0.03212452473608606,0.0030389315879136916,71.67894915221376,71.21546765686827,0.53222251577442,0.03740477754178879
2020-01-02,71.5558853149414,0.0013109170245339666,0.001311776651848895,-0.001072802908525617,-0.0003572032199065798,0.0009557073338037836,71.43944969177247,71.31621444702148,69.96960754394532,71.46285700730807,71.42152790595172,48.5206950962939,0.041329101356353704,0.033965440060139594,0.007363661296214109,71.64262563721226,71.23627374633267,0.7865388983841136,0.03227297635163773
2020-01-03,71.81155395507812,0.00356662450643568,0.003572992480093573,0.0013109170245339666,-0.001072802908525617,0.0009542610227288406,71.45170211791992,71.3286521911621,69.99353546142578,71.51650269158038,71.45041872440554,69.34846195879271,0.06608396717484766,0.04038914548308121,0.02569482169176645,71.70938335327538,71.19402088256446,1.1982499844464793,0.033935590100061766
2020-01-06,71.726318359375,-0.0011876392529358043,-0.0011869342885469925,0.00356662450643568,0.0013109170245339666,0.0014300061284322867,71.46351623535156,71.33870849609374,70.01695365905762,71.54878202508725,71.47085573440327,56.01859890798943,0.07792629068397616,0.0478965745232602,0.03002971616071596,71.74878667613442,71.17824579456871,0.9606192693891514,0.03399560396448207
2020-01-07,71.66667938232422,-0.000831825562320205,-0.0008314796913452271,-0.0011876392529358043,0.00356662450643568,-0.0003572032199065798,71.4770263671875,71.34740203857422,70.03824138641357,71.56692008004678,71.48536118980482,63.2658100972538,0.08155889024196483,0.054629037667001126,0.026929852574963706,71.77427048578149,71.17978224859353,0.8190189532324594,0.03376226542088519
2020-01-08,71.5558853149414,-0.001547159691179567,-0.0015459634566260538,-0.000831825562320205,-0.0011876392529358043,-0.001072802908525617,71.4841464996338,71.35625045776368,70.05855865478516,71.56522242387673,71.4905851990742,56.91442186776094,0.07463722480252954,0.05863067509410681,0.016006549708422732,71.78180360353727,71.18648939573032,0.620505800746612,0.03431788294288441
2020-01-09,71.64112091064453,0.0011904663095435295,0.0011911751958344485,-0.001547159691179567,-0.000831825562320205,0.0013109170245339666,71.49807968139649,71.36985122680665,70.07921859741211,71.5768991141487,71.50173599252386,64.7742726860617,0.07516312162483985,0.061937164400253424,0.013225957224586422,71.79783356183471,71.19832580095827,0.7385977940284306,0.03438454303742449
2020-01-10,71.76043701171875,0.0016640841332107967,0.0016654694895552602,0.0011904663095435295,-0.001547159691179567,0.00356662450643568,71.50607566833496,71.3854997253418,70.099850730896,71.60513571377487,71.52089903098275,66.75872394768462,0.08423668279212393,0.06639706807862752,0.017839614713496404,71.8252384017642,71.18691293490572,0.8984822110194561,0.03284341118645135
2020-01-13,71.71784210205078,-0.000593747167618927,-0.0005935709346504003,0.0016640841332107967,0.0011904663095435295,-0.0011876392529358043,71.52894515991211,71.39572509765625,70.12010303497314,71.62247515812501,71.5354874066174,64.00507673634857,0.08698775150760696,0.07051520476442341,0.016472546743183547,71.83943270027945,71.21845761954478,0.8041940779897123,0.027548293910037026
2020-01-14,71.82007598876953,0.0014244863707927604,0.0014255014334267901,-0.000593747167618927,0.0016640841332107967,-0.000831825562320205,71.5407730102539,71.40122207641602,70.1411164855957,71.65287528591648,71.55656804233239,69.07953635207087,0.09630724358409282,0.0756736125283573,0.020633631055735513,71.87697245983634,71.20457356067146,0.9153828610703069,0.023116559608671306
2020-01-15,71.93082427978516,0.0015408364430422262,0.001542024141452325,0.0014244863707927604,-0.000593747167618927,-0.001547159691179567,71.56791496276855,71.41020675659179,70.16401962280274,71.69563666958858,71.58429072658815,70.06289882014815,0.11134594300042977,0.0828080786227718,0.02853786437765797,71.93810837088444,71.19772155465267,0.9901617763315231,0.020875706356928852
2020-01-16,71.88823699951172,-0.0005922341745159342,-0.0005920588384722425,0.0015408364430422262,0.0014244863707927604,0.0011904663095435295,71.59250297546387,71.42241226196289,70.18654277801514,71.72526748957675,71.60680526532323,66.23432494811318,0.11846222425351982,0.08993890774892141,0.02852331650459841,71.97968680090952,71.20531915001823,0.8819038975962615,0.021144014960888944
2020-01-17,71.8797378540039,-0.00011823419682122544,-0.00011822720743404069,-0.0005922341745159342,0.0015408364430422262,0.0016640841332107967,71.621342086792,71.43936889648438,70.20948272705078,71.74903216102709,71.6270224941144,62.938661023422384,0.12200966691268889,0.09635305958167491,0.025656607331013978,72.0036098536837,71.2390743199003,0.83797744616683,0.02031424112489506
2020-01-21,72.05866241455078,0.002486128126637531,0.0024892211058182845,-0.00011823419682122544,-0.0005922341745159342,-0.000593747167618927,71.65657768249511,71.45684967041015,70.23298355102538,71.79666758464612,71.65899582155413,68.94467275790926,0.13767176309198703,0.10461680028373735,0.03305496280824968,72.06414580561571,71.24900955937451,0.9932730373723249,0.021606939038133776
2020-01-22,72.11830139160156,0.0008273024882466881,0.0008276447973414314,0.002486128126637531,-0.00011823419682122544,0.0014244863707927604,71.69394340515137,71.48281951904296,70.25653190612793,71.8461497087931,71.69301845637246,74.21501937111452,0.15313125242064984,0.11431969071111985,0.03881156170953,72.12746841737538,71.26041839292736,0.9894273392361,0.021616659405076132
2020-01-23,72.24617004394531,0.0017714702864358987,0.001773040266844772,0.0008273024882466881,0.002486128126637531,0.0015408364430422262,71.73996276855469,71.51270370483398,70.28105354309082,71.90769129881652,71.73399264804452,74.84853644737638,0.1736986507719962,0.12619548272329512,0.04750316804870108,72.20331214737419,71.27661338973519,1.04624792708292,0.021598950607132412
2020-01-24,72.35694885253906,0.0015321776060001932,0.0015333519898199643,0.0017714702864358987,0.0008273024882466881,-0.0005922341745159342,71.78811111450196,71.54395599365235,70.30562812805175,71.97680784554306,71.78013755208116,71.91934554106926,0.19667029346190645,0.14029044487101738,0.05637984859088907,72.29788792797177,71.27833430103215,1.057928217807015,0.021806264206493804
2020-01-27,72.59553527832031,0.003291928974810748,0.0032973533235554076,0.0015321776060001932,0.0017714702864358987,-0.00011823419682122544,71.84478073120117,71.57913131713867,70.33093631744384,72.07199668135495,71.84053738365442,81.10020418636647,0.23145929770052476,0.15852421543691886,0.0729350822636059,72.44580503600585,71.24375642639649,1.1245625518947362,0.023706574693134225
2020-01-28,72.46768188476562,-0.0017627270256459267,-0.001761174334819815,0.003291928974810748,0.0015321776060001932,0.002486128126637531,71.88994445800782,71.60920440673829,70.35618980407715,72.13287132803352,71.88699253188487,77.32565705570333,0.24587879614864505,0.1759951315792641,0.06988366456938094,72.53630184491833,71.24358707109731,0.946917942347116,0.025218337042583885
2020-01-29,72.67218780517578,0.0028180548347768986,0.002822029283831018,-0.0017627270256459267,0.003291928974810748,0.0008273024882466881,71.94661140441895,71.63929504394531,70.38309200286865,72.21584309374771,71.94515514472123,85.79333626889769,0.2706879490264811,0.1949336950687075,0.07575425395777358,72.6587406920606,71.23448211677729,1.0094414829923015,0.026078567428765596
2020-01-30,72.68927001953125,0.00023503086292240145,0.0002350584848396231,0.0028180548347768986,-0.0017627270256459267,0.0017714702864358987,72.00796775817871,71.67023559570312,70.40999614715577,72.28867800540671,72.00027476507753,85.14404702824662,0.2884032403291741,0.2136276041208008,0.07477563620837327,72.75494745463448,71.26098806172294,0.9560380051727989,0.025242043459341067
2020-01-31,72.87673950195312,0.002575732984420672,0.0025790530345330964,0.00023503086292240145,0.0028180548347768986,0.0015321776060001932,72.07401046752929,71.70289001464843,70.43842231750489,72.37914900487539,72.06519807892018,85.79333626889769,0.31395092595521135,0.23369226848768293,0.08025865746752842,72.883630480542,71.26439045451659,0.9957443130863154,0.025937200968010277
2020-02-03,72.81099700927734,-0.0009025124380752912,-0.0009021052962175924,0.002575732984420672,0.00023503086292240145,0.003291928974810748,72.12398262023926,71.73270156860352,70.46651977539062,72.44558715939877,72.12044244413181,84.53843335390312,0.32514471526695843,0.2519827578435381,0.07316195742342035,72.98700949752342,71.2609557429551,0.8980260679713918,0.024698104108743634
2020-02-04,72.58895111083984,-0.0030542799213283387,-0.0030496203534914335,-0.0009025124380752912,0.002575732984420672,-0.0017627270256459267,72.1671142578125,71.75416946411133,70.49304767608642,72.46764315192817,72.1551467898139,72.5830016851314,0.312496362114274,0.2640854786976853,0.048410883416588724,73.03268071991847,71.30154779570653,0.7436767547583751,0.0273299129944486
2020-02-05,72.46939849853516,-0.0016483386126414487,-0.001646980848671209,-0.0030542799213283387,-0.0009025124380752912,0.0028180548347768986,72.20725021362304,71.77562286376953,70.51931171417236,72.46791320525233,72.17842469416362,65.73733068190938,0.289488511088706,0.2691660851758894,0.020322425912816577,73.04923383330866,71.36526659393742,0.6556730313886604,0.028040823034726617
2020-02-06,72.53773498535156,0.0009425259328075214,0.0009429702499570425,-0.0016483386126414487,-0.0030542799213283387,0.00023503086292240145,72.25634269714355,71.79759521484375,70.54533279418945,72.47865501757529,72.20504027128867,68.69720676280545,0.27361474628662563,0.27005581739803663,0.003558928888588997,73.05161696158382,71.46106843270329,0.676915248481014,0.02693382720808134
2020-02-07,72.75973510742188,0.0030558039954926126,0.003060477723975552,0.0009425259328075214,-0.0016483386126414487,0.002575732984420672,72.31227340698243,71.82264907836914,70.5715871810913,72.52189810832093,72.2461287776689,72.55956595381805,0.27576933065202525,0.2711985200488344,0.004570810603190867,73.08230849511874,71.54223831884612,0.7905463058329092,0.028186185509795837
2020-02-10,72.87078094482422,0.00152503557543433,0.001526199033550668,0.0030558039954926126,0.0009425259328075214,-0.0009025124380752912,72.3677906036377,71.84754852294923,70.59848026275635,72.57557239085989,72.2923993085693,71.57012936484777,0.28317308229058824,0.27359343249718515,0.009579649793403089,73.13037564714554,71.60520556012986,0.8297929493035922,0.028132261353401595
2020-02-11,72.751220703125,-0.0016420632488374782,-0.0016407158006135347,0.00152503557543433,0.0030558039954926126,-0.0030542799213283387,72.41945953369141,71.87226181030273,70.62402423858643,72.60259520813145,72.32638607853639,66.29195830289319,0.2762091295950597,0.2741165719167601,0.0020925576782996336,73.13522011930101,71.70369894808181,0.7317542877490492,0.029036714590582758
2020-02-12,72.66582489013672,-0.0011744953620315606,-0.0011738059122987643,-0.0016420632488374782,0.00152503557543433,-0.0016483386126414487,72.46174697875976,71.89526718139649,70.64985095977784,72.61232285151688,72.35152969421048,61.04380579124687,0.2607931573063951,0.2714518889946871,-0.010658731688292011,73.12652370745303,71.7969702500665,0.6534935735326548,0.02965380603479041
2020-02-13,72.73412322998047,0.0009394548725770735,0.0009398962985283088,-0.0011744953620315606,-0.0016420632488374782,0.0009425259328075214,72.50191192626953,71.9233805847168,70.67551818847656,72.63106137128051,72.37986995611938,60.152877439282356,0.25119141516113075,0.26739979422797583,-0.01620837906684508,73.12754069126987,71.87628316126919,0.6855823426779403,0.02947308776144511
2020-02-14,72.81099700927734,0.0010563567685273518,0.0010569149098533792,0.0009394548725770735,-0.0011744953620315606,0.0030558039954926126,72.54804992675781,71.94537933349609,70.70154880523681,72.65874377712618,72.41180529339033,56.35294488160636,0.24693848373584615,0.26330753212954994,-0.01636904839370379,73.11662456030817,71.97947529320746,0.7312335681224544,0.029201463876792046
2020-02-18,72.92198944091797,0.001523230337960949,0.0015243910425575269,0.0010563567685273518,0.0009394548725770735,0.00152503557543433,72.60016250610352,71.97248901367188,70.72888771057129,72.69924311001722,72.44959671172572,63.529903615881345,0.24964639829150315,0.2605753053619406,-0.010928907070437477,73.09740577098768,72.10291924121935,0.8236111552857596,0.029219160608033465
2020-02-19,72.9134521484375,-0.00011708117584010936,-0.00011707432210672497,0.001523230337960949,0.0010563567685273518,-0.0016420632488374782,72.64290199279785,72.00095733642578,70.75555618286133,72.73219834669726,72.48395637370436,58.13470116426833,0.24824197299290063,0.2581086388881326,-0.009866665895231996,73.08842625703844,72.19737772855726,0.8036312243294041,0.028586253462477087
2020-02-20,73.09281158447266,0.002456874406217445,0.002459894995370915,-0.00011708117584010936,0.001523230337960949,-0.0011744953620315606,72.6916275024414,72.03488403320313,70.78270290374756,72.78767730635502,72.5290567596872,62.26413344401111,0.25862054666782797,0.2582110204440717,0.00040952622375628467,73.10776658008713,72.27548842479568,0.982031252989889,0.029341216536907418
2020-02-21,73.27212524414062,0.0024502282208316976,0.0024532324832071684,0.002456874406217445,-0.00011708117584010936,0.0009394548725770735,72.74292526245117,72.07205688476563,70.81024391174316,72.86220775832204,72.58409886964671,62.076132953041395,0.2781088886753338,0.26219059409032414,0.01591829458500965,73.18025731836828,72.30559320653406,1.1050322341220744,0.029774551391519428
2020-02-24,73.50270080566406,0.0031418977955088487,0.0031468387296691436,0.0024502282208316976,0.002456874406217445,0.0010563567685273518,72.80021286010742,72.1148617553711,70.8391890335083,72.96074515022082,72.65214345749985,69.19386731138087,0.3086016927209698,0.2714728138164533,0.03712887890451655,73.31751873807028,72.28290698214457,1.1789870127931186,0.030894845144575113
2020-02-25,73.56250762939453,0.0008133375346056188,0.0008136683832693503,0.0031418977955088487,0.0024502282208316976,0.001523230337960949,72.84856147766114,72.1541015625,70.86809833526611,73.05332399317062,72.71957784060316,79.6879653067302,0.333746152567457,0.28392748156665404,0.04981867100080295,73.45788796355217,72.2392349917701,1.0858486117580923,0.02944670125499409
2020-02-26,73.51980590820312,-0.0005806506759937398,-0.0005804821310134711,0.0008133375346056188,0.0031418977955088487,-0.00011708117584010936,72.901167678833,72.19928863525391,70.89683605194092,73.12509044163716,72.77885399375872,83.60663740791549,0.34623644787843944,0.2963892748290111,0.04984717304942832,73.55227616096636,72.25005919669965,0.9750654048793498,0.028437591894667286
2020-02-27,73.60518646240234,0.0011606534336319509,0.0011613272524932938,-0.0005806506759937398,0.0008133375346056188,0.002456874406217445,72.94781761169433,72.23972198486328,70.92528911590576,73.19895136790872,72.84006380625084,83.78349664128109,0.3588875616578804,0.30888893219478497,0.04999862946309541,73.66061965168373,72.23501557170493,0.9611159998348123,0.0274061890775014
2020-02-28,74.09195709228516,0.006591493655081067,0.006613265359112441,0.0011606534336319509,-0.0005806506759937398,0.0024502282208316976,73.01795196533203,72.29380142211915,70.95596683502197,73.33633686396664,72.93279664225338,86.11116855614885,0.4035402217132571,0.32781919009847943,0.07572103161477767,73.88333825527985,72.15256567538421,1.1205350948059754,0.03452939070916685
2020-03-02,74.04320526123047,-0.0006582074375890907,-0.0006579908665924616,0.006591493655081067,0.0011606534336319509,0.0031418977955088487,73.0762752532959,72.34673599243165,70.98589862823486,73.44508584816107,73.01504913254797,82.89043371059705,0.43003671561309886,0.3482626952014033,0.08177402041169557,74.05180911944292,72.10074138714889,0.9955901796385425,0.034424949081026786
2020-03-03,74.48815155029297,0.00599129543527878,0.006009279143071922,-0.0006582074375890907,0.006591493655081067,0.0008133375346056188,73.16013298034667,72.41043991088867,71.01855731964112,73.60555749464291,73.12416783015871,91.204332135191,0.4813896644841975,0.37488808905796217,0.10650157542623534,74.31204624485814,72.00821971583521,1.0764403496601451,0.03838823983011278
2020-03-04,74.47103881835938,-0.00022976403089362962,-0.0002297376371601656,0.00599129543527878,-0.0006582074375890907,-0.0005806506759937398,73.25423736572266,72.47278167724609,71.05104663848877,73.73870846752237,73.22393605150691,94.25799910965131,0.514772416015461,0.40286495444946196,0.11190746156599901,74.51229832012321,71.99617641132211,0.9836019464639167,0.03549685929937672
2020-03-05,74.75343322753906,0.003784831568375646,0.003792003088186613,-0.00022976403089362962,0.00599129543527878,0.0011606534336319509,73.36843910217286,72.54043060302735,71.08536643981934,73.8948199690634,73.33723213862041,94.8035196175683,0.5575878304429978,0.4338095296481691,0.12377830079482866,74.73639439046667,72.00048381387904,1.0062278486797778,0.03478433677185164
2020-03-06,75.26683044433594,0.006844398329099673,0.0068678747534467455,0.003784831568375646,-0.00022976403089362962,0.006591493655081067,73.50489387512206,72.61925155639648,71.12242073059082,74.10589850372072,73.48016534645119,95.6467728715303,0.6257331572695364,0.4721942551724426,0.15353890209709375,75.05613142476422,71.95365632547991,1.067913202468676,0.039414346288795046
2020-03-09,75.104248046875,-0.002162416635510021,-0.002160080297006428,0.006844398329099673,0.003784831568375646,-0.0006582074375890907,73.62211952209472,72.6934568786621,71.15803421020507,74.25949074112907,73.6004677687048,89.79855350339918,0.6590229724242676,0.5095599986228077,0.1494629738014599,75.28647906856817,71.95775997562127,0.9452549113924055,0.041583802707099125
2020-03-10,74.09454345703125,-0.013535230341335261,-0.0134440409977018,-0.002162416635510021,0.006844398329099673,0.00599129543527878,73.68330764770508,72.74610488891602,71.1873857498169,74.23411423588325,73.63706596784009,65.77818727373537,0.5970482680431672,0.5270576525068796,0.0699906155362876,75.32113260506345,72.0454826903467,0.6255432723376765,0.06790642193063384
2020-03-11,72.69120025634766,-0.019121556686333616,-0.01893989942049401,-0.013535230341335261,-0.002162416635510021,-0.00022976403089362962,73.68030662536621,72.76864074707031,71.20972057342529,73.99674285441624,73.56700184106288,45.95702650974031,0.42974101335336456,0.5075943246761766,-0.07785331132281204,75.3255259316896,72.03508731904283,0.19939984134123112,0.09802276439062133
2020-03-12,68.73790740966797,-0.05591950649457831,-0.05438475128678966,-0.019121556686333616,-0.013535230341335261,0.003784831568375646,73.48391075134278,72.7126219177246,71.21157733917236,73.18769124753189,73.20929114244103,24.062796497068533,-0.021599894909144268,0.40175548075911244,-0.4233553756682567,76.21708920633945,70.7507322963461,-0.36822053880133127,0.22139675192464797
2020-03-13,71.6386947631836,0.04133452878767095,0.042200693370360476,-0.05591950649457831,-0.019121556686333616,0.006844398329099673,73.42913932800293,72.71615295410156,71.22802169799805,72.9493840960937,73.09295066990344,41.83239628819136,-0.1435665738097498,0.29269106984534005,-0.43625764365508984,76.26746347243267,70.5908151835732,0.1845947690060135,0.27122066974852066
2020-03-16,72.3917007446289,0.010456304581544111,0.010511162772221416,0.04133452878767095,-0.05591950649457831,-0.002162416635510021,73.40817451477051,72.73286926269532,71.24731044769287,72.86358665740681,73.04100623099421,45.16362247387045,-0.17741957358740024,0.198668941158792,-0.3760885147461922,76.27180442239501,70.54454460714601,0.322520052707368,0.27409226275275217
2020-03-17,70.89427185058594,-0.02090202390004046,-0.020685090675315765,0.010456304581544111,0.04133452878767095,-0.013535230341335261,73.30678863525391,72.71452362060546,71.25760543823242,72.56061514866514,72.8819888694825,40.31804104452417,-0.3213737208173626,0.09466040876356109,-0.4160341295809237,76.37888841176195,70.23468885874587,0.1073505159050849,0.28352270537338853
2020-03-18,69.18286895751953,-0.02443636476335986,-0.024140213988984804,-0.02090202390004046,0.010456304581544111,-0.019121556686333616,73.12025947570801,72.66365463256835,71.25836601257325,72.04096188848888,72.60797998711487,35.438457573111435,-0.5670180986259936,-0.037675292714349856,-0.5293428059116437,76.70342694522071,69.53709200619531,-0.049428759845817426,0.294962759134484
2020-03-19,69.14009094238281,-0.0006185237292706601,-0.0006183324829009962,-0.02443636476335986,-0.02090202390004046,-0.05591950649457831,72.92262344360351,72.61312286376953,71.2594998550415,71.59467405062641,72.35109931713473,33.20368320236341,-0.756425266508316,-0.18142528747314307,-0.574999979035173,76.92381961836631,68.92142726884072,0.027324787887344618,0.294461450423076
2020-03-20,70.31233978271484,0.016812563920947553,0.016954690460400323,-0.0006185237292706601,-0.02443636476335986,0.04133452878767095,72.77463417053222,72.588251953125,71.26649494171143,71.3973918555631,72.2000800923629,38.24141018821938,-0.8026882367997956,-0.3056778773384736,-0.497010359461322,76.9370948349973,68.61217350606715,0.20422610730739302,0.3021574980263583
2020-03-23,71.86975860595703,0.021908258964932724,0.022150007069243527,0.016812563920947553,-0.0006185237292706601,0.010456304581544111,72.69298706054687,72.59282470703126,71.28136116027832,71.47006366331601,72.1756118341106,42.28836471034461,-0.7055481707945859,-0.38565193602969605,-0.3198962347648898,76.85937557544446,68.52659854564928,0.40120599031436305,0.313571223704671
2020-03-24,71.94676971435547,0.001070963353915214,0.0010715370399485558,0.021908258964932724,0.016812563920947553,-0.02090202390004046,72.61220016479493,72.59655136108398,71.29568946838378,71.54340305578361,72.1586605659806,42.59171437054392,-0.615257510196983,-0.4315730508631535,-0.18368445933382954,76.77024909564014,68.45415123394972,0.41998284994878643,0.3135936598943222
2020-03-25,72.91368103027344,0.01334975379161578,0.013439259604799858,0.001070963353915214,0.021908258964932724,-0.02443636476335986,72.58189392089844,72.62046813964844,71.31556568145751,71.75421505185898,72.21458800778007,44.80921039036184,-0.4603729559210876,-0.4373330318747403,-0.023039924046347304,76.72088146521635,68.44290637658052,0.540080708847564,0.31777643563528424
2020-03-26,73.24737548828125,0.004566127882992343,0.0045765685299754555,0.01334975379161578,0.001070963353915214,-0.0006185237292706601,72.56400337219239,72.64901412963867,71.33736183166504,71.9839320420778,72.29109078411349,44.24381549520836,-0.30715874203569626,-0.4112981739069316,0.10413943187123531,76.68743121660734,68.44057552777744,0.5828645658265207,0.3182298347844104
2020-03-27,73.64102935791016,0.0053599167677155085,0.005374306819933672,0.004566127882992343,0.01334975379161578,0.016812563920947553,72.54145698547363,72.68321823120117,71.36053897857666,72.23887009066739,72.39108623402436,45.88351754302745,-0.15221614335696643,-0.3594817677969385,0.2072656244399721,76.63452679612324,68.44838717482402,0.6343212336099898,0.31790885551904435
2020-03-30,73.71804809570312,0.0010453206702571306,0.0010458672083282217,0.0053599167677155085,0.004566127882992343,0.021908258964932724,72.52519912719727,72.719814453125,71.3835139465332,72.46643593759596,72.48937970525982,48.8821394204196,-0.02294376766386108,-0.29217416777032307,0.269230400106462,76.595673809289,68.45472444510554,0.6465245532362429,0.3179412766122167
2020-03-31,73.03347778320312,-0.009329719388176744,-0.009286332589968582,0.0010453206702571306,0.0053599167677155085,0.001070963353915214,72.45246543884278,72.74288925170899,71.40302402496337,72.55367314461245,72.52968326658896,51.06157429032375,0.02398987802348529,-0.22894135861156142,0.2529312366350467,76.42608875799021,68.47884211969534,0.5731086338205058,0.318621941404743
2020-04-01,73.41082000732422,0.005153400506821186,0.005166702114901556,-0.009329719388176744,0.0010453206702571306,0.01334975379161578,72.39945449829102,72.76993240356445,71.42442081451416,72.68554189272194,72.59495265479157,68.6241967872707,0.09058923793037366,-0.1650352393031744,0.2556244772335481,76.28704860304653,68.51186039353551,0.6300760163973963,0.3193635428733197
2020-04-02,73.75387573242188,0.004662209842748008,0.004673094852549298,0.005153400506821186,-0.009329719388176744,0.004566127882992343,72.34947662353515,72.80264389038086,71.44673599243164,72.84990094498347,72.68079880869011,60.5890975924442,0.16910213629336113,-0.09820776418386729,0.2673099004772284,76.13398459818035,68.56496864888996,0.6855457985946491,0.3195427116912389
2020-04-03,73.71956634521484,-0.0004652958165575067,-0.0004651875832465402,0.004662209842748008,0.005153400506821186,0.0053599167677155085,72.2721134185791,72.83211181640625,71.4677049255371,72.98369562194215,72.75774455213639,57.16305892075471,0.22595106980575963,-0.03337599738594191,0.2593270671917015,75.86386915749941,68.68035767965878,0.7014965704587215,0.3183129744729907
2020-04-06,73.95112609863281,0.003136166552465286,0.0031410894678032264,-0.0004652958165575067,0.004662209842748008,0.0010453206702571306,72.21445732116699,72.86399536132812,71.48928649902344,73.13253107989456,72.8461431852102,69.09823578647925,0.286387894684367,0.030576781028119872,0.2558111136562471,75.64834361526988,68.7805710270641,0.7528722020365458,0.3186203618128581
2020-04-07,74.01976776123047,0.0009277725602759134,0.0009282030743671399,0.003136166552465286,-0.0004652958165575067,-0.009329719388176744,72.21071853637696,72.89248001098633,71.51217609405518,73.26902903086932,72.93307833898947,88.02465315013806,0.3359506918798445,0.0916515631984648,0.2442991286813797,75.6361381870546,68.78529888569932,0.7640624229057061,0.315053321194763
2020-04-08,74.20841979980469,0.002545428687187727,0.002548671041265216,0.0009277725602759134,0.003136166552465286,0.005153400506821186,72.28657951354981,72.92729476928712,71.53537963867187,73.4135506876286,73.02754807682764,88.9506617290089,0.38600261080095777,0.15052177271896341,0.23548083808199435,75.82223173114409,68.75092729595553,0.7717801650133074,0.3069409724034243
2020-04-09,75.02311706542969,0.010918675456521865,0.010978501736364166,0.002545428687187727,0.0009277725602759134,0.004662209842748008,72.6008399963379,72.97431335449218,71.56253078460693,73.66117628421338,73.17536800190928,88.3081172501337,0.4858082823041059,0.2175790746359919,0.268229207668114,75.91903052794055,69.28264946473524,0.8649996957712154,0.22254525661170432
2020-04-13,74.78296661376953,-0.003206153601768047,-0.0032010193798094333,0.010918675456521865,0.002545428687187727,-0.0004652958165575067,72.75805358886718,73.01618728637695,71.58927837371826,73.8337594118374,73.2944493805656,80.1495158264429,0.5393100312718104,0.28192526596315565,0.2573847653086548,76.18060959803202,69.33549757970235,0.7958188294771633,0.17565655270499947
2020-04-14,74.78296661376953,0.0,0.0,-0.003206153601768047,0.010918675456521865,0.003136166552465286,72.87761688232422,73.05431182861328,71.61501914978027,73.97979128905773,73.40470991635848,79.8279707935489,0.5750813726992448,0.34055648731037347,0.23452488538887128,76.41154645298853,69.3436873116599,0.7695794714277713,0.1729980141751327
2020-04-15,75.15174865722656,0.004919244838915089,0.0049313641883408366,0.0,-0.003206153601768047,0.0009277725602759134,73.09049072265626,73.10112686157227,71.64231010437011,74.16009242262216,73.53412019345983,76.92491262078892,0.6259722291623291,0.39763963568076466,0.22833259348156443,76.63428704792567,69.54669439738684,0.7908262418853322,0.15132591514554689
2020-04-16,75.19461822509766,0.0005702774190275887,0.0005704400581099112,0.004919244838915089,0.0,0.002545428687187727,73.39107818603516,73.15324020385742,71.66984069824218,74.31925023838762,73.65712004765523,75.18874609431285,0.6621301907323982,0.45053774669109137,0.21159244404130684,76.5367896226141,70.24536674945622,0.7866664783823761,0.11240538339285401
2020-04-17,75.09174346923828,-0.001369050002511428,-0.0013681132810783314,0.0005702774190275887,0.004919244838915089,0.010918675456521865,73.68866081237793,73.20568710327149,71.69618434906006,74.43809535082619,73.76338844925397,70.29241014257663,0.6747069015722218,0.4953715776673175,0.1793353239049043,76.20404039324833,71.17328123150753,0.7789007805284873,0.11285976988349351
2020-04-20,74.97164916992188,-0.001600581232278521,-0.001599300985275498,-0.001369050002511428,0.0005702774190275887,-0.003206153601768047,73.92162628173828,73.25436538696289,71.72129661560058,74.52018055376399,73.85288924337752,67.3264215485716,0.6672913103864744,0.5297555242111489,0.13753578617532547,75.9329074027781,71.91034516069847,0.7610333476507596,0.1039909130008736
2020-04-21,75.06600952148438,0.0012578224004059758,0.0012586137907761863,-0.001600581232278521,-0.001369050002511428,0.0,74.08143882751465,73.30049087524414,71.74852054595948,74.60415424110559,73.94275000471876,83.56904885510804,0.6614042363868293,0.556085266646285,0.10531896974054433,75.90546542283302,72.25741223219627,0.7698893471446009,0.0770954421972885
2020-04-22,75.00595092773438,-0.0008003973130827734,-0.0008000770805968171,0.0012578224004059758,-0.001600581232278521,0.004919244838915089,74.2343978881836,73.34319427490234,71.77548641204834,74.66596911597155,74.02150562864584,79.4293098060633,0.6444634873257087,0.5737609107821697,0.07070257654353895,75.79938167912012,72.66941409724707,0.7465051216565846,0.07773459645872983
2020-04-23,75.12602233886719,0.0015995451751009597,0.001600825129842054,-0.0008003973130827734,0.0012578224004059758,0.0005702774190275887,74.34501495361329,73.39069030761719,71.8035150527954,74.73674653487856,74.10332168125484,77.58503276154016,0.6334248536237226,0.5856936993504803,0.04773115427324226,75.82751328605212,72.86251662117445,0.7634091951958814,0.06534743910689222
2020-04-24,75.1003189086914,-0.00034219605181278097,-0.00034213750942169163,0.0015995451751009597,-0.0008003973130827734,-0.001369050002511428,74.43766212463379,73.43938018798828,71.83112083435059,74.7926807462344,74.17717332773162,77.85442523640661,0.6155074185027729,0.5916564431809389,0.023850975321834,75.86178201201301,73.01354223725457,0.7326548452592329,0.06460589723072911
2020-04-27,74.8344497680664,-0.0035464678624444273,-0.0035401865729525195,-0.00034219605181278097,0.0015995451751009597,-0.001600581232278521,74.4973331451416,73.48138671875,71.85853244781494,74.79910674959316,74.22586047146012,67.57630684871614,0.5732462781330412,0.5879744101713594,-0.014728132038318242,75.8803247126412,73.114341577642,0.6218794932836449,0.06482445410829514
2020-04-28,75.05742645263672,0.0029751692308873966,0.002979599439314029,-0.0035464678624444273,-0.00034219605181278097,0.0012578224004059758,74.56430206298828,73.52631530761718,71.88676464080811,74.8388482423691,74.28745795154728,69.4525015017592,0.5513902908218142,0.5806575863014504,-0.029267295479636135,75.91780703084818,73.21079709512837,0.6821657110088584,0.0652801661243188
2020-04-29,75.10889434814453,0.0006854785713423508,0.0006857135654696478,0.0029751692308873966,-0.0035464678624444273,-0.0008003973130827734,74.66807289123535,73.57005340576171,71.91474945068359,74.88039379710378,74.34830509203597,67.79610927327063,0.5320887050678067,0.5709438100547217,-0.03885510498691502,75.83242720981448,73.50371857265623,0.6892986738981287,0.05298644563360279
2020-04-30,75.0488510131836,-0.0007997368103344694,-0.0007994171060836663,0.0006854785713423508,0.0029751692308873966,0.0015995451751009597,74.74997444152832,73.61276138305664,71.94289680480956,74.90631029188529,74.40019738249136,50.7247684737532,0.5061129093939343,0.5579776299225643,-0.051864720528630004,75.76250899313253,73.73743988992412,0.6475883322607346,0.05159025259305478
2020-05-01,75.01793670654297,-0.00041200731417896115,-0.0004119224508206676,-0.0007997368103344694,0.0006854785713423508,-0.00034219605181278097,74.81317749023438,73.65126388549805,71.9698382949829,74.92348358644801,74.44595585093963,57.50182686218152,0.4775277355083887,0.5418876510397292,-0.06435991553134057,75.71574962367318,73.91060535679559,0.6134309429255568,0.050069526765152375
2020-05-04,75.09526062011719,0.0010302081601100323,0.0010307390068151623,-0.00041200731417896115,-0.0007997368103344694,-0.0035464678624444273,74.8819622039795,73.68772659301757,71.99653575897217,74.94991082239713,74.49405250050833,59.501404331375774,0.4558583218887975,0.5246817852095429,-0.0688234633207454,75.6300801210908,74.1338442868682,0.6425566820811459,0.04982943165961836
2020-05-05,75.0265121459961,-0.0009159028388795986,-0.0009154835279002738,0.0010302081601100323,-0.00041200731417896115,0.0029751692308873966,74.93573150634765,73.71820281982421,72.02326789855957,74.96169564141236,74.53349395572964,45.338739997387535,0.42820168568272265,0.5053857653041789,-0.07718407962145624,75.54359195747546,74.32787105521984,0.5746722701567535,0.049518950659516094
2020-05-06,74.69137573242188,-0.004476912920395732,-0.004466906483964861,-0.0009159028388795986,0.0010302081601100323,0.0006854785713423508,74.96931190490723,73.74078018188476,72.04794593811035,74.92010796310613,74.5451889021513,34.6163713284854,0.37491906095483785,0.4792924244343107,-0.10437336347947285,75.41729342631847,74.521330383496,0.18979058376136054,0.052826687426688744
2020-05-07,74.93196868896484,0.0032159843082707486,0.003221161133848627,-0.004476912920395732,-0.0009159028388795986,-0.0007997368103344694,75.00548934936523,73.7690234375,72.07412120819092,74.92193269016131,74.57383925673008,45.49514279076571,0.3480934334312309,0.4530526262336948,-0.10495919280246391,75.27675419457317,74.7342245041573,0.364485461903415,0.05323126656871867
2020-05-08,74.71714782714844,-0.002870996025565581,-0.002866878657734273,0.0032159843082707486,-0.004476912920395732,-0.00041200731417896115,74.99019088745118,73.79126266479493,72.09888610839843,74.89042732662087,74.5844547063907,43.188185612650805,0.3059726202301647,0.42363662503298877,-0.11766400480282407,75.29025269353686,74.6901290813655,0.04502196753295632,0.03759056407009986
2020-05-11,74.4851303100586,-0.0031101094032580656,-0.0031052780230128585,-0.002870996025565581,0.0032159843082707486,0.0010302081601100323,74.97529907226563,73.7991261291504,72.12286926269532,74.82807393945744,74.57709734369944,35.51961414546382,0.25097659575800435,0.3891046191779919,-0.13812802341998753,75.34103844726896,74.6095596972623,-0.17010663290296826,0.037490252101136795
2020-05-12,74.72576904296875,0.0032254874487410647,0.0032306949307661093,-0.0031101094032580656,-0.002870996025565581,-0.0009159028388795986,74.97243919372559,73.81277740478515,72.14805561065674,74.81233472461302,74.58811006216384,43.592401052462606,0.22422466244918837,0.3561286278322312,-0.13190396538304283,75.34533540119997,74.59954298625121,0.16925092584404067,0.03941672817882156
2020-05-13,74.81166076660156,0.0011487656727531422,0.0011494257567750132,0.0032254874487410647,-0.0031101094032580656,-0.004476912920395732,74.95543479919434,73.81924758911133,72.17346134185792,74.8122310387651,74.60466937360367,42.69655353331962,0.20756166516143537,0.32641523529807204,-0.11885357013663667,75.32490379016349,74.58596580822518,0.30543152997002526,0.03517061919889314
2020-05-14,75.01793670654297,0.0027534755982238984,0.002757269893859826,0.0011487656727531422,0.0032254874487410647,0.0032159843082707486,74.9466007232666,73.830185546875,72.19998229980469,74.84387806457708,74.6352817686362,48.23420135141323,0.20859629594087892,0.3028514474266334,-0.09425515148575447,75.30009361066989,74.59310783586331,0.6009015822077695,0.03664952833446611
2020-05-15,75.0608901977539,0.0005724124217890606,0.0005725762810429025,0.0027534755982238984,0.0011487656727531422,-0.002870996025565581,74.94505805969239,73.8363346862793,72.22629760742187,74.8772645466043,74.66680831894122,55.366389909451215,0.21045622766307304,0.28437240347392134,-0.0739161758108483,75.2961450553336,74.59397106405117,0.6649621596635465,0.03641747399380609
2020-05-18,74.92337036132812,-0.0018337907517851487,-0.0018321103848285558,0.0005724124217890606,0.0027534755982238984,-0.0031101094032580656,74.9426441192627,73.82946548461913,72.24942604064941,74.88435774886949,74.68581291467359,46.68890270789757,0.19854483419589997,0.26720688961831707,-0.0686620554224171,75.29362518033938,74.59166305818601,0.4725430228693173,0.03656079962750512
2020-05-19,75.01793670654297,0.0012613783299962162,0.0012621742022387306,-0.0018337907517851487,0.0005724124217890606,0.0032254874487410647,74.94024047851562,73.8277392578125,72.27269023895263,74.90490835774233,74.71041467703428,47.80023912850943,0.1944936807080495,0.25266424783626357,-0.05817056712821406,75.28831064727963,74.59217030975161,0.6116100071190343,0.03656246588783614
2020-05-20,75.21556854248047,0.0026309969884935613,0.0026344610984250227,0.0012613783299962162,-0.0018337907517851487,0.0011487656727531422,74.95072135925292,73.85015975952149,72.29542537689208,74.95270223231742,74.74783348188214,53.780387380716775,0.2048687504352813,0.2431051483560671,-0.038236397920785814,75.31915094369009,74.58229177481576,0.8594271394249464,0.03761959236475204
2020-05-21,75.29288482666016,0.0010274013086960458,0.0010279292662132011,0.0026309969884935613,0.0012613783299962162,0.0027534755982238984,74.95906448364258,73.90219345092774,72.31766204833984,75.00503801606246,74.7882076555694,56.10606574042698,0.2168303604930628,0.23785019078346628,-0.02101983029040347,75.35101505900508,74.56711390828008,0.925844945767512,0.03737913858399669
2020-05-22,75.31868743896484,0.00034263784872542617,0.0003426965557780104,0.0010274013086960458,0.0026309969884935613,0.0005724124217890606,74.96998291015625,74.03380905151367,72.34002773284912,75.05329177343205,74.82750245433942,55.07808300415819,0.22578931909262678,0.23543801644529838,-0.009648697352671598,75.38968495256285,74.55028086774965,0.9154191468894249,0.03734806276739461
2020-05-26,75.27568817138672,-0.0005710607527324949,-0.0005708977285745487,0.00034263784872542617,0.0010274013086960458,-0.0018337907517851487,74.99204483032227,74.10654891967773,72.36188339233398,75.08750660388661,74.86070139634292,55.73038754684671,0.22680520754369127,0.23371145466497698,-0.006906247121285708,75.42782929626892,74.55626036437562,0.8254399401872777,0.034857675249350836
2020-05-27,75.31009674072266,0.00045699625572043673,0.00045710069441806667,-0.0005710607527324949,0.00034263784872542617,0.0012613783299962162,75.00467834472656,74.16491683959961,72.38454349517822,75.12175124032292,74.89398994037104,66.51300116063611,0.22776129995187944,0.23252142372235746,-0.00476012377047802,75.46253459108402,74.54682209836909,0.8335308827016066,0.03340443824419758
2020-05-28,75.3358383178711,0.0003417493792841296,0.0003418077822561205,0.00045699625572043673,-0.0005710607527324949,0.0026309969884935613,75.01602554321289,74.25374816894531,72.40577281951904,75.15468771379187,74.9267194498155,62.17512902840005,0.22796826397637915,0.2316107917731618,-0.0036425277967826464,75.49549551378574,74.53655557264004,0.8335065742241421,0.03335606693521036
2020-05-29,75.5506820678711,0.0028477546522252747,0.0028518133573225413,0.0003417493792841296,0.00045699625572043673,0.0010274013086960458,75.04111709594727,74.38110443115234,72.42862411499023,75.21560992211175,74.9729389030048,75.12753165867053,0.24267101910695033,0.2338228372399195,0.008848181867030819,75.57702218725854,74.50521200463601,0.975424641588129,0.03447153312128491
2020-06-01,75.48957061767578,-0.0008092075118184425,-0.0008088801917157662,0.0028477546522252747,0.0003417493792841296,0.00034263784872542617,75.0646987915039,74.5080940246582,72.44990562438964,75.2577577214293,75.01120791890636,83.75812837186405,0.24654980252293512,0.23636823029652265,0.010181572226412472,75.63660678394477,74.49279079906303,0.8714512052529221,0.034613962727018464
2020-06-02,75.54981231689453,0.0007976952930118029,0.0007980135365168728,-0.0008092075118184425,0.0028477546522252747,-0.0005710607527324949,75.08742637634278,74.61284347534179,72.4697601699829,75.30268919765473,75.05110454097957,81.51688639109196,0.2515846566751634,0.23941151557225082,0.012173141102912566,75.69918730591723,74.47566544676832,0.8779139188190647,0.034559894523167094
2020-06-03,75.37763214111328,-0.0022816294424735637,-0.0022790285045187764,0.0007976952930118029,-0.0008092075118184425,0.00045699625572043673,75.10498237609863,74.68300094604493,72.48913318634033,75.31421888126374,75.0752917706191,70.30619563015641,0.23892711064463867,0.23931463458672841,-0.0003875239420897403,75.7294044492661,74.48056030293117,0.7183216903524849,0.03552464296007132
2020-06-04,75.19682312011719,-0.002401590729128852,-0.0023987092173126667,-0.0022816294424735637,0.0007976952930118029,0.0003417493792841296,75.1302547454834,74.74800201416015,72.50874038696288,75.29615799493351,75.08429409280414,56.537644362407505,0.211863902129366,0.23382448809525594,-0.02196058596588993,75.72437139350369,74.53613809746311,0.5560229837487366,0.03251091129307823
2020-06-05,75.18817901611328,-0.00011495965542626075,-0.00011495304781827809,-0.002401590729128852,-0.0022816294424735637,0.0028477546522252747,75.14306526184082,74.79349197387695,72.52737693786621,75.27954584434579,75.09198927230852,54.77160147804102,0.18755657203726628,0.22457090488365802,-0.037014332846391745,75.73018758994306,74.55594293373858,0.5384193822250682,0.030698494915388203
2020-06-08,75.26571655273438,0.0010307149999994308,0.0010312463692527807,-0.00011495965542626075,-0.002401590729128852,-0.0008092075118184425,75.17049369812011,74.83385879516601,72.54656982421875,75.27741826102096,75.10485795974746,63.437627272945065,0.1725603012734922,0.21416878416162488,-0.04160848288813268,75.72413737592817,74.61685002031206,0.5859965158378245,0.028625257086444464
2020-06-09,75.3173599243164,0.0006859120535320123,0.0006861473449979449,0.0010307149999994308,-0.00011495965542626075,0.0007976952930118029,75.21210517883301,74.86738540649414,72.56669517517089,75.28356313229718,75.12059884601183,62.162664716309855,0.16296428628534443,0.20392788458636882,-0.04096359830102439,75.66474484905972,74.75946550860631,0.6162676985765261,0.025514077767659828
2020-06-10,75.63591003417969,0.004220519142195835,0.004229438076206904,0.0006859120535320123,0.0010307149999994308,-0.0022816294424735637,75.25761222839355,74.90574264526367,72.5871068572998,75.3377703479714,75.15877004513538,65.54713381907251,0.1790003028360161,0.1989423682362983,-0.019942065400282205,75.68677606037194,74.82844839641517,0.9407382188315269,0.027090862307741034
2020-06-11,75.4981689453125,-0.0018227672796777693,-0.001821107048291526,0.004220519142195835,0.0006859120535320123,-0.002401590729128852,75.2919376373291,74.95503646850585,72.60704067230225,75.36244705525465,75.18391070440777,57.26795853209225,0.17853635084688335,0.1948611647584153,-0.016324813911531955,75.67863559603789,74.9052396786203,0.7666568355726768,0.028325528338478713
2020-06-12,75.57564544677734,0.001025677528151401,0.001026203715231322,-0.0018227672796777693,0.004220519142195835,-0.00011495965542626075,75.31982307434082,74.99833297729492,72.6261396408081,75.39524680779661,75.21292809273143,58.7763185324161,0.18231871506517905,0.19235267481976806,-0.010033959754589011,75.70375135373234,74.93589479494929,0.8331642733402836,0.02710508320096419
2020-06-15,75.73062133789062,0.002048506629651213,0.002050606252809617,0.001025677528151401,-0.0018227672796777693,0.0010307149999994308,75.35330963134766,75.0378678894043,72.64588691711425,75.44684288934954,75.251275740521,64.43403031608707,0.19556714882854465,0.19299556962152337,0.0025715792070212795,75.75839217690768,74.94822708578764,0.9657219999708221,0.027749796994914616
2020-06-16,75.63591003417969,-0.0012514168781247903,-0.0012506341825502254,0.002048506629651213,0.001025677528151401,0.0006859120535320123,75.38893661499023,75.0761947631836,72.66537132263184,75.47593014240033,75.27976716968091,59.95635570103656,0.19616297271942074,0.19362905024110286,0.0025339224783178793,75.7585924859421,75.01928074403835,0.8340585644609072,0.02718702873479306
2020-06-17,75.65316772460938,0.00022814192220875983,0.0002281679485562904,-0.0012514168781247903,0.002048506629651213,0.004220519142195835,75.42069816589355,75.11023559570313,72.6849842453003,75.50319746274018,75.30742647004598,59.747643532428086,0.19577099269419307,0.1940574387317209,0.001713553962472164,75.76438320341306,75.07701312837405,0.8382014538567542,0.02703674247973212
2020-06-18,75.73925018310547,0.0011372097620597186,0.0011378566302662207,0.00022814192220875983,-0.0012514168781247903,-0.0018227672796777693,75.4468822479248,75.14462524414063,72.7046981048584,75.5395132658733,75.3394134117541,56.28995480271998,0.20009985411920184,0.19526592180921712,0.004833932309984718,75.80428583111059,75.08947866473902,0.9090165137329993,0.025914370516596258
2020-06-19,75.76506042480469,0.0003407195722068565,0.0003407776237132065,0.0011372097620597186,0.00022814192220875983,0.001025677528151401,75.47049102783203,75.17575805664063,72.7238650894165,75.57421282878582,75.37094282012822,59.410982824676175,0.20327000865759715,0.19686673917889314,0.00640326947870401,75.84693615426269,75.09404590140136,0.8912514418312107,0.025789547008229864
2020-06-22,75.73925018310547,-0.0003407195722068916,-0.0003406615338852337,0.0003407195722068565,0.0011372097620597186,0.002048506629651213,75.49151916503907,75.19008071899414,72.74476173400879,75.59960319098884,75.39822484701543,56.62727136847949,0.20137834397341692,0.1977690601377979,0.0036092838356190093,75.87908116296585,75.10395716711228,0.8196017919605281,0.025892852198053273
2020-06-23,75.70479583740234,-0.000455010906046461,-0.00045490740428288934,-0.0003407195722068916,0.0003407195722068565,-0.0012514168781247903,75.51297454833984,75.20851730346679,72.76506343841552,75.61578667505246,75.4209338092663,62.66599716446125,0.19485286578616012,0.19718582126747036,-0.0023329554813102393,75.8977281092008,75.12822098747888,0.7492781205627663,0.02584558937001326
2020-06-24,75.71339416503906,0.00011357060397859396,0.0001135770533637892,-0.000455010906046461,-0.0003407195722068916,0.00022814192220875983,75.53313941955567,75.22712585449219,72.78705562591553,75.63080321197347,75.44259753932354,73.07576955585245,0.1882056726499286,0.19538979154396202,-0.00718411889403342,75.91538868092653,75.15089015818481,0.7357816792594297,0.025843887882433123
2020-06-25,75.79090118408203,0.0010231660511803306,0.001023689664130245,0.00011357060397859396,-0.000455010906046461,0.0011372097620597186,75.5558925628662,75.2399089050293,72.81125160217285,75.65543366922094,75.46839780930564,75.36376128526847,0.18703585991529792,0.1937190052182292,-0.006683145302931293,75.94283827007466,75.16894685565775,0.8036713120701747,0.025982829461336537
2020-06-26,75.92862701416016,0.0018155325098120748,0.001817181586792449,0.0010231660511803306,0.00011357060397859396,0.0003407195722068565,75.57478981018066,75.25458908081055,72.83634727478028,75.69746341459621,75.5024888615171,76.5515850461121,0.19497455307912048,0.1939701147904075,0.0010044382887129943,75.99605728599627,75.15352233436505,0.9199673892393838,0.024875747610049674
2020-06-29,75.98027801513672,0.0006800260058098179,0.0006802572759143644,0.0018155325098120748,0.0010231660511803306,-0.0003407195722068916,75.59932518005371,75.27235977172852,72.86237701416016,75.74097335314092,75.53788065067411,76.55172835280888,0.20309270246680455,0.19579463232568692,0.007298070141117635,76.05541463237087,75.14323572773655,0.9176295166963195,0.02459520536799598
2020-06-30,76.05778503417969,0.001019573969869259,0.0010200939121007835,0.0006800260058098179,0.0018155325098120748,-0.000455010906046461,75.62472381591797,75.29408248901368,72.89082176208495,75.78971361176227,75.57639208648935,70.94069529652351,0.21332152527291726,0.199300010915133,0.01402151435778426,76.12375775540241,75.12568987643354,0.9338995647361387,0.024664399971679175
2020-07-01,76.07679748535156,0.00024994253056715245,0.00024997376880397937,0.001019573969869259,0.0006800260058098179,0.00011357060397859396,75.65968208312988,75.31429824829101,72.91843242645264,75.83388036154524,75.61345915307173,82.55915788027613,0.22042120847351043,0.2035242504268085,0.016896958046701938,76.18319055961183,75.13617360664793,0.8983845734693313,0.022657560038654396
2020-07-02,76.19749450683594,0.0015852583542726641,0.0015865155405314635,0.00024994253056715245,0.001019573969869259,0.0010231660511803306,75.70971565246582,75.33812911987305,72.94584400177001,75.88982099928228,75.65672103112834,83.3681314632409,0.23309996815393674,0.20943939397223416,0.023660574181702587,76.23821441325629,75.18121689167535,0.9614758733214007,0.020269110538091835
2020-07-06,76.17162322998047,-0.0003395868859564771,-0.00033952923285618386,0.0015852583542726641,0.00024994253056715245,0.0018155325098120748,75.75888786315917,75.35904113769531,72.97287284851075,75.93317518862047,75.69486193474702,77.47003640303771,0.23831325387344293,0.21521416595247592,0.023099087920967015,76.26562707497558,75.25214865134276,0.9072463282857495,0.020398432937116937
2020-07-07,76.29241180419922,0.0015844864588900477,0.0015857424208232107,-0.0003395868859564771,0.0015852583542726641,0.0006800260058098179,75.81022262573242,75.38288299560547,72.99999874114991,75.98844236024797,75.73912488803978,89.60682690625892,0.24931747220819034,0.2220348272036188,0.027282645004571532,76.31461422047657,75.30583103098827,0.977990893872236,0.02062901431410369
2020-07-08,76.24925231933594,-0.0005658714458497507,-0.0005657113707985273,0.0015844864588900477,-0.0003395868859564771,0.001019573969869259,75.8568172454834,75.41117904663086,73.02564170837402,76.02856696933843,75.77691210517284,84.87199171606085,0.25165486416558736,0.22795883459601252,0.02369602956957484,76.34128416720552,75.37235032376128,0.9050174080591143,0.02109546251227171
2020-07-09,76.45628356933594,0.0027115110875497767,0.0027151905586293434,-0.0005658714458497507,0.0015844864588900477,0.00024994253056715245,75.89783592224121,75.43915618896484,73.0520662689209,76.09436952318418,75.82723591733307,86.74742135020371,0.26713360585111445,0.23579378884703292,0.03133981700408153,76.43913517447388,75.35653667000855,1.0158400319151846,0.01814884921108385
2020-07-10,76.37000274658203,-0.0011291360145009978,-0.0011284987802953061,0.0027115110875497767,-0.0005658714458497507,0.0015852583542726641,75.9414276123047,75.4643783569336,73.07683452606202,76.13677463447615,75.8674408676478,79.19339042583744,0.2693337668283533,0.242501784443297,0.026831982385056297,76.48760596970315,75.39524925490623,0.8923399091816029,0.017087430642208325
2020-07-13,76.40451049804688,0.000451747497914699,0.0004518495511824927,-0.0011291360145009978,0.0027115110875497767,-0.0003395868859564771,75.98287086486816,75.49149154663085,73.10346488952636,76.17796476733318,75.90722380323291,81.83696866579525,0.2707409641002698,0.24814962037469157,0.02259134372557825,76.53790042192234,75.42784130781398,0.8798352968953257,0.01700751080996264
2020-07-14,76.49940490722656,0.0012412294493758063,0.0012420000934645348,0.000451747497914699,-0.0011291360145009978,0.0015844864588900477,76.02131004333496,75.52112091064453,73.12997840881347,76.22741709654755,75.95108907019541,85.9476063921582,0.2763280263521466,0.2537853015701826,0.022542724781964008,76.6083455534145,75.43427453325543,0.9072111956454109,0.016287380575088457
2020-07-15,76.50801086425781,0.00011249071813859686,0.00011249704545668315,0.0012412294493758063,0.000451747497914699,-0.0005658714458497507,76.06491508483887,75.54937591552735,73.15615482330323,76.27058536850298,75.99234253642226,85.94770339486146,0.2782428320807213,0.25867680767229034,0.01956602440843097,76.66090471863895,75.4689254510388,0.871731112665273,0.015005698166081117
2020-07-16,76.55980682373047,0.0006767714106332392,0.0006770004720755285,0.00011249071813859686,0.0012412294493758063,0.0027115110875497767,76.11024703979493,75.58004180908203,73.18233669281005,76.31508097699952,76.03437692807472,85.61302086278057,0.28070404892480383,0.26308225592279305,0.017621793002010777,76.71226112056229,75.50823295902757,0.8733797915179217,0.014953274978456181
2020-07-17,76.6374282836914,0.0010133533617479094,0.001013866977742639,0.0006767714106332392,0.00011249071813859686,-0.0011291360145009978,76.15515594482422,75.61896286010742,73.20855968475342,76.36467287033673,76.07904739886114,84.76477720067655,0.2856254714755977,0.267590899033354,0.018034572442243713,76.77439907028999,75.53591281935844,0.8894046772860359,0.014900148906870027
2020-07-20,76.715087890625,0.001012824771443815,0.001013337851658136,0.0010133533617479094,0.0006767714106332392,0.000451747497914699,76.20265731811523,75.65462524414062,73.23436660766602,76.418582873458,76.12616150936216,85.14380377589818,0.2924213640958442,0.27255699204585204,0.01986437204999214,76.84135111510234,75.56396352112812,0.9011551191878187,0.014942277085726756
2020-07-21,76.7581787109375,0.0005615417251354993,0.0005616994192059188,0.001012824771443815,0.0010133533617479094,0.0012412294493758063,76.25360374450683,75.69544586181641,73.25920387268066,76.4708283869164,76.17297759836774,84.63808143922243,0.2978507885486579,0.2776157513464132,0.020235037202244677,76.89917382596234,75.60803366305133,0.890797979123391,0.01450731755627183
2020-07-22,76.86168670654297,0.001347586277182057,0.001348494679573653,0.0005615417251354993,0.001012824771443815,0.00011249071813859686,76.31144828796387,75.7429769897461,73.28396602630615,76.53096043608971,76.2239930878622,85.82292762081188,0.30696734822751637,0.2834860707226339,0.023481277504882492,76.95728815951378,75.66560841641396,0.9259867211810696,0.014060504701872423
2020-07-23,76.93071746826172,0.0008977135993818406,0.0008981166648385219,0.001347586277182057,0.0005615417251354993,0.0006767714106332392,76.372314453125,75.78707595825195,73.3100047302246,76.59246151796233,76.27634304196586,85.12121854420803,0.31611847599647547,0.2900125517774022,0.026105924219073262,77.01023875089201,75.73439015535799,0.9376718500073978,0.01385765561048126
2020-07-24,76.91343688964844,-0.00022465044262592323,-0.00022462521060473417,0.0008977135993818406,0.001347586277182057,0.0010133533617479094,76.42844123840332,75.8291114807129,73.33578758239746,76.64184234437558,76.32353517883124,85.82756663939924,0.3183071655443399,0.2956714745307898,0.02263569101355012,77.04824901460881,75.80863346219783,0.8912468267293239,0.014289301078390979
2020-07-27,76.86168670654297,-0.0006730631567560438,-0.0006728367005588431,-0.00022465044262592323,0.0008977135993818406,0.001012824771443815,76.47509422302247,75.86598648071289,73.36173496246337,76.67566455393978,76.36339825495803,79.45895581314551,0.3122662989817542,0.2989904394209827,0.013275859560771486,77.07669302880103,75.8734954172439,0.8213042311646461,0.014522242998112963
2020-07-28,76.89618682861328,0.0004487591022960236,0.0004488598097258656,-0.0006730631567560438,-0.00022465044262592323,0.0005615417251354993,76.5208896636963,75.90269241333007,73.38895545959473,76.70959105773571,76.40286407522878,83.78044602379111,0.3067269825069303,0.30053774803817224,0.006189234468758076,77.10301947196544,75.93875985542715,0.8223483487582122,0.014530797520665096
2020-07-29,77.01692199707031,0.0015688747260410587,0.0015701060538428901,0.0004487591022960236,-0.0006730631567560438,0.001347586277182057,76.56884651184082,75.94456344604492,73.41809173583984,76.75687274071026,76.44834984721703,82.17394350163751,0.30852289349323314,0.30213477712918446,0.006388116364048679,77.1483638758514,75.98932914783023,0.8865936666060892,0.014868498061825218
2020-07-30,77.06007385253906,0.0005601336702996869,0.0005602905744583886,0.0015688747260410587,0.0004487591022960236,0.0008977135993818406,76.61801033020019,75.98540618896484,73.44685123443604,76.803519065607,76.49366273650016,91.6642867013681,0.3098563291068501,0.3036790875247176,0.006177241582132509,77.18853035470559,76.0474903056948,0.8874215657216488,0.014804913167555158
2020-07-31,77.1635971069336,0.0013425081804764147,0.0013434097479925189,0.0005601336702996869,0.0015688747260410587,-0.00022465044262592323,76.66631546020508,76.02436676025391,73.47705966949462,76.85891568734955,76.5432875046804,92.30553358675408,0.31562818266914405,0.3060689065536029,0.009559276115541138,77.25035869558519,76.08227222482498,0.9257233168747074,0.014623771222663708
2020-08-03,77.13679504394531,-0.00034740110357758976,-0.00034734076680142945,0.0013425081804764147,0.0005601336702996869,-0.0006730631567560438,76.71457405090332,76.06124496459961,73.50675296783447,76.90166635759505,76.58725102610744,88.44072663022473,0.31441533148760925,0.30773819154040416,0.006677139947205091,77.2858715000792,76.14327660172745,0.8695281623006244,0.014630667257962601
2020-08-04,77.30094909667969,0.002125828960627748,0.0021280901370202,-0.00034740110357758976,0.0013425081804764147,0.0004487591022960236,76.76500091552734,76.10089019775391,73.53726703643798,76.96309447130038,76.64011754985353,90.2668650332419,0.32297692144685186,0.3107859375216937,0.012190983925158161,77.35706528641701,76.17293654463766,0.9526097224420039,0.015213852218165576
2020-08-05,77.19731140136719,-0.0013416035950592504,-0.001340704047279928,0.002125828960627748,-0.00034740110357758976,0.0015688747260410587,76.81240386962891,76.13932266235352,73.56709358215332,76.9991278451568,76.68139116848417,80.75436698098625,0.31773667667263794,0.31217608535188257,0.00556059132075537,77.38198746307012,76.2428202761877,0.837885023524653,0.01625421284553859
2020-08-06,77.31825256347656,0.001565424009125811,0.0015666499248991883,-0.0013416035950592504,0.002125828960627748,0.0005601336702996869,76.85550231933594,76.1794857788086,73.59837158203125,77.04822395566754,76.72856608663176,81.52649317798017,0.31965786903577964,0.313672442088662,0.0059854269471176225,77.44182586708261,76.26917877158927,0.8946202109049166,0.014734293072980043
2020-08-07,77.23184967041016,-0.0011181215776533237,-0.0011174967126355018,0.001565424009125811,-0.0013416035950592504,0.0013425081804764147,76.89859466552734,76.21740600585937,73.62858249664306,77.07647406562795,76.76584635209682,73.73714718271853,0.31062771353113305,0.31306349637715625,-0.0024357828460231934,77.46086846567154,76.33632086538314,0.796345841472029,0.014717582759159561
2020-08-10,77.14542388916016,-0.0011196698618426784,-0.0011190432654251126,-0.0011181215776533237,0.001565424009125811,-0.00034740110357758976,76.93564033508301,76.24930084228515,73.6581921005249,77.08708173078675,76.7939632066941,67.10683302663242,0.29311852409264816,0.30907450192025465,-0.015955977827606493,77.45699061504702,76.414290055119,0.7011925207862455,0.015883299876225516
2020-08-11,76.87755584716797,-0.0034782902202976796,-0.003472247976458731,-0.0011196698618426784,-0.0011181215776533237,0.002125828960627748,76.95454788208008,76.277060546875,73.68641986846924,77.05484697946078,76.80015525413661,50.612139191034515,0.2546917253241645,0.29819794660103666,-0.04350622127687215,77.43511806886771,76.47397769529245,0.41989511935107515,0.020927178261579842
2020-08-12,76.6788101196289,-0.0025885717894632387,-0.0025852243265143127,-0.0034782902202976796,-0.0011196698618426784,-0.0013416035950592504,76.96308784484863,76.29964050292969,73.71424659729004,76.99699515487126,76.79116672565455,41.166839666556086,0.20582842921670874,0.2797240431241711,-0.07389561390746235,77.41549171241839,76.51068397727887,0.1858142186683555,0.0232266738968253
2020-08-13,76.42826080322266,-0.0032728670014508725,-0.0032675170104408124,-0.0025885717894632387,-0.0034782902202976796,0.001565424009125811,76.95651054382324,76.32065307617188,73.74158248901367,76.90949756230994,76.76428480547442,35.37910453251668,0.14521275683551949,0.2528217858664408,-0.10760902903092129,77.43658030778789,76.47644077985859,-0.05018018239478586,0.026015581788865736
2020-08-14,76.34182739257812,-0.001131548994803492,-0.0011309090346445227,-0.0032728670014508725,-0.0025885717894632387,-0.0011181215776533237,76.94173049926758,76.34355316162109,73.76840156555176,76.82216369004351,76.73299166377839,34.65469171557389,0.08917202626511767,0.22009183394617618,-0.13091980768105851,77.4780672042246,76.40539379431056,-0.05925979067340156,0.025927395012966044
2020-08-17,76.43687438964844,0.0012442442333094469,0.0012450186263102125,-0.001131548994803492,-0.0032728670014508725,-0.0011196698618426784,76.92781982421874,76.3685270690918,73.79455307006836,76.76288841305966,76.71105705087987,36.90983018416647,0.051831362179783014,0.18643973959289756,-0.13460837741311454,77.50200367922487,76.35363596921262,0.07248411785710268,0.026082718758656566
2020-08-18,76.54057312011719,0.0013557390065036755,0.0013566584360857892,0.0012442442333094469,-0.001131548994803492,-0.0034782902202976796,76.91693954467773,76.39402420043945,73.81952980041504,76.72868606029928,76.69842861156413,36.29117959617429,0.030257448735156345,0.15520328142134932,-0.12494583268619297,77.5125070342955,76.32137205505997,0.18402705728439236,0.026531354223210346
2020-08-19,76.41097259521484,-0.0016946616042698595,-0.001693226476093379,0.0013557390065036755,0.0012442442333094469,-0.0025885717894632387,76.89440383911133,76.41589645385743,73.84417671203613,76.6798070656709,76.67713557331602,32.20499219838278,0.002671492354878069,0.12469692360805507,-0.122025431253177,77.53143982621266,76.25736785201,0.12056206110409676,0.026463640334116884
2020-08-20,76.54057312011719,0.0016946616042697977,0.0016960983547336106,-0.0016946616042698595,0.0013557390065036755,-0.0032728670014508725,76.8748966217041,76.43398971557617,73.87048976898194,76.65838645866265,76.66701983604203,33.16066663642249,-0.008633377379382523,0.09803086341056756,-0.10666424078995008,77.5308631483722,76.21893009503599,0.24516725473397397,0.027083594306245882
2020-08-21,76.70475006103516,0.00214266902665164,0.0021449661823189636,0.0016946616042697977,-0.0016946616042698595,-0.001131548994803492,76.86446228027344,76.45812133789063,73.89885398864746,76.6655193205661,76.669814667523,39.12975041942283,-0.004295346956894264,0.0775656213370752,-0.08186096829396947,77.52447414456081,76.20445041598607,0.3790080694907417,0.02838997159202099
2020-08-24,76.61835479736328,-0.0011269700401071864,-0.0011263352478578792,0.00214266902665164,0.0016946616042697977,0.0012442442333094469,76.85229568481445,76.47897552490234,73.92602264404297,76.65826324007335,76.66600282528894,32.12657570369778,-0.007739585215588818,0.0605045800265424,-0.06824416524213123,77.5214310354816,76.1831603341473,0.3251916542610377,0.028549164829580444
2020-08-25,76.47144317626953,-0.001919287478801274,-0.0019174468243581266,-0.0011269700401071864,0.00214266902665164,0.0013557390065036755,76.83105850219727,76.49379196166993,73.9542808151245,76.62952169179584,76.65159099943565,31.414651679774337,-0.02206930763981063,0.0439898024932718,-0.06605911013308244,77.52096725290428,76.14114975149025,0.23937471762809195,0.029112937121799756
2020-08-26,76.42826080322266,-0.0005648457527528214,-0.0005646862574221201,-0.001919287478801274,-0.0011269700401071864,-0.0016946616042698595,76.80162544250489,76.50963897705078,73.98266231536866,76.5985584781692,76.6350480219384,26.267369234838156,-0.03648954376920699,0.02789393324077604,-0.06438347700998304,77.50817399158007,76.0950768934297,0.2357827429049735,0.028292312953764148
2020-08-27,76.15171813964844,-0.0036248919196437916,-0.003618329930157982,-0.0005648457527528214,-0.001919287478801274,0.0016946616042697977,76.75620765686035,76.51960998535156,74.00944923400878,76.52981381070445,76.59924580843546,23.84894730814557,-0.06943199773100162,0.008428747046420512,-0.07786074477742212,77.50812870038493,76.00428661333578,0.09803657417378815,0.030271544533465852
2020-08-28,76.21224975585938,0.0007945660674458393,0.000794881818686477,-0.0036248919196437916,-0.0005648457527528214,0.00214266902665164,76.70864028930664,76.52906997680664,74.03632663726806,76.48095780226674,76.57057943417057,27.120051778385516,-0.08962163190382455,-0.0111813287436285,-0.07844030316019605,77.47232263019299,75.9449579484203,0.17500195639515123,0.029866682996282118
2020-08-31,76.43687438964844,0.002943021090703995,0.002947356028835779,0.0007945660674458393,-0.0036248919196437916,-0.0011269700401071864,76.6736442565918,76.54250625610352,74.06369087219238,76.474175738787,76.56067535679855,38.96110845676064,-0.08649961801155825,-0.02624498659721445,-0.060254631414343805,77.41863407265006,75.92865444053353,0.3410918768016792,0.03243848082654112
2020-09-01,76.64722442626953,0.002748164840575527,0.002751944507160209,0.002943021090703995,0.0007945660674458393,-0.001919287478801274,76.64095802307129,76.5606657409668,74.0910887145996,76.5007986137843,76.56708639898159,49.21336444407287,-0.0662877851972894,-0.03425354631722944,-0.032034238880059955,77.32492717002809,75.9569888761145,0.5045809107224505,0.03316251816998629
2020-09-02,76.8116683959961,0.0021431671980094323,0.0021454654223618252,0.002748164840575527,0.002943021090703995,-0.0005648457527528214,76.62167587280274,76.58280319213867,74.11943584442139,76.54862473412457,76.58520358394563,59.97657428730247,-0.03657884982105486,-0.03471860701799453,-0.0018602428030603316,77.25981336746578,75.9835383781397,0.6488648800472665,0.0341760164710839
2020-09-03,76.82032775878906,0.00011272863750872613,0.00011273499162034462,0.0021431671980094323,0.002748164840575527,-0.0036248919196437916,76.59677963256836,76.60494186401367,74.1473173904419,76.59042519945757,76.60262018948958,62.9761737273758,-0.01219499003201463,-0.03021388362079855,0.01801889358878392,77.154243716889,76.03931554824771,0.700504510073626,0.03353532309558743
2020-09-04,76.3702392578125,-0.00587620771780085,-0.0058589765770046265,0.00011272863750872613,0.0021431671980094323,0.0007945660674458393,76.55369911193847,76.61652862548829,74.17256649017334,76.55655043920449,76.58540678714313,48.484743339740874,-0.028856347938642557,-0.02994237648436735,0.0010860285457247945,77.03207958999603,76.07531863388091,0.30824901669179655,0.03886161568918342
2020-09-08,76.48274993896484,0.0014721426393168046,0.001473226773226699,-0.00587620771780085,0.00011272863750872613,0.002943021090703995,76.52056541442872,76.62761108398438,74.19740245819092,76.5451965160907,76.57780257616696,48.69037210089958,-0.032606060076261656,-0.030475113202746214,-0.002130946873515442,76.90988767938097,76.13124314947646,0.45143422446117953,0.03945189955902963
2020-09-09,76.43080139160156,-0.0006794499102239949,-0.0006792191364031197,0.0014721426393168046,-0.00587620771780085,0.002748164840575527,76.49822769165038,76.63662155151367,74.2225728225708,76.52759726616928,76.56691359953248,50.465471973178495,-0.03931633336320317,-0.03224335723483761,-0.007072976128365563,76.8508426171456,76.14561276615517,0.40439102945780303,0.03780133549113915
2020-09-10,76.44815063476562,0.00022696706130670232,0.0002269928202789373,-0.0006794499102239949,0.0014721426393168046,0.0021431671980094323,76.48669471740723,76.64442886352539,74.24761798858643,76.51537470749179,76.55811634288308,47.7097245014482,-0.04274163539129461,-0.03434301286612901,-0.0083986225251656,76.82938979912932,76.14399963568515,0.4437632976115114,0.03684099466190103
2020-09-11,76.52603912353516,0.0010183220531950984,0.0010188407191384918,0.00022696706130670232,-0.0006794499102239949,0.00011272863750872613,76.49158363342285,76.65341369628906,74.27271297454834,76.51701538688307,76.55574025256101,45.373603627802616,-0.03872486567793487,-0.03521938342849018,-0.0035054822494446913,76.83355779230926,76.14960947453643,0.5503773300071946,0.035126584958293516
2020-09-14,76.52603912353516,0.0,0.0,0.0010183220531950984,0.00022696706130670232,-0.00587620771780085,76.5007942199707,76.65998458862305,74.29721412658691,76.51840365406031,76.55354016892946,47.49826325713718,-0.03513651486915137,-0.03520280971662242,6.629484747105313e-05,76.83563388197078,76.16595455797062,0.5376970031173458,0.0348443232934653
2020-09-15,76.5693130493164,0.000565319930612521,0.000565479754040199,0.0,0.0010183220531950984,0.0014721426393168046,76.50741615295411,76.66793838500976,74.32248291015625,76.52623586871509,76.55470853043961,52.810101293330064,-0.02847266172452123,-0.03385678011820219,0.005384118393680956,76.84217158033582,76.1726607255724,0.5924509228221122,0.03463664018676113
2020-09-16,76.55198669433594,-0.00022630888169610216,-0.00022628327577278728,0.000565319930612521,0.0,-0.0006794499102239949,76.50798683166504,76.6731298828125,74.34766506195068,76.53019753419522,76.55450691295046,53.60603756131621,-0.02430937875523398,-0.03194729984560855,0.007637921090374568,76.84301905854257,76.1729546047875,0.565665119861716,0.03432157831963752
2020-09-17,76.55198669433594,0.0,0.0,-0.00022630888169610216,0.000565319930612521,0.00022696706130670232,76.5150375366211,76.6791845703125,74.37378273010253,76.53354971267842,76.55432023009013,63.90791678154094,-0.020770517411705214,-0.02971194335882788,0.008941425947122668,76.84739792884122,76.18267714440097,0.555585982234568,0.0337289329524301
2020-09-18,76.46544647216797,-0.0011311159729178886,-0.001130476502373634,0.0,-0.00022630888169610216,0.0010183220531950984,76.51128120422364,76.67936782836914,74.39755466461182,76.52307229106142,76.54773698876257,58.64150275230313,-0.02466469770114088,-0.028702494227290484,0.004037796526149603,76.84412423692727,76.17843817152,0.43114662535766785,0.03343852304777996
2020-09-21,76.50871276855469,0.0005656680547245515,0.0005658280750699962,-0.0011311159729178886,0.0,0.0,76.50147933959961,76.6821420288086,74.42226570129395,76.5208631337527,76.5448463057842,52.79821693907874,-0.023983172031506683,-0.027758629788133725,0.0037754577566270417,76.82163757951946,76.18132109967976,0.511296646553414,0.03252359159314918
2020-09-22,76.53469848632812,0.00033958623648147195,0.00033964390241481013,0.0005656680547245515,-0.0011311159729178886,0.000565319930612521,76.49729652404785,76.68474578857422,74.44748901367187,76.52299164953354,76.54409461545413,44.881840580213066,-0.021102965920590577,-0.026427497014625097,0.00532453109403452,76.81318287551619,76.18141017257952,0.5592016117607089,0.03234222839745418
2020-09-23,76.36161041259766,-0.0022641246072995745,-0.0022615634105017657,0.00033958623648147195,0.0005656680547245515,-0.00022630888169610216,76.49180488586425,76.68198989868164,74.47231468200684,76.49816376692802,76.53057726709439,29.689156991557525,-0.03241350016637057,-0.027624697644974192,-0.004788802521396376,76.81335182175528,76.17025794997323,0.29754981507470457,0.03262781954091507
2020-09-24,76.3702392578125,0.0001129933965004531,0.00011299978049472692,-0.0022641246072995745,0.00033958623648147195,0.0,76.48890380859375,76.67923446655273,74.49709846496582,76.47848307321793,76.51870037751794,29.687220240472683,-0.04021730430001469,-0.030143218975982294,-0.010074085324032395,76.8138932265292,76.16391439065829,0.3174332082332378,0.032580665935414636
2020-09-25,76.36161041259766,-0.00011299339650040166,-0.0001129870129870092,0.0001129933965004531,-0.0022641246072995745,-0.0011311159729178886,76.49939842224121,76.67527053833008,74.52209423065186,76.46050266389173,76.50706408382014,49.35261187622351,-0.04656141992840901,-0.03342685916646764,-0.013134560761941368,76.79031087911021,76.20848596537222,0.26317959855255185,0.029711138764073476
2020-09-28,76.43080139160156,0.0009056861255932356,0.0009060963831177826,-0.00011299339650040166,0.0001129933965004531,0.0005656680547245515,76.51032600402831,76.67113800048828,74.54624565124512,76.45593323738555,76.50141499550766,45.831547757520845,-0.04548175812210786,-0.03583783895759569,-0.009643919164512176,76.77063178719018,76.25002022086645,0.34724770333415805,0.029746323443217083
2020-09-29,76.48274993896484,0.0006794499102239783,0.0006796807886013667,0.0009056861255932356,-0.00011299339650040166,0.00033958623648147195,76.51261978149414,76.66649124145508,74.5723571395874,76.46005888378237,76.50003239872672,54.168452242479155,-0.039973514944350086,-0.03666497415494657,-0.0033085407894035135,76.77100171012684,76.25423785286144,0.44219827468709116,0.0279515426362686
2020-09-30,76.36161041259766,-0.0015851360358172435,-0.0015838803712452387,0.0006794499102239783,0.0009056861255932356,-0.0022641246072995745,76.49833908081055,76.65855987548828,74.59624759674072,76.44491296513857,76.4897789182727,44.04735665480652,-0.044865953134134884,-0.038305169950784236,-0.006560783183350648,76.75696803706707,76.23971012455404,0.23566635733300315,0.02656015080983641
2020-10-01,76.43963623046875,0.0010212720951822355,0.0010217937711043401,-0.0015851360358172435,0.0006794499102239783,0.0001129933965004531,76.47973747253418,76.6501188659668,74.62150585174561,76.44410115980475,76.48606464510205,44.05792538957973,-0.04196348529730187,-0.039036833020087765,-0.0029266522772141076,76.69301901075492,76.26645593431344,0.40598988923286755,0.02553361248544271
2020-10-02,76.3875961303711,-0.0006810317939430544,-0.0006807999444261581,0.0010212720951822355,-0.0015851360358172435,-0.00011299339650040166,76.45810089111328,76.63925643920898,74.64646144866943,76.43540807835342,76.4787706810479,41.11500646323789,-0.04336260269448644,-0.0399019869549675,-0.0034606157395189394,76.60261333444974,76.31358844777681,0.2560598965930349,0.025542495215230217
2020-10-05,76.1014633178711,-0.003752835112949694,-0.0037458020280106696,-0.0006810317939430544,0.0010212720951822355,0.0009056861255932356,76.44466209411621,76.62301696777344,74.67045398712158,76.38403196135614,76.45082198747924,27.109773942126793,-0.06679002612310114,-0.04527959478859423,-0.021510431334506912,76.65744166207726,76.23188252615516,-0.30646553504597024,0.019853435428425922
2020-10-06,76.20552062988281,0.0013664157152214306,0.0013673496865240775,-0.003752835112949694,-0.0006810317939430544,0.0006794499102239783,76.43080062866211,76.60989364624024,74.69471183776855,76.35656867959102,76.43265151654617,34.37474194169947,-0.07608283695515183,-0.051440243221905754,-0.02464259373324608,76.66786694764123,76.193734309683,0.024858698297112073,0.019740229692515605
2020-10-07,76.1014633178711,-0.0013664157152214432,-0.0013654825943267834,0.0013664157152214306,-0.003752835112949694,-0.0015851360358172435,76.41433372497559,76.59399917602539,74.71836421966553,76.31732170086488,76.40811905738505,31.425246138844315,-0.09079735652017007,-0.05931166588155862,-0.03148569063861145,76.69342698386993,76.13524046608126,-0.06051229675696154,0.020117049119984635
2020-10-08,76.23150634765625,0.0017073528030194774,0.0017088111596748057,-0.0013664157152214432,0.0013664157152214306,0.0010212720951822355,76.40350151062012,76.57829086303711,74.74289283752441,76.30411933883279,76.39503663444218,40.68882586224698,-0.09091729560938688,-0.06563279182712428,-0.025284503782262602,76.6936657121062,76.11333730913404,0.2036244269916955,0.021206147024036597
2020-10-09,76.24884033203125,0.00022736024447908595,0.00022738609277839217,0.0017073528030194774,-0.0013664157152214432,-0.0006810317939430544,76.38964157104492,76.56206619262696,74.76716712951661,76.29561487624794,76.38420727870803,39.43866350816703,-0.08859240246009392,-0.07022471395371821,-0.018367688506375712,76.68163658118522,76.09764656090462,0.25889786790189157,0.020814433232264534
2020-10-12,76.36161041259766,0.0014778817642118632,0.001478974369647279,0.00022736024447908595,0.0017073528030194774,-0.003752835112949694,76.38142013549805,76.54602645874023,74.79166446685791,76.30576803568636,76.38253343677393,43.42912421147753,-0.07676540108757024,-0.07153285138048862,-0.0052325497070816185,76.66642051286331,76.09641975813278,0.46524614619193655,0.021630390329577878
2020-10-13,76.42228698730469,0.0007942797497591122,0.0007945952734520478,0.0014778817642118632,0.00022736024447908595,0.0013664157152214306,76.37406883239746,76.53173629760742,74.81595386505127,76.32369402824301,76.38547814422066,52.5183820036859,-0.06178411597764466,-0.06958310429991983,0.007798988322275172,76.6459454650571,76.10219219973781,0.5886765339770778,0.021739847100608698
2020-10-14,76.46563720703125,0.0005670849560779661,0.0005672457791503493,0.0007942797497591122,0.0014778817642118632,-0.0013664157152214432,76.36975135803223,76.51503005981445,74.84058780670166,76.34553144036427,76.391415852577,53.84856879039704,-0.045884412212728876,-0.06484336588248164,0.018958953669752768,76.63231462600622,76.10718809005824,0.6825957030069361,0.02185891090007067
2020-10-15,76.42228698730469,-0.0005670849560779829,-0.0005669241937943381,0.0005670849560779661,0.0007942797497591122,0.0017073528030194774,76.36326637268067,76.4995295715332,74.8653885269165,76.3573399860474,76.39370260329757,52.38112346632655,-0.03636261725016254,-0.059147216156017826,0.022784598905855283,76.6129700517501,76.11356269361124,0.6181813076282466,0.02193205614510656
2020-10-16,76.36161041259766,-0.0007942797497590882,-0.000793964393097979,-0.0005670849560779829,0.0005670849560779661,0.00022736024447908595,76.35807456970215,76.48039672851563,74.88941715240479,76.35799697474745,76.39132540398646,47.26647979021611,-0.03332842923900614,-0.05398345877261549,0.02065502953360935,76.60310712520968,76.11304201419463,0.5072150471764426,0.021750762657251524
2020-10-19,76.29219818115234,-0.0009094071987921616,-0.000908993813386938,-0.0007942797497590882,-0.0005670849560779829,0.0014778817642118632,76.34724884033203,76.46160369873047,74.91182037353515,76.34787408342513,76.38398264673948,42.57435751067347,-0.03610856331435741,-0.05040847968096388,0.01429991636660647,76.5832231615332,76.11127451913086,0.3833545554883625,0.02181098799242643
2020-10-20,76.16216278076172,-0.0017058932405019573,-0.0017044390316538482,-0.0009094071987921616,-0.0007942797497590882,0.0007942797497591122,76.32862205505371,76.4419384765625,74.93399959564209,76.3193031137846,76.36755154555594,42.28120940120468,-0.048248431771341416,-0.0499764700990394,0.001728038327697981,76.56108202029166,76.09616208981576,0.14196141447065055,0.022412573382009447
2020-10-21,76.07542419433594,-0.0011395161672628014,-0.0011388671652545757,-0.0017058932405019573,-0.0009094071987921616,0.0005670849560779661,76.31431274414062,76.42589584350586,74.95604331970215,76.28178328002326,76.34591248250261,35.99910841027206,-0.06412920247935006,-0.05280701657510153,-0.011322185904248529,76.5720782702727,76.05654721800855,0.03661656508271539,0.021400807820179783
2020-10-22,75.94538879394531,-0.0017107582777515437,-0.0017092957649299523,-0.0011395161672628014,-0.0017058932405019573,-0.0005670849560779829,76.29307022094727,76.41122741699219,74.97799083709717,76.23003028216512,76.316244061128,33.96253562436014,-0.08621377896288607,-0.05948836905265843,-0.026725409910227635,76.59727125418517,75.98886918770937,-0.07146654516793269,0.022030758399240166
2020-10-23,76.04073333740234,0.0012546481827043598,0.0012554355830045605,-0.0017107582777515437,-0.0011395161672628014,-0.0007942797497590882,76.2770263671875,76.40347686767578,74.99998889923096,76.20090767527853,76.29583585937056,47.44376934835386,-0.09492818409202641,-0.06657633206053204,-0.028351852031494373,76.59931581408624,75.95473692028877,0.13341488208982122,0.02269232856902829
2020-10-26,76.15350341796875,0.0014819234106150563,0.0014830220017214568,0.0012546481827043598,-0.0017107582777515437,-0.0009094071987921616,76.26316146850586,76.39971038818359,75.02195423126221,76.19361471261549,76.28529271556302,47.82644733486355,-0.09167800294753192,-0.07159666623793202,-0.020081336709599898,76.58143022900046,75.94489270801125,0.32772727934923146,0.023155727506314235
2020-10-27,76.33555603027344,0.0023877476778820694,0.002390600617616867,0.0014819234106150563,0.0012546481827043598,-0.0017058932405019573,76.25580177307128,76.3976840209961,75.04504280090332,76.21545183840902,76.28901592406008,59.18306267695421,-0.0735640856510571,-0.07199015012055704,-0.001573935530500059,76.55914796836097,75.95245557778159,0.6314574872547682,0.024738280011069917
2020-10-28,76.23150634765625,-0.001363986395584178,-0.0013630565889364288,0.0023877476778820694,0.0014819234106150563,-0.0011395161672628014,76.24929656982422,76.39150268554687,75.06709995269776,76.2179217629086,76.28475595543757,50.0,-0.06683419252897238,-0.07095895860224011,0.004124766073267727,76.54864262499557,75.94995051465288,0.4702848561712437,0.024573662857789513
2020-10-29,76.0667724609375,-0.0021633067983725684,-0.002160968536650376,-0.001363986395584178,0.0023877476778820694,-0.0017107582777515437,76.23065338134765,76.38461868286133,75.08777969360352,76.19466802414382,76.26860902991906,43.47892619797132,-0.07394100577523943,-0.07155536803683998,-0.0023856377383994487,76.52650995503654,75.93479680765876,0.2230399203796663,0.02526210022121735
2020-10-30,75.93675231933594,-0.0017107520828880608,-0.0017092895806553043,-0.0021633067983725684,-0.001363986395584178,0.0012546481827043598,76.2081111907959,76.3725422668457,75.10802227020264,76.15498868494261,76.24402705135735,34.96871575333222,-0.08903836641474072,-0.07505196771242013,-0.013986398702320588,76.52178436419018,75.89443801740163,0.0674496666011085,0.02575767384063744
2020-11-02,76.04181671142578,0.001382621372171327,0.0013835776337658423,-0.0017107520828880608,-0.0021633067983725684,0.0014819234106150563,76.20512886047364,76.35928359985351,75.12883266448975,76.13757761209386,76.22904850765872,36.94904608620554,-0.09147089556485355,-0.07833575328290682,-0.013135142281946732,76.52415988777052,75.88609783317675,0.24404973956361042,0.022909536841831
2020-11-03,76.02445220947266,-0.00022838072048227557,-0.00022835464359072244,0.001382621372171327,-0.0017107520828880608,0.0023877476778820694,76.19607543945312,76.34740554809571,75.14866161346436,76.12017370399829,76.2138932263116,34.59171112022979,-0.09371952231330738,-0.08141250708898692,-0.012307015224320456,76.52517737307384,75.8669735058324,0.23925520872469355,0.022303137930369216
2020-11-04,76.54558563232422,0.006831425841221995,0.00685481325686732,-0.00022838072048227557,0.001382621372171327,-0.001363986395584178,76.21828155517578,76.3488883972168,75.17079803466797,76.18562169297151,76.23846303416438,53.228674287677855,-0.05284134119287387,-0.07569827390976432,0.022856932716890446,76.57892632361047,75.85763678674108,0.9537762721043146,0.03275568105816533
2020-11-05,76.62377166748047,0.0010209097083828788,0.0010214310140861382,0.006831425841221995,-0.00022838072048227557,-0.0021633067983725684,76.23789482116699,76.35279861450195,75.19268604278564,76.2530293813575,76.26700441441002,56.80252446865794,-0.01397503305251746,-0.06335362573831495,0.04937859268579749,76.641656297062,75.83413334527198,0.9778524814163041,0.03245120603615284
2020-11-06,76.45001983642578,-0.0022701718428661307,-0.002267596951618489,0.0010209097083828788,0.006831425841221995,-0.0017107520828880608,76.24795379638672,76.3587646484375,75.21315139770508,76.28333560521416,76.28056111233712,53.88478238007242,0.00277449287703746,-0.05012800201524447,0.05290249489228193,76.66273703031963,75.83317056245382,0.7435802890621914,0.03366918811580807
2020-11-09,76.09391021728516,-0.004668953604664528,-0.00465807098418769,-0.0022701718428661307,0.0010209097083828788,0.001382621372171327,76.2345687866211,76.35639785766601,75.2306432723999,76.25419323784047,76.26673512011106,48.48821803728589,-0.012541882270596716,-0.04261077806631493,0.030068895795718212,76.65118240317013,75.81795517007207,0.3311882236338438,0.03728534024188571
2020-11-10,75.94627380371094,-0.001942071577030848,-0.0019401869762329937,-0.004668953604664528,-0.0022701718428661307,-0.00022838072048227557,76.21076812744141,76.34658584594726,75.24803623199463,76.20682101720516,76.24299724482216,47.214488346530295,-0.03617622761700545,-0.04132386797645303,0.005147640359447578,76.63651558108592,75.78502067379691,0.18937650540674172,0.037605080821365336
2020-11-11,75.99839782714844,0.0006860921797743467,0.0006863275948496561,-0.001942071577030848,-0.004668953604664528,0.006831425841221995,76.18740615844726,76.33360931396484,75.2646672821045,76.17475591104258,76.22487876943893,51.18305715044645,-0.05012285839634956,-0.04308366606043234,-0.007039192335917217,76.60547603743701,75.7693362794575,0.2739512689175889,0.037644348369368884
2020-11-12,76.25027465820312,0.003308758713440648,0.003314238697867733,0.0006860921797743467,-0.001942071577030848,0.0010209097083828788,76.17880554199219,76.32238143920898,75.28247230529786,76.18637417983652,76.22675994638443,54.371138549097125,-0.040385766547913704,-0.04254408615792861,0.0021583196100149055,76.58338994086192,75.77422114312246,0.5883241128558032,0.03974394127577117
2020-11-13,76.27630615234375,0.0003413371525806337,0.00034139541473532375,0.003308758713440648,0.0006860921797743467,-0.0022701718428661307,76.17454032897949,76.31150100708008,75.29947013854981,76.20020986791455,76.23043003571475,52.657912640276884,-0.030220167800194986,-0.04007930248638189,0.009859134686186904,76.57275884940653,75.77632180855245,0.6277763566284289,0.03969001698537863
2020-11-16,76.31977844238281,0.0005697694187970935,0.0005699317682248406,0.0003413371525806337,0.003308758713440648,-0.004668953604664528,76.17591934204101,76.31049179077148,75.31701404571533,76.21860503321736,76.23704843620868,49.63672135755191,-0.01844340299132341,-0.03575212258737019,0.01730871959604678,76.57603989188075,75.77579879220127,0.6797696974067179,0.03961535198604145
2020-11-17,76.45001983642578,0.0017050677171023365,0.001706522171592617,0.0005697694187970935,0.0003413371525806337,-0.001942071577030848,76.19031219482422,76.3098371887207,75.33631938934326,76.25420731063404,76.25282409548403,54.97130835962967,0.001383215150013939,-0.028325055039893365,0.029708270189907304,76.60864394739387,75.77198044225456,0.8104087127098024,0.03949668316581569
2020-11-18,76.53691101074219,0.0011359294964410796,0.0011365749087093313,0.0017050677171023365,0.0005697694187970935,0.0006860921797743467,76.21338653564453,76.31195938110352,75.3566569519043,76.29770018757377,76.27386757068834,61.08867775138559,0.023832616885428592,-0.017893520654828975,0.04172613754025757,76.6552819494894,75.77149112179966,0.8660645312911388,0.039307266161987486
2020-11-19,76.69322204589844,0.0020402134522519875,0.0020422961038277787,0.0011359294964410796,0.0017050677171023365,0.003308758713440648,76.25077819824219,76.31686080932617,75.37743438720703,76.35854970423911,76.30493086514835,67.62351318493029,0.05361883909075971,-0.003591048705711239,0.057209887796470946,76.7227274580928,75.77882893839157,0.9687409063807972,0.039013242611915744
2020-11-20,76.76268768310547,0.0009053498438025236,0.0009057597966799502,0.0020402134522519875,0.0011359294964410796,0.0003413371525806337,76.28687591552735,76.32159378051757,75.39744915008545,76.42072477791085,76.33883877758961,67.07742914979758,0.08188600032123361,0.013504361099677733,0.06838163922155588,76.79983801870593,75.77391381234877,0.9637884208499465,0.038942071694717084
2020-11-23,76.701904296875,-0.0007921487116306402,-0.0007918350446690647,0.0009053498438025236,0.0020402134522519875,0.0005697694187970935,76.31429595947266,76.32511108398438,75.41660476684571,76.46398316544379,76.3657325197589,65.72533657302952,0.0982506456848995,0.03045361801672209,0.06779702766817741,76.85511234521829,75.77347957372703,0.8583548387387908,0.03899682036201784
2020-11-24,76.62377166748047,-0.0010191722379989,-0.0010186530583663478,-0.0007921487116306402,0.0009053498438025236,0.0017050677171023365,76.32870674133301,76.32620025634766,75.43596752166748,76.48856601191098,76.38484653070124,52.28478681565641,0.10371948120973684,0.045106790655325045,0.058612690554411796,76.88698624787013,75.77042723479589,0.7642627238618177,0.03851800698442222
2020-11-25,76.58900451660156,-0.0004538414137720493,-0.0004537384433356273,-0.0010191722379989,-0.0007921487116306402,0.0011359294964410796,76.34658164978028,76.32694061279297,75.45558341979981,76.50401808955567,76.39996934447163,48.957566052842274,0.10404874508404305,0.05689518154106865,0.0471535635429744,76.9145656754045,75.77859762415605,0.7134064127550577,0.0381653594562137
2020-11-27,76.75402069091797,0.002152249674111771,0.002154567425936893,-0.0004538414137720493,-0.0010191722379989,0.0020402134522519875,76.3809440612793,76.33098129272462,75.4756829071045,76.5424800282268,76.42619537013431,59.16294899507887,0.11628465809249633,0.0687730768513542,0.04751158124114213,76.96068550765759,75.801202614901,0.8217612195654843,0.037640820171733105
2020-11-30,76.8582534790039,0.0013570895248605135,0.0013580107875479364,0.002152249674111771,-0.0004538414137720493,0.0009053498438025236,76.4270191192627,76.33883743286133,75.49591918945312,76.59106055911559,76.45819967449502,77.1625021690092,0.13286088462056966,0.08159063840519729,0.05127024621537238,77.00458851711721,75.84944972140818,0.873318220583627,0.036872791980852394
2020-12-01,76.6259765625,-0.0030267225990070336,-0.003022146691992633,0.0013570895248605135,0.002152249674111771,-0.0007921487116306402,76.4562271118164,76.34118270874023,75.51443912506103,76.59643225194397,76.47062759212501,72.78400081837246,0.12580465981895372,0.09043344268794859,0.035371217131005134,77.01038393495377,75.90207028867904,0.6531601196594127,0.038902451277066395
2020-12-02,76.4954833984375,-0.0017044403271400319,-0.0017029885936404865,-0.0030267225990070336,0.0013570895248605135,-0.0010191722379989,76.47977867126465,76.34039840698242,75.53234928131104,76.58090165909681,76.47246876296298,65.83083068489955,0.10843289613383433,0.09403333337712574,0.01439956275670859,76.99536611296529,75.96419122956402,0.5152299357030932,0.03955726250620498
2020-12-03,76.64337921142578,0.0019315261514743852,0.0019333927497122705,-0.0017044403271400319,-0.0030267225990070336,-0.0004538414137720493,76.48466835021972,76.34603378295898,75.5501021194458,76.59051359022435,76.48512879618244,63.40728481990914,0.10538479404191037,0.09630362551008267,0.009081168531827694,77.00471912691036,75.96461757352908,0.6525916971185224,0.0319297400951911
2020-12-04,76.44330596923828,-0.0026138570557443846,-0.002610443905866733,0.0019315261514743852,-0.0017044403271400319,0.002152249674111771,76.47564506530762,76.3474951171875,75.56595802307129,76.56786626391879,76.48203080900139,55.091293931570256,0.08583545491740097,0.09420999139154634,-0.008374536474145378,76.99178123040444,75.95950890021079,0.4686719336327951,0.03307106998383307
2020-12-07,76.54768371582031,0.0013644955561308914,0.0013654269037506328,-0.0026138570557443846,0.0019315261514743852,0.0013570895248605135,76.48052825927735,76.35121658325195,75.58118293762207,76.56476125651902,76.48689398728428,56.699320020812024,0.07786726923474419,0.09094144696018591,-0.013074177725441727,76.9974909623033,75.9635655562514,0.5649519357488267,0.03244444422939775
2020-12-08,76.57380676269531,0.00034120680313141753,0.00034126502079390164,0.0013644955561308914,-0.0026138570557443846,-0.0030267225990070336,76.50452308654785,76.35407669067382,75.59623943328857,76.56615287285383,76.49333197064806,53.87599677020177,0.07282090220577686,0.08731733800930411,-0.014496435803527247,76.98948687393396,76.01955929916174,0.5714318037238347,0.02720167027556309
2020-12-09,76.44330596923828,-0.0017057023592621037,-0.0017042484757412435,0.00034120680313141753,0.0013644955561308914,-0.0017044403271400319,76.52937469482421,76.3532878112793,75.61085693359375,76.54725334922067,76.489626340914,47.14696977448295,0.05762700830666745,0.08137927206877678,-0.02375226376210933,76.938971449436,76.11977794021243,0.3949348052482643,0.026953424869218156
2020-12-10,76.59988403320312,0.002046195176589292,0.0020482900625444778,-0.0017057023592621037,0.00034120680313141753,0.0019315261514743852,76.55944900512695,76.3580532836914,75.62583042144776,76.55535037752567,76.49779357737987,47.15557167568774,0.05755680014580378,0.07661477768418218,-0.0190579775383784,76.88449183034855,76.23440617990535,0.5621995394739259,0.027618497811735775
2020-12-11,76.72164916992188,0.001588363483914773,0.0015896256013385734,0.002046195176589292,-0.0017057023592621037,-0.0026138570557443846,76.5830177307129,76.36369354248046,75.63897888183594,76.58093480712509,76.51437547312372,48.788005786207734,0.0665593340013686,0.07460368894761946,-0.008044354946250859,76.88089138875274,76.28514407267305,0.7327017436205009,0.02582759651072347
2020-12-14,76.6955795288086,-0.0003398528520599499,-0.0003397951086210327,0.001588363483914773,0.002046195176589292,0.0013644955561308914,76.60398139953614,76.36985321044922,75.65224075317383,76.59857245661486,76.52779799576705,49.8092999075254,0.07077446084781513,0.0738378433276586,-0.00306338247984346,76.86806673646369,76.33989606260859,0.6734252464338534,0.02592897288504133
2020-12-15,76.73038482666016,0.00045370806166791534,0.00045381100273833574,-0.0003398528520599499,0.001588363483914773,0.00034120680313141753,76.62451171875,76.382431640625,75.66345191955567,76.61885128277568,76.54280442768504,53.300768147847194,0.07604685509063813,0.07427964568025451,0.0017672094103836217,76.85759028467685,76.39143315282315,0.72711892766533,0.025914687823630628
2020-12-16,76.65208435058594,-0.0010209834708748279,-0.0010204624445857569,0.00045370806166791534,-0.0003398528520599499,-0.0017057023592621037,76.63461494445801,76.39136291503907,75.6743571472168,76.62396406243879,76.55089923678881,51.90170389725095,0.07306482564997907,0.07403668167419943,-0.000971856024220355,76.85289434755799,76.41633554135802,0.5400161579146515,0.025715932747189387
2020-12-17,76.66948699951172,0.0002270084874198754,0.0002270342557963989,-0.0010209834708748279,0.00045370806166791534,0.002046195176589292,76.64124374389648,76.40272338867187,75.68393741607666,76.63096759121925,76.55968351550902,47.20252883314145,0.07128407571022422,0.07348616048140438,-0.0022020847711801683,76.85503616489066,76.4274513229023,0.5660529860785053,0.025446276474523744
2020-12-18,76.64337921142578,-0.00034058183091276097,-0.0003405238395047805,0.0002270084874198754,-0.0010209834708748279,0.001588363483914773,76.63875160217285,76.41096084594727,75.6908201599121,76.63287707125102,76.56588319668803,42.50143773030309,0.06699387456298211,0.07218770329771992,-0.00519382873473781,76.85115033221628,76.42635287212941,0.5108936839028866,0.024403893314384247
2020-12-21,76.65208435058594,0.00011357334349292184,0.00011357979318926681,-0.00034058183091276097,0.0002270084874198754,-0.0003398528520599499,76.63322143554687,76.41902572631835,75.69855934143067,76.63583203730254,76.57226846734713,51.07954975645459,0.0635635699554058,0.0704628766292571,-0.006899306673851302,76.8376429570498,76.42879991404395,0.5461373022282188,0.02416094742530861
2020-12-22,76.77386474609375,0.001587481411061043,0.0015887421267088975,0.00011357334349292184,-0.00034058183091276097,0.00045370806166791534,76.6368194580078,76.42727081298828,75.71195594787598,76.65706783865502,76.58720152503207,61.59453447727995,0.0698663136229527,0.07034356402799621,-0.00047725040504351113,76.84872710557016,76.42491181044545,0.8233608830601933,0.02469106670934926
2020-12-23,76.68744659423828,-0.0011262533890193584,-0.0011256194037029266,0.001587481411061043,0.00011357334349292184,-0.0010209834708748279,76.6400032043457,76.43257400512695,75.73193717956543,76.66174149336014,76.59462708571401,51.934464003429525,0.0671144076461303,0.06969773275162304,-0.002583325105492737,76.85299600381556,76.42701040487584,0.6113732248476595,0.024755228935559728
2020-12-24,76.8183822631836,0.001705937835380352,0.001707393775125965,-0.0011262533890193584,0.001587481411061043,0.0002270084874198754,76.6514720916748,76.43962890625,75.772339553833,76.68584007333298,76.61120154330435,67.52905940241033,0.0746385300286363,0.0706858922070257,0.003952637821610594,76.87722262698794,76.42572155636167,0.8696783515424835,0.02536169175642441
2020-12-28,76.79218292236328,-0.0003411137904831928,-0.0003410556177888546,0.001705937835380352,-0.0011262533890193584,-0.00034058183091276097,76.65338020324707,76.44702682495117,75.79810699462891,76.70220051164534,76.62460757138278,62.327381272935696,0.07759294026256214,0.07206730181813299,0.005525638444429146,76.8833853289534,76.42337507754074,0.8017383171135029,0.02427113442727982
2020-12-29,76.8183822631836,0.000341113790483302,0.00034117197640815,-0.0003411137904831928,0.001705937835380352,0.00011357334349292184,76.65138664245606,76.45616226196289,75.82024040222169,76.72007462726661,76.63896125225692,62.33027932273276,0.08111337500969285,0.07387651645644497,0.007236858553247877,76.874503008019,76.42827027689312,0.8742343604114092,0.023794745149428465
2020-12-30,76.87074279785156,0.0006813824553040116,0.0006816146490637998,0.000341113790483302,-0.0003411137904831928,0.001587481411061043,76.66362495422364,76.46773315429688,75.850122756958,76.74325434581814,76.6561302556343,73.39228899967432,0.08712409018384903,0.07652603120192579,0.010598058981923245,76.90682089429212,76.42042901415515,0.9258250437272889,0.021077875707580608
2020-12-31,76.97549438476562,0.0013617701026706248,0.0013626977326020029,0.0006813824553040116,0.000341113790483302,-0.0011262533890193584,76.68762550354003,76.48399978637696,75.88908588409424,76.7789835825793,76.67978685779217,71.79217054126312,0.09919672478713437,0.0810601699189675,0.01813655486816687,76.95453991583724,76.42071109124282,1.0392531612437759,0.02027650683421994
2021-01-04,76.87074279785156,-0.0013617701026706459,-0.0013608433145029242,0.0013617701026706248,0.0006813824553040116,0.001705937835380352,76.69899368286133,76.49990615844726,75.92773914337158,76.79310038492888,76.693931742241,58.82432627700311,0.09916864268787151,0.08468186447274831,0.014486778215123203,76.9771058112046,76.42088155451806,0.8087767441379773,0.020158892458296513
2021-01-05,76.73982238769531,-0.001704576006189148,-0.0017031240416205407,-0.0013617701026706459,0.0013617701026706248,-0.0003411137904831928,76.71381950378418,76.51579483032226,75.95987655639648,76.78490376996987,76.6973310493117,52.32945826738759,0.0875727206581729,0.08526003570983323,0.002312684948339666,76.9648342307981,76.46280477677026,0.5517955345099939,0.018713105448976915
2021-01-06,76.39940643310547,-0.004445843405628013,-0.004435975273307746,-0.001704576006189148,-0.0013617701026706459,0.000341113790483302,76.70640563964844,76.52296829223633,75.98252479553223,76.72559648737536,76.67526255922235,36.816225809588644,0.050333928153008856,0.07827481419846836,-0.02794088604545951,76.98529253954564,76.42751873975124,-0.050400909214683286,0.02439437877955866
2021-01-07,76.24231719970703,-0.0020582745676442395,-0.00205615777311019,-0.004445843405628013,-0.001704576006189148,0.0006813824553040116,76.68983116149903,76.5247445678711,76.00400253295898,76.65124582773407,76.64319253259158,34.641846101055165,0.008053295142488537,0.0642305103872724,-0.05617721524478386,77.03372416515829,76.34593815783977,-0.15065871801714176,0.02529312431712791
2021-01-08,76.1724624633789,-0.0009166399921806393,-0.0009162200060781611,-0.0020582745676442395,-0.004445843405628013,0.0013617701026706248,76.67628898620606,76.5214826965332,76.02029644012451,76.57758684860251,76.60832363857583,32.07615693611402,-0.03073678997331797,0.04523705031515433,-0.07597384028847229,77.07759587218307,76.27498210022905,-0.1277322174531796,0.024827919366573165
2021-01-11,76.09391784667969,-0.0010316738797608452,-0.0010311418872270828,-0.0009166399921806393,-0.0020582745676442395,-0.0013617701026706459,76.65099067687989,76.51873092651367,76.0345291519165,76.50317623292207,76.57021950584277,30.907249619571274,-0.06704327292069934,0.022780985667983596,-0.08982425858868293,77.12903331265615,76.17294804110362,-0.08266019441509023,0.023542280562084315
2021-01-12,76.07648468017578,-0.00022912690366443504,-0.00022910065610015629,-0.0010316738797608452,-0.0009166399921806393,-0.001704576006189148,76.61873245239258,76.51892517089844,76.04670642852783,76.43753137865342,76.53364655579335,30.119580283219236,-0.09611517713993578,-0.0009982468936002818,-0.0951169302463355,77.15963720602079,76.07782769876437,-0.0012414557087700574,0.02243452079128156
2021-01-13,76.2772216796875,0.00263514581256414,0.002638620861040275,-0.00022912690366443504,-0.0010316738797608452,-0.004445843405628013,76.59781455993652,76.52573455810547,76.05950229644776,76.41286834804328,76.51465212052625,33.733807772269316,-0.10178377248297465,-0.02115535201147516,-0.0806284204714995,77.15821258476262,76.03741653511042,0.21395966255545912,0.024926427850048782
2021-01-14,76.18121337890625,-0.0012594686995906644,-0.0012586759017576554,0.00263514581256414,-0.00022912690366443504,-0.0020582745676442395,76.57035598754882,76.52852249145508,76.07524097442626,76.3772291220222,76.48995295448033,33.52321544749768,-0.11272383245812989,-0.039469048100806106,-0.07325478435732379,77.15662347617645,75.9840884989212,0.16811854981631086,0.025005213313548463
2021-01-15,76.24231719970703,0.000801763662632442,0.0008020851610339719,-0.0012594686995906644,0.00263514581256414,-0.0009166399921806393,76.54986763000488,76.53287979125976,76.08939846038818,76.35647344166603,76.47160956523787,30.357440166493234,-0.115136123571844,-0.05460246319501368,-0.06053366037683031,77.15252052201183,75.94721473799794,0.24483617819068898,0.02520163899413259
2021-01-19,76.34705352783203,0.0013727868995588833,0.0013737296028222268,0.000801763662632442,-0.0012594686995906644,-0.0010316738797608452,76.5337459564209,76.52890914916992,76.10236434936523,76.35502422415311,76.4623831920967,35.59364721917686,-0.10735896794358268,-0.06515376414472748,-0.0422052037988552,77.1401645218666,75.92732739097521,0.3460696627488156,0.025820711528669785
2021-01-20,76.33833312988281,-0.00011422701477314746,-0.00011422049111609045,0.0013727868995588833,0.000801763662632442,-0.00022912690366443504,76.51849365234375,76.52320037841797,76.11545818328858,76.35245636349615,76.45319429859937,34.2857000144853,-0.1007379351032256,-0.0722705983364271,-0.028467336766798496,77.12863523729914,75.90835206738836,0.35236170841058884,0.02581811334808722
2021-01-21,76.23355102539062,-0.0013735443007212504,-0.0013726014204935577,-0.00011422701477314746,0.0013727868995588833,0.00263514581256414,76.49756698608398,76.51887100219727,76.12687030792236,76.33416323455683,76.43692442650985,29.833779228681536,-0.10276119195302158,-0.078368717059746,-0.024392474893275576,77.11705453301626,75.8780794391517,0.28690777401355966,0.026116929287203425
2021-01-22,76.26847839355469,0.00045805775710442207,0.0004581626815787221,-0.0013735443007212504,-0.00011422701477314746,-0.0012594686995906644,76.47229766845703,76.52236236572266,76.13811386108398,76.32405787440265,76.42444694258724,26.58926243671749,-0.10038906818458315,-0.08277278728471343,-0.01761628089986972,77.08552953180917,75.85906580510489,0.33381548882000683,0.02534570705410511
2021-01-25,76.44306945800781,0.0022865479785552653,0.0022891641229842996,0.00045805775710442207,-0.0013735443007212504,0.000801763662632442,76.4600788116455,76.5322982788086,76.149287109375,76.34236734880345,76.42582638817396,36.464872800324514,-0.08345903937050991,-0.08291003770187273,-0.0005490016686371807,77.06494199415346,75.85521562913755,0.485939503238432,0.026778653887409336
2021-01-26,76.4343490600586,-0.0001140835323255575,-0.0001140770250468437,0.0022865479785552653,0.00045805775710442207,0.0013727868995588833,76.44087715148926,76.5410173034668,76.15634326934814,76.35651838130424,76.42645769720245,39.521823101764376,-0.06993931589821045,-0.08031589334114028,0.01037657744292983,77.02175472026505,75.85999958271347,0.4943808370458985,0.02586056505869217
2021-01-27,76.4343490600586,0.0,0.0,-0.0001140835323255575,0.0022865479785552653,-0.00011422701477314746,76.42298545837403,76.5446987915039,76.16460018157959,76.36849233188184,76.4270422425992,51.56378038787216,-0.058549910717360376,-0.0759626968163843,0.017412786099023927,76.9798495502191,75.86612136652896,0.5102032092309214,0.025873071484746334
2021-01-28,76.37322998046875,-0.0007999483171302058,-0.0007996284437749024,0.0,-0.0001140835323255575,-0.0013735443007212504,76.40072784423828,76.5466372680664,76.17255149841309,76.36922120089521,76.42305614910806,56.40926035215634,-0.053834948212852396,-0.07153714709567793,0.017702198882825537,76.92572260638227,75.87573308209429,0.4738112970334895,0.02585397079073639
2021-01-29,76.31214904785156,-0.0008000888659317328,-0.0007997688801797409,-0.0007999483171302058,0.0,0.00045805775710442207,76.37279815673828,76.54648468017578,76.17835350036621,76.36044086965774,76.41484080827425,56.89807174989262,-0.0543999386165126,-0.06810970539984487,0.013709766783332272,76.84974533995477,75.8958509735218,0.4364194705190306,0.025649275821337438
2021-02-01,76.33747100830078,0.0003317657871950114,0.0003318208275504553,-0.0008000888659317328,-0.0007999483171302058,0.0022865479785552653,76.34089698791504,76.54423370361329,76.18406776428223,76.35690704483358,76.40910971197992,62.69455601065733,-0.05220266714634647,-0.06492829774914519,0.012725630602798715,76.72428218563306,75.95751179019703,0.4955319354598774,0.024981651438538657
2021-02-02,76.24132537841797,-0.0012602752792039821,-0.0012594814658237752,0.0003317657871950114,-0.0008000888659317328,-0.0001140835323255575,76.30942611694336,76.5383219909668,76.18981567382812,76.33912525000041,76.39668124282719,57.94034633816482,-0.057555992826777924,-0.06345383676467174,0.005897843937893818,76.6023405486396,76.01651168524711,0.38375318667123826,0.024933247937109916
2021-02-03,76.11019134521484,-0.0017214671492255115,-0.0017199862745335137,-0.0012602752792039821,0.0003317657871950114,0.0,76.27794456481934,76.52666137695313,76.1955083847046,76.30390464926417,76.37545976892997,41.375887307077186,-0.07155511966580264,-0.06507409334489792,-0.00648102632090472,76.50374204618699,76.05214708345169,0.12853168558742312,0.024944939544088232
2021-02-04,76.12770080566406,0.0002300276268811966,0.0002300540852644417,-0.0017214671492255115,-0.0012602752792039821,-0.0007999483171302058,76.26435928344726,76.5139616394043,76.20081684112549,76.27679636563337,76.3571072531325,46.99331275720165,-0.08031088749912385,-0.06812145217574311,-0.012189435323380737,76.49207350491585,76.03664506197867,0.19993424894182213,0.0199347070044682
2021-02-05,76.02276611328125,-0.001379354413368645,-0.0013784035413165752,0.0002300276268811966,-0.0017214671492255115,-0.0008000888659317328,76.25338172912598,76.50037887573242,76.20590091705323,76.23771478834843,76.33234124277315,38.24324876414593,-0.09462645442472706,-0.0734224526255399,-0.02120400179918716,76.50543713826757,76.00132631998439,0.04252992103974268,0.0192182311939638
2021-02-08,76.11019134521484,0.0011493267864875062,0.0011499875156255612,-0.001379354413368645,0.0002300276268811966,0.0003317657871950114,76.25026817321778,76.49010726928711,76.21082176208496,76.2180957970971,76.31588569480587,37.07665922941156,-0.09778989770876478,-0.07829594164218487,-0.019493956066579915,76.5080066526422,75.99252969379336,0.22825782879655332,0.019513784696242098
2021-02-09,76.07520294189453,-0.00045981290255447764,-0.00045970720480281724,0.0011493267864875062,-0.001379354413368645,-0.0012602752792039821,76.24933242797852,76.47983123779296,76.21569618225098,76.1961122809121,76.29805734273836,36.04350957842003,-0.10194506182625673,-0.08302576567899925,-0.018919296147257486,76.50958462799457,75.98908022796246,0.16546010740112388,0.019232232658871543
2021-02-10,76.19760131835938,0.001607620000438184,0.0016089129142162761,-0.00045981290255447764,0.0011493267864875062,-0.0017214671492255115,76.2553882598877,76.4687028503418,76.22251194000245,76.1963413635963,76.29061615574733,48.12819779451489,-0.09427479215102608,-0.08527557097340463,-0.008999221177621447,76.50408572477322,76.00669079500217,0.38382080702969806,0.020045505677225687
2021-02-11,76.11890411376953,-0.001033337934969501,-0.0010328042251755987,0.001607620000438184,-0.00045981290255447764,0.0002300276268811966,76.24747238159179,76.45391586303711,76.2278193283081,76.18442794054603,76.27789674523045,42.551574788191935,-0.09346880468442009,-0.08691421771560773,-0.006554586968812365,76.50322206977597,75.99172269340761,0.24864433123048452,0.017963870063467027
2021-02-12,75.91787719726562,-0.002644452637329164,-0.0026409591525837772,-0.001033337934969501,0.001607620000438184,-0.001379354413368645,76.23430557250977,76.43975387573242,76.23186424255371,76.1434201338875,76.25122863056639,24.51765751092026,-0.10780849667888504,-0.09109307350826319,-0.016715423170621843,76.5286247591248,75.93998638589474,-0.03755988334195033,0.019731297892746396
2021-02-16,75.55944061279297,-0.0047325534759697415,-0.004721372589769457,-0.002644452637329164,-0.001033337934969501,0.0011493267864875062,76.20016174316406,76.42103302001954,76.23441719055175,76.0535771306422,76.19998507369428,18.30543701771066,-0.1464079430520826,-0.10215604741702708,-0.04425189563505552,76.62156927892515,75.77875420740297,-0.2602155585731335,0.02514210213660374
2021-02-17,75.71678924560547,0.0020802830650215216,0.0020824483550485606,-0.0047325534759697415,-0.002644452637329164,-0.00045981290255447764,76.16864852905273,76.40250122070313,76.23791145324707,76.00176360986731,76.16419279013215,26.66574042831907,-0.16242918026483721,-0.11421067398658913,-0.048218506278248086,76.63560634297129,75.70169071513418,0.016166910608680037,0.025935268751617807
2021-02-18,75.67308807373047,-0.000577332829151666,-0.0005771662046213377,0.0020802830650215216,-0.0047325534759697415,0.001607620000438184,76.13538627624511,76.38709686279297,76.24080059051514,75.95119814276933,76.12781466299128,26.971277145682038,-0.1766165202219554,-0.1266918432336624,-0.049924676988293004,76.64433676536584,75.6264357871244,0.04583185162732982,0.02591625060328055
2021-02-19,75.41082763671875,-0.0034717223100026694,-0.0034657028500830744,-0.000577332829151666,0.0020802830650215216,-0.001033337934969501,76.09425010681153,76.36435974121093,76.24272216796875,75.86806421876155,76.07470451289703,23.819021531969966,-0.20664029413548235,-0.1426815334140264,-0.06395876072145595,76.69458344705926,75.4939167665638,-0.06920249490954689,0.02791436410592698
2021-02-22,75.20095825195312,-0.0027868937262956633,-0.0027830139429929623,-0.0034717223100026694,-0.000577332829151666,-0.002644452637329164,76.04087409973144,76.33690277099609,76.2452700805664,75.76543253156025,76.00998256764191,20.183982034130352,-0.24455003608166237,-0.1630552339475536,-0.08149480213410876,76.75502216732572,75.32672603213716,-0.08805441468721112,0.028736005422108264
2021-02-23,75.18348693847656,-0.00023235532814643885,-0.0002323283357378303,-0.0027868937262956633,-0.0034717223100026694,-0.0047325534759697415,75.97789497375489,76.31170639038086,76.24652767181396,75.6759024403166,75.94876066918522,21.05304912419885,-0.2728582288686141,-0.1850158329317657,-0.0878423959368484,76.76148451165045,75.19430543585932,-0.006903166045205352,0.02656747403979718
2021-02-24,75.13978576660156,-0.0005814292400601491,-0.0005812602428344471,-0.00023235532814643885,-0.0027868937262956633,0.0020802830650215216,75.91316680908203,76.28250442504883,76.24864086151123,75.59342295205275,75.88883660232717,22.111079439559703,-0.29541365027442623,-0.20709539640029784,-0.0883182538741284,76.75005851215532,75.07627510600874,0.03794437222856762,0.026451812723461445
2021-02-25,74.4841079711914,-0.008764402211019094,-0.008726106798425226,-0.0005814292400601491,-0.00023235532814643885,-0.000577332829151666,75.81565475463867,76.23775360107422,76.2486357498169,75.42275910884331,75.78478262965045,15.440787215133426,-0.36202352080714206,-0.2380810212816667,-0.12394249952547537,76.83207239475182,74.79923711452552,-0.15501951702601233,0.038327493794398114
2021-02-26,75.1310806274414,0.008648542904703856,0.008686049600006296,-0.008764402211019094,-0.0005814292400601491,-0.0034717223100026694,75.7535472869873,76.20646362304687,76.25066230773926,75.37788549631993,75.73636025911644,34.73128365649667,-0.35847476279650436,-0.2621597695846342,-0.09631499321187015,76.77827859896394,74.72881597501066,0.19627811101761075,0.05212728622066663
2021-03-01,75.0338363647461,-0.0012951663842221302,-0.001294328018220936,0.008648542904703856,-0.008764402211019094,-0.0027868937262956633,75.68963165283203,76.17253265380859,76.25177318572997,75.32495486069318,75.68432145212604,31.63087804090476,-0.35936659143285965,-0.2816011339542793,-0.07776545747858032,76.72704711159223,74.65221619407184,0.18392832276199367,0.052154406689292984
2021-03-02,75.02513885498047,-0.00011592122047516187,-0.00011591450187009578,-0.0012951663842221302,0.008648542904703856,-0.00023235532814643885,75.62401504516602,76.13999374389648,76.25180919647217,75.27882932135276,75.63549311159674,31.917292047676113,-0.3566637902439851,-0.2966136652122205,-0.0600501250317646,76.65489004659628,74.59314004373576,0.20953016158377363,0.052044567161387785
2021-03-03,74.78872680664062,-0.003156079626331894,-0.0031511044424298307,-0.00011592122047516187,-0.0012951663842221302,-0.0005814292400601491,75.55138511657715,76.10237854003907,76.2504483795166,75.20342893447398,75.5727696816,26.655069884099603,-0.3693407471260173,-0.31115908159497985,-0.05818166553103743,76.60359810172791,74.49917213142639,0.1375931865984084,0.052665908403471476
2021-03-04,74.55233764648438,-0.003165765001709972,-0.0031607592514232286,-0.003156079626331894,-0.00011592122047516187,-0.008764402211019094,75.47349243164062,76.06055770874023,76.24859321594238,75.10326104401403,75.49718212344328,25.3312861471331,-0.3939210794292478,-0.32771148116183346,-0.06620959826741435,76.58073736038303,74.36624750289822,0.08403296269666166,0.05318914205289857
2021-03-05,74.50856018066406,-0.0005873769407953272,-0.0005872044687303957,-0.003165765001709972,-0.003156079626331894,0.008648542904703856,75.39253540039063,76.0176872253418,76.24604633331299,75.01176860349865,75.4239508684226,26.651161614884856,-0.41218226492394194,-0.3446056379142552,-0.06757662700968675,76.5346003503576,74.25047045042366,0.11299257990881566,0.053010330209460145
2021-03-08,74.16707611083984,-0.004593687020152811,-0.004583152177363381,-0.0005873769407953272,-0.003165765001709972,-0.0012951663842221302,75.29975090026855,75.96555145263672,76.24080387115478,74.88181591232038,75.33084903452757,26.801712478517757,-0.44903312220719727,-0.3654911347728436,-0.08354198743435365,76.52474190877246,74.07475989176464,0.03768036599221559,0.05446316021041614
2021-03-09,74.41222381591797,0.0032998934260170527,0.003305344068192273,-0.004593687020152811,-0.0005873769407953272,-0.00011592122047516187,75.21485252380371,75.92004699707032,76.23640056610107,74.80957097441231,75.26280272203797,28.882368051850534,-0.4532317476256651,-0.38303925734340794,-0.07019249028225716,76.43870322298602,73.9910018246214,0.17208879791382795,0.056218889035464396
2021-03-10,74.55233764648438,0.0018811705349311484,0.001882941046259079,0.0032998934260170527,-0.004593687020152811,-0.003156079626331894,75.1387092590332,75.87472610473633,76.23256881713867,74.76999661626955,75.21017567940437,32.40701041694112,-0.4401790631348206,-0.39446721850169053,-0.04571184463313005,76.32613169717266,73.95128682089376,0.25309056250124184,0.05719364439950515
2021-03-11,74.56107330322266,0.00011716795548613928,0.00011717481991913026,0.0018811705349311484,0.0032998934260170527,-0.003165765001709972,75.05688285827637,75.83010391235352,76.22899574279785,74.73785456810849,75.16209402190943,35.50745192745593,-0.4242394538009364,-0.40042166556153974,-0.023817788239396676,76.15959405568809,73.95417166086465,0.2751861247906648,0.0565293817218857
2021-03-12,74.11456298828125,-0.006006520886977205,-0.0059885178037278886,0.00011716795548613928,0.0018811705349311484,-0.0005873769407953272,74.95666580200195,75.77602752685547,76.22301807403565,74.64196355582737,75.08449913052957,32.8554228472356,-0.44253557470219107,-0.40884444738967,-0.03369112731252105,76.01646472544923,73.89686687855468,0.10270632707309266,0.05916342220354723
2021-03-15,74.20210266113281,0.0011804429749470026,0.001181139971983658,-0.006006520886977205,0.00011716795548613928,-0.004593687020152811,74.87087707519531,75.7226547241211,76.21734939575195,74.57429264895129,75.01913642909277,34.84771382260922,-0.4448437801414826,-0.41604431394003255,-0.028799466201450075,75.87960941415477,73.86214473623585,0.1685074978599583,0.05959623013730058
2021-03-16,74.19337463378906,-0.00011763198600003422,-0.00011762506762924563,0.0011804429749470026,-0.006006520886977205,0.0032998934260170527,74.80257377624511,75.66701232910157,76.21056285858154,74.51568987738787,74.9579688886999,35.228160426788605,-0.4422790113120243,-0.4212912534144309,-0.020987757897593384,75.79992842733613,73.8052191251541,0.1945925194264445,0.05814323232344326
2021-03-17,74.16707611083984,-0.0003545220184041379,-0.00035445918289911393,-0.00011763198600003422,0.0011804429749470026,0.0018811705349311484,74.72508811950684,75.61293899536133,76.20395038604737,74.46205699022663,74.89938423848804,43.84177173919486,-0.43732724826141123,-0.424498452383827,-0.012828795877584231,75.66237302744337,73.7878032115703,0.2023252994143061,0.05711440689501474
2021-03-18,73.86063385009766,-0.004140342353290523,-0.004131782952913277,-0.0003545220184041379,-0.00011763198600003422,0.00011716795548613928,74.6344654083252,75.55535522460937,76.19550449371337,74.36953035328371,74.82243976527393,21.559545280647114,-0.4529094119902197,-0.43018064430510555,-0.02272876768511417,75.5356011827345,73.7333296339159,0.07063542464796979,0.05812790777431936
2021-03-19,73.92192840576172,0.0008295235681827741,0.0008298677180114122,-0.004140342353290523,-0.0003545220184041379,-0.006006520886977205,74.56002044677734,75.5058056640625,76.18822597503662,74.3006685152034,74.75573522012488,24.701430356894875,-0.45506670492147805,-0.4351578564283801,-0.01990884849309793,75.4367784249015,73.68326246865318,0.13610708032515756,0.05791503920087049
2021-03-22,74.13207244873047,0.0028387504947713425,0.0028427835623450193,0.0008295235681827741,-0.004140342353290523,0.0011804429749470026,74.5065761566162,75.46360076904297,76.18290222167968,74.27473065882295,74.70953797779937,31.386828815305748,-0.434807318976425,-0.4350877489379891,0.0002804299615641326,75.3484486308799,73.66470368235251,0.2775769375205676,0.059040862834218784
2021-03-23,74.29840087890625,0.0022411637727297977,0.0022436770574680853,0.0028387504947713425,0.0008295235681827741,-0.00011763198600003422,74.46232185363769,75.42611953735351,76.17845333099365,74.27837223114345,74.67908337788135,39.47316696040726,-0.40071114673790476,-0.4282124284979723,0.027501281760067553,75.24536838339623,73.67927532387915,0.395331268001413,0.05995526240669254
2021-03-24,74.41222381591797,0.0015307979436232876,0.0015319702128882007,0.0022411637727297977,0.0028387504947713425,-0.0003545220184041379,74.42594375610352,75.39248565673829,76.17418586730957,74.29896478264722,74.6593160029211,46.82478483227464,-0.3603512202738841,-0.41464018685315474,0.054288966579270626,75.14113294893133,73.71075456327571,0.4904081742823148,0.06042720285794955
2021-03-25,74.35967254638672,-0.0007064677267936528,-0.0007062182372247205,0.0015307979436232876,0.0022411637727297977,-0.004140342353290523,74.41972198486329,75.3581494140625,76.16939743041992,74.30830443860714,74.63712019132596,46.63931970118101,-0.3288157527188247,-0.3974753000262887,0.06865954730746404,75.13494570413283,73.70449826559374,0.45802052081137884,0.051963342399633614
2021-03-26,74.22836303710938,-0.0017674309098155746,-0.0017658699235856279,-0.0007064677267936528,0.0015307979436232876,0.0008295235681827741,74.37458610534668,75.31717224121094,76.16235969543457,74.29600576145363,74.60684188360621,51.52837763275557,-0.3108361221525797,-0.3801474644515469,0.06931134229896718,75.01030878189147,73.73886342880189,0.3849946103605736,0.04067586176689975
2021-03-29,74.13207244873047,-0.001298063079743979,-0.0012972209602786222,-0.0017674309098155746,-0.0007064677267936528,0.0028387504947713425,74.32949790954589,75.27618942260742,76.15552921295166,74.27078525180391,74.57167377731912,42.453264497459756,-0.3008885255152052,-0.3642956766642786,0.06340715114907342,74.89205295258179,73.76694286650999,0.3245278721971877,0.040676515506648726
2021-03-30,74.21085357666016,0.001062148866103451,0.0010627131459757244,-0.001298063079743979,-0.0017674309098155746,0.0022411637727297977,74.28878364562988,75.23556015014648,76.14870525360108,74.2615649940895,74.54494635504808,40.48672660417862,-0.283381360958586,-0.3481128135231401,0.06473145256455409,74.74766809735148,73.82989919390828,0.415087481524652,0.04107718629725748
2021-03-31,74.17584991455078,-0.0004717897484760321,-0.00047167847319284917,0.001062148866103451,-0.001298063079743979,0.0015307979436232876,74.2581398010254,75.19213607788086,76.14093139648438,74.24837805877584,74.51760587797422,39.423012468159264,-0.26922781919837746,-0.33233581465818757,0.0631079954598101,74.65397627025898,73.86230333179181,0.39605570371782456,0.039902994196859776
2021-04-01,74.41453552246094,0.0032126683365465277,0.0032178344863607045,-0.0004717897484760321,0.001062148866103451,-0.0007064677267936528,74.25124969482422,75.15366012573242,76.13482452392579,74.27394074549663,74.50997103682509,59.29732132722939,-0.23603029132846132,-0.3130747099922423,0.07704441866378098,74.62995071630192,73.87254867334653,0.7155867272282103,0.040482695299886795
2021-04-05,74.3004379272461,-0.0015344469350369217,-0.0015332702732573367,0.0032126683365465277,-0.0004717897484760321,-0.0017674309098155746,74.24084358215332,75.11499786376953,76.12806087493897,74.27801723499655,74.49445006574517,52.998432040348206,-0.21643283074861586,-0.29374633414351703,0.07731350339490117,74.60074525144108,73.88094191286555,0.5827925377655399,0.04077477635614258
2021-04-06,74.56370544433594,0.0035370208781621807,0.0035432835180275735,-0.0015344469350369217,0.0032126683365465277,-0.001298063079743979,74.26067504882812,75.08090240478515,76.12218315124511,74.32196926720262,74.49958009378894,59.77478130588178,-0.17761082658631722,-0.27051923263207706,0.09290840604575984,74.6462562658062,73.87509383185004,0.892952745316227,0.03917852488465354
2021-04-07,74.4759750366211,-0.001177275978644614,-0.0011765832611462246,0.0035370208781621807,-0.0015344469350369217,0.001062148866103451,74.26386260986328,75.04156051635742,76.1157377243042,74.34566246249777,74.49783157103576,57.897200636644506,-0.15216910853798993,-0.24684920781325964,0.09468009927526971,74.65572187588403,73.87200334384254,0.770648731765071,0.03777950561854178
2021-04-08,74.6426773071289,0.0022358348514082914,0.0022383361939986024,-0.001177275978644614,0.0035370208781621807,-0.0004717897484760321,74.26837959289551,75.00572708129883,76.11025485992431,74.39135705397949,74.50856088482044,71.5319206143815,-0.11720383084094976,-0.22092013241879768,0.10371630157784792,74.67600549624488,73.86075368954614,0.9591191471860265,0.038028555882089365
2021-04-09,74.54611206054688,-0.0012945377528281539,-0.001293700200284853,0.0022358348514082914,-0.001177275978644614,0.0032126683365465277,74.26763153076172,74.96796234130859,76.10446144104004,74.41516551652832,74.51134245339277,66.85816254620835,-0.0961769368644525,-0.19597149330792868,0.09979455644347618,74.67304468966849,73.86221837185495,0.8434527514302981,0.038329644224146156
2021-04-12,74.5285873413086,-0.00023511326052410005,-0.00023508562356744367,-0.0012945377528281539,0.0022358348514082914,-0.0015344469350369217,74.28833274841308,74.9310694885254,76.09853740692138,74.43261502803297,74.51261985249765,61.95286195286195,-0.08000482446468027,-0.17277815953927902,0.09277333507459876,74.70301241878299,73.87365307804318,0.7896869681134794,0.031158138548599196
2021-04-13,74.72167205810547,0.002587396836601126,0.0025907470366053342,-0.00023511326052410005,-0.0012945377528281539,0.0035370208781621807,74.31431121826172,74.89925994873047,76.09319126129151,74.47708534035182,74.5281052010612,62.5568667925092,-0.05101986070937414,-0.14842649977329805,0.09740663906392391,74.76937767940997,73.85924475711347,0.9475838966640957,0.03208476061588414
2021-04-14,74.66899871826172,-0.0007051757884580533,-0.0007049272104455717,0.002587396836601126,-0.00023511326052410005,-0.001177275978644614,74.33809242248535,74.86589050292969,76.08689311981202,74.50661047541489,74.53854175789087,57.90432887419209,-0.03193128247598054,-0.12512745631383457,0.09319617383785403,74.81570109317275,73.86048375179794,0.8464198998943141,0.032265342232823485
2021-04-15,74.98491668701172,0.004221986937912343,0.004230912080956273,-0.0007051757884580533,0.002587396836601126,0.0022358348514082914,74.37898445129395,74.84076232910157,76.08191631317139,74.58019604642979,74.57160656745538,66.56158049600673,0.008589478974414533,-0.09838406925618476,0.10697354823059929,74.9294320377713,73.82853686481658,1.0503995753669222,0.03497322488173813
2021-04-16,74.7831039428711,-0.002695006122668598,-0.002691377853802135,0.004221986937912343,-0.0007051757884580533,-0.0012945377528281539,74.42510795593262,74.81422058105468,76.07554290771485,74.6114126458823,74.58727303970839,64.16501400702104,0.02413960617390387,-0.07387933417016704,0.09801894034407091,74.94650128256858,73.90371462929666,0.8433070281588321,0.032706064080090934
2021-04-19,74.73919677734375,-0.0005872992400182378,-0.0005871268135765328,-0.002695006122668598,0.004221986937912343,-0.00023511326052410005,74.46597137451172,74.78645050048829,76.0688549041748,74.63107174303022,74.5985266499036,65.92871640691618,0.03254509312661469,-0.0525944487108107,0.08513954183742539,74.9479318453745,73.98401090364895,0.7834520872042842,0.03297161932970211
2021-04-20,74.862060546875,0.001642550328150768,0.0016439000528367664,-0.0005872992400182378,-0.002695006122668598,0.002587396836601126,74.50247077941894,74.76323638916016,76.062177734375,74.66660848208326,74.6180476793089,66.69901279106621,0.04856080277436092,-0.032363398413776376,0.0809242011881373,74.98850998341628,74.0164315754216,0.8699184803393228,0.032132933805933406
2021-04-21,74.9410400390625,0.001054444122936952,0.0010550002445903761,0.001642550328150768,-0.0005872992400182378,-0.0007051757884580533,74.53460273742675,74.73985336303711,76.05602481842041,74.70882872161853,74.64197303929066,69.18911886367202,0.0668556823278692,-0.01251958226544726,0.07937526459331647,75.0480351967489,74.0211702781046,0.8958040578232453,0.03154588746410966
2021-04-22,74.97614288330078,0.0004682964847060648,0.00046840615262322416,0.001054444122936952,0.001642550328150768,0.004221986937912343,74.5627986907959,74.71787216186523,76.04944347381591,74.74995397726195,74.66672636106918,65.68534278859062,0.0832276161927723,0.006629857426196652,0.07659775876657565,75.1088355303314,74.0167618512604,0.8784947851288744,0.031278736587115386
2021-04-23,74.98491668701172,0.00011701442689302423,0.00011702127334811685,0.0004682964847060648,0.001054444122936952,-0.002695006122668598,74.59406089782715,74.69361846923829,76.0431217956543,74.78610208645422,74.6902960148427,70.31207549220264,0.09580607161151988,0.024465100263261298,0.07134097134825859,75.1622748963457,74.02584689930859,0.8439336149792203,0.03103588018690288
2021-04-26,74.93224334716797,-0.000702699304058151,-0.0007024524687225808,0.00011701442689302423,0.0004682964847060648,-0.0005872992400182378,74.62925491333007,74.66988525390624,76.03550159454346,74.80858535733326,74.70821803945938,62.498641592622675,0.1003673178738751,0.039645543785384055,0.06072177408849104,75.18923217277397,74.06927765388618,0.7705363733330781,0.030261645758316875
2021-04-27,74.73919677734375,-0.0025796060586287628,-0.0025762817340169164,-0.000702699304058151,0.00011701442689302423,0.001642550328150768,74.65961112976075,74.64631164550781,76.02734756469727,74.79791019118102,74.71051276078414,58.33176362626482,0.08739743039687653,0.049195921107682554,0.038201509289193976,75.16970830018084,74.14951395934065,0.578010281371938,0.03156944692034925
2021-04-28,74.77433776855469,0.000470071046942358,0.000470181547650661,-0.0025796060586287628,-0.000702699304058151,0.001054444122936952,74.68778533935547,74.63060958862305,76.01919670104981,74.79428366462312,74.71524053913753,54.54607720718015,0.07904312548559744,0.055165361983265535,0.02387776350233191,75.15386619387104,74.2217044848399,0.5928513029023433,0.031476504569141535
2021-04-29,74.71289825439453,-0.0008220035269129107,-0.0008216657745646616,0.000470071046942358,-0.0025796060586287628,0.0004682964847060648,74.71463775634766,74.61053176879882,76.01026416778565,74.78176283228026,74.71506703656398,55.90209344643811,0.06669579571628503,0.05747144872986944,0.009224346986415596,75.1135786456133,74.31569686708201,0.49781985000794604,0.031626131363403504
2021-04-30,74.81820678710938,0.0014085169784028078,0.0014095094043369283,-0.0008220035269129107,0.000470071046942358,0.00011701442689302423,74.73482131958008,74.5934341430664,76.0018151473999,74.78736959456167,74.72270701808586,59.64931902411249,0.0646625764758113,0.058909674279057814,0.005752902196753493,75.10996995712948,74.35967268203068,0.6111365725249587,0.030078845610619253
2021-05-03,74.836669921875,0.00024674284280362847,0.0002467732863227212,0.0014085169784028078,-0.0008220035269129107,-0.000702699304058151,74.76163291931152,74.58195098876953,75.99319946289063,74.79495426030218,74.73114871466284,54.33593188159825,0.06380554563934027,0.05988884855111431,0.003916697088225958,75.07812864801384,74.4451371906092,0.6185434679816048,0.029316060340093184
2021-05-04,74.93331909179688,0.001290634845797771,0.0012914680733759898,0.00024674284280362847,0.0014085169784028078,-0.0025796060586287628,74.78011360168458,74.57659820556641,75.98467891693116,74.81624115745521,74.74612429815426,59.64617243664349,0.07011685930095268,0.061934450701081986,0.008182408599870697,75.09106307766694,74.4691641257022,0.7463510987247746,0.0270864244133658
2021-05-05,74.97728729248047,0.0005865922766216214,0.0005867643555161894,0.001290634845797771,0.00024674284280362847,0.000470071046942358,74.80517921447753,74.57247421264648,75.97598991394042,74.84101748592063,74.76324748291917,49.65261856128504,0.07777000300146142,0.06510156116115788,0.012668441840303538,75.09285117224385,74.51750725671121,0.7991394770267122,0.02657488272082045
2021-05-06,75.0124282836914,0.00046857868513084993,0.0004686884852722617,0.0005865922766216214,0.001290634845797771,-0.0008220035269129107,74.82366676330567,74.56992706298828,75.9672611618042,74.86738837788536,74.7817053200134,62.30997313413276,0.08568305787196095,0.0692178605033185,0.01646519736864245,75.1148698955794,74.53246363103193,0.824106267181735,0.025622022689982156
2021-05-07,75.02120971679688,0.00011705952388439667,0.00011706637561781363,0.00046857868513084993,0.0005865922766216214,0.0014085169784028078,74.84742164611816,74.5806690979004,75.95805877685547,74.89105319925636,74.7994463864418,65.731503864356,0.09160681281456107,0.07369565096556702,0.01791116184899405,75.12022279655181,74.57462049568451,0.8185251792421945,0.02497739435335284
2021-05-10,74.84544372558594,-0.002345632837756241,-0.0023428839907334575,0.00011705952388439667,0.00046857868513084993,0.00024674284280362847,74.86326446533204,74.57495635986328,75.94763240814208,74.88403635715322,74.80285359674878,49.12472471828835,0.08118276040444528,0.07519307285334267,0.0059896875511026015,75.0912191798113,74.63530975085277,0.4609116666290307,0.026663464475214085
2021-05-11,74.6960220336914,-0.00199839878341931,-0.0019964033140397186,-0.002345632837756241,0.00011705952388439667,0.001290634845797771,74.86198196411132,74.56820007324218,75.9365453338623,74.85511107662063,74.79494014763341,37.985499547328494,0.060170928987218986,0.07218864408011794,-0.01201771509289895,75.09355082224509,74.63041310597755,0.14166181118350835,0.026210186732726584
2021-05-12,74.43238067626953,-0.003535766859880835,-0.0035295233968812845,-0.00199839878341931,-0.002345632837756241,0.0005865922766216214,74.85015106201172,74.55634490966797,75.92439880371094,74.79007563041277,74.76808389049535,28.218402748065486,0.02199173991742498,0.06214926324757935,-0.04015752333015437,75.14006210997374,74.5602400140497,-0.22051477285700924,0.028975635564758913
2021-05-13,74.58177185058594,0.002005060886265486,0.002007072364998752,-0.003535766859880835,-0.00199839878341931,0.00046857868513084993,74.82999382019042,74.55220581054688,75.9128267288208,74.75802889505479,74.7542829986502,35.48619236748573,0.003745896404595328,0.05046858987898255,-0.04672269347438722,75.1360620321291,74.52392560825174,0.09449893859899215,0.025375167701260623
2021-05-14,74.75753021240234,0.0023538136382941868,0.002356586032422392,0.002005060886265486,-0.003535766859880835,0.00011705952388439667,74.82871513366699,74.55630966186523,75.90152976989746,74.75795217464673,74.7545235330022,44.22213251248927,0.003428641644532604,0.04106060023209256,-0.03763195858755996,75.13582009679027,74.52161017054371,0.384103271173657,0.025303090570048738
2021-05-17,74.68724060058594,-0.0009406768348887712,-0.0009402345371322118,0.0023538136382941868,0.002005060886265486,-0.002345632837756241,74.8261173248291,74.55988327026367,75.8896656036377,74.74707347094507,74.74953961208247,48.12994288224956,-0.0024661411374040654,0.03235525195819324,-0.03482139309559731,75.13726307252118,74.51497157713702,0.2768301105297477,0.02543943295537319
2021-05-18,74.6081314086914,-0.0010597676034274886,-0.0010592062480604403,-0.0009406768348887712,0.0023538136382941868,-0.00199839878341931,74.81342086791992,74.56870437622071,75.87688827514648,74.72569776905989,74.73906493034981,44.20127446857216,-0.01336716128992066,0.02321076930857046,-0.03657793059849112,75.1387894545446,74.48805228129524,0.18452784370158343,0.024878543370218224
2021-05-19,74.52904510498047,-0.0010605847981435632,-0.001060022576865216,-0.0010597676034274886,-0.0009406768348887712,-0.003535766859880835,74.79282112121582,74.57104080200196,75.86384952545166,74.69544351304768,74.72350790624839,43.663623551189545,-0.028064393200708082,0.012955736806714751,-0.041020130007422835,75.13585812610604,74.4497841163256,0.11552833590100778,0.02462958290808944
2021-05-20,74.77510070800781,0.0032960347409865228,0.0033014726363493896,-0.0010605847981435632,-0.0010597676034274886,0.002005060886265486,74.78276901245117,74.57549606323242,75.8512202835083,74.70769846611847,74.7273295952676,48.64575942934939,-0.019631129149132676,0.006438363615545267,-0.026069492764677942,75.11479297598626,74.45074504891608,0.48845218224354753,0.027625520422935833
2021-05-21,74.792724609375,0.0002356643403935493,0.00023569211141571955,0.0032960347409865228,-0.0010605847981435632,0.0023538136382941868,74.77315940856934,74.58012908935547,75.83919734954834,74.72077941123486,74.73217367038667,48.61866528533196,-0.011394259151813912,0.002871839062073432,-0.014266098213887345,75.09138743855051,74.45493137858817,0.530740850840223,0.02764303849849998
2021-05-24,74.88057708740234,0.0011739232998871632,0.001174612617553139,0.0002356643403935493,0.0032960347409865228,-0.0009406768348887712,74.77057609558105,74.59544937133789,75.82700897216797,74.74536366910678,74.74316651609153,48.33293945722264,0.00219715301524559,0.0027369018527078634,-0.0005397488374622736,75.0841717164044,74.4569804747577,0.675386683545653,0.027927021609729857
2021-05-25,75.073974609375,0.0025794165900720374,0.0025827461472007762,0.0011739232998871632,0.0002356643403935493,-0.0010597676034274886,74.78731498718261,74.61288681030274,75.8162195968628,74.79591919837881,74.76767081929772,52.792307658409975,0.028248379081091457,0.007839197298384582,0.020409181782706877,75.12839306139534,74.44623691296988,0.920225813186687,0.027694310840105978
2021-05-26,75.04755401611328,-0.0003519894018720926,-0.000351927460870316,0.0025794165900720374,0.0011739232998871632,-0.0010605847981435632,74.80097579956055,74.62997039794922,75.80573024749756,74.83463224726104,74.78840290795073,51.019558516103885,0.046229339310315254,0.015517225700770717,0.03071211360954454,75.16121294029891,74.44073865882218,0.8422443005839617,0.027750894590853305
2021-05-27,74.94210815429688,-0.001406041958657144,-0.0014050539447796329,-0.0003519894018720926,0.0025794165900720374,0.0032960347409865228,74.81243629455567,74.64547103881836,75.7960530090332,74.85116700218963,74.79978848175415,47.825995789544315,0.051378520435477526,0.02268948464771208,0.028689035787765445,75.17544858001547,74.44942400909586,0.6786053322919383,0.02810640541003966
2021-05-28,74.93331909179688,-0.00011728490349042578,-0.00011727802588501479,-0.001406041958657144,-0.0003519894018720926,0.0002356643403935493,74.81819190979004,74.66692474365234,75.78732555389405,74.86380578520613,74.80967963805361,52.65921096376196,0.05412614715251607,0.02897681714867288,0.025149330003843187,75.18521748672039,74.4511663328597,0.656838091461783,0.027721733119388848
2021-06-01,74.92804718017578,-7.035718083201858e-05,-7.035470582361647e-05,-0.00011728490349042578,-0.001406041958657144,0.0011739232998871632,74.82276077270508,74.68704711914063,75.7798244857788,74.87368907673992,74.81844760413674,57.69246334874592,0.05524147260318557,0.03422974823957542,0.02101172436361015,75.1930156437869,74.45250590162327,0.6421809889537362,0.0277188122704455
2021-06-02,75.00727081298828,0.0010567708962201693,0.0010573294753297713,-7.035718083201858e-05,-0.00011728490349042578,0.0025794165900720374,74.82645835876465,74.70455108642578,75.77315170288085,74.89424011308583,74.8324345084961,71.71502345794285,0.06180560458972195,0.03974491950960472,0.02206068508011723,75.20278927434452,74.45012744318478,0.7402306676625565,0.027593362669116817
2021-06-03,74.86641693115234,-0.0018796351170921272,-0.0018778697092861618,0.0010567708962201693,-7.035718083201858e-05,-0.0003519894018720926,74.82091484069824,74.7159114074707,75.76529941558837,74.8899596235576,74.83495172498917,60.82154272753114,0.05500789856843369,0.04279751532137052,0.012210383247063167,75.191107183026,74.45072249837047,0.5614573631750324,0.028335174122404286
2021-06-04,75.16570281982422,0.003989629502667895,0.0039975986689346765,-0.0018796351170921272,0.0010567708962201693,-0.001406041958657144,74.82857856750488,74.73098098754883,75.75842506408691,74.93238165375247,74.85945180608806,64.1854126231612,0.0729298476644118,0.04882398178997878,0.024105865874433016,75.22113508882373,74.43602204618603,0.9293958118269473,0.031776888012075864
2021-06-07,75.11290740966797,-0.0007026337580270058,-0.0007023869687322604,0.003989629502667895,-0.0018796351170921272,-0.00011728490349042578,74.83316345214844,74.74604568481445,75.75193473815918,74.96015484697024,74.87822629524213,64.97549401173495,0.08192855172811164,0.05544489577760536,0.02648365595050628,75.23716805452102,74.42915884977586,0.8462138251355157,0.03190470833562339
2021-06-08,75.25377655029297,0.0018736754462772968,0.0018754318729361508,-0.0007026337580270058,0.003989629502667895,-7.035718083201858e-05,74.85358009338378,74.76655395507812,75.74550075531006,75.0053274167122,74.9060448326533,71.76863398773511,0.099282584058912,0.06421243343386669,0.0350701506250453,75.29931342230654,74.40784676446103,0.9489191529343072,0.03119065895269675
2021-06-09,75.40337371826172,0.00198592920241256,0.001987902465848679,0.0018736754462772968,-0.0007026337580270058,0.0010567708962201693,74.88894767761231,74.79197998046875,75.73899387359619,75.06656530925828,74.94288400936502,78.14093056605998,0.12368129989326349,0.07610620672574606,0.04757509316751743,75.39076597560123,74.38712937962339,1.012562059525349,0.030543717030984966
2021-06-10,75.56181335449219,0.002099022926742834,0.0021012274175220558,0.00198592920241256,0.0018736754462772968,-0.0018796351170921272,74.94541931152344,74.81899917602539,75.73371116638184,75.14275731621734,74.98873062752259,76.83439682721433,0.15402668869475633,0.09169030311954811,0.06233638557520822,75.4837728450639,74.40706577798298,1.0724807255513502,0.027093328035355795
2021-06-11,75.54422760009766,-0.00023276044243936215,-0.00023273335582918442,0.002099022926742834,0.00198592920241256,0.003989629502667895,74.99354209899903,74.84636672973633,75.72907508850098,75.20452197527585,75.02987855141703,75.63407918637998,0.17464342385882503,0.10828092726740349,0.06636249659142154,75.56601270789541,74.42107149010265,0.9809727281547677,0.026885375062609403
2021-06-14,75.35055541992188,-0.002566984525884499,-0.0025636926384502434,-0.00023276044243936215,0.002099022926742834,-0.0007026337580270058,75.023193359375,74.86508712768554,75.72368656158447,75.22698865906756,75.0536323935285,64.9517716105418,0.1733562655390557,0.12129599492173393,0.05206027061732177,75.60553984632546,74.44084687242454,0.7810715509431121,0.028361282621388813
2021-06-15,75.35055541992188,0.0,0.0,-0.002566984525884499,-0.00023276044243936215,0.0018736754462772968,75.0563591003418,74.88608947753906,75.71968074798583,75.24599892996822,75.07562669177987,60.03376695267091,0.17037223818834946,0.13111124357505705,0.03926099461329241,75.63367733451577,74.47904086616782,0.7547956241162357,0.027967504978010604
2021-06-16,75.13927459716797,-0.0028079101630684813,-0.0028039716705000606,0.0,-0.002566984525884499,0.00198592920241256,75.08291625976562,74.8976008605957,75.71431587219239,75.2295798018451,75.08034135143825,52.93391253416633,0.14923845040685535,0.13473668494141672,0.014501765465438632,75.62094754302542,74.54488497650583,0.5523745915487317,0.029838419943297514
2021-06-17,75.39457702636719,0.003391963617827613,0.003397722836265382,-0.0028079101630684813,0.0,0.002099022926742834,75.12619285583496,74.91597290039063,75.70910438537598,75.25496399023312,75.10361806809965,63.20716900793686,0.15134592213347275,0.13805853237982793,0.013287389753644824,75.61348846381142,74.6388972478585,0.7753812738500944,0.031192474674822793
2021-06-18,75.63225555419922,0.0031475032613719712,0.003152461850789434,0.003391963617827613,-0.0028079101630684813,-0.00023276044243936215,75.16905059814454,74.93576446533203,75.70402954101563,75.3130088462279,75.14277640040333,67.9966054148348,0.17023244582456698,0.14449331506877575,0.025739130755791234,75.67668055708566,74.66142063920341,0.9562427294686184,0.031024776262882043
2021-06-21,75.36817932128906,-0.003497691941751682,-0.0034915821427660143,0.0031475032613719712,0.003391963617827613,-0.002566984525884499,75.19782333374023,74.95220581054687,75.69681209564209,75.32149661162192,75.15947291306153,60.0,0.16202369856038956,0.14799939176709853,0.01402430679329103,75.68024975017532,74.71539691730514,0.6765616286186025,0.0342235957007998
2021-06-22,75.47379302978516,0.0014003227895810347,0.001401303699348544,-0.003497691941751682,0.0031475032613719712,0.0,75.22748413085938,74.97110992431641,75.69007942199707,75.34492682980088,75.1827558846707,60.47399144924359,0.16217094513018537,0.1508337024397159,0.011337242690469485,75.70063955411851,74.75432870760025,0.7602832883423186,0.03430231621294118
2021-06-23,75.42097473144531,-0.000700068018005586,-0.000699823027563995,0.0014003227895810347,-0.003497691941751682,-0.0028079101630684813,75.2448341369629,74.9850959777832,75.68533309936524,75.35662650697695,75.20040172517253,62.96292333208496,0.15622478180442556,0.15191191831265782,0.004312863491767738,75.71973340478611,74.76993486913968,0.6854504801510743,0.03349768019665797
2021-06-24,75.4561767578125,0.00046663164910634014,0.0004667405385907486,-0.000700068018005586,0.0014003227895810347,0.003391963617827613,75.26526527404785,75.00083953857421,75.68020023345947,75.37194193018243,75.2193480238866,57.746255356031114,0.15259390629583436,0.15204831590929313,0.0005455903865412282,75.73958736632461,74.79094318177108,0.7012466706413237,0.033434832208464375
2021-06-25,75.31537628173828,-0.0018677331919277728,-0.0018659900636913695,0.00046663164910634014,-0.000700068018005586,0.0031475032613719712,75.28392868041992,75.00744873046875,75.67462310791015,75.36323952272949,75.22646122817191,55.15729577202024,0.13677829455757262,0.14899431163894905,-0.012216017081376429,75.73343742012797,74.83441994071187,0.5349799665060873,0.03378044785319515
2021-06-28,75.51783752441406,0.0026845727033257827,0.00268817939537902,-0.0018677331919277728,0.00046663164910634014,-0.003497691941751682,75.31315460205079,75.02214340209962,75.6699715423584,75.38702383068096,75.24804465752318,56.52154251410354,0.13897917315777875,0.146991283942715,-0.008012110784936244,75.74222438716406,74.88408481693752,0.738519384800355,0.034826046855188836
2021-06-29,75.55300903320312,0.0004656293418083425,0.00046573776397784705,0.0026845727033257827,-0.0018677331919277728,0.0014003227895810347,75.34440269470215,75.0384196472168,75.66510639190673,75.41256001568436,75.27063461127725,53.9169439329608,0.1419254044071181,0.14597810803559563,-0.004052703628477539,75.74549928058542,74.94330610881889,0.7600450188844078,0.034784323989558726
2021-06-30,75.60584259033203,0.0006990468465848726,0.0006992912367751458,0.0004656293418083425,0.0026845727033257827,-0.000700068018005586,75.37433128356933,75.05329528808593,75.66050540924073,75.44229579639938,75.29546483194797,51.21998655499135,0.14683096445141075,0.14614867931875866,0.0006822851326520885,75.7584779778525,74.99018458928617,0.8013319002975042,0.03471994674784034
2021-07-01,75.59880065917969,-9.314437713151244e-05,-9.314003932869852e-05,0.0006990468465848726,0.0004656293418083425,0.00046663164910634014,75.4109504699707,75.06645050048829,75.65565284729004,75.46637346759636,75.31793415248366,51.521028166558224,0.1484393151126966,0.14660680647754626,0.0018325086351503317,75.72434998224738,75.09755095769403,0.7996976412700183,0.03373100288825209
2021-07-02,75.73102569580078,0.0017475083855556734,0.0017490361681424815,-9.314437713151244e-05,0.0006990468465848726,-0.0018677331919277728,75.43921661376953,75.08154815673828,75.65154804229736,75.50708919501241,75.34853352606271,60.980346393169015,0.15855566894970252,0.14899657897197752,0.009559089977725005,75.76133581383283,75.11709741370623,0.9529520158592035,0.031508532243491906
2021-07-06,76.00433349609375,0.0036024311975759787,0.003608927751629798,0.0017475083855556734,-9.314437713151244e-05,0.0026845727033257827,75.48378791809083,75.10193649291992,75.64880977630615,75.58358831825569,75.39711130162055,66.2970795645592,0.18647701663513772,0.15649266650460955,0.029984350130528165,75.85823799096613,75.10933784521552,1.1950800863861357,0.033215784307081976
2021-07-07,76.16302490234375,0.0020857490785208843,0.0020879257662085315,0.0036024311975759787,0.0017475083855556734,0.0004656293418083425,75.52925033569336,75.12655212402343,75.64729766845703,75.6727324081154,75.45384564241486,76.20667700468336,0.21888676570053178,0.168971486343794,0.049915279356737785,75.99562088958176,75.06287978180497,1.1794753242526244,0.03333282092114488
2021-07-08,76.2335433959961,0.0009254604545611635,0.0009258888252241526,0.0020857490785208843,0.0036024311975759787,0.0006990468465848726,75.57075881958008,75.15643905639648,75.64592182159424,75.7590110216355,75.51160103156903,73.72051787586338,0.24740999006647257,0.18465918708832973,0.06275080297814284,76.12873576714574,75.01278187201441,1.0939175259010305,0.032958675355661
2021-07-09,75.99551391601562,-0.0031272567559993375,-0.00312237198189802,0.0009254604545611635,0.0020857490785208843,-9.314437713151244e-05,75.59244384765626,75.1808625793457,75.64322589874267,75.79539608230937,75.54744643041693,60.26854843231726,0.24794965189244067,0.19731728004915192,0.050632371843288754,76.18178582921277,75.00310186609974,0.8419661936307491,0.03486163802895298
2021-07-12,75.96907806396484,-0.00034792120944775797,-0.00034786069188241786,-0.0031272567559993375,0.0009254604545611635,0.0017475083855556734,75.6136863708496,75.2059861755371,75.6412632369995,75.82211638717945,75.57867840327233,69.62245441997896,0.24343798390711413,0.2065414208207444,0.03689656308636974,76.2258941948426,75.00147854685662,0.7902541254677816,0.03488676126267853
2021-07-13,75.73102569580078,-0.003138462765210877,-0.0031335429391893266,-0.00034792120944775797,-0.0031272567559993375,0.0036024311975759787,75.63270988464356,75.22424255371094,75.63806716918945,75.80810243465966,75.58996338790408,57.731254299472596,0.2181390467555815,0.20886094600771182,0.009278100747869666,76.23403915466103,75.03138061462609,0.5817487323994424,0.03555791475120355
2021-07-14,75.98670196533203,0.003370423687563616,0.0033761099520592808,-0.003138462765210877,-0.00034792120944775797,0.0020857490785208843,75.66451721191406,75.24724319458008,75.63619262695312,75.83557928553233,75.61935143067652,65.15518784821717,0.2162278548558163,0.21033432777733274,0.0058935270784835625,76.27028777157459,75.05874665225353,0.7659296892857613,0.03721536302434389
2021-07-15,76.1718521118164,0.0024336487552589544,0.0024366124821266766,0.003370423687563616,-0.003138462765210877,0.0009254604545611635,75.71614608764648,75.27201385498047,75.6348978805542,75.8873135664991,75.66027740705725,67.7464026667373,0.22703615944185174,0.21367469411023654,0.013361465331615197,76.30930860946788,75.12298356582508,0.8841325163048157,0.03580921174339256
2021-07-16,76.10131072998047,-0.0009265110879114339,-0.0009260820090390975,0.0024336487552589544,0.003370423687563616,-0.0031272567559993375,75.75148277282715,75.29449432373048,75.63299068450928,75.92023620703469,75.69294654208859,70.19217199040315,0.22728966494609892,0.21639768827740904,0.010891976668689879,76.34817893217986,75.15478661347443,0.7931374298879422,0.03474038186166878
2021-07-19,76.53330993652344,0.005660581566258715,0.005676632930486258,-0.0009265110879114339,0.0024336487552589544,-0.00034792120944775797,75.79653549194336,75.3249119567871,75.63384918212891,76.01455524234065,75.7551956824171,73.33695690290003,0.25935955992355275,0.22499006260663781,0.03436949731691494,76.48442526134426,75.10864572254246,1.0355323464264894,0.03827783558496409
2021-07-20,76.4539794921875,-0.001037085521842647,-0.0010365479345102457,0.005660581566258715,-0.0009265110879114339,-0.003138462765210877,75.85082550048828,75.35356735229492,75.6339208984375,76.08215897308632,75.8069574461038,70.29365062998784,0.27520152698252787,0.23503235548181584,0.04016917150071203,76.56716988906757,75.134481111909,0.9209944276212173,0.0357005937928232
2021-07-21,76.20710754394531,-0.003234251350268772,-0.003229026793398204,-0.001037085521842647,0.005660581566258715,0.003370423687563616,75.88749122619629,75.38080062866212,75.63301845550536,76.10138183014155,75.83659819409205,62.45436817102888,0.2647836360495006,0.2409826115953528,0.023801024454147807,76.59762168065689,75.17736077173569,0.7250405652520555,0.038222277031519085
2021-07-22,76.37460327148438,0.002195489799187983,0.002197901651660006,-0.003234251350268772,-0.001037085521842647,0.0024336487552589544,75.93517265319824,75.41437225341797,75.63438415527344,76.14341589804044,75.87645042204704,65.06807499214634,0.2669654759934019,0.24617918447496265,0.020786291518439276,76.64146395009527,75.2288813563012,0.8110831325663352,0.03841456620059869
2021-07-23,76.28645324707031,-0.0011548463795711473,-0.001154179801114208,0.002195489799187983,-0.003234251350268772,-0.0009265110879114339,75.97668647766113,75.45145370483398,75.63478881835937,76.16542164404504,75.9068210016784,60.97574213390824,0.2586006423666447,0.24866347605329905,0.009937166313345652,76.66171712111675,75.29165583420551,0.7260970165119691,0.038932734179488046
2021-07-26,76.24238586425781,-0.0005778236338170657,-0.0005776567258904963,-0.0011548463795711473,0.002195489799187983,0.005660581566258715,76.02303695678711,75.48466598510743,75.6354934310913,76.17726229330854,75.93167765816575,55.172779660342584,0.24558463514279083,0.24804770787119743,-0.0024630727284065956,76.64191808936671,75.4041558242075,0.6772140851639954,0.03813257111998733
2021-07-27,76.43632507324219,0.0025404892679780043,0.0025437190453307945,-0.0005778236338170657,-0.0011548463795711473,-0.001037085521842647,76.06896133422852,75.51824188232422,75.63651752471924,76.21711810560603,75.96905894817142,55.84910096728475,0.2480591574346107,0.2480499977838801,9.159650730616864e-06,76.66592125514606,75.47200141331098,0.8076954801664259,0.0380319850404828
2021-07-28,76.5068588256836,0.0009223524140633461,0.0009227779118607948,0.0025404892679780043,-0.0005778236338170657,-0.003234251350268772,76.11665382385254,75.55463424682617,75.6378076171875,76.26169360100259,76.00889597613528,55.84938932793417,0.2527976248673127,0.24899952320056665,0.003798101666746073,76.69207520974415,75.54123243796094,0.8390602186486653,0.038044424872479485
2021-07-29,76.37460327148438,-0.0017301716686532083,-0.0017286757844882095,0.0009223524140633461,0.0025404892679780043,0.002195489799187983,76.15509185791015,75.58996368408204,75.63787258148193,76.27906431953825,76.0359854054204,58.49785877491825,0.2430789141178451,0.24781540138402233,-0.004736487266177231,76.68797509107019,75.62220862475012,0.7059657725319168,0.03895007735287516
2021-07-30,76.48922729492188,0.001499688245360043,0.0015008133401368529,-0.0017301716686532083,0.0009223524140633461,-0.0011548463795711473,76.19961318969726,75.62916732788086,75.63820728302002,76.31139708498188,76.0695588787168,61.21645854926541,0.24183820626507213,0.24661996236023231,-0.004781756095160183,76.68332149211211,75.7159048872824,0.7993685489568324,0.03903547366013079
2021-08-02,76.67113494873047,0.0023753892544769563,0.002378212726704687,0.001499688245360043,-0.0017301716686532083,-0.0005778236338170657,76.24661865234376,75.66708801269532,75.63923477172851,76.36674137171242,76.11412006908819,70.7755027718205,0.25262130262423454,0.24782023041303278,0.004801072211201768,76.72122506836305,75.77201223632446,0.9472298330343802,0.03934577048391982
2021-08-03,76.68878173828125,0.0002301356183529278,0.00023016210158588457,0.0023753892544769563,0.001499688245360043,0.0025404892679780043,76.28084106445313,75.70500915527344,75.6405672454834,76.41628604349224,76.15668760013952,67.33947097683497,0.259598443352715,0.2501758730009692,0.009422570351745763,76.77996156797407,75.78172056093219,0.9086595030161949,0.03774002353595871
2021-08-04,76.68878173828125,0.0,0.0,0.0002301356183529278,0.0023753892544769563,0.0009223524140633461,76.30712890625,75.74117324829102,75.64220310211182,76.45820845807515,76.19610198074261,64.05186466408671,0.2621064773325372,0.25256199386728284,0.009544483465254383,76.83469331961794,75.77956449288206,0.861712069996155,0.03726292647355085
2021-08-05,76.51219177246094,-0.002305338405913727,-0.0023026831541407278,0.0,0.0002301356183529278,-0.0017301716686532083,76.32106132507325,75.76993759155273,75.64330307006836,76.46651358336527,76.21951603938841,60.56025946217287,0.24699754397686036,0.25144910388919833,-0.004451559912337977,76.85512099148004,75.78700165866645,0.678941099103812,0.03834332447096859
2021-08-06,76.150146484375,-0.004743094740490724,-0.00473186402975645,-0.002305338405913727,0.0,0.001499688245360043,76.32879295349122,75.79198944091797,75.64324298858642,76.41784172198214,76.21437755383187,39.78480188756001,0.20346416815027624,0.2418521167414139,-0.03838794859113767,76.84725807900139,75.81032782798104,0.3277160214581198,0.04055821346793866
2021-08-09,76.00886535644531,-0.0018570200584428738,-0.0018552968635283662,-0.004743094740490724,-0.002305338405913727,0.0023753892544769563,76.33078231811524,75.81332458496094,75.64291019439698,76.35492228113033,76.19915442809952,38.51264078128692,0.15576785303080953,0.22463526399929307,-0.06886741096848353,76.84371170166803,75.81785293456245,0.18619758197494854,0.041129791543351044
2021-08-10,75.89408874511719,-0.001511183687633892,-0.0015100424245234612,-0.0018570200584428738,-0.004743094740490724,0.0002301356183529278,76.33893547058105,75.83253997802734,75.64265369415283,76.28402481405139,76.17655697010083,41.330623008460606,0.10746784395055897,0.20120177998954628,-0.0937339360389873,76.81562855670809,75.862242384454,0.03340342202350887,0.039854999144817306
2021-08-11,75.94705200195312,0.0006976140817080054,0.0006978574710054808,-0.001511183687633892,-0.0018570200584428738,0.0,76.3369529724121,75.85292007446289,75.64218528747558,76.23218284295935,76.15955660208989,37.35639445161407,0.0726262408694538,0.1754866721655278,-0.102860431296074,76.82010011617515,75.85380582864906,0.09649873181263996,0.03804072448957162
2021-08-12,75.9559097290039,0.00011662349383957757,0.00011663029462360974,0.0006976140817080054,-0.001511183687633892,-0.002305338405913727,76.32615585327149,75.8718928527832,75.64119731903077,76.1896792869662,76.14447164852797,39.74415422708917,0.04520763843822806,0.14943086542006784,-0.10422322698183978,76.83386528644705,75.81844642009592,0.1353759649965457,0.03692641217874443
2021-08-13,76.2561264038086,0.003944721741247076,0.0039525123966759335,0.00011662349383957757,0.0006976140817080054,-0.004743094740490724,76.33389663696289,75.89968704223632,75.64080017089844,76.19990192032657,76.15274237114136,50.36785882064584,0.047159549185209926,0.12897660217309626,-0.08181705298788633,76.83179802758566,75.83599524634012,0.4219019723393197,0.039511595727651644
2021-08-16,76.32676696777344,0.0009259303903717854,0.0009263591962536122,0.003944721741247076,0.00011662349383957757,-0.0018570200584428738,76.3235694885254,75.92290832519531,75.64127647399903,76.21941961993377,76.16563308200298,46.85960968184959,0.053786537930790246,0.11393858932463506,-0.060152051393844816,76.81254364422361,75.83459533282718,0.5032695789857015,0.033844538057636306
2021-08-17,76.24729919433594,-0.001041694471708174,-0.0010411520963681253,0.0009259303903717854,0.003944721741247076,-0.001511183687633892,76.31323547363282,75.94559616088867,75.64217910766601,76.22370878522642,76.17168242365729,42.597854702900285,0.05202636156913343,0.10155614377353475,-0.049529782204401324,76.79933254968883,75.8271383975768,0.43217786884066745,0.03384617108359325
2021-08-18,76.2296371459961,-0.00023166845875511946,-0.00023164162568989344,-0.001041694471708174,0.0009259303903717854,0.0006976140817080054,76.31436195373536,75.96511337280273,75.64364353179931,76.22462084072946,76.17597536605277,45.576739530227904,0.04864547467668956,0.09097400995416571,-0.042328535277476154,76.79952701706057,75.82919689041015,0.41268455403756943,0.03181727487992228
2021-08-19,76.39738464355469,0.0021981371730297513,0.002200554847681113,-0.00023166845875511946,-0.001041694471708174,0.00011662349383957757,76.31550102233886,75.9849935913086,75.64542137145996,76.25119988731795,76.19237605327514,47.28565759330411,0.058823834042811995,0.08454397477189499,-0.02572014072908299,76.80136806280504,75.82963398187269,0.5842654619433109,0.03181968273924518
2021-08-20,76.3797378540039,-0.00023101350962472902,-0.00023098682805855475,0.0021981371730297513,-0.00023166845875511946,0.003944721741247076,76.32016525268554,76.00135208129883,75.64719779968262,76.27097495911579,76.20625470518097,40.461896532779264,0.06472025393482284,0.08057923060448055,-0.015858976669657715,76.80664881246696,75.83368169290412,0.5612277641459574,0.031536961401419546
2021-08-23,76.39738464355469,0.00023101350962459946,0.00023104019530029163,-0.00023101350962472902,0.0021981371730297513,0.0009259303903717854,76.32791519165039,76.01841522216797,75.64645679473877,76.29042260287561,76.22041247839384,40.461896532779264,0.0700101244817688,0.0784654093799382,-0.008455284898169407,76.81411997332519,75.84171040997559,0.571440527245536,0.03145019221487024
2021-08-24,76.24729919433594,-0.001966468714274571,-0.0019645364814384614,0.00023101350962459946,-0.00023101350962472902,-0.001041694471708174,76.31846389770507,76.03635009765625,75.64457443237305,76.28378823233105,76.22240408698215,36.84205739233253,0.06138414534889591,0.07504915657372975,-0.013665011224833837,76.80314205975272,75.83378573565743,0.4265856098524411,0.030878329214828196
2021-08-25,76.12364959716797,-0.0016230078671996473,-0.0016216915021843858,-0.001966468714274571,0.00023101350962459946,-0.00023166845875511946,76.2993034362793,76.05181198120117,75.64294258117675,76.25915151922904,76.21508893958851,38.042554390446625,0.04406257964052429,0.06885184118708866,-0.02478926154656437,76.78292004624241,75.8156868263162,0.31839556841861405,0.03105590893514514
2021-08-26,76.13249969482422,0.00011625274522408838,0.00011625950283633557,-0.0016230078671996473,-0.001966468714274571,0.0021981371730297513,76.28719825744629,76.07167648315429,75.64313552856446,76.23966662316676,76.20897121775413,49.30605975146559,0.030695405412629384,0.06122055403219681,-0.030525148619567427,76.77498090677695,75.79941560811564,0.3414267473080953,0.030577471889719925
2021-08-27,76.35324096679688,0.002895240239648494,0.0028994354954519075,0.00011625274522408838,-0.0016230078671996473,-0.00023101350962472902,76.28039894104003,76.09084976196289,75.64517036437988,76.25713959910985,76.21965786583137,62.74566278124153,0.03748173327848292,0.05647278988145403,-0.01899105660297111,76.76004747027707,75.800750411803,0.5759327104293523,0.031951753661116904
2021-08-30,76.44154357910156,0.0011558329349757508,0.0011565011672927117,0.002895240239648494,0.00011625274522408838,0.00023101350962459946,76.2689193725586,76.10703552246093,75.64738609313964,76.2855094421855,76.23609384459212,70.66681259432495,0.04941559759338077,0.05506135142383938,-0.005645753830458615,76.71928886692525,75.81854987819194,0.6916473125979824,0.03098276718962012
2021-08-31,76.34442901611328,-0.0012712498983697494,-0.001270442202515043,0.0011558329349757508,0.002895240239648494,-0.001966468714274571,76.2517017364502,76.12656051635742,75.6478568649292,76.29457399202055,76.2441186721122,64.51733383875265,0.050455319908351726,0.054140145120741855,-0.003684825212390129,76.65873040404861,75.84467306885179,0.6139075537482391,0.031196104043695837
2021-09-01,76.35765075683594,0.00017317040835804798,0.0001731854032187563,-0.0012712498983697494,0.0011558329349757508,-0.0016230078671996473,76.23514518737792,76.14423767089843,75.64826358795166,76.30427810968445,76.2525284561658,64.63011430254332,0.051749653518641026,0.053662046800321696,-0.0019123932816806702,76.591042120344,75.87924825441185,0.6721082118312198,0.031218718677738948
2021-09-02,76.46381378173828,0.0013893734404472758,0.0013903390668792426,0.00017317040835804798,-0.0012712498983697494,0.00011625274522408838,76.2327262878418,76.1650944519043,75.64898376464843,76.3288220592312,76.26817922102303,58.80822644732925,0.060642838208167404,0.05505820508189084,0.005584633126276564,76.58127666085036,75.88417591483324,0.831497986792864,0.030689981991787213
2021-09-03,76.30464935302734,-0.0020837348630111867,-0.0020815653946487656,0.0013893734404472758,0.00017317040835804798,0.002895240239648494,76.24045143127441,76.1820639038086,75.64825691223145,76.32510318135368,76.2708807122826,49.12748526747286,0.054222469071078194,0.05489105787972831,-0.0006685888086501168,76.58814304252444,75.89275982002438,0.5923202051411735,0.026431483434685002
2021-09-07,76.08351135253906,-0.002902301001485902,-0.0028980933974963596,-0.0020837348630111867,0.0013893734404472758,0.0011558329349757508,76.2441837310791,76.1974266052246,75.64598991394043,76.2879352076899,76.25700150044975,44.18835071305591,0.030933707240151875,0.05009958775181303,-0.019165880511661154,76.58289472279135,75.90547273936686,0.2628178853484898,0.027689179498923192
2021-09-08,76.20732879638672,0.0016260659013847642,0.0016273886634114998,-0.002902301001485902,-0.0020837348630111867,-0.0012712498983697494,76.25984573364258,76.21121643066407,75.64356044769288,76.27553422133556,76.25332204088953,49.26389140636014,0.022212180446032903,0.044522106290657004,-0.0223099258446241,76.55678812255651,75.96290334472864,0.4115704944519036,0.027583681752002435
2021-09-09,76.48151397705078,0.003591427774225595,0.003597884678475438,0.0016260659013847642,-0.002902301001485902,0.00017317040835804798,76.28656883239746,76.22978652954102,75.6421545791626,76.30722341452251,76.27022514727184,52.59381924417702,0.03699826725066657,0.043017338482658915,-0.006019071231992343,76.56027425510622,76.0128634096887,0.8561221818771796,0.030068517335737323
2021-09-10,76.29576873779297,-0.0024315831186003107,-0.0024286292150746958,0.003591427774225595,0.0016260659013847642,0.0013893734404472758,76.30356178283691,76.24358505249023,75.64012390136719,76.30546115656412,76.27211726508823,47.65426520486283,0.03334389147589434,0.041082649081306,-0.007738757605411664,76.52872540325318,76.07839816242064,0.48269470656598,0.03165043072439884
2021-09-13,76.41072082519531,0.0015055301113141213,0.0015066639907306278,-0.0024315831186003107,0.003591427774225595,-0.0020837348630111867,76.31129150390625,76.25982345581055,75.63905864715576,76.32165495173815,76.28238419546653,50.353345461896104,0.03927075627161969,0.040720270519368745,-0.0014495142477490564,76.54018200368581,76.08240100412668,0.7171984450748738,0.02891235220446325
2021-09-14,76.5964584350586,0.002427829883472348,0.0024307794489752954,0.0015055301113141213,-0.0024315831186003107,-0.002902301001485902,76.32477607727051,76.2771321105957,75.63909591674805,76.36393241071053,76.30564895395484,59.07952845573618,0.05828345675568869,0.04423290776663274,0.014050548989055951,76.58687312779259,76.06267902674844,1.018285797659521,0.029953307068865485
2021-09-15,76.52571868896484,-0.0009239648032050082,-0.0009235380791623449,0.002427829883472348,0.0015055301113141213,0.0016260659013847642,76.33869705200195,76.28755981445312,75.63795440673829,76.38882260736503,76.32195041580744,60.75124037080558,0.06687219155759294,0.048760764524824786,0.018111427032768156,76.6127696503536,76.0646244536503,0.8411899585870612,0.02989266376752272
2021-09-16,76.38419342041016,-0.0018510939809499316,-0.0018493817631417553,-0.0009239648032050082,0.002427829883472348,0.003591427774225595,76.34642486572265,76.29198318481446,75.63558410644531,76.38811042475658,76.32656100874097,56.28433621103483,0.061549416015608927,0.05131849482298161,0.010230921192627314,76.6162323888851,76.07661734256021,0.5699916633991776,0.030731025738221437
2021-09-17,76.28692626953125,-0.0012742051572907495,-0.001273393702589165,-0.0018510939809499316,-0.0009239648032050082,-0.0024315831186003107,76.34090194702148,76.29305084228515,75.63388885498047,76.37254363164499,76.32362510213285,48.23544219510016,0.04891852951213593,0.05083850176081248,-0.0019199722486765436,76.61083940732588,76.07096448671707,0.40002188390347704,0.03005290752854651
2021-09-20,76.49918365478516,0.0027784923892838205,0.0027823559767499173,-0.0012742051572907495,-0.0018510939809499316,0.0015055301113141213,76.34687423706055,76.30312423706054,75.63390735626221,76.39202671212809,76.33662943936635,51.43882288861549,0.05539727276173778,0.05175025596099754,0.003647016800740241,76.62557275768215,76.06817571643894,0.7732512131476368,0.031695903475853424
2021-09-21,76.48151397705078,-0.00023100532402428673,-0.00023097864434884485,0.0027784923892838205,-0.0012742051572907495,0.002427829883472348,76.35108070373535,76.31337295532227,75.63309803009034,76.40579398365465,76.34736162734298,53.56326945043787,0.058432356311669764,0.053086676031131985,0.005345680280537779,76.63547064426986,76.06669076320084,0.729321179698346,0.03170877221070374
2021-09-22,76.56108856201172,0.0010399011884496107,0.001040442073163117,-0.00023100532402428673,0.0027784923892838205,-0.0009239648032050082,76.36677017211915,76.32997421264649,75.6336869430542,76.42968545724804,76.36319325213326,55.11166490942203,0.06649220511478404,0.0557677818478624,0.010724423266921641,76.6614879826637,76.07205236157459,0.8296685557169542,0.03095348113046228
2021-09-23,76.1542739868164,-0.005327761800680823,-0.005313594449036674,0.0010399011884496107,-0.00023100532402428673,-0.0018510939809499316,76.36830139160156,76.33332565307617,75.63171989440917,76.38731446179702,76.34771775099867,43.243225239148394,0.03959671079834948,0.05253356763795982,-0.012936856839610343,76.65797576938658,76.07862701381654,0.13057242683715015,0.036204067039322683
2021-09-24,75.9950942993164,-0.002092414150248894,-0.002090226577796006,-0.005327761800680823,0.0010399011884496107,-0.0012742051572907495,76.36143112182617,76.32979049682618,75.62882633209229,76.32697289833845,76.3215974953185,43.242937175669645,0.005375403019954206,0.0431019347143587,-0.03772653169440449,76.67975419367305,76.0431080499793,-0.07541669911690445,0.03696710927060522
2021-09-27,75.90663146972656,-0.0011647377821786124,-0.0011640597384012796,-0.002092414150248894,-0.005327761800680823,0.0027784923892838205,76.33910064697265,76.3258969116211,75.62614295959473,76.26230498624432,76.29085927120059,45.90162775240062,-0.02855428495627166,0.028770690780232627,-0.05732497573650429,76.71693885757269,75.96126243637262,-0.07229412631308663,0.035393846100008584
2021-09-28,75.57942199707031,-0.004320001400053805,-0.004310683616447264,-0.0011647377821786124,-0.002092414150248894,-0.00023100532402428673,76.29599456787109,76.30681915283203,75.62104064941406,76.15724606483292,76.2381602138576,36.70432919874767,-0.08091414902467875,0.006833722819250352,-0.0877478718439291,76.80020266072344,75.79178647501874,-0.2105920957625463,0.03768338221521936
2021-09-29,75.5882568359375,0.00011688793458296663,0.00011689476624376915,-0.004320001400053805,-0.0011647377821786124,0.0010399011884496107,76.2581859588623,76.28950469970704,75.61537368774414,76.06970926038747,76.19001922290055,28.691081562155333,-0.12030996251307613,-0.018595014247214946,-0.10171494826586118,76.85246208418977,75.66390983353483,-0.0636513855875021,0.037661501795797234
2021-09-30,75.57059478759766,-0.00023368857636210625,-0.0002336612733135901,0.00011688793458296663,-0.004320001400053805,-0.005327761800680823,76.2188331604004,76.27677444458008,75.60974876403809,75.9929224184198,76.14413593139662,31.19251895588306,-0.15121351297682395,-0.04511871399313675,-0.1060947989836872,76.88523671368871,75.55242960711207,0.013629264426897983,0.03759300510810424
2021-10-01,75.82744598388672,0.003393061646037862,0.0033988245958760377,-0.00023368857636210625,0.00011688793458296663,-0.002092414150248894,76.18701477050782,76.26583129882812,75.60523406982422,75.96746450541471,76.12067741676626,35.90977953562779,-0.15321291135154524,-0.06673755346481845,-0.08647535788672679,76.86483873051657,75.50919081049906,0.23476241042257193,0.03956261481006335
2021-10-04,75.77428436279297,-0.0007013326714836359,-0.0007010867952093047,0.003393061646037862,-0.00023368857636210625,-0.0011647377821786124,76.16049652099609,76.25558792114258,75.60084506988525,75.93774448347291,76.09501867202749,28.779429255574712,-0.15727418855458097,-0.08484488048277096,-0.07242930807181001,76.86009180504091,75.46090123695127,0.22397458429809813,0.03909209668657215
2021-10-05,75.58829498291016,-0.0024575357303424335,-0.002454518461597499,-0.0007013326714836359,0.003393061646037862,-0.004320001400053805,76.13573570251465,76.24250610351562,75.59543910980224,75.88398302184787,76.05748358394473,27.163407925061335,-0.17350056209686215,-0.1025760168055892,-0.07092454529127296,76.88040593519102,75.39106546983828,0.13242741848497513,0.03873703253598963
2021-10-06,75.62368774414062,0.00046812112689078537,0.00046823071268464744,-0.0024575357303424335,-0.0007013326714836359,0.00011688793458296663,76.10655364990234,76.2262533569336,75.59034065246583,75.84393759450829,76.02535055877405,30.463056967805926,-0.18141296426576048,-0.11834340629762347,-0.06306955796813701,76.88441455412415,75.32869274568053,0.18961937594435166,0.038176917072649384
2021-10-07,75.41116333007812,-0.0028142452264046007,-0.002810288950487849,0.00046812112689078537,-0.0024575357303424335,-0.00023368857636210625,76.05303611755372,76.20433944702148,75.58413604736329,75.77735693844211,75.97985520850028,28.759954998963792,-0.20249827005817167,-0.13517437904973312,-0.06732389100843855,76.86864192528216,75.23743030982527,0.10650550707621864,0.03604052479444108
2021-10-08,75.22515106201172,-0.002469688180614061,-0.0024666410097961,-0.0028142452264046007,0.00046812112689078537,0.003393061646037862,75.99950523376465,76.18135040283204,75.57639247894286,75.69240218822205,75.92395119764927,18.702207095091012,-0.23154900942722634,-0.15444930512523175,-0.07709970430199459,76.88552820952465,75.11348225800465,0.06301687826508191,0.03606498643169833
2021-10-11,75.1099853515625,-0.0015321199784013848,-0.0015309468817720218,-0.002469688180614061,-0.0028142452264046007,-0.0007013326714836359,75.93446846008301,76.15376556396484,75.56850517272949,75.60279959796674,75.86365743127247,17.84729301926275,-0.2608578333057352,-0.17573101076133246,-0.08512682254440274,76.88220549990157,74.98673142026445,0.0650253847426118,0.03519516694145698
2021-10-12,75.38460540771484,0.0036495711849919743,0.0036562389789711602,-0.0015321199784013848,-0.002469688180614061,-0.0024575357303424335,75.87387580871582,76.12803497314454,75.56133628845215,75.5692312610049,75.82817209619412,24.730597797587833,-0.25894083518922173,-0.1923729756469103,-0.06656785954231142,76.79807279961715,74.9496788178145,0.23529972191111606,0.03693251588773449
2021-10-13,75.58829498291016,0.002698361073537243,0.0027020049265187307,0.0036495711849919743,-0.0015321199784013848,0.00046812112689078537,75.82700462341309,76.1060252380371,75.55531684875488,75.57216414129802,75.81040342113606,36.68131678731472,-0.23823927983804083,-0.20154623648513642,-0.03669304335290441,76.70598543007273,74.94802381675345,0.36421225657355805,0.03895094389227926
2021-10-14,75.72116088867188,0.0017562146284397417,0.0017577576765259728,0.002698361073537243,0.0036495711849919743,-0.0028142452264046007,75.79385299682617,76.08667282104493,75.54983074188232,75.59508671781707,75.80379286317576,43.47293371678295,-0.2087061453586898,-0.2029782182598471,-0.005727927098842706,76.63348291674885,74.9542230769035,0.45671181646254666,0.03953450787640062
2021-10-15,75.53514099121094,-0.0024596659965019237,-0.0024566434967159267,0.0017562146284397417,0.002698361073537243,-0.002469688180614061,75.75626373291016,76.06713180541992,75.54315273284912,75.5858642983392,75.7838927245117,41.541652480249034,-0.19802842617249894,-0.20198825984237748,0.0039598336698785375,76.56985861540433,74.94266885041598,0.3641075881516483,0.040087970557134346
2021-10-18,75.49085998535156,-0.0005864024319249576,-0.0005862305316214345,-0.0024596659965019237,0.0017562146284397417,-0.0015321199784013848,75.70584754943847,76.05394607543946,75.53572956085205,75.57124825018725,75.76218659568502,47.685343968095715,-0.19093834549777,-0.19977827697345601,0.008839931475686014,76.44737830100034,74.9643167978766,0.35503799833379246,0.038177308100091505
2021-10-19,75.27827453613281,-0.0028200147301407456,-0.0028160422236546134,-0.0005864024319249576,-0.0024596659965019237,0.0036495711849919743,75.64568557739258,76.0393342590332,75.52776721954346,75.52617537110196,75.72634125794042,42.67811833227611,-0.20016588683846237,-0.19985579894645727,-0.00031008789200509534,76.31385563624633,74.97751551853884,0.22506172912770955,0.03888787863152441
2021-10-20,75.18968963623047,-0.00117745874511125,-0.001176765812556213,-0.0028200147301407456,-0.0005864024319249576,0.002698361073537243,75.57711563110351,76.02524627685547,75.52001655578613,75.47440833496788,75.6865892859619,41.29456812855708,-0.2121809509940249,-0.20232082935597082,-0.009860121638054081,76.11934810295766,75.03488315924936,0.14274917587630934,0.03829381701907468
2021-10-21,75.08342742919922,-0.0014142546160985248,-0.0014132550293178836,-0.00117745874511125,-0.0028200147301407456,0.0017562146284397417,75.52357330322266,76.0079737854004,75.5134366607666,75.41425742638808,75.64191062990541,31.738785232235017,-0.22765320351733465,-0.2073873041882436,-0.020265899329091036,76.03653311695902,75.0106134894863,0.07097431198610328,0.03464290200372454
2021-10-22,75.24285125732422,0.0021210381749084822,0.0021232891675773136,-0.0014142546160985248,-0.00117745874511125,-0.0024596659965019237,75.48596115112305,75.9937126159668,75.50843933105469,75.3878872465321,75.61235067638087,37.603135166689206,-0.22446342984876821,-0.21080252932034854,-0.013660900528419673,75.96235909347146,75.00956320877464,0.24484577683058836,0.035624372446790266
2021-10-25,75.27827453613281,0.0004706751863011076,0.00047078597124716737,0.0021210381749084822,-0.0014142546160985248,-0.0005864024319249576,75.45454330444336,75.97415557861328,75.50396839141845,75.37102375262452,75.58760429562176,42.22168624883713,-0.21658054299723517,-0.2119581320557259,-0.004622410941509281,75.89570560630979,75.01338100257693,0.3002223132339179,0.035690968400022144
2021-10-26,75.42887878417969,0.001998635033065684,0.0020006336353337595,0.0004706751863011076,0.0021210381749084822,-0.0028200147301407456,75.44701614379883,75.9561978149414,75.50064319610595,75.37992452670993,75.57584685032975,45.37943164873981,-0.19592232361982553,-0.20875097036854584,0.012828646748720307,75.88432746385266,75.00970482374501,0.4792626456400511,0.033503567505446696
2021-10-27,75.70343017578125,0.0036332627419123575,0.003639871041794418,0.001998635033065684,0.0004706751863011076,-0.00117745874511125,75.45277481079101,75.9453204345703,75.49877792358399,75.42969462656706,75.58529746702986,56.73398069175005,-0.15560284046280515,-0.1981213443873977,0.042518503924592554,75.90081889540426,75.00473072617777,0.7797217657795945,0.03603454575438675
2021-10-28,75.60600280761719,-0.0012877899243629387,-0.0012869610787494823,0.0036332627419123575,0.001998635033065684,-0.0014142546160985248,75.454545211792,75.93284774780274,75.49542182922363,75.45681896211323,75.58683119596226,59.14847137563364,-0.1300122338490297,-0.18449952227972413,0.05448728843069442,75.90482377329947,75.00426665028452,0.6681821085575694,0.036347649138586895
2021-10-29,75.62368774414062,0.00023388180640360128,0.000233909158885659,-0.0012877899243629387,0.0036332627419123575,0.0021210381749084822,75.4443572998047,75.91737380981445,75.49263420104981,75.48249108242514,75.58956131064214,62.94597192847529,-0.10707022821699752,-0.16901366346717883,0.06194343525018131,75.86751449553952,75.02120010406986,0.7118957755456772,0.03412512706835583
2021-11-01,75.56515502929688,-0.0007742994349900686,-0.0007739997425381118,0.00023388180640360128,-0.0012877899243629387,0.0004706751863011076,75.43390083312988,75.90108215332032,75.48924839019776,75.4952086127131,75.58775343794989,55.10622413443405,-0.09254482523678575,-0.15371989582110024,0.061175070584314484,75.8323446557798,75.03545701047996,0.6647085344353717,0.03414217972478528
2021-11-02,75.7071304321289,0.0018770846766261388,0.0018788475028865825,-0.0007742994349900686,0.00023388180640360128,0.001998635033065684,75.43984260559083,75.8872770690918,75.48604877471924,75.5278119695463,75.59659617825945,53.48241354331554,-0.06878420871314006,-0.13673275839950821,0.06794854968636815,75.85131206373235,75.0283731474493,0.8247966784039492,0.03370084031272062
2021-11-03,75.57402801513672,-0.0017596699113573996,-0.0017581225999777628,0.0018770846766261388,-0.0007742994349900686,0.0036332627419123575,75.43735961914062,75.87381164550781,75.48222724914551,75.53492213040637,75.59492446247258,45.688942142183315,-0.060002332066204644,-0.12138667313284751,0.06138434106664287,75.84473689957137,75.02998233870987,0.6677417992623285,0.03428205197381917
2021-11-04,75.92003631591797,0.00456795325896549,0.004578402261580461,-0.0017596699113573996,0.0018770846766261388,-0.0012877899243629387,75.46280326843262,75.86973937988282,75.48065967559815,75.59417046663893,75.61900682198704,60.310907091673855,-0.024836355348114125,-0.10207660957590084,0.07724025422778671,75.92338302737903,75.00222350948621,0.9963668491764394,0.03629405570418652
2021-11-05,76.15066528320312,0.0030331831402011377,0.0030377878946930004,0.00456795325896549,-0.0017596699113573996,0.00023388180640360128,75.50907897949219,75.87010269165039,75.48007061004638,75.67978505380265,75.65838893022527,66.07089763030356,0.021396123577375192,-0.07738206294524563,0.09877818652262083,76.04837323461362,74.96978472437075,1.0948388079588118,0.03590569494787883
2021-11-08,75.98212432861328,-0.0022157093677484425,-0.002213256495698923,0.0030331831402011377,0.00456795325896549,-0.0007742994349900686,75.55268592834473,75.86268035888672,75.47776588439942,75.72629878838889,75.68236933010587,67.51958859209012,0.0439294582830172,-0.05311975869959307,0.09704921698261026,76.09712127143717,75.00825058525228,0.8943887972346729,0.036523631897038104
2021-11-09,76.19501495361328,0.0027979335777691254,0.002801851447049142,-0.0022157093677484425,0.0030331831402011377,0.0018770846766261388,75.59320640563965,75.85774978637696,75.4765692138672,75.79840896765418,75.7203430799953,73.56536854755637,0.07806588765888023,-0.02688262942789841,0.10494851708677863,76.20181899298744,74.98459381829186,0.9944102048531314,0.035689040661424656
2021-11-10,75.6805191040039,-0.006775256079558856,-0.006752355779739538,0.0027979335777691254,-0.0022157093677484425,-0.0017596699113573996,75.59781761169434,75.84447158813477,75.47280006408691,75.78027206555414,75.71739315584779,61.747805411117646,0.06287890970635601,-0.008930321601047527,0.07180923130740353,76.20766974352512,74.98796547986356,0.5678045447355389,0.043137093951009335
2021-11-11,75.55628967285156,-0.0016428468717076142,-0.0016414981374747173,-0.006775256079558856,0.0027979335777691254,0.00456795325896549,75.58957405090332,75.82844436645507,75.46871536254883,75.74581323590759,75.70545956451474,56.253520011933794,0.04035367139285029,0.0009264769977320349,0.039427194395118256,76.19685792411634,74.9822901776903,0.47259570069293994,0.04305267925620738
2021-11-12,75.56515502929688,0.00011732757681031855,0.00011733445995965042,-0.0016428468717076142,-0.006775256079558856,0.0030331831402011377,75.59107475280761,75.81047119140625,75.46498039245606,75.71801966565978,75.69506663598008,55.784958676668786,0.022953029679698034,0.0053317875341252355,0.0176212421455728,76.19794044958799,74.98420905602724,0.4786445966148259,0.04214878831183363
2021-11-15,75.25466918945312,-0.004117313888569083,-0.004108849372748247,0.00011732757681031855,-0.0016428468717076142,-0.0022157093677484425,75.57926521301269,75.78947158813476,75.45956638336182,75.64673497701261,75.662444602904,46.699850269110925,-0.015709625891389578,0.001123504849022273,-0.01683313074041185,76.20329199634442,74.95523842968096,0.23991819563695613,0.044613819877409144
2021-11-16,75.20145416259766,-0.0007073826958837302,-0.0007071325597286515,-0.004117313888569083,0.00011732757681031855,0.0027979335777691254,75.57542419433594,75.77183044433593,75.45436702728271,75.57823023633338,75.62829716288131,39.620373379440466,-0.05006692654792744,-0.00911458143036767,-0.04095234511755977,76.20813690186151,74.94271148681037,0.20447090180880576,0.04355887204338932
2021-11-17,75.36112976074219,0.002121053635597984,0.0021233046610944495,-0.0007073826958837302,-0.004117313888569083,-0.006775256079558856,75.58399620056153,75.75490646362304,75.45062171936036,75.5448301631655,75.60850698494508,45.06370308395519,-0.06367682177958045,-0.02002702950021023,-0.04364979227937022,76.19910541258356,74.9688869885395,0.3188399430023833,0.04399895298533941
2021-11-18,75.44984436035156,0.001176500720312748,0.001177193068774729,0.002121053635597984,-0.0007073826958837302,-0.0016428468717076142,75.60231704711914,75.73427307128907,75.44723243713379,75.53021696273258,75.59675419793815,46.593124648637016,-0.06653723520557264,-0.029329070641282713,-0.03720816456428993,76.17501544866631,75.02961864557197,0.3668822137833204,0.043765982923522025
2021-11-19,75.60953521728516,0.002114280051557609,0.002116516717660888,0.001176500720312748,0.002121053635597984,0.00011732757681031855,75.62065124511719,75.72054840087891,75.44516628265382,75.54241977112528,75.597700940112,50.836566754201534,-0.05528116898672408,-0.03451949031037099,-0.02076167867635309,76.16780368659319,75.07349880364119,0.48984192796248466,0.04376214389652422
2021-11-22,75.23696899414062,-0.004939683324553435,-0.0049275031525304325,0.002114280051557609,0.001176500720312748,-0.004117313888569083,75.61858596801758,75.69707336425782,75.44080017089844,75.49542734389688,75.57098005522523,41.84628005133701,-0.07555271132835628,-0.04272613451396805,-0.032826576814388234,76.17146169860258,75.06571023743258,0.1548799732327119,0.047447736842439345
2021-11-23,74.93531036376953,-0.004017506258819589,-0.004009446877034417,-0.004939683324553435,0.002114280051557609,-0.0007073826958837302,75.59390754699707,75.66385040283203,75.43510070800781,75.40925550080037,75.5238934114137,39.53493604808144,-0.11463791061332529,-0.0571084897338395,-0.05752942087948579,76.22145686910348,74.96635822489067,-0.02473738718808917,0.04882619990493523
2021-11-24,75.11273956298828,0.002364966182540878,0.002367764920935489,-0.004017506258819589,-0.004939683324553435,0.002121053635597984,75.56437301635742,75.6355908203125,75.42967639923096,75.3636376642139,75.49343757078958,35.999438993151486,-0.12979990657568408,-0.07164677310220842,-0.05815313347347566,76.22494977759752,74.90379625511733,0.15815217861941297,0.04765488178820394
2021-11-26,75.6449966430664,0.007061120775275213,0.007086109269543783,0.002364966182540878,-0.004017506258819589,0.001176500720312748,75.56632270812989,75.62080688476563,75.42730686187744,75.40692366096043,75.50466416873601,42.06100707429084,-0.0977405077755833,-0.0768655200368834,-0.02087498773869989,76.22764657604188,74.9049988402179,0.559482152961541,0.05432127507610622
2021-11-29,75.63616943359375,-0.00011669938448523624,-0.00011669257537694211,0.007061120775275213,0.002364966182540878,0.002114280051557609,75.56694679260254,75.60779174804688,75.42589832305909,75.44219224136556,75.5144052994662,44.28174015682497,-0.07221305810064393,-0.07593502764963551,0.00372196954899158,76.22852210634929,74.90537147885578,0.5523165235709746,0.054317716218250316
2021-11-30,75.77806854248047,0.0018743171358940448,0.0018760747662043276,-0.00011669938448523624,0.007061120775275213,-0.004939683324553435,75.57759246826171,75.59336944580077,75.42699146270752,75.49386551846017,75.53393591005985,42.94270483589368,-0.040070391599684285,-0.06876210043964527,0.028691708839960986,76.24586464406192,74.9093202924615,0.6499958261607247,0.054624398549804214
2021-12-01,75.82694244384766,0.0006447531350359061,0.000644961033017033,0.0018743171358940448,-0.00011669938448523624,-0.004017506258819589,75.58358306884766,75.58027801513671,75.42754222869873,75.54510812236593,75.55564009774784,52.94213234076735,-0.010531975381908865,-0.05711607542809799,0.046584100046189125,76.25885598207229,74.90831015562303,0.6801933486698606,0.05427889252309891
2021-12-02,75.83583068847656,0.00011721063060510603,0.00011721750003945708,0.0006447531350359061,0.0018743171358940448,0.002364966182540878,75.59667320251465,75.56577285766602,75.42835594177247,75.58983467099834,75.57639495632033,55.889917695473244,0.013439714678014525,-0.04300491740687549,0.05644463208489001,76.28125216499859,74.91209424003071,0.6746748724896158,0.05384272749661759
2021-12-03,76.12904357910156,0.0038589609066572352,0.003866416283214269,0.00011721063060510603,0.0006447531350359061,0.007061120775275213,75.60712356567383,75.56526824951172,75.43194702148438,75.6727898876296,75.61733189134115,60.60980161350521,0.05545799628845316,-0.023312334667809756,0.07877033095626292,76.31834934274549,74.89589778860217,0.8669158446257668,0.05312923459964587
2021-12-06,75.92469024658203,-0.002687911048461895,-0.0026843018500186666,0.0038589609066572352,0.00011721063060510603,-0.00011669938448523624,75.59582481384277,75.56386016845703,75.43556568145752,75.7115437890069,75.64009917691455,63.131169650626944,0.07144461209234976,-0.004360945315777853,0.07580555740812761,76.27724867384133,74.91440095384421,0.7413075414911054,0.05287411062028662
2021-12-07,75.75588989257812,-0.002225735470341903,-0.002223260357805734,-0.002687911048461895,0.0038589609066572352,0.0018743171358940448,75.58451309204102,75.56084533691406,75.43842769622803,75.71836626647939,75.6486762669637,60.39496608486936,0.06968999951568833,0.010449243650515383,0.059240755865172946,76.24616050632709,74.92286567775496,0.6295076477567918,0.05287932111179379
2021-12-08,75.52483367919922,-0.003054670649231235,-0.0030500098897464634,-0.002225735470341903,-0.002687911048461895,0.0006447531350359061,75.5510040283203,75.55975357055664,75.44035293579101,75.68859202228245,75.63950274194411,52.989231133586884,0.04908928033833604,0.018177250988079513,0.030912029350256526,76.14710259686592,74.9549054597747,0.47804863951867926,0.052633541054319416
2021-12-09,75.56041717529297,0.00047103865599622,0.00047114961212479933,-0.003054670649231235,-0.002225735470341903,0.00011721063060510603,75.54499893188476,75.55919677734374,75.44573448181153,75.66887281505329,75.6336445518218,52.059009890862384,0.0352282632314882,0.02158745343676125,0.013640809794726948,76.13801572761705,74.95198213615248,0.5129998370359535,0.04705831470246251
2021-12-10,75.58706665039062,0.000352628766278884,0.0003526909471109896,0.00047103865599622,-0.003054670649231235,0.0038589609066572352,75.54653778076172,75.55952621459961,75.44801441192627,75.65628725125903,75.63019433690097,49.55979468046625,0.026092914358059716,0.02248854562102095,0.003604368737038767,76.13983760220451,74.95323795931894,0.5341554709475073,0.04671081738870413
2021-12-13,75.84471893310547,0.0034028857329860226,0.003408682121593065,0.000352628766278884,0.00047103865599622,-0.002687911048461895,75.56051597595214,75.55987167358398,75.45206882476806,75.68527674077387,75.64608504773094,62.46849966034417,0.03919169304293746,0.02582917510540425,0.013362517937533208,76.16865027897606,74.95238167292823,0.733667921493773,0.04823242635348785
2021-12-14,75.72034454345703,-0.0016412016689450496,-0.0016398556339582981,0.0034028857329860226,0.000352628766278884,-0.002225735470341903,75.58379974365235,75.55879287719726,75.45554485321045,75.69067178734052,75.65158575111805,67.36911047791386,0.03908603622247142,0.028480547328817683,0.010605488893653738,76.17813086832868,74.98946861897602,0.6148726645260615,0.04605494167115614
2021-12-15,75.62261199951172,-0.0012915375748319211,-0.0012907038991247788,-0.0016412016689450496,0.0034028857329860226,-0.003054670649231235,75.60485763549805,75.5594792175293,75.4597142791748,75.68020105075148,75.64943954729536,61.69346090048222,0.0307615034561195,0.028936738554278047,0.0018247649018414518,76.17134071166616,75.03837455932994,0.5156706923477448,0.04627200008701096
2021-12-16,75.72034454345703,0.0012915375748320096,0.0012923719686639412,-0.0012915375748319211,-0.0016412016689450496,0.00047103865599622,75.6228183746338,75.56141235351562,75.46555431365967,75.68637697270619,75.65469176923325,52.158179052813765,0.031685203472932244,0.029486431538008888,0.002198771934923356,76.1794571207555,75.06617962851209,0.5876027490924185,0.04592647063032221
2021-12-17,75.85359191894531,0.0017581836682847905,0.0017597301794078923,0.0012915375748320096,-0.0012915375748319211,0.000352628766278884,75.64300575256348,75.57026092529297,75.47227947235108,75.71210234905067,75.66942511365637,55.813260876660465,0.04267723539429369,0.03212459230926585,0.01055264308502784,76.20250884217107,75.0835026629559,0.6881903516650162,0.04613012699454731
2021-12-20,75.72921752929688,-0.0016410095315152879,-0.0016396638115877549,0.0017581836682847905,0.0012915375748320096,0.0034028857329860226,75.64898986816407,75.58034225463867,75.48009017944337,75.71473545370392,75.6738541814816,48.681506496715606,0.04088127222232174,0.03387592829187703,0.0070053439304447115,76.20954478317094,75.08843495315719,0.5715609291659013,0.04606133012383849
2021-12-21,75.64924621582031,-0.001056574613557643,-0.0010560166351332168,-0.0016410095315152879,0.0017581836682847905,-0.0016412016689450496,75.66960372924805,75.59112747192383,75.48627529144287,75.70466018633721,75.6720313692104,45.283141143257545,0.0326288171268061,0.033626506058862846,-0.0009976889320567478,76.19562030897758,75.14358714951852,0.4806493614343795,0.04236366197171965
2021-12-22,75.72921752929688,0.0010565746135577576,0.001057132985151199,-0.001056574613557643,-0.0016410095315152879,-0.0012915375748319211,75.70929908752441,75.59801971435547,75.49215969085694,75.70843823910023,75.67626738106866,47.27291887841129,0.032170858031577154,0.03333537645340571,-0.0011645184218285545,76.10590215819495,75.31269601685388,0.5251113055413121,0.039262747213311786
2021-12-23,75.61424255371094,-0.0015193916888338577,-0.0015182379976587113,0.0010565746135577576,-0.001056574613557643,0.0012915375748320096,75.73437423706055,75.59853866577149,75.49742553710938,75.69394659519418,75.67167294941252,35.51059498552692,0.022273645781652363,0.031123030319055042,-0.00884938453740268,76.02007695161036,75.44867152251074,0.2897610396546186,0.03927199118071056
2021-12-27,75.64984130859375,0.00047068351760798404,0.0004707943064763409,-0.0015193916888338577,0.0010565746135577576,0.0017581836682847905,75.73461647033692,75.59711227416992,75.50510192871094,75.68716116648642,75.67005579083336,41.45221068016913,0.017105375653059696,0.028319499385855977,-0.011214123732796281,76.02000816179498,75.44922477887886,0.35147577122856555,0.030220812527854173
2021-12-28,75.64092254638672,-0.00011790226964428129,-0.00011789531944483844,0.00047068351760798404,-0.0015193916888338577,-0.0016410095315152879,75.73485412597657,75.59922790527344,75.5122960281372,75.68004753262493,75.6678977727262,46.02968841393048,0.012149759898719026,0.02508555148842859,-0.012935791589709564,76.01990835391658,75.44979989803656,0.33523910473340207,0.030220876127374847
2021-12-29,75.39139556884766,-0.0033042888791968306,-0.0032988357246177547,-0.00011790226964428129,0.00047068351760798404,-0.001056574613557643,75.71552047729492,75.59723861694336,75.5182861328125,75.63563953819765,75.64741612799448,45.449862637362635,-0.011776589796824055,0.01771312323137806,-0.029489713028202115,76.03820203169427,75.39283892289556,-0.002236499155636917,0.031530391074492285
2021-12-30,75.56075286865234,0.0022438550575872725,0.002246374384329286,-0.0033042888791968306,-0.00011790226964428129,0.0010565746135577576,75.70221099853515,75.60288818359375,75.52525451660156,75.62411851211375,75.64099662730246,50.01048987726844,-0.01687811518870319,0.010794875547361811,-0.027672990736065002,76.02749027770375,75.37693171936655,0.28255895942039594,0.03262797545761401
2021-12-31,75.54289245605469,-0.00023639949443245628,-0.0002363715542736955,0.0022438550575872725,-0.0033042888791968306,-0.0015193916888338577,75.68756408691407,75.60995223999024,75.53366580963134,75.61162219579697,75.63372965165448,48.612003413656545,-0.022107455857508285,0.004214409266387792,-0.026321865123896077,76.01388937859504,75.36123879523309,0.27833218180217895,0.032609991480965814
2022-01-03,75.03482055664062,-0.0067483270581902175,-0.006725608232562963,-0.00023639949443245628,0.0022438550575872725,0.00047068351760798404,75.63285293579102,75.60898010253906,75.53923027038574,75.5228834820806,75.5893660149868,28.012361379801746,-0.06648253290619266,-0.0099249791681283,-0.056557553738064356,76.01041372325771,75.25529214832433,-0.291968338612434,0.03661749566989169
2022-01-04,75.02592468261719,-0.00011856363927384146,-0.0001185566108833358,-0.0067483270581902175,-0.00023639949443245628,-0.00011790226964428129,75.58791465759278,75.60464157104492,75.54369953155518,75.44642828216315,75.54762961999646,29.88628177193594,-0.10120133783330232,-0.028180250901163106,-0.07302108693213921,76.02799278838022,75.14783652680534,-0.13851159107816638,0.0359188136743432
2022-01-05,74.76741790771484,-0.003451515628982528,-0.0034455659959661267,-0.00011856363927384146,-0.0067483270581902175,-0.0033042888791968306,75.5384910583496,75.59442443847657,75.54604461669922,75.34196514763265,75.48983615982745,27.339953261581513,-0.14787101219479837,-0.052118403159890164,-0.0957526090349082,76.1034450871151,74.97353702958411,-0.18242114523872188,0.03690669118073489
2022-01-06,74.68721771240234,-0.001073238078937868,-0.0010726623649286449,-0.003451515628982528,-0.00011856363927384146,0.0022438550575872725,75.49661026000976,75.57959121704101,75.54741958618165,75.24123477298184,75.43038294149966,22.368549927357606,-0.1891481685178178,-0.07952435623147569,-0.1096238122863421,76.17801311165,74.81520740836952,-0.09391631958912555,0.03585435531082659
2022-01-07,74.48220825195312,-0.0027486810812420133,-0.0027449069161827877,-0.001073238078937868,-0.003451515628982528,-0.00023639949443245628,75.44269981384278,75.55516677856446,75.54803226470948,75.12446146205434,75.36014777931103,14.67760825649853,-0.2356863172566932,-0.1107567484365192,-0.124929568820174,76.25992041241297,74.62547921527259,-0.0876574596688664,0.036445826084694224
2022-01-10,74.4197769165039,-0.0008385561688374481,-0.0008382046788681929,-0.0027486810812420133,-0.001073238078937868,-0.0067483270581902175,75.38433532714843,75.53144226074218,75.54898933410645,75.01604845504659,75.29049067836235,15.161393779712,-0.2744422233157593,-0.1434938434123672,-0.1309483799033921,76.31675564813764,74.45191500615923,-0.01723369221577236,0.0362260650390596
2022-01-11,74.57131958007812,0.0020342519707134826,0.002036322464984641,-0.0008385561688374481,-0.0027486810812420133,-0.00011856363927384146,75.32066535949707,75.51039489746094,75.55118556976318,74.94762862812837,75.2372187451561,22.373134561837134,-0.2895901170277284,-0.17271309813543945,-0.11687701889228896,76.29373977174947,74.34759094724467,0.1149596731844924,0.03441129207090661
2022-01-12,74.5445785522461,-0.00035866099394657783,-0.00035859668278115375,0.0020342519707134826,-0.0008385561688374481,-0.003451515628982528,75.26187705993652,75.48998336791992,75.55285419464111,74.88562092414648,75.18591206419981,18.786460657668854,-0.30029114005333213,-0.198228706519018,-0.10206243353431413,76.27454384723383,74.24921027263922,0.1458368553762788,0.034319525943376394
2022-01-13,74.66938018798828,0.001672788067520123,0.001674187957944051,-0.00035866099394657783,0.0020342519707134826,-0.001073238078937868,75.21421546936035,75.4692283630371,75.5553218460083,74.85235311858368,75.1476504437397,25.232486050836954,-0.295297325156028,-0.21764243024642002,-0.077654894909608,76.24496245523903,74.18346848348168,0.23570852554683025,0.0353344055972825
2022-01-14,74.25935363769531,-0.005506359662906606,-0.005491227451743685,0.001672788067520123,-0.00035866099394657783,-0.0027486810812420133,75.14116592407227,75.44293487548828,75.55454593658447,74.76112242921624,75.08185068032901,19.532117208083136,-0.3207282511127687,-0.23825959441968975,-0.08246865669307896,76.22651880521332,74.05581304293122,0.09376701269273229,0.038516460268203774
2022-01-18,73.79585266113281,-0.006261211643395014,-0.006241651103292334,-0.005506359662906606,0.001672788067520123,-0.0008385561688374481,75.03827896118165,75.40045120239257,75.5520230102539,74.61261938797264,74.98659156779595,16.28744685300063,-0.373972179823312,-0.2654021115004142,-0.10857006832289778,76.22469852826221,73.85185939410108,-0.02360325744883297,0.04138351640122392
2022-01-19,73.97410583496094,0.002412577794606625,0.00241549040224065,-0.006261211643395014,-0.005506359662906606,0.0020342519707134826,74.95052337646484,75.35692001342774,75.54907501220703,74.51438653366316,74.911592624623,23.411186461055777,-0.39720609095984116,-0.2917629073922996,-0.10544318356754157,76.18059454112873,73.72045221180096,0.10310526351915895,0.043486131863239616
2022-01-20,74.05432891845703,0.0010838875852960742,0.0010844752037297845,0.002412577794606625,-0.006261211643395014,-0.00035866099394657783,74.87077751159669,75.3183641052246,75.5469667816162,74.44360843901606,74.84809160935144,20.761143195616754,-0.40448317033538217,-0.3143069599809161,-0.09017621035446605,76.11681285993454,73.62474216325883,0.1723814479947327,0.044219346686297185
2022-01-21,74.33065032958984,0.003724389516234481,0.0037313336731075175,0.0010838875852960742,0.002412577794606625,0.001672788067520123,74.80084915161133,75.28107681274415,75.54540664672851,74.4262302683351,74.8097626256654,28.61649355228556,-0.3835323573302958,-0.3281520394507921,-0.055380317879503704,76.00013736352444,73.60156093969822,0.3039675461866575,0.04685291778467573
2022-01-24,74.21479797363281,-0.0015598240238247079,-0.0015586081306073751,0.003724389516234481,0.0010838875852960742,-0.005506359662906606,74.73087692260742,75.25176239013672,75.54375007629395,74.3937022229963,74.76569116995928,33.21212802778976,-0.37198894696298623,-0.3369194209532309,-0.035069526009755325,75.89307202556489,73.56868181964995,0.27797232682303963,0.04685985976716926
2022-01-25,74.11676788330078,-0.001321769969026718,-0.0013208968158461287,-0.0015598240238247079,0.003724389516234481,-0.006261211643395014,74.65422325134277,75.22297195434571,75.5416909790039,74.35109693996623,74.71762277835495,32.04270029324806,-0.3665258383887249,-0.3428407044403297,-0.023685133948395165,75.76217836970397,73.54626813298157,0.25745616445323655,0.046578294423908706
2022-01-26,73.70670318603516,-0.0055480465469077535,-0.005532684559468204,-0.001321769969026718,-0.0015598240238247079,0.002412577794606625,74.5575122833252,75.18580291748047,75.53661613464355,74.25195943936144,74.64273984559053,30.2326639481781,-0.3907804062290836,-0.3524286447980805,-0.038351761431003106,75.64020776309219,73.4748168035582,0.10708753606640223,0.04909783681886952
2022-01-27,73.94738006591797,0.0032600126963669538,0.003265332316863212,-0.0055480465469077535,-0.001321769969026718,0.0010838875852960742,74.48531150817871,75.15965713500977,75.53300804138183,74.20510107421629,74.59123171376294,36.99060906895626,-0.38613063954664995,-0.3591690437477944,-0.026961595798855542,75.5256283712721,73.44499464508532,0.2414578858881531,0.05102640014391471
2022-01-28,74.0365219116211,0.0012047507234744788,0.0012054767271492128,0.0032600126963669538,-0.0055480465469077535,0.003724389516234481,74.40909996032715,75.13635848999023,75.52826606750489,74.17916581843241,74.55014209878948,41.83008729752484,-0.37097628035706975,-0.3615304910696495,-0.009445789287420236,75.33468996458528,73.48350995606903,0.29873483562266473,0.05028713842935642
2022-01-31,73.98302459716797,-0.0007228412469066291,-0.000722580060108502,0.0012047507234744788,0.0032600126963669538,-0.0015598240238247079,74.33110656738282,75.10879638671875,75.52426567077637,74.14899024593018,74.50813339496565,41.9675480297018,-0.35914314903547506,-0.36105302266281464,0.0019098736273395756,75.10486029820044,73.5573528365652,0.27506927827861005,0.05021633651271202
2022-02-01,73.95357513427734,-0.0003981362736888064,-0.00039805702795980835,-0.0007228412469066291,0.0012047507234744788,-0.001321769969026718,74.27704429626465,75.07887100219726,75.52033756256104,74.11892638259897,74.46705500528503,38.104654476859835,-0.3481286226860618,-0.35846814266746413,0.010339519981402312,74.99268350143937,73.56140509108992,0.2739998314455613,0.04548373217461851
2022-02-02,74.06069946289062,0.001447486705034294,0.0014485348195645287,-0.0003981362736888064,-0.0007228412469066291,-0.0055480465469077535,74.22878303527833,75.04789428710937,75.51633075714112,74.10996839495154,74.4369545947373,40.96216601353758,-0.3269861997857646,-0.3521717540911242,0.025185554305359625,74.8565715949811,73.60099447557555,0.36613042736293355,0.04609657795007985
2022-02-03,73.74819946289062,-0.004228439124952723,-0.004219511863462477,0.001447486705034294,-0.0003981362736888064,0.0032600126963669538,74.17782211303711,75.01811889648438,75.51036655426026,74.05431163617294,74.38593569608199,33.92165165908965,-0.3316240599090463,-0.34806221525470865,0.016438155345662342,74.78669605070732,73.5689481753669,0.14719901479903358,0.04680052411886079
2022-02-04,73.29285430908203,-0.006193462270225252,-0.006174322317356595,-0.004228439124952723,0.001447486705034294,0.0012047507234744788,74.1081039428711,74.98526977539062,75.50195011138916,73.93716435508203,74.30496670445237,33.39337260793306,-0.3678023493703364,-0.3520102420778342,-0.01579210729250219,74.78671353751628,73.42949434822592,-0.10067647158402493,0.050726484218980364
2022-02-07,73.35538482666016,0.0008527960749657282,0.0008531598089280834,-0.006193462270225252,-0.004228439124952723,-0.0007228412469066291,74.05176277160645,74.95012268066407,75.49380245208741,73.8476598122479,74.23462730609738,41.22227932165869,-0.3869674938494825,-0.35900169243216384,-0.027965801417318636,74.7845401337142,73.3189854094987,0.02483661412298762,0.050636299475361725
2022-02-08,73.11428833007812,-0.0032921042170048955,-0.0032866911836363366,0.0008527960749657282,-0.006193462270225252,-0.0003981362736888064,73.98648834228516,74.8995085144043,75.48471267700195,73.73483343037563,74.15163923379966,33.28408949326308,-0.41680580342402607,-0.3705625146305363,-0.04624328879348977,74.8083964613266,73.16458022324372,-0.030594595673447224,0.05142814287604888
2022-02-09,73.16789245605469,0.0007328866453565178,0.0007331552723943702,-0.0032921042170048955,0.0008527960749657282,0.001447486705034294,73.91631698608398,74.85014297485351,75.47685615539551,73.64761174201857,74.07876910211485,32.58635108765051,-0.4311573600962788,-0.3826814837236848,-0.048475876372593985,74.76712128732873,73.06551268483923,0.06016646311359078,0.05064999905254088
2022-02-10,72.49825286865234,-0.009194233885650252,-0.009152096157539757,0.0007328866453565178,-0.0032921042170048955,-0.004228439124952723,73.81400070190429,74.78454666137695,75.465475730896,73.47078729996223,73.96169382556207,18.821430982287964,-0.49090652559983994,-0.40432649209891586,-0.08658003350092408,74.82397137482863,72.80403002897995,-0.15137922739986082,0.0583993513032006
2022-02-11,72.9714584350586,0.006505921147142912,0.006527130622907107,-0.009194233885650252,0.0007328866453565178,-0.006193462270225252,73.7291046142578,74.72743698120117,75.45676853179931,73.39396747459244,73.88834305589515,31.13812236545749,-0.4943755813027053,-0.4223363099396738,-0.07203927136303151,74.721629316647,72.73657991186862,0.11832376696750263,0.0640132694059016
2022-02-14,72.56072235107422,-0.005644623372371316,-0.005628722418230314,0.006505921147142912,-0.009194233885650252,0.0008527960749657282,73.64417304992676,74.66193481445312,75.44548110961914,73.2657759171281,73.79000078146397,28.439833568716338,-0.5242248643358778,-0.44271402081891464,-0.08151084351696314,74.73180067357892,72.55654542627461,0.0019201998500106585,0.06413982162828567
2022-02-15,72.40894317626953,-0.0020939446843614637,-0.002091753911576677,-0.005644623372371316,0.006505921147142912,-0.0032921042170048955,73.5748275756836,74.58753280639648,75.43334247589111,73.13395549545754,73.68770021811625,30.632335460246765,-0.5537447226587062,-0.46492016118687296,-0.08882456147183326,74.79099463632375,72.35866051504345,0.020672596246608856,0.061388098834200995
2022-02-16,72.50718688964844,0.0013558701627627758,0.0013567897702877474,-0.0020939446843614637,-0.005644623372371316,0.0007328866453565178,73.50148162841796,74.51918273925781,75.42121181488037,73.0375295561023,73.60025478637789,27.552352752309943,-0.5627252302755892,-0.48448117500461624,-0.07824405527097295,74.79098475293209,72.21197850390384,0.11446594433644089,0.06073179997187656
2022-02-17,72.66787719726562,0.002213746200176557,0.0022161983454378475,0.0013558701627627758,-0.0020939446843614637,-0.009194233885650252,73.43215904235839,74.45742248535156,75.4096647644043,72.98065996243511,73.53118977977698,29.132962500261726,-0.550529817341868,-0.4976909034720666,-0.052838913869801385,74.74537372127665,72.11894436344014,0.20900346403288203,0.061375375374463276
2022-02-18,72.79286193847656,0.0017184674395517062,0.0017199448508953274,0.002213746200176557,0.0013558701627627758,0.006505921147142912,73.35526962280274,74.40278305053711,75.39856693267822,72.95176795874919,73.47649882856955,32.24130433297739,-0.5247308698203597,-0.5030988967417253,-0.021631973078634403,74.62638229770491,72.08415694790057,0.27877347326055896,0.059742613368142336
2022-02-22,72.74822998046875,-0.0006133245095036131,-0.0006131364644728077,0.0017184674395517062,0.002213746200176557,-0.005644623372371316,73.28194122314453,74.34653930664062,75.38720203399659,72.92045442362912,73.42255298796948,32.09588330088417,-0.5020985643403577,-0.5028988302614518,0.0008002659210940566,74.51284780910528,72.05103463718378,0.28320400233328685,0.05972896142219628
2022-02-23,72.38219451904297,-0.005044238502235073,-0.005031537695474597,-0.0006133245095036131,0.0017184674395517062,-0.0020939446843614637,73.19521255493164,74.28244186401368,75.37488578796386,72.83764520753894,73.34548939767862,26.84835385013649,-0.5078441901396786,-0.5038879022370971,-0.003956287902581512,74.42287989391265,71.96754521595064,0.16887689764415378,0.061433861136754746
2022-02-24,72.54288482666016,0.0022175647471569197,0.0022200253623825272,-0.005044238502235073,-0.0006133245095036131,0.0013558701627627758,73.13702163696288,74.21640518188477,75.3641201019287,72.79229745663451,73.28603720723281,32.64842138559577,-0.49373975059829434,-0.5018582719093365,0.008118521311042182,74.37290860529893,71.90113466862684,0.2596314122873822,0.06029104796245673
2022-02-25,72.60539245605469,0.0008612934914402223,0.0008616645111907406,0.0022175647471569197,-0.005044238502235073,0.002213746200176557,73.06992225646972,74.15410614013672,75.35498516082764,72.7635428411607,73.2356190775159,38.84126602782408,-0.4720762363552069,-0.4959018647985106,0.023825628443303715,74.26562782736241,71.87421668557704,0.3057507584964124,0.058731945866189954
2022-02-28,73.14108276367188,0.007351021272911481,0.007378106356789038,0.0008612934914402223,0.0022175647471569197,0.0017184674395517062,73.02515029907227,74.10447555541992,75.34778171539307,72.82162590616241,73.22861638760153,46.98466407167501,-0.40699048143912364,-0.47811958812663324,0.0711291066875096,74.13223651444898,71.91806408369555,0.5523592756324587,0.06535400229285712
2022-03-01,73.52469635009766,0.005231137945551287,0.005244844237065616,0.007351021272911481,0.0008612934914402223,-0.0006133245095036131,73.00223388671876,74.06056259155274,75.34161754608154,72.92979058984476,73.25054823667531,55.55197760755002,-0.3207576468305575,-0.44664719986741813,0.1258895530368606,74.042811592293,71.9616561811445,0.751044424928639,0.0685546625418673
2022-03-02,72.6215591430664,-0.012359518904106805,-0.012283453749075579,0.005231137945551287,0.007351021272911481,-0.005044238502235073,72.93563308715821,73.99592193603516,75.33128913879395,72.88237036726346,73.20395645196353,43.99050686557043,-0.32158608470007266,-0.42163497683394907,0.10004889213387641,73.88647305680983,71.98479311750658,0.3348439516026682,0.08080977933033735
2022-03-03,72.94344329833984,0.004422555896252707,0.00443234982932994,-0.012359518904106805,0.005231137945551287,0.0022175647471569197,72.87977027893066,73.94020645141602,75.32296569824219,72.89176620281367,73.18465918132475,55.30262550479992,-0.29289297851107676,-0.39588657716937464,0.10299359865829788,73.67001776317693,72.0895227946844,0.5402867586917476,0.08262986660351929
2022-03-04,73.20277404785156,0.0035489255405610153,0.003555230433132328,0.004422555896252707,-0.012359518904106805,0.0008612934914402223,72.85249900817871,73.89127700805665,75.31633434295654,72.93961356358872,73.18600102328969,52.9030899010887,-0.2463874597009692,-0.36598675367569355,0.11959929397472435,73.54859646100736,72.15640155535006,0.7515991390641341,0.08291131915438053
2022-03-07,72.84510040283203,-0.004898042664958521,-0.004886066814704715,0.0035489255405610153,0.004422555896252707,0.007351021272911481,72.83011131286621,73.83359466552734,75.30668434143067,72.92507307731846,73.16074912547802,53.617219494206466,-0.23567604815956145,-0.33992461257246714,0.1042485644129057,73.49466310856072,72.1655595171717,0.5112775934569241,0.08182518611295014
2022-03-08,72.50529479980469,-0.004675683497427306,-0.00466476950609207,-0.004898042664958521,0.0035489255405610153,0.005231137945551287,72.78760681152343,73.77141571044922,75.29524719238282,72.8604918038548,73.11219695320592,51.16962259782357,-0.25170514935112465,-0.3222807199281987,0.07057557057707403,73.41859584699252,72.15661777605435,0.2762940432801102,0.08312925708202552
2022-03-09,72.30854034423828,-0.002717345016650796,-0.0027136563765400856,-0.004675683497427306,-0.004898042664958521,-0.012359518904106805,72.74731941223145,73.70458969116211,75.28238700866699,72.77557619468303,73.05266683402314,47.64493376291411,-0.27709063934011624,-0.3132427038105822,0.03615206447046598,73.39320051557523,72.10143830888767,0.16032520093747166,0.08290554446506362
2022-03-10,71.92401123046875,-0.005332083785806114,-0.005317893459595657,-0.002717345016650796,-0.004675683497427306,0.004422555896252707,72.68512535095215,73.63025146484375,75.26663719177246,72.64456620018852,72.96906271524134,41.62552437101246,-0.3244965150528145,-0.31549346605902867,-0.009003048993785845,73.39670092672426,71.97354977518003,-0.034809053597384315,0.08443789084362273
2022-03-11,71.87036895751953,-0.0007460969666195247,-0.0007458187054852905,-0.005332083785806114,-0.002717345016650796,0.0035489255405610153,72.6537311553955,73.55983093261719,75.2507512664795,72.5254589320856,72.88767799244714,39.444982759373225,-0.3622190603615394,-0.3248385849195308,-0.037380475442008565,73.45034356142945,71.85711874936156,0.008316596664580178,0.07849043540144605
2022-03-14,71.20860290527344,-0.00925042670615692,-0.00920777313161203,-0.0007460969666195247,-0.005332083785806114,-0.004898042664958521,72.56558837890626,73.47278793334961,75.23208374023437,72.32286569719142,72.7633020600639,34.56378200421011,-0.44043636287247523,-0.34795814051011975,-0.09247822236235548,73.57568174092673,71.55549501688579,-0.17171289538942555,0.07992419443627821
2022-03-15,71.32486724853516,0.0016313974384025258,0.001632728891147961,-0.00925042670615692,-0.0007460969666195247,-0.004675683497427306,72.5037956237793,73.38842742919923,75.21404148101807,72.16932747432122,72.65675133328399,38.840377114181074,-0.48742385896277085,-0.37585128420064995,-0.1115725747621209,73.65630950801027,71.35128173954833,-0.011459510976215231,0.0787494522636326
2022-03-16,71.43218994140625,0.0015035713848771605,0.0015047023150722705,0.0016313974384025258,-0.00925042670615692,-0.002717345016650796,72.45495796203613,73.31637481689454,75.19656219482422,72.05592170002662,72.56604308203379,38.14353730305197,-0.5101213820071706,-0.4027053037619541,-0.10741607824521648,73.7031995556385,71.20671636843376,0.09031647964949745,0.07903601417421338
2022-03-17,71.49478912353516,0.0008759603895803629,0.0008763441549286544,0.0015035713848771605,0.0016313974384025258,-0.005332083785806114,72.40433807373047,73.2457521057129,75.17899978637695,71.96959361133563,72.48669093695982,38.14474633638628,-0.5170973256241922,-0.4255837081344018,-0.09151361748979042,73.72374443838672,71.08493170907423,0.1553188712136133,0.078890356405808
2022-03-18,71.70047760009766,0.002872841019604386,0.0028769715819021435,0.0008759603895803629,0.0015035713848771605,-0.0007460969666195247,72.35596809387206,73.18441329956055,75.16317008972167,71.92819114806825,72.42845291200707,33.45657617371283,-0.5002617639388234,-0.44051931929528615,-0.05974244464353723,73.70528613483185,71.00665005291228,0.2571030424716808,0.07924744376468536
2022-03-21,70.96717071533203,-0.010280022854980825,-0.010227364019185115,0.002872841019604386,0.0008759603895803629,-0.00925042670615692,72.26468353271484,73.11001235961913,75.14217742919922,71.78034185072421,72.32020978632744,22.813710415166312,-0.5398679356032261,-0.4603890425568742,-0.07947889304635192,73.73146343508296,70.79790363034672,0.057700233249728027,0.08563806034605835
2022-03-22,70.78836059570312,-0.0025227969986306256,-0.0025196174206544297,-0.010280022854980825,0.002872841019604386,0.0016313974384025258,72.16669006347657,73.03613540649414,75.1205546951294,71.62772934995174,72.20673947591082,26.966266284498218,-0.579010125959087,-0.48411325923731674,-0.09489686672177022,73.75434065717275,70.57903946978038,0.06592166020466278,0.08571204876216722
2022-03-23,71.11028289794922,0.004537363383078736,0.004547672802944325,-0.0025227969986306256,-0.010280022854980825,0.0015035713848771605,72.10309448242188,72.96994552612304,75.09983722686768,71.54812220348981,72.12552047013588,26.966966391226833,-0.5773982666460711,-0.5027702607190676,-0.07462800592700347,73.75499478569745,70.45119417914631,0.19949409703963156,0.08699608863442232
2022-03-24,71.02083587646484,-0.0012586551638270524,-0.0012578633896414004,0.004537363383078736,-0.0025227969986306256,0.0008759603895803629,72.02699203491211,72.89893585205078,75.07792453765869,71.46700123010136,72.0436919817158,21.362124316324298,-0.5766907516144357,-0.5175543588981413,-0.05913639271629445,73.73293927292904,70.32104479689518,0.2051033771663219,0.0862227159044317
2022-03-25,70.39484405517578,-0.008853274408900543,-0.008814199573459303,-0.0012586551638270524,0.004537363383078736,0.002872841019604386,71.91646461486816,72.81594116210937,75.05208969116211,71.3020539724205,71.92155509826839,19.956519461469952,-0.61950112584789,-0.537943712288091,-0.08155741355979895,73.74654943710216,70.08637979263416,0.084275946883455,0.09015705008772562
2022-03-28,70.60051727294922,0.0029174486553099183,0.0029217085503057127,-0.008853274408900543,-0.0012586551638270524,-0.010280022854980825,71.78943634033203,72.73456390380859,75.02737113952637,71.19412524942491,71.82370044454105,25.850484899721607,-0.6295751951161321,-0.5562700088536993,-0.07330518626243288,73.61429704529193,69.96457563537213,0.17424388498492652,0.08561322973033036
2022-03-29,70.9135513305664,0.004424077002047646,0.004433877678359899,0.0029174486553099183,-0.008853274408900543,-0.0025227969986306256,71.65887908935547,72.66764785766601,75.0051861190796,71.150960031139,71.75628199165403,32.82032201325937,-0.6053219605150417,-0.5660803991859678,-0.03924156132907397,73.32799150066865,69.98976667804229,0.2767293102198339,0.08478207256398618
2022-03-30,71.07452392578125,0.0022674110327871953,0.0022699835531359014,0.004424077002047646,0.0029174486553099183,0.004537363383078736,71.5815273284912,72.61322128295899,74.98380596160888,71.13920063031472,71.70578139418197,38.92870637367008,-0.5665807638672504,-0.5661804721222243,-0.00040029174502609344,73.20557356330147,69.95748109368094,0.3439073371672859,0.07609044028308126
2022-03-31,71.12815856933594,0.0007543408486662354,0.0007546254352781556,0.0022674110327871953,0.004424077002047646,-0.0012586551638270524,71.49076309204102,72.55630233764649,74.96375038146972,71.1375018517026,71.66299451826744,40.326817792219934,-0.5254926665648441,-0.5580429110107483,0.032550244445904264,72.99263662454632,69.98888955953572,0.3792826044080365,0.073649187404934
2022-04-01,70.97394561767578,-0.0021704536056264636,-0.0021680998743954794,0.0007543408486662354,0.0022674110327871953,-0.008853274408900543,71.37932167053222,72.49469467163085,74.94164722442628,71.11233935416001,71.61195385896436,46.475432191289485,-0.49961450480434166,-0.546357229769467,0.046742724965125326,72.66092835062909,70.09771499043535,0.34184849410046814,0.07146170494643185
2022-04-04,71.02774047851562,0.0007576651361287343,0.0007579522368621472,-0.0021704536056264636,0.0007543408486662354,0.0029174486553099183,71.2884536743164,72.42863647460938,74.91862464904786,71.09932414252242,71.56867879374593,45.451785067794034,-0.4693546512235116,-0.530956714060276,0.06160206283676439,72.37540127674507,70.20150607188774,0.3800709458219327,0.07075962750176422
2022-04-05,70.3105697631836,-0.010148371933695877,-0.010097050962066811,0.0007576651361287343,-0.0021704536056264636,0.004424077002047646,71.17871742248535,72.35055191040038,74.89333660125732,70.97797731493183,71.47548553222279,35.53218165249207,-0.4975082172909566,-0.5242670147064121,0.026758797415455504,72.18883731106311,70.16859753390759,0.07027494007463927,0.07667910071322326
2022-04-06,70.09540557861328,-0.0030648888336270576,-0.003060196856532582,-0.010148371933695877,0.0007576651361287343,0.0022674110327871953,71.0680606842041,72.27012466430664,74.86644466400146,70.8421970478059,71.37325738751098,32.632852711592875,-0.5310603397050784,-0.5256256797061454,-0.005434659998933,72.0412585427252,70.094862825683,0.0002788502489674424,0.07675994555497491
2022-04-07,69.95197296142578,-0.0020483449077443316,-0.0020462484809598003,-0.0030648888336270576,-0.010148371933695877,0.0007543408486662354,70.96945877075196,72.19503005981446,74.83909965515137,70.7052394960551,71.26797705965282,27.959477290125534,-0.5627375635977216,-0.5330480564844606,-0.029689507113261016,71.97652282680815,69.96239471469576,-0.005174324913746645,0.07549095440293639
2022-04-08,69.57544708251953,-0.005397172724719793,-0.0053826341554923385,-0.0020483449077443316,-0.0030648888336270576,-0.0021704536056264636,70.85471267700196,72.10759140014649,74.8096960067749,70.53142527858809,71.14260446875406,30.722911937642408,-0.61117919016597,-0.5486742832207625,-0.0625049069452075,71.94877720540225,69.76064814860166,-0.08463900495564192,0.07675938966006837
2022-04-11,69.25272369384766,-0.004649257685791885,-0.004638466617240877,-0.005397172724719793,-0.0020483449077443316,0.0007576651361287343,70.75691871643066,72.01191543579101,74.77938274383546,70.3347019578588,71.00261330024247,29.545024948933445,-0.6679113423836753,-0.572521695053345,-0.09538964733033028,72.0494477671022,69.46438966575913,-0.08188054721149256,0.07230328813267431
2022-04-12,69.47686004638672,0.0032312725449866707,0.003236498733680593,-0.004649257685791885,-0.005397172724719793,-0.010148371933695877,70.66451835632324,71.9217921447754,74.74917785644531,70.20272627917079,70.8895945406976,27.660542417589767,-0.6868682615268114,-0.5953910083480384,-0.09147725317877298,72.04717232834255,69.28186438430393,0.07051499002241518,0.07340537761000304
2022-04-13,69.55754089355469,0.0011605883965223635,0.001161262139856456,0.0032312725449866707,-0.004649257685791885,-0.0030648888336270576,70.57078590393067,71.83387145996093,74.71920051574708,70.103466989076,70.7909239001685,29.9391890619803,-0.6874569110924966,-0.6138041888969301,-0.07365272219556651,71.98805466483543,69.15351714302591,0.14253603891997765,0.07324076923276733
2022-04-14,69.0823974609375,-0.006854378306003316,-0.006830940635815574,0.0011605883965223635,0.0032312725449866707,-0.0020483449077443316,70.45016632080078,71.73430541992188,74.6865832901001,69.94637936936238,70.66436638615139,31.230919965871422,-0.7179870167890101,-0.6346407544753461,-0.08334626231366404,71.94483245488051,68.95550018672104,0.04245003995310001,0.07526535075037756
2022-04-18,68.85826873779297,-0.0032496424231873494,-0.0032443680500704453,-0.006854378306003316,0.0011605883965223635,-0.005397172724719793,70.30805587768555,71.63650680541993,74.65288063049316,69.77897773373631,70.53058137516187,25.215222515987037,-0.7516036414255609,-0.6580333318653891,-0.09357030956017176,71.84213057617124,68.77398117919985,0.027471790870522626,0.07342945280429644
2022-04-19,68.427978515625,-0.006268532205937325,-0.006248925946809369,-0.0032496424231873494,-0.006854378306003316,-0.004649257685791885,70.1810962677002,71.53920928955078,74.61636539459228,69.57113170018073,70.37483301519617,15.782420098518031,-0.8037013150154451,-0.6871669284954003,-0.11653438652004477,71.89521493179325,68.46697760360715,-0.01137584252452641,0.068672741508539
2022-04-20,68.85826873779297,0.006268532205937267,0.0062882205714978046,-0.006268532205937325,-0.0032496424231873494,0.0032312725449866707,70.08459167480468,71.44926696777344,74.58063507080078,69.461460475198,70.26249492057372,21.596151401668124,-0.8010344453757199,-0.7099404318714643,-0.09109401350425561,71.87057825194123,68.29860509766814,0.15668192787376078,0.07433901597190712
2022-04-21,68.49070739746094,-0.00535223819089458,-0.005337940483686521,0.006268532205937267,-0.006268532205937325,0.0011605883965223635,69.95361289978027,71.3567953491211,74.54227348327636,69.31211384785384,70.13125140034315,18.715407365041216,-0.819137552489309,-0.7317798559950333,-0.08735769649427572,71.80587291729648,68.10135288226405,0.10510255350622677,0.07215062041994358
2022-04-22,68.40106201171875,-0.00130972663942877,-0.0013088693218185066,-0.00535223819089458,0.006268532205937267,-0.006854378306003316,69.82262420654297,71.26145874023437,74.50311107635498,69.17195202690998,70.003089223408,19.00654181042168,-0.8311371964980196,-0.7516513240956305,-0.07948587240238913,71.7269078924117,67.91834052067423,0.12674621292685642,0.07214504564502905
2022-04-25,68.83138275146484,0.006271434585253691,0.006291141205853945,-0.00130972663942877,-0.00535223819089458,-0.0032496424231873494,69.74445114135742,71.18812133789062,74.46729042053222,69.11955675376457,69.91629615141221,25.74272275784432,-0.7967393976476416,-0.7606689388060328,-0.036070458841608755,71.67796777376039,67.81093450895445,0.26388400942850615,0.07272719105653361
2022-04-26,69.01068115234375,0.0026015063460722194,0.0026048932000437564,0.006271434585253691,-0.00130972663942877,-0.006268532205937325,69.66495933532715,71.10890579223633,74.43249843597413,69.10280666123829,69.84921355888862,33.707981204495766,-0.7464068976503313,-0.7578165305748925,0.011409632924561208,71.58093106501369,67.74898760564062,0.3292568275288569,0.07250268831231452
2022-04-27,68.7955093383789,-0.0031228203618674072,-0.0031179494300287436,0.0026015063460722194,0.006271434585253691,0.006268532205937267,69.55905723571777,71.03360153198243,74.39782085418702,69.05553015002916,69.77116139440642,33.707916739976895,-0.7156312443772634,-0.7493794733353667,0.033748228958103255,71.41773008766216,67.70038438377338,0.2945986308079698,0.06971828520625838
2022-04-28,68.76863098144531,-0.00039077563692311494,-0.00039069929406854165,-0.0031228203618674072,0.0026015063460722194,-0.00535223819089458,69.44376258850097,70.96079528808593,74.36173049926758,69.01139181640087,69.69689988233522,34.722378180313825,-0.6855080659343429,-0.7366051918551619,0.05109712592081905,71.18924909413126,67.69827608287069,0.30660646619783627,0.06843160087543071
2022-04-29,68.30244445800781,-0.00680213997656908,-0.006779057788183773,-0.00039077563692311494,-0.0031228203618674072,-0.00130972663942877,69.30247688293457,70.87670043945313,74.32238346099854,68.90232299203271,69.5936068879406,33.93669601649701,-0.6912838959078869,-0.727540932665707,0.036257036757820105,70.92716270935061,67.67779105651853,0.19223821348501294,0.07014696940724321
2022-05-02,67.95309448242188,-0.00512787581068068,-0.0051147506997456516,-0.00680213997656908,-0.00039077563692311494,0.006271434585253691,69.15143432617188,70.78240478515625,74.28164237976074,68.75628783670797,69.47208745049477,33.71017314485606,-0.7157996137867997,-0.7251926688899255,0.009393055103125825,70.68071810877123,67.62215054357253,0.10820226520902267,0.0710074925057594
2022-05-03,68.1147232055664,0.00237570943534138,0.0023785336690786973,-0.00512787581068068,-0.00680213997656908,0.0026015063460722194,69.00578346252442,70.68884201049805,74.23954944610595,68.65758558576312,69.37154195087044,32.65489717563304,-0.7139563651073217,-0.7229454081334048,0.008989043026083054,70.32278395449714,67.6887829705517,0.16170845706241757,0.07211735898224816
2022-05-04,68.5548324584961,0.00644050933080241,0.0064612940083668136,0.00237570943534138,-0.00512787581068068,-0.0031228203618674072,68.91799659729004,70.6049740600586,74.2000537109375,68.64177741233742,69.31104495143529,38.30252325219172,-0.6692675390978735,-0.7122098343262986,0.042942295228425076,70.09546826406834,67.74052493051174,0.34578646389530254,0.0715820882777419
2022-05-05,67.87224578857422,-0.01000669917627755,-0.009956798746975637,0.00644050933080241,0.00237570943534138,-0.00039077563692311494,68.80683860778808,70.51477508544922,74.15837940216065,68.52338793175846,69.2044672356678,36.534259251398645,-0.6810793039093426,-0.7059837282429074,0.02490442433356488,69.93502006210346,67.6786571534727,0.08579676361503213,0.07786343392885864
2022-05-06,67.58483123779297,-0.0042436318339935065,-0.004234640351765573,-0.01000669917627755,0.00644050933080241,-0.00680213997656908,68.68848152160645,70.41561401367187,74.11443054199219,68.37899459422532,69.08449419878818,36.026855975622006,-0.7054996045628599,-0.705886903506898,0.00038729894403810583,69.8074631966641,67.5694998465488,0.0068505997845696035,0.07841476847999661
2022-05-09,67.89022827148438,0.00450854278438415,0.0045187215547950466,-0.0042436318339935065,-0.01000669917627755,-0.00512787581068068,68.60422058105469,70.32131072998047,74.07244941711426,68.3037997753421,68.99603005602494,43.93310265282584,-0.6922302806828355,-0.7031555789420856,0.010925298259250038,69.69543643324391,67.51300472886547,0.1728455199134582,0.0801207798371788
2022-05-10,68.08781433105469,0.002906148593571696,0.002910375537112486,0.00450854278438415,-0.0042436318339935065,0.00237570943534138,68.54597511291504,70.22024536132812,74.03167655944824,68.27057124545173,68.92875481713826,40.826033950533166,-0.6581835716865214,-0.6941611774909727,0.03597760580445131,69.6155879900459,67.4763622357842,0.2858286901475344,0.08032755874189733
2022-05-11,68.32129669189453,0.0034232697082987955,0.0034291357878608597,0.002906148593571696,0.00450854278438415,0.00644050933080241,68.48819694519042,70.11617736816406,73.9911014175415,68.27837516028909,68.88375791897205,47.91625611140827,-0.6053827586829641,-0.676405493729371,0.07102273504640688,69.46708007977595,67.5093138106049,0.41474965325326596,0.08045966618506203
2022-05-12,68.45600891113281,0.0019698043063906294,0.00197174564537006,0.0034232697082987955,0.002906148593571696,-0.01000669917627755,68.43312034606933,70.03286636352539,73.95084716796875,68.30570342964967,68.85207280728025,50.66843381187329,-0.5463693776305831,-0.6503982705096135,0.10402889287903039,69.27271659769772,67.59352409444094,0.51363069750436,0.08077699296700856
2022-05-13,68.2045669555664,-0.003679806523607706,-0.0036730443326431494,0.0019698043063906294,0.0034232697082987955,-0.0042436318339935065,68.38922882080078,69.93808883666992,73.90999698638916,68.2901439720984,68.80410941085701,42.027767642971924,-0.5139654387586035,-0.6231117041594115,0.10914626540080807,69.17603119991,67.60242644169156,0.3826504150613775,0.07837034574483688
2022-05-16,68.31234741210938,0.001579005494460511,0.0015802527800401478,-0.003679806523607706,0.0019698043063906294,0.00450854278438415,68.3619327545166,69.84028030395508,73.86911258697509,68.29355988594625,68.76768259613496,40.95358389569521,-0.4741227101887091,-0.5933139053652711,0.11919119517656196,69.11747873702414,67.60638677200906,0.46718575470240714,0.07811118557754178
2022-05-17,67.90819549560547,-0.00593380548523724,-0.005916235231469558,0.001579005494460511,-0.003679806523607706,0.002906148593571696,68.33594360351563,69.74154220581055,73.82529788970947,68.23427305666306,68.70401688498463,39.04200711550637,-0.4697438283215689,-0.5685998899565307,0.09885606163496174,69.11724386437163,67.55464334265963,0.2262588217738996,0.07778588624010979
2022-05-18,68.19558715820312,0.004223131556314824,0.004232061542796428,-0.00593380548523724,0.001579005494460511,0.0034232697082987955,68.30280952453613,69.65534805297851,73.78283191680909,68.22832137997692,68.66635542374155,43.35095552903767,-0.43803404376463106,-0.5424867207181507,0.10445267695351967,69.0461252831421,67.55949376593016,0.4278756268169993,0.07577968890338993
2022-05-19,68.33927154541016,0.0021047290283726715,0.0021069455252831215,0.004223131556314824,-0.00593380548523724,0.0019698043063906294,68.2952377319336,69.57596267700195,73.74108436584473,68.24539063619741,68.6421269883096,50.46187232918761,-0.3967363521121854,-0.5133366469969577,0.1166002948847723,69.03356289680826,67.55691256705893,0.5298200681565788,0.07402797398259989
2022-05-20,68.54585266113281,0.003018315887187326,0.0030228755889707415,0.0021047290283726715,0.004223131556314824,-0.003679806523607706,68.3024772644043,69.50839950561523,73.70125267028808,68.29161556311055,68.63499555666688,57.71027759142892,-0.34337999355632576,-0.47934531630883137,0.1359653227525056,69.04797604919652,67.55697847961208,0.6632299084138294,0.07468938293920557
2022-05-23,68.30335235595703,-0.0035440550636596942,-0.0035377823130251507,0.003018315887187326,0.0021047290283726715,0.001579005494460511,68.27607574462891,69.43705917358399,73.662018699646,68.29342122354848,68.61042939365133,52.40302934876,-0.3170081701028522,-0.44687788706763554,0.12986971696478333,68.97888499893631,67.57326649032152,0.5194054155953025,0.07202137655110841
2022-05-24,68.86021423339844,0.008119720867145406,0.008152775204053997,-0.0035440550636596942,0.003018315887187326,-0.00593380548523724,68.26855239868163,69.39009140014649,73.62627544403077,68.38062014814078,68.62893197437333,53.778006822253296,-0.24831182623255188,-0.4071646749006188,0.15885284866806693,68.94080856571587,67.5962962316474,0.9400568293237185,0.0775107914044253
2022-05-25,69.13861846923828,0.004034883601487084,0.004043034703554715,0.008119720867145406,-0.0035440550636596942,0.004223131556314824,68.28570785522462,69.34636642456054,73.59249809265137,68.49723527446348,68.66668652954851,67.40771037838745,-0.16945125508503622,-0.35962199093750236,0.19017073585246613,69.02840632617944,67.5430093842698,1.0741970983979243,0.07798239799223441
2022-05-26,69.06680297851562,-0.0010392573089259669,-0.0010387174680762667,0.004034883601487084,0.008119720867145406,0.0021047290283726715,68.30061645507813,69.29905868530274,73.55809684753417,68.58486107508689,68.69632478502756,71.65491269807649,-0.11146370994066501,-0.3099903347381349,0.1985266247974699,69.09434905726148,67.50688385289477,0.982647759037436,0.07808683660020768
2022-05-27,69.26436614990234,0.0028563816377262337,0.002860464982694655,-0.0010392573089259669,0.004034883601487084,0.003018315887187326,68.34871253967285,69.25445022583008,73.52463912963867,68.68940031736619,68.73840192316644,70.73258327635386,-0.04900160580024249,-0.25779258895055646,0.20879098315031397,69.25193482082,67.4454902585257,1.006881655458365,0.07399192509222721
2022-05-31,68.8691635131836,-0.005722053378191579,-0.005705713611288243,0.0028563816377262337,-0.0010392573089259669,-0.0035440550636596942,68.39451599121094,69.1978239440918,73.48770431518555,68.71705619364579,68.74808796687141,61.12534191961657,-0.031031773225620896,-0.21244042580556935,0.18140865257994845,69.30613644185584,67.48289554056603,0.7603317650656468,0.07463977966845939
2022-06-01,68.56143951416016,-0.004478253118621445,-0.004468240694756376,-0.005722053378191579,0.0028563816377262337,0.008119720867145406,68.41685180664062,69.14970932006835,73.44887767791748,68.69311516603261,68.73426215555946,53.34851063829787,-0.04114698952685103,-0.1781817385498257,0.13703474902297466,69.32147129108328,67.51223232219796,0.5799163128840934,0.07650363071712653
2022-06-02,68.62442779541016,0.0009182911754919103,0.0009187129339225386,-0.004478253118621445,-0.005722053378191579,0.004034883601487084,68.42033157348632,69.1064306640625,73.41076332092285,68.68254787824453,68.72612627702989,52.39633607541483,-0.04357839878535685,-0.15126107059693195,0.10768267181157509,69.32771704957617,67.51294609739648,0.6124639016723834,0.07308547322115219
2022-06-03,68.52542114257812,-0.0014437736650360319,-0.001442731925243912,0.0009182911754919103,-0.004478253118621445,-0.0010392573089259669,68.45299034118652,69.05473342895507,73.37224224090576,68.65837453429586,68.71125923003346,54.77226356557479,-0.05288469573760324,-0.1315857956250662,0.07870109988746296,69.32358829641089,67.58239238596215,0.5415983066333631,0.06309430187711154
2022-06-06,68.12047576904297,-0.00592694794532302,-0.005909418239000708,-0.0014437736650360319,0.0009182911754919103,0.0028563816377262337,68.47977256774902,68.99672622680664,73.3308576965332,68.57562087810311,68.66749749218232,47.37795812489965,-0.09187661407921155,-0.12364395931589528,0.03176734523668373,69.26687100431121,67.69267413118683,0.27175866320141884,0.06501895182359661
2022-06-07,68.35445404052734,0.00342888618526637,0.0034347715403171275,-0.00592694794532302,-0.0014437736650360319,-0.005722053378191579,68.50298385620117,68.95591842651368,73.29073127746582,68.54159521078375,68.64430908835602,56.3958675950873,-0.10271387757227046,-0.11945794296717031,0.01674406539489985,69.24284241092744,67.7631253014749,0.39962283011732014,0.06422097908675181
2022-06-08,68.07548522949219,-0.004089559833110639,-0.004081208970958317,0.00342888618526637,-0.00592694794532302,-0.004478253118621445,68.50236740112305,68.90541778564453,73.24912178039551,68.46988598289275,68.60217398769944,48.2745089442301,-0.13228800480669634,-0.12202395533507553,-0.01026404947162081,69.24370154350609,67.76103325874001,0.2120851804702798,0.06530629232917425
2022-06-09,67.98550415039062,-0.0013226582083459915,-0.0013217838814989502,-0.004089559833110639,0.00342888618526637,0.0009182911754919103,68.48557777404785,68.84685684204102,73.20781280517578,68.39536570096935,68.55649474049139,44.837805402107676,-0.16112903952203794,-0.12984497217246802,-0.03128406734956993,69.25870684508855,67.71244870300715,0.17659111370363653,0.06416081343494896
2022-06-10,67.40959167480469,-0.008507190683885862,-0.00847110693350106,-0.0013226582083459915,-0.004089559833110639,-0.0014437736650360319,68.43325691223144,68.77355819702149,73.16424251556397,68.24370815848248,68.47153895784793,35.03286233995941,-0.22783079936544937,-0.14944213761106429,-0.07838866175438508,69.34416542098938,67.5223484034735,-0.06189245549070645,0.06988400619740302
2022-06-13,66.32071685791016,-0.016284997663928904,-0.01615311396852026,-0.008507190683885862,-0.0013226582083459915,-0.00592694794532302,68.33906440734863,68.67740936279297,73.1151836013794,67.94786334300981,68.31221880229698,28.6456433062817,-0.36435545928716806,-0.19242480194628503,-0.17193065734088303,69.65090640715115,67.0272224075461,-0.2692799703555388,0.08864920602818925
2022-06-14,65.96080780029297,-0.005441575407368248,-0.005426796854266169,-0.016284997663928904,-0.008507190683885862,0.00342888618526637,68.22148742675782,68.57714660644531,73.06322143554688,67.64216249028415,68.13804020955594,17.387767291225785,-0.4958777192717889,-0.2531153854113858,-0.24276233386040313,69.910667767882,66.53230708563363,-0.1691646745546184,0.08902163320775984
2022-06-15,66.71668243408203,0.011394288667324563,0.01145945083143296,-0.005441575407368248,-0.016284997663928904,-0.004089559833110639,68.16191177368164,68.49092544555664,73.01459712982178,67.49978094317613,68.03275444840972,25.400552357749277,-0.5329735052335849,-0.3090870093758256,-0.22388649585775927,69.97697271979833,66.34685082756495,0.10187856427309892,0.0989229972111124
2022-06-16,66.86064910888672,0.002155556319113044,0.0021578812008065107,0.011394288667324563,-0.005441575407368248,-0.0013226582083459915,68.09516487121581,68.4219270324707,72.96717823028564,67.40145296867007,67.94593183066728,27.915917585547987,-0.5444788619972059,-0.35616537990010166,-0.1883134820971042,70.00092716613821,66.18940257629342,0.17610972112884477,0.09777250023079365
2022-06-17,66.89665985107422,0.0005384489765463969,0.0005385939662185812,0.002155556319113044,0.011394288667324563,-0.008507190683885862,68.02303428649903,68.35795211791992,72.91987327575684,67.32379248903993,67.86820798032704,25.506538114270214,-0.5444154912871113,-0.3938154021775036,-0.1506000891096077,69.99784603941653,66.04822253358152,0.21481473265470757,0.09727208075609382
2022-06-21,66.5906982421875,-0.00458413664117031,-0.0045736455238251095,0.0005384489765463969,0.002155556319113044,-0.016284997663928904,67.92527656555175,68.29072662353515,72.87050769805909,67.21100875875494,67.77357762935374,25.986340076453118,-0.5625688705987955,-0.42756609586176203,-0.13500277473703343,69.98294785960826,65.86760527149525,0.17570662835722903,0.09677955827667893
2022-06-22,67.13961029052734,0.008209285345496557,0.008243073925181976,-0.00458413664117031,0.0005384489765463969,-0.005441575407368248,67.86708946228028,68.24200988769532,72.82468250274658,67.20002437902761,67.72661708573698,35.739755628741776,-0.5265927067093656,-0.4473714180312828,-0.07922128867808287,69.94545766814723,65.78872125641333,0.3249878992328314,0.10224002989294335
2022-06-23,67.46357727050781,0.004813669147287482,0.004825273464927671,0.008209285345496557,-0.00458413664117031,0.011394288667324563,67.79725761413575,68.20622695922852,72.78158283233643,67.24057097771687,67.70713265497926,38.936418673170074,-0.4665616772623906,-0.4512094698775044,-0.01535220738488624,69.82844414492581,65.76607108334568,0.41786073347529,0.09901166988473667
2022-06-24,67.33760833740234,-0.001868959374577257,-0.0018672139575458546,0.004813669147287482,0.008209285345496557,0.002155556319113044,67.70720710754395,68.16344192504883,72.73723423004151,67.25549980228386,67.6797604833069,38.73733493640522,-0.4242606810230285,-0.4458197121066092,0.021559031083580704,69.64557378693108,65.76884042815682,0.40466231852002676,0.09721186571682859
2022-06-27,67.01364135742188,-0.004822695860720105,-0.004811085335214127,-0.001868959374577257,0.004813669147287482,0.0005384489765463969,67.60454902648925,68.11256393432618,72.68989486694336,67.21829081076663,67.63041832583393,39.34148251657828,-0.41212751506729717,-0.43908127269874686,0.026953757631449693,69.45522568556439,65.75387236741412,0.3403536171027628,0.0979916331026161
2022-06-28,67.04963684082031,0.0005369924523281258,0.0005371366585864568,-0.004822695860720105,-0.001868959374577257,-0.00458413664117031,67.49381256103516,68.07190872192383,72.6436642074585,67.1923440461595,67.58739747509217,36.936858491099265,-0.3950534289326697,-0.4302757039455315,0.03522227501286179,69.18443392379974,65.80319119827057,0.3686353638970628,0.09696169043373783
2022-06-29,67.43657684326172,0.005754360384739604,0.005770948519229435,0.0005369924523281258,-0.004822695860720105,0.008209285345496557,67.42218322753907,68.0434748840332,72.59879348754883,67.22991832263676,67.57622557643806,43.73894410708758,-0.34630725380129945,-0.41348201391668515,0.0671747601153857,68.98393145649636,65.86043499858177,0.5046081741780695,0.09906461393693339
2022-06-30,67.72451782226562,0.004260714450641927,0.004269804199479976,0.005754360384739604,0.0005369924523281258,0.004813669147287482,67.38033714294434,68.02940567016601,72.55443378448486,67.3060105533489,67.5872101872401,47.53795839403029,-0.2811996338912053,-0.3870255379115892,0.10582590402038394,68.85603520757172,65.90463907831696,0.6166162264393125,0.09990788184537439
2022-07-01,68.2646484375,0.007943771852303126,0.007975407320756078,0.004260714450641927,0.005754360384739604,-0.001868959374577257,67.36234817504882,68.01753326416015,72.51312843322754,67.45349330475676,67.63739079837046,58.12109249323931,-0.18389749361369923,-0.3463999290520112,0.162502435438312,68.78189410319449,65.94280224690316,0.8178129867308486,0.10435068015634022
2022-07-05,68.38184356689453,0.0017153043069079428,0.001716776282849164,0.007943771852303126,0.004260714450641927,-0.004822695860720105,67.35516929626465,68.01535598754883,72.47311668395996,67.59631642200873,67.69253544789076,74.00712333246838,-0.09621902588203568,-0.2963637484180161,0.20014472253598042,68.75120706910842,65.95913152342088,0.867710061504467,0.10447893435613889
2022-07-06,67.96707153320312,-0.006083998729090353,-0.006065528685047172,0.0017153043069079428,0.007943771852303126,0.0005369924523281258,67.34749908447266,68.00667617797852,72.43151741027832,67.65335566988479,67.7128714542102,73.07321764186653,-0.059515784325412824,-0.24899415559949545,0.18947837127408262,68.72742514332674,65.96757302561858,0.7244947998318734,0.10459642989177112
2022-07-07,67.77772521972656,-0.002789741350051496,-0.0027858536377289855,-0.006083998729090353,0.0017153043069079428,0.005754360384739604,67.31866264343262,67.98560302734376,72.38791011810302,67.67248944678353,67.71767543684105,64.03096896041711,-0.045185990057518666,-0.2082325224911001,0.16304653243358144,68.63251083580431,66.00481445106092,0.6747015290500451,0.10413192301622239
2022-07-08,67.55233001708984,-0.0033310473516819975,-0.0033255055684742185,-0.002789741350051496,-0.006083998729090353,0.004260714450641927,67.2925048828125,67.95643600463868,72.34326419830322,67.65400338067681,67.7054276279706,58.953791090059376,-0.05142424729378092,-0.17687086745163627,0.12544662015785535,68.56302666048136,66.02198310514363,0.6022513501319409,0.10381207406279698
2022-07-11,67.8047866821289,0.003730235453187223,0.003737201440352944,-0.0033310473516819975,-0.002789741350051496,0.007943771852303126,67.28346900939941,67.93662155151367,72.29948268890381,67.67720081166944,67.71278755790824,61.13187290044067,-0.0355867462388062,-0.14861404320907026,0.11302729697026406,68.53567743812818,66.03126058067065,0.7081593051001638,0.10475240230972784
2022-07-12,67.92200469970703,0.0017272646841129098,0.0017287572649944405,0.003730235453187223,-0.0033310473516819975,0.0017153043069079428,67.30908966064453,67.91968902587891,72.25832134246826,67.7148629482906,67.72828512396741,67.1110047715519,-0.013422175676808479,-0.1215756697026179,0.10815349402580943,68.5927370793054,66.02544224198367,0.7387396375953104,0.1000970484168867
2022-07-13,68.13838958740234,0.003180720903526285,0.003185784763744648,0.0017272646841129098,0.003730235453187223,-0.006083998729090353,67.39997329711915,67.9164079284668,72.21903781890869,67.78002089276933,67.75866323237,64.03695379917309,0.021357660399331735,-0.09298900368222798,0.11434666408155972,68.6458064926002,66.15414010163809,0.7963543967850657,0.07867278423061905
2022-07-14,67.92200469970703,-0.0031807209035261985,-0.00317566776974898,0.003180720903526285,0.0017272646841129098,-0.002789741350051496,67.49803314208984,67.9157861328125,72.1791146850586,67.80186455537512,67.7707626003209,56.64369066652514,0.031101955054225527,-0.06817081193493728,0.0992727669891628,68.56243131266027,66.43363497151941,0.6991602246882762,0.07646169483919578
2022-07-15,68.16547393798828,0.0035781322496448624,0.003584541406833619,-0.0031807209035261985,0.003180720903526285,-0.0033310473516819975,67.57047271728516,67.91680114746094,72.14204494476319,67.85780446039253,67.80000047718515,61.602567940942485,0.05780398320737845,-0.042975852906474134,0.10077983611385258,68.6078276438297,66.53311779074062,0.7867876777165811,0.06750903024888037
2022-07-18,67.95809936523438,-0.0030468599692075205,-0.003042223001963662,0.0035781322496448624,-0.0031807209035261985,0.003730235453187223,67.62534523010254,67.9048664855957,72.10389415740967,67.87323444575281,67.81171150592954,63.6838149138903,0.061522939823277056,-0.0220760943605239,0.08359903418380096,68.61982313249274,66.63086732771234,0.6673009195740147,0.06891484500480657
2022-07-19,67.90396881103516,-0.0007968457685073584,-0.0007965283712291216,-0.0030468599692075205,0.0035781322496448624,0.0017272646841129098,67.67571067810059,67.90550094604492,72.06556102752685,67.8779628096424,67.8185453803818,62.313313848258325,0.05941742926059135,-0.00577738963630085,0.0651948188968922,68.61531866672104,66.73610268948013,0.6214645552714504,0.06914827015781894
2022-07-20,67.84086608886719,-0.0009297256394314918,-0.0009292935784589451,-0.0007968457685073584,-0.0030468599692075205,0.003180720903526285,67.73821907043457,67.9106216430664,72.02562812805176,67.87225562183083,67.82019876619555,56.4268752076961,0.052056855635285615,0.005789459418016445,0.04626739621726917,68.52835275795066,66.94808538291848,0.5649554752913442,0.06658029961787373
2022-07-21,68.39987182617188,0.00820619269807687,0.008239955789662634,-0.0009297256394314918,-0.0007968457685073584,-0.0031807209035261985,67.8012321472168,67.92081451416016,71.98875606536865,67.9534273455756,67.86313751137898,59.88409745639698,0.09028983419662495,0.022689534373738145,0.0676002998228868,68.59137102249626,67.01109327193733,0.8788192795496524,0.06657581580221211
2022-07-22,68.95893096923828,0.008140173308684669,0.008173394600609285,0.00820619269807687,-0.0009297256394314918,0.0035781322496448624,67.87599983215333,67.93823684692383,71.9556092453003,68.10812021075448,67.94430739714633,60.10513668435231,0.16381281360814626,0.05091419022061977,0.11289862338752649,68.80279044191322,66.94920922239343,1.0842372191090264,0.070103316914322
2022-07-25,68.70645141601562,-0.0036680221552841414,-0.0036613031796459694,0.008140173308684669,0.00820619269807687,-0.0030468599692075205,67.94444198608399,67.94593994140625,71.92102306365967,68.20017116541004,68.00076250965517,54.54559051971889,0.19940865575486555,0.08061308332746893,0.11879557242739662,68.9053699176536,66.98351405451437,0.8964966595814029,0.07139159358352505
2022-07-26,68.72447204589844,0.00026225000214133844,0.0002622843926793905,-0.0036680221552841414,0.008140173308684669,-0.0007968457685073584,68.02998352050781,67.95130920410156,71.88758960723877,68.28083283933134,68.05437062345098,61.931971153846156,0.22646221588036042,0.10978290983804724,0.11667930604231318,68.94555372852594,67.11441331248969,0.8792655764181861,0.06809054583694384
2022-07-27,68.91383361816406,0.0027515841731234362,0.002755373255383553,0.00026225000214133844,-0.0036680221552841414,-0.0009297256394314918,68.123193359375,67.96549453735352,71.85603302001954,68.37821757453636,68.11803454898528,67.89799087504386,0.2601830255510862,0.13986293298065505,0.12032009257043114,68.99715912157535,67.24922759717464,0.9523290802596762,0.0682320903443438
2022-07-28,69.39173889160156,0.006910888214286499,0.00693482350852026,0.0027515841731234362,0.00026225000214133844,0.00820619269807687,68.220951461792,67.98708236694335,71.82744178771972,68.53414393100793,68.21238301880871,76.84207713666697,0.321760912199224,0.17624252882436886,0.14551838337485512,69.20233172764588,67.23957119593811,1.096500393652647,0.06933210083973676
2022-07-29,69.33763122558594,-0.0007800463407785503,-0.0007797421837223428,0.006910888214286499,0.0027515841731234362,0.008140173308684669,68.30160713195801,68.01567108154296,71.79720691680909,68.65775736094301,68.29573473782924,73.74291244880064,0.36202262311377353,0.2133985476822498,0.14862407543152373,69.37228620012473,67.23092806379128,0.9838163575019103,0.06890908724646287
2022-08-01,69.63846588134766,0.004329307440636075,0.004338692430708724,-0.0007800463407785503,0.006910888214286499,-0.0036680221552841414,68.37029800415038,68.04452865600587,71.76745777130127,68.80863559485141,68.39519630401578,75.15609345928152,0.41343929083562614,0.2534066963129251,0.16003259452270102,69.59604259595191,67.14455341234886,1.0173051081275386,0.06530148067650471
2022-08-02,68.93378448486328,-0.010170686687033425,-0.010119140155744333,0.004329307440636075,-0.0007800463407785503,0.00026225000214133844,68.39789505004883,68.05641891479492,71.73352088928223,68.82788927023785,68.4350917248193,60.19758593031672,0.3927975454185457,0.28128486613404924,0.11151267928449649,69.64931852127974,67.14647157881792,0.7141119481670526,0.07627358517988303
2022-08-03,69.277099609375,0.0049679999209234875,0.004980360893824143,-0.010170686687033425,0.004329307440636075,0.0027515841731234362,68.46339645385743,68.07104385375976,71.70223068237304,68.89699855318203,68.49746267923084,66.8257525951721,0.3995358739511943,0.30493506769747825,0.09460080625371603,69.7563222605052,67.17047064720965,0.8146751156693582,0.07385952375313813
2022-08-04,69.44876098632812,0.0024748300544933594,0.0024778949742563228,0.0049679999209234875,-0.010170686687033425,0.006910888214286499,68.5469482421875,68.09395202636719,71.67202018737792,68.98188508135836,68.5679292204973,66.22343965508927,0.4139558608610514,0.32673922633019287,0.08721663453085854,69.86895243168459,67.2249440526904,0.8410778692326567,0.07267432662001758
2022-08-05,68.66273498535156,-0.011382607684247759,-0.01131807090311232,0.0024748300544933594,0.0049679999209234875,-0.0007800463407785503,68.60246849060059,68.09000244140626,71.63894248962403,68.93278506658808,68.57495186974577,57.77110258481422,0.3578331968423072,0.3329580204326158,0.02487517640969139,69.83910593587375,67.36583104532743,0.5243670830854003,0.0840827959343018
2022-08-08,68.96990203857422,0.004463586106521605,0.004473562745325843,-0.011382607684247759,0.0024748300544933594,0.004329307440636075,68.66072425842285,68.08662811279297,71.60784355163574,68.93849536997057,68.60420743780715,61.13425756208898,0.33428793216342,0.3332240027787767,0.0010639293846433362,69.84792612281824,67.47352239402746,0.6302128093897614,0.08445945346722893
2022-08-09,68.81629943847656,-0.0022295797704161573,-0.0022270961036271464,0.004463586106521605,-0.011382607684247759,-0.010170686687033425,68.70543899536133,68.08161804199219,71.57650791168213,68.91969599589457,68.61991795637525,59.99987485686755,0.2997780395193246,0.32653481012688623,-0.026756770607561653,69.84176624285585,67.56911174786681,0.5487801570188799,0.08508108412176045
2022-08-10,69.00601196289062,0.002753003375212244,0.002756796368913683,-0.0022295797704161573,0.004463586106521605,0.0049679999209234875,68.74882011413574,68.07645095825195,71.54532371520996,68.93297537543243,68.64851751241342,56.72303609629289,0.2844578630190142,0.31811942070531185,-0.03366155768629764,69.85996450401991,67.63767572425157,0.6157328656367043,0.08492601884440913
2022-08-11,68.6175537109375,-0.005645243700690119,-0.005629339254701882,0.002753003375212244,-0.0022295797704161573,0.0024748300544933594,68.78359756469726,68.07141876220703,71.51202011108398,68.88444896551013,68.64622389748928,46.064664566413896,0.23822506802085286,0.30214055016842006,-0.0639154821475672,69.82727189682063,67.73992323257389,0.42045226722116424,0.08682313635725224
2022-08-12,68.93378448486328,0.004598011698203207,0.00460859877427211,-0.005645243700690119,0.002753003375212244,-0.011382607684247759,68.82201309204102,68.0788656616211,71.4795446395874,68.89203904541061,68.66752468173921,52.58269351782671,0.22451436367140332,0.2866153128690167,-0.062100949197613386,69.82568327985469,67.81834290422735,0.5556813354523056,0.08737495575438275
2022-08-15,69.00601196289062,0.0010472320024869106,0.0010477805413862118,0.004598011698203207,-0.005645243700690119,0.004463586106521605,68.87440872192383,68.08649734497071,71.44605754852294,68.90957334040753,68.69259781367636,53.1596125788576,0.2169755267311757,0.2726873556414485,-0.05571182891027282,69.79408067539937,67.95473676844829,0.5715490129221912,0.08633553788776514
2022-08-16,68.91570281982422,-0.001309571246488464,-0.0013087141322551954,0.0010472320024869106,0.004598011698203207,-0.0022295797704161573,68.92499542236328,68.09430297851563,71.41260604858398,68.91051633724088,68.70912411042805,50.02145430408367,0.2013922268128283,0.2584283298757245,-0.05703610306289619,69.72319137260862,68.12679947211794,0.49417899668859117,0.08647763452191966
2022-08-17,68.50912475585938,-0.005917114940645632,-0.0058996432936020415,-0.001309571246488464,0.0010472320024869106,0.002753003375212244,68.95840835571289,68.10207595825196,71.37703323364258,68.84876378625911,68.69430934342296,39.70090735570623,0.15445444283615473,0.23763355246781054,-0.08317910963165581,69.60755162891049,68.3092650825153,0.15394111099664992,0.08951326813690123
2022-08-18,68.6356430053711,0.0018450326245407296,0.0018467357445097754,-0.005917114940645632,-0.001309571246488464,-0.005645243700690119,68.97019691467285,68.10769973754883,71.34238567352295,68.8159759738148,68.68996368875244,41.94472994433774,0.12601228506235884,0.2153092989867202,-0.08929701392436135,69.58424700906451,68.3561468202812,0.22758418868642571,0.08497339885613858
2022-08-19,68.20197296142578,-0.006338483651899149,-0.006318437840108437,0.0018450326245407296,-0.005917114940645632,0.004598011698203207,68.93234901428222,68.1102294921875,71.30485988616944,68.72151397190879,68.653816227469,34.00398277754556,0.0676977444397977,0.1857869880773357,-0.118089243637538,69.6360856668872,68.22861236167725,-0.018927108708107977,0.08247154257176266
2022-08-22,67.8947982788086,-0.004514070413598504,-0.004503897310872862,-0.006338483651899149,0.0018450326245407296,0.0010472320024869106,68.89176635742187,68.10841537475586,71.2664637374878,68.59432694220106,68.59759267571637,37.306685656336676,-0.003265733515306124,0.14797644375880736,-0.1512421772741135,69.73093359187658,68.05259912296717,-0.09402228642846851,0.08294883064571608
2022-08-23,67.8676986694336,-0.00039922085029495965,-0.00039914117225470225,-0.004514070413598504,-0.006338483651899149,-0.001309571246488464,68.84892768859864,68.11757751464843,71.22620204925538,68.48253797715992,68.54352645302876,31.339535541481055,-0.06098847586883949,0.106183459833278,-0.16717193570211747,69.803581887447,67.89427348975028,-0.013918558337008616,0.08289146057655292
2022-08-24,67.69603729248047,-0.002532557361094769,-0.002529353143227109,-0.00039922085029495965,-0.004514070413598504,-0.005917114940645632,68.78803787231445,68.14508392333984,71.18392890930176,68.36153787182462,68.48074947817334,26.79394325080557,-0.11921160634871342,0.06110444659687972,-0.18031605294559314,69.87186871251207,67.70420703211683,-0.0037689182358330007,0.08215354614668777
2022-08-25,68.06645202636719,0.00545681881488859,0.005471734368827974,-0.002532557361094769,-0.00039922085029495965,0.0018450326245407296,68.72177352905274,68.18719680786133,71.14435054779052,68.31614004944656,68.45006077803954,41.128918753263264,-0.1339207285929831,0.022099411558907156,-0.15602014015189025,69.81222839087125,67.63131866723423,0.19951919807451035,0.08046676449400038
2022-08-26,67.93091583251953,-0.001993218557893862,-0.0019912334169430723,0.00545681881488859,-0.002532557361094769,-0.006338483651899149,68.65143775939941,68.21148147583008,71.10303005218506,68.25687478530394,68.41160559688991,33.710832651537984,-0.1547308115859778,-0.013266633070069835,-0.14146417851590795,69.7560137781634,67.54686174063542,0.1738468359623912,0.0805451394190724
2022-08-29,67.62374114990234,-0.0045321232813288394,-0.004521868708122656,-0.001993218557893862,0.00545681881488859,-0.004514070413598504,68.55070152282715,68.22674331665038,71.06274616241456,68.15946961062677,68.35324526748343,32.16210232732236,-0.19377565685665843,-0.049368437827387555,-0.14440721902927087,69.64368381490857,67.45771923074574,0.07594904343804261,0.07885673852828344
2022-08-30,67.677978515625,0.0008017247491292855,0.0008020462163196296,-0.0045321232813288394,-0.001993218557893862,-0.00039922085029495965,68.48791122436523,68.24236968994141,71.02335460662842,68.08539405754958,68.30322550808651,29.296646415437237,-0.2178314505369343,-0.0830610403692969,-0.1347704101676374,69.63135379569802,67.34446865303245,0.14583586047693425,0.07212720757978505
2022-08-31,67.39787292480469,-0.004147388142842808,-0.00413879960607344,0.0008017247491292855,-0.0045321232813288394,-0.002532557361094769,68.39394989013672,68.25851318359375,70.98251819610596,67.97962157558882,68.23616235376934,30.320987532743786,-0.256540778180522,-0.11775698793154193,-0.13878379024898008,69.57264050014449,67.21525928012896,0.07746462181221726,0.069467560085719
2022-09-01,67.03215026855469,-0.005441099389069132,-0.00542632341910898,-0.004147388142842808,0.0008017247491292855,0.00545681881488859,68.27311935424805,68.2563639831543,70.94140560150146,67.83385675912203,68.14697627338307,19.800276733766125,-0.31311951426104656,-0.15682949319744288,-0.15629002106360368,69.49132349189912,67.05491521659698,-0.009343650763733717,0.06933169144976882
2022-09-02,67.20417022705078,0.0025629435017732382,0.002566230649127643,-0.005441099389069132,-0.004147388142842808,-0.001993218557893862,68.200191116333,68.25117584228515,70.90141918182373,67.73698190803415,68.07713878846957,22.264187283177264,-0.3401568804354156,-0.19349497064503743,-0.14666190979037816,69.49256409602513,66.90781813664087,0.11465424264770221,0.0608414996693462
2022-09-06,66.59756469726562,-0.00906729178314715,-0.009026307857618487,0.0025629435017732382,-0.005441099389069132,-0.0045321232813288394,68.08157424926758,68.23637496948243,70.85760135650635,67.5616869525313,67.96754070763964,19.210697515113807,-0.405853755108339,-0.23596672753769776,-0.16988702757064122,69.505293612933,66.65785488560215,-0.021173480488915934,0.0634124287291267
2022-09-07,67.07740020751953,0.007179168836977517,0.007205000850032617,-0.00906729178314715,0.0025629435017732382,0.0008017247491292855,67.99462928771973,68.23765014648437,70.81573913574219,67.48718129945257,67.90160437429742,31.346950946772026,-0.41442307484484786,-0.2716579969991278,-0.14276507784572007,69.44162223510389,66.54763634033557,0.18305682420279032,0.07082993442540698
2022-09-08,66.8691635131836,-0.0031092527693354346,-0.00310442404881095,0.007179168836977517,-0.00906729178314715,-0.004147388142842808,67.88778686523438,68.23404067993164,70.77203727722168,67.39210164002658,67.82512727347418,27.465468645374273,-0.43302563344759903,-0.3039315242888221,-0.12909410915877695,69.33590492022267,66.43966881024608,0.14829409158253617,0.06944634158744549
2022-09-09,66.84199523925781,-0.000406372580316373,-0.0004062900221628585,-0.0031092527693354346,0.007179168836977517,-0.005441099389069132,67.79900894165038,68.22214904785156,70.73006240844727,67.30746988606215,67.75230267834704,30.6436025235908,-0.4448327922848847,-0.33211177788803464,-0.11272101439685006,69.2761653929145,66.32185249038626,0.1760621728410763,0.06784297944895729
2022-09-12,66.76052856445312,-0.0012195381132366965,-0.001218794778837462,-0.000406372580316373,-0.0031092527693354346,0.0025629435017732382,67.69034614562989,68.20286926269532,70.68918849945068,67.22332506735307,67.6788379291697,32.74762051750989,-0.4555128618166293,-0.3567919946737536,-0.0987208671428757,69.13541267170727,66.2452796195525,0.17827862441020523,0.06416587431881444
2022-09-13,66.42554473876953,-0.0050303237230254075,-0.0050176928326771675,-0.0012195381132366965,-0.000406372580316373,-0.00906729178314715,67.56132278442382,68.16608718872071,70.64575252532958,67.10058963218637,67.58600139654747,29.943169519508686,-0.48541176436110334,-0.38251594861122357,-0.10289581574987977,68.97217079437353,66.15047477447412,0.09748391122060628,0.06446402526825747
2022-09-14,66.50701904296875,0.0012257991884489696,0.0012265507873459036,-0.0050303237230254075,-0.0012195381132366965,0.007179168836977517,67.44088859558106,68.12859069824219,70.6000626373291,67.00927107999905,67.50607677776387,33.03816893590623,-0.4968056977648132,-0.40537389844194155,-0.09143179932287165,68.77402583187055,66.10775135929157,0.1497474051465473,0.06539640499910253
2022-09-15,66.30785369873047,-0.0029991444394095817,-0.002994651498507306,0.0012257991884489696,-0.0050303237230254075,-0.0031092527693354346,67.33082504272461,68.09540634155273,70.55342105865479,66.90136071365004,67.41731951265028,23.624184420048564,-0.515958799000245,-0.4274908785536023,-0.0884679204466427,68.65607144294977,66.00557864249946,0.11404485089703147,0.0637468220185463
2022-09-16,66.23542785644531,-0.001092863382343356,-0.0010922664246413305,-0.0029991444394095817,0.0012257991884489696,-0.000406372580316373,67.21081428527832,68.06456039428711,70.50570785522461,66.7989095048493,67.32977198256103,24.080039749280942,-0.5308624777117217,-0.44816519838522617,-0.08269727932649551,68.47169234551461,65.94993622504202,0.11321143590593795,0.062460930345499766
2022-09-19,66.19017028808594,-0.0006835169446921235,-0.000683283400198853,-0.001092863382343356,-0.0029991444394095817,-0.0012195381132366965,67.11022415161133,68.03731719970703,70.45752399444581,66.70525731765494,67.24535704222954,26.17628189685996,-0.5400997245746026,-0.4665521036231015,-0.07354762095150114,68.35910282264814,65.86134548057453,0.13164801959441857,0.06017038455021175
2022-09-20,65.8642349243164,-0.004936390044840115,-0.004924226095067152,-0.0006835169446921235,-0.001092863382343356,-0.0050303237230254075,67.00869598388672,67.99850616455078,70.407666015625,66.57586925714132,67.1430517001619,22.354867443931994,-0.5671824430205845,-0.4866781715025982,-0.08050427151798634,68.317720402279,65.69967156549446,0.06285725327571282,0.06046917036826331
2022-09-21,66.04528045654297,0.00274499751417472,0.0027487684694826875,-0.004936390044840115,-0.0006835169446921235,0.0012257991884489696,66.91757507324219,67.9609716796875,70.35724720001221,66.49424021089541,67.0617353117457,28.741801263834432,-0.5674951008502802,-0.5028415573721347,-0.06465354347814556,68.22854593607364,65.60660421041074,0.16730968573350774,0.062244781533218316
2022-09-22,65.36628723144531,-0.010333934516090586,-0.010280722867766823,0.00274499751417472,-0.004936390044840115,-0.0029991444394095817,66.80108757019043,67.90552963256836,70.30445518493653,66.32070898328772,66.93614656505677,26.16527597664863,-0.6154375817690578,-0.5253607622515193,-0.09007681951753854,68.22956969720123,65.37260544317964,-0.002211512351066614,0.06988358589657899
2022-09-23,65.18521118164062,-0.0027740189599274982,-0.0027701749246296092,-0.010333934516090586,0.00274499751417472,-0.001092863382343356,66.6570255279541,67.85079376220703,70.25160179138183,66.14601701380354,66.80644764776669,21.18793727802661,-0.6604306339631449,-0.5523747365938445,-0.10805589736930044,68.12868749536247,65.18536356054574,-5.177102775231065e-05,0.06452598251578395
2022-09-26,64.35230255126953,-0.012859905752551764,-0.012777570483743173,-0.0027740189599274982,-0.010333934516090586,-0.0006835169446921235,66.4780948638916,67.77453033447266,70.19573913574219,65.87006094264446,66.62465912210023,19.902433037768844,-0.754598179455769,-0.5928194251662294,-0.16177875428953958,68.15368590402039,64.8025038237628,-0.13434103600203948,0.0748508488094364
2022-09-27,64.07161712646484,-0.004371239757320887,-0.004361699794363405,-0.012859905752551764,-0.0027740189599274982,-0.004936390044840115,66.30048866271973,67.69680068969727,70.13829513549804,65.59337727861683,66.43554490020131,7.435089629898528,-0.8421676215844798,-0.6426890644498795,-0.19947855713460028,68.20250287316796,64.3984744522715,-0.08592399678486878,0.0748009501021959
2022-09-28,65.06753540039062,0.01542426133500669,0.015543829211615456,-0.004371239757320887,-0.012859905752551764,0.00274499751417472,66.169966506958,67.64007202148437,70.08569747924804,65.5124785281205,66.3342108631783,29.14060084623742,-0.8217323350578027,-0.6784977185714641,-0.14323461648633862,68.03181903992149,64.30811397399452,0.20394242104323448,0.0982177726715755
2022-09-29,64.73253631591797,-0.00516178186733075,-0.00514848276350488,0.01542426133500669,-0.004371239757320887,-0.010333934516090586,66.03669967651368,67.5779054260254,70.03013656616211,65.39248741855087,66.21556830412199,27.20162009818877,-0.823080885571116,-0.7074143519713945,-0.11566653359972157,67.91000809128656,64.1633912617408,0.15190906358208336,0.0985818083819302
2022-09-30,64.57865905761719,-0.0023799537308219812,-0.0023771238863530275,-0.00516178186733075,0.01542426133500669,-0.0027740189599274982,65.9140251159668,67.5014811706543,69.9744281387329,65.26728305533031,66.09431576734386,26.782426275504392,-0.8270327120135477,-0.7313380239798252,-0.0956946880337225,67.83362379053293,63.99442644140067,0.1521757187992869,0.09776728103697178
2022-10-03,65.11939239501953,0.0083383900434134,0.008373251245738844,-0.0023799537308219812,-0.00516178186733075,-0.012859905752551764,65.80978622436524,67.42469039916992,69.92191204071045,65.24453064605173,66.02209922124577,36.6841307817473,-0.7775685751940387,-0.7405841342226679,-0.03698444097137077,67.65955050022836,63.96002194850212,0.31338329473803833,0.10323275502229831
2022-10-04,65.28270721435547,0.00250478949665963,0.002507929102674389,0.0083383900434134,-0.0023799537308219812,-0.004371239757320887,65.74404335021973,67.35621551513673,69.86972385406494,65.2504039642523,65.9673294429576,37.723331430958325,-0.7169254787053063,-0.7358524031191956,0.018926924413889323,67.56921859848278,63.91886810195667,0.3736186740688903,0.10022292916696578
2022-10-05,64.93795013427734,-0.005294979960753214,-0.005280986264036502,0.00250478949665963,0.0083383900434134,0.01542426133500669,65.63707084655762,67.2804850769043,69.8151456451416,65.20233414425616,65.8910791237961,36.65312821488674,-0.6887449795399476,-0.7264309184033461,0.03768593886339844,67.38223503402139,63.89190665909384,0.2996977254912915,0.09643546201444576
2022-10-06,64.69295501708984,-0.0037798919725256655,-0.0037727571732847354,-0.005294979960753214,0.00250478949665963,-0.00516178186733075,65.52826042175293,67.19606750488282,69.75996433258057,65.12396812469211,65.80232918996602,35.460705250183025,-0.6783610652739043,-0.7168169477774577,0.038455882503553473,67.22054003564688,63.83598080785898,0.2532011265144768,0.09660199345791844
2022-10-07,64.35723876953125,-0.005202890364274138,-0.005189378773467812,-0.0037798919725256655,-0.005294979960753214,-0.0023799537308219812,65.40402259826661,67.09537750244141,69.70350429534912,65.00600976235967,65.69528545511899,33.61978449345598,-0.689275692759324,-0.711308696773831,0.02203300401450703,67.05452750912598,63.753517687407246,0.18288981697414813,0.09727821844517186
2022-10-10,64.06689453125,-0.004521653765551958,-0.004511446479563808,-0.005202890364274138,-0.0037798919725256655,0.0083383900434134,65.26934089660645,66.98996276855469,69.64519268035889,64.8615304960351,65.57466390520277,33.835018808058976,-0.7131334091676678,-0.7116736392525984,-0.0014597699150693533,66.89316422798251,63.64551756523039,0.12974840239009405,0.09767985620584667
2022-10-11,64.08503723144531,0.0002831436103533301,0.00028318369928892473,-0.004521653765551958,-0.005202890364274138,0.00250478949665963,65.15231552124024,66.87889419555664,69.58754665374755,64.74206999379052,65.46432118862813,31.83769837062171,-0.7222511948376109,-0.7137891503696009,-0.008462044468010022,66.76259039688082,63.54204064559965,0.16860369433189257,0.09735666871286788
2022-10-12,64.15763092041016,0.0011321301679814324,0.0011327712692539293,0.0002831436103533301,-0.004521653765551958,-0.005294979960753214,65.0348461151123,66.78337112426757,69.53008560180665,64.65215629019355,65.36752931690829,37.38370898457099,-0.7153730267147438,-0.7141059256386295,-0.0012671010761142742,66.57003848623252,63.49965374399208,0.2142979566586684,0.09731869995926576
2022-10-13,63.93080520629883,-0.0035417084956785297,-0.0035354440439472334,0.0011321301679814324,0.0002831436103533301,-0.0037798919725256655,64.91599369049072,66.67644523620605,69.4715350151062,64.54117920036359,65.261105308715,37.030036783759925,-0.7199261083514159,-0.7152699621811868,-0.004656146170229136,66.4035359390732,63.42845144190825,0.16885361234925816,0.09742649759310565
2022-10-14,63.62228775024414,-0.004837484541451522,-0.004825802757514652,-0.0035417084956785297,0.0011321301679814324,-0.005202890364274138,64.78533668518067,66.55991577148437,69.41268947601318,64.39981128496059,65.13971141549494,41.53394094741434,-0.7399001305343518,-0.7201959958518198,-0.01970413468253196,66.24367443409535,63.32699893626598,0.101241572536238,0.09795837524422821
2022-10-17,63.7584114074707,0.0021372736991349213,0.002139559296593152,-0.004837484541451522,-0.0035417084956785297,-0.004521653765551958,64.6637487411499,66.46182929992676,69.35367776870727,64.30113438073138,65.03739289638203,46.24170456012312,-0.7362585156506469,-0.7234084998115853,-0.012850015839061646,66.0316055521808,63.295891930119,0.16906721289164797,0.0989724570049465
2022-10-18,63.903587341308594,0.0022743807529470774,0.002276969118789607,0.0021372736991349213,-0.004837484541451522,0.0002831436103533301,64.5657163619995,66.36050300598144,69.29548124313355,64.23997329774326,64.95340729970992,32.45013229034855,-0.713434001966661,-0.7214136002426004,0.007979598275939415,65.84977854643778,63.28165417756124,0.24217408287723635,0.0993199761609084
2022-10-19,63.37732696533203,-0.00826932109531567,-0.00823522431011281,0.0022743807529470774,0.0021372736991349213,0.0011321301679814324,64.43231868743896,66.25172355651856,69.237193775177,64.10725847737231,64.83666060827453,30.680589664555967,-0.7294021309022156,-0.7230113063745235,-0.006390824527692129,65.61989784387744,63.24473953100049,0.05582256711593337,0.1007450070881323
2022-10-20,62.95086669921875,-0.006751650185905369,-0.006728909004738548,-0.00826932109531567,0.0022743807529470774,-0.0035417084956785297,64.31154766082764,66.13062065124512,69.17681848526001,63.92935204996407,64.6969721705667,28.468130799056198,-0.7676201206026221,-0.7319330692201432,-0.03568705138247885,65.58721674311708,63.0358785785382,-0.033320506273806505,0.09759704732715016
2022-10-21,63.05974960327149,0.0017281548864068461,0.001729649006628975,-0.006751650185905369,-0.00826932109531567,-0.004837484541451522,64.20527458190918,66.0194645690918,69.11828014373779,63.79556705816521,64.57569642484113,19.241711452944102,-0.780129366675915,-0.7415723287112976,-0.0385570379646174,65.52776475450551,62.88278440931285,0.06690605254601749,0.09835711570048074
2022-10-24,62.96904754638672,-0.0014393864671583911,-0.0014383510473068295,0.0017281548864068461,-0.006751650185905369,0.0021372736991349213,64.13611183166503,65.90016983032227,69.05968929290772,63.66841021019929,64.45668539680747,14.682316002292126,-0.7882751866081819,-0.7509129002906745,-0.037362286317507376,65.56650570882081,62.70571795450925,0.09204793032289842,0.08901579841177659
2022-10-25,63.56787490844727,0.009464934359574219,0.009509868505148011,-0.0014393864671583911,0.0017281548864068461,0.0022743807529470774,64.11092472076416,65.7914070892334,69.00511762619018,63.65294324069898,64.39084758285486,30.591458570880675,-0.7379043421558791,-0.7483111886637154,0.010406846507836298,65.56366604093832,62.658183400590005,0.31309480057613204,0.09555295890800784
2022-10-26,63.8219108581543,0.003988330538738008,0.003996294513115339,0.009464934359574219,-0.0014393864671583911,-0.00826932109531567,64.04864349365235,65.68953125,68.95212829589843,63.67893825876903,64.34870412176593,37.69227866864309,-0.6697658629969041,-0.7326021235303533,0.06283626053344915,65.43394364173096,62.66334334557374,0.41816479778316246,0.07732711518858483
2022-10-27,64.15763092041016,0.00524647654870843,0.005260263407061094,0.003988330538738008,0.009464934359574219,-0.006751650185905369,64.01989822387695,65.60250137329102,68.9000598526001,63.752583283636895,64.33455055129514,47.17957452680284,-0.5819672676582428,-0.7024751523559312,0.12050788469768836,65.36882851604982,62.67096793170409,0.5510525626610927,0.07865218161080573
2022-10-28,64.03060913085938,-0.001981801623511598,-0.0019798391512984015,0.00524647654870843,0.003988330538738008,0.0017281548864068461,63.992495727539065,65.51040069580078,68.84749000549317,63.795356490901895,64.3120363720036,49.462484686012395,-0.5166798811017088,-0.6653160981050867,0.14863621700337792,65.31565339809904,62.669338056979086,0.5144024420401008,0.07853494829404421
2022-10-31,63.83099365234375,-0.0031223703808605247,-0.003117500851938959,-0.001981801623511598,0.00524647654870843,-0.0014393864671583911,63.92807579040527,65.42298110961914,68.79329807281493,63.800839131123716,64.27640357795472,46.42872464563958,-0.47556444683100807,-0.6273657678502711,0.15180132101926302,65.14109575428198,62.71505582652856,0.4599832892480789,0.07182072332350087
2022-11-01,63.89739608764648,0.0010397444361434326,0.001040285157777543,-0.0031223703808605247,-0.001981801623511598,0.009464934359574219,63.85881023406982,65.3430330657959,68.74148828506469,63.81569404751183,64.248328949043,46.33531056844874,-0.43263490153116635,-0.5884195945864502,0.15578469305528386,64.89084383298699,62.82677663515265,0.5186940878752129,0.07105693781841586
2022-11-02,63.79731750488281,-0.0015674666623036898,-0.0015662388280485162,0.0010397444361434326,-0.0031223703808605247,0.003988330538738008,63.801778602600095,65.26162544250488,68.69149560928345,63.81286688710737,64.21492069392002,48.050605268875316,-0.4020538068126527,-0.5511464370316908,0.14909263021903807,64.70012558759771,62.903431617602486,0.49751705199005164,0.0693299592218993
2022-11-03,63.55180358886719,-0.0038557662287237206,-0.003848342306819297,-0.0015674666623036898,0.0010397444361434326,0.00524647654870843,63.744721031188966,65.17874076843262,68.63938409805297,63.77270330276273,64.16580090836055,48.95138470339459,-0.3930976055978235,-0.5195366707449173,0.1264390651470938,64.54426833436152,62.94517372801641,0.3793583309228295,0.06937247371935837
2022-11-04,63.56996536254883,0.0002857382170657694,0.0002857790441186392,-0.0038557662287237206,-0.0015674666623036898,-0.001981801623511598,63.70535736083984,65.08881103515625,68.58696228027344,63.741512850422126,64.12166494200413,47.094445803768046,-0.3801520915820049,-0.4916597549123348,0.11150766333032991,64.45381993531765,62.95689478636203,0.4095532609726859,0.06755861352518136
2022-11-07,63.324440002441406,-0.003869763458802474,-0.0038622855731815786,0.0002857382170657694,-0.0038557662287237206,-0.0031223703808605247,63.66823463439941,64.99668151855468,68.53193122863769,63.677347796886636,64.06261124277727,41.33844970686969,-0.38526344589062944,-0.4703804931079938,0.08511704721736435,64.41484226651676,62.92162700228206,0.269762176832419,0.06709674449333577
2022-11-08,63.60636138916016,0.004442134568026644,0.004452015473139337,-0.003869763458802474,0.0002857382170657694,0.0010397444361434326,63.644300842285155,64.91633392333985,68.47888904571533,63.666426811082566,64.02881495732414,53.69545146796342,-0.3623881462415781,-0.4487820237347107,0.0863938774931326,64.36488633640104,62.923715348169274,0.47367456503440686,0.0693934682111578
2022-11-09,63.69729232788086,0.0014285678616448748,0.0014295887507911331,0.004442134568026644,-0.003869763458802474,-0.0015674666623036898,63.62128391265869,64.83672019958496,68.42679166793823,63.67117535212846,64.00425772551353,63.50585938848112,-0.33308237338506785,-0.4256420936647822,0.09255972027971432,64.30108437185213,62.94148345346525,0.5559049454838196,0.06948676717480282
2022-11-10,65.01597595214844,0.02049096852692322,0.02070234975577412,0.0014285678616448748,0.004442134568026644,-0.0038557662287237206,63.67554244995117,64.78908226013183,68.3833380317688,63.878067752131535,64.07919981637536,74.61813573235652,-0.20113206424382923,-0.38074008778059165,0.17960802353676242,64.59155139405074,62.75953350585161,1.231670531620685,0.10038667570932659
2022-11-11,65.01597595214844,0.0,0.0,0.02049096852692322,0.0014285678616448748,0.0002857382170657694,63.74522686004639,64.74875877380371,68.33868101119995,64.05313055213414,64.14859064124744,76.36137470793656,-0.09546008911330262,-0.32368408804713383,0.22822399893383122,64.83897958900529,62.651474131087475,1.0809124212707661,0.09820182626388864
2022-11-14,64.80683135986328,-0.00322200355312484,-0.003216818469957028,0.0,0.02049096852692322,-0.003869763458802474,63.797647857666014,64.70081199645996,68.29253255844117,64.169084522554,64.19734921299676,67.73608706811345,-0.028264690442753704,-0.2646002085262578,0.23633551808350411,64.99010418716851,62.60519152816351,0.9231532330489229,0.09927578623907367
2022-11-15,65.26153564453125,0.006991802042288894,0.007016301755953247,-0.00322200355312484,0.0,0.004442134568026644,63.86554527282715,64.67409141540527,68.24892511367798,64.33715392593511,64.27617783755487,69.4890256132716,0.06097608838024371,-0.1994849491449575,0.2604610375252012,65.22618100373322,62.50490954192109,1.012991956625485,0.1015807155629199
2022-11-16,65.6343994140625,0.005697117758038277,0.005713377196058911,0.006991802042288894,-0.00322200355312484,0.0014285678616448748,63.97839889526367,64.64523139953613,68.2073292350769,64.53673015487779,64.3767868432221,69.79281064598666,0.159943311655681,-0.12759929698482983,0.28754260864051084,65.52960111956968,62.42719667095768,1.0337797009476666,0.09655726008895163
2022-11-17,65.36157989501953,-0.004165317362110993,-0.0041566544598337085,0.005697117758038277,0.006991802042288894,0.02049096852692322,64.09893455505372,64.61507972717285,68.16383363723754,64.66363011489959,64.44973447668858,67.16776589651697,0.21389563821101376,-0.05930030994566111,0.27319594815667486,65.68813329237494,62.50973581773249,0.8972584769649848,0.0939379878122718
2022-11-18,65.2524642944336,-0.0016708100058772843,-0.001669414979888706,-0.004165317362110993,0.005697117758038277,0.0,64.20857028961181,64.58328910827636,68.12135496139527,64.75421998867405,64.50919594466968,68.7733892761492,0.24502404400436717,0.0015645608443445452,0.24345948316002264,65.79845281335015,62.618687765873474,0.8282928107063031,0.09478140009010962
2022-11-21,65.2524642944336,0.0,0.0,-0.0016708100058772843,-0.004165317362110993,-0.00322200355312484,64.32274112701415,64.55312782287598,68.08115301132202,64.8308729587909,64.56425285946702,68.21591019809559,0.2666200993238874,0.05457566854025312,0.2120444307836343,65.86507695273515,62.78040530129316,0.8014010152376577,0.09428364785434712
2022-11-22,65.58894348144531,0.005143324800513272,0.005156574401442571,0.0,-0.0016708100058772843,0.006991802042288894,64.42379455566406,64.5363957977295,68.04232080459595,64.94749919304543,64.64015586850245,72.64519202396129,0.30734332454298396,0.10512919974079929,0.20221412480218467,66.02172140546735,62.825867705860766,0.8645814343518572,0.09079577239821497
2022-11-23,65.98910522460938,0.006082518791419767,0.006101054871805678,0.005143324800513272,0.0,0.005697117758038277,64.53215427398682,64.5260375213623,68.0066948890686,65.10774627482449,64.74007804302889,79.64717979557253,0.36766823179560504,0.15763700615176046,0.21003122564384458,66.24781621260229,62.81649233537135,0.9246031569011516,0.09183546627715171
2022-11-25,65.98910522460938,0.0,0.0,0.006082518791419767,0.005143324800513272,-0.004165317362110993,64.62372798919678,64.51966255187989,67.97080095291138,65.24333995940678,64.83259857499782,79.556854355719,0.4107413844089649,0.20825788180320137,0.20248350260576353,66.44733510812418,62.80012087026938,0.8743616761640184,0.09100983007855244
2022-11-28,65.9072494506836,-0.0012412137490272787,-0.0012404437618477315,0.0,0.006082518791419767,-0.0016708100058772843,64.71756000518799,64.51309898376465,67.93784593582153,65.34547988114167,64.91220234356713,82.87120829611217,0.4332775375745399,0.2532618129574691,0.18001572461707083,66.60468409434664,62.83043591602934,0.8152122990560768,0.09068142125005198
2022-11-29,65.66168975830078,-0.003732795582148363,-0.003725837361283846,-0.0012412137490272787,0.0,0.0,64.80909481048585,64.50252937316894,67.90129709243774,65.39412755455076,64.9677199298437,76.4023646834217,0.4264076247070676,0.28789097530738883,0.13851664939967878,66.69274669409924,62.92544292687245,0.7263143618075036,0.0911140009869136
2022-11-30,66.17096710205078,0.007726156617866134,0.007756080381492447,-0.003732795582148363,-0.0012412137490272787,0.005143324800513272,64.92277336120605,64.50866401672363,67.86934831619263,65.51364133108923,65.05684935000718,78.69249523236417,0.45679198108204844,0.32167117646232074,0.1351208046197277,66.84870341994421,62.99684330246789,0.8240496027312968,0.09380155499496881
2022-12-01,66.72242736816406,0.008299335473258665,0.008333870430861312,0.007726156617866134,-0.003732795582148363,0.006082518791419767,65.06902885437012,64.52220695495606,67.8409157371521,65.69960841371613,65.18022549950028,74.07901026168813,0.5193829142158535,0.3612135240130273,0.15816939020282617,67.07759061174151,63.06046709699872,0.9115876715580176,0.09569530204895059
2022-12-02,66.99589538574219,0.004090215808917011,0.00409859215806363,0.008299335473258665,0.007726156617866134,0.0,65.24123344421386,64.554799118042,67.81335927963256,65.89903717864323,65.31471956514783,75.93615702892322,0.5843176134954007,0.40583434190950196,0.17848327158589872,67.29220370450041,63.190263183927314,0.9277638675470548,0.0931019350871441
2022-12-05,66.46722412109375,-0.00792239881315167,-0.007891099321898909,0.004090215808917011,0.008299335473258665,-0.0012412137490272787,65.38609638214112,64.58043937683105,67.7823560142517,65.98645055440484,65.40009027299567,70.07032836503612,0.5863602814091706,0.44193952980943574,0.1444207515997349,67.34735194207732,63.42484082220492,0.7756213318237313,0.10014595510120139
2022-12-06,66.68598937988281,0.003285920780672449,0.0032913253363868744,-0.00792239881315167,0.004090215808917011,-0.003732795582148363,65.55417385101319,64.62711311340333,67.75182165145874,66.09407191217069,65.49534205869102,68.25989836595298,0.5987298534796679,0.4732975945434822,0.1254322589361857,67.33980539671809,63.76854230530829,0.816923032523718,0.0975544233021742
2022-12-07,67.26934814453125,0.008709805271798508,0.00874784598793732,0.003285920780672449,-0.00792239881315167,0.007726156617866134,65.73732318878174,64.69106773376465,67.72442724227905,66.27488364022616,65.62674991690142,69.88508562902256,0.6481337233247473,0.5082648202997353,0.13986890302501198,67.43079399116051,64.04385238640297,0.9523328520330894,0.099782034042901
2022-12-08,67.07791900634766,-0.0028497679453514655,-0.0028457112111789362,0.008709805271798508,0.003285920780672449,0.008299335473258665,65.90635452270507,64.73127540588379,67.69790586471558,66.3984275427064,65.73424392352706,71.29663288953515,0.6641836191793402,0.5394485800756563,0.12473503910368389,67.40626998338287,64.40643906202727,0.8905435054030194,0.10169896013330595
2022-12-09,66.68598937988281,-0.0058600373264470216,-0.00584290079761951,-0.0028497679453514655,0.008709805271798508,0.004090215808917011,65.9898551940918,64.77034446716308,67.66862138748169,66.44266782534893,65.80474358696083,66.62090415170982,0.6379242383881092,0.5591437117381469,0.07878052664996227,67.46682967042649,64.51288071775711,0.7356622260387873,0.08109300227178072
2022-12-12,66.68598937988281,0.0,0.0,-0.0058600373264470216,-0.0028497679453514655,-0.00792239881315167,66.07335586547852,64.8124910736084,67.63902437210083,66.48010191066184,65.87002105310319,66.62090415170982,0.6100808575586569,0.569331140902249,0.04074971665640792,67.50668980769572,64.64002192326132,0.7137092747055931,0.08109300227178072
2022-12-13,67.14175415039062,0.006811241384015083,0.006834490644076707,0.0,-0.0058600373264470216,0.003285920780672449,66.19010200500489,64.85293830871582,67.60902772903442,66.58189456292781,65.9642235047541,67.51935021829249,0.6176710581737126,0.5789991243565418,0.03867193381717082,67.5683859687246,64.81181804128518,0.8452307980198143,0.08154415924778435
2022-12-14,67.30581665039062,0.0024405436328223526,0.002443524183662449,0.006811241384015083,0.0,0.008709805271798508,66.29231605529785,64.89340049743652,67.57793333053588,66.69326719176824,66.06360077480124,65.69156577430418,0.6296664169669981,0.589132582878633,0.040533834088365084,67.68379737084089,64.9008347397548,0.8641804542295436,0.0792464371040006
2022-12-15,67.34226989746094,0.000541459576523077,0.0005416061922205451,0.0024405436328223526,0.006811241384015083,-0.0028497679453514655,66.37770957946778,64.9414868927002,67.55153688430786,66.7931137618748,66.15831700610937,65.98708500389397,0.6347967557654357,0.5982654174559936,0.03653133830944211,67.80825999831508,64.94715916062047,0.8371290886658773,0.07776043854250085
2022-12-16,67.1690902709961,-0.002574945669044982,-0.002571633340078039,0.000541459576523077,0.0024405436328223526,-0.0058600373264470216,66.4680850982666,64.99100959777832,67.52266511917114,66.85095630173961,66.23318909980469,64.59322291123291,0.6177672019349245,0.6021657743517799,0.015601427583144645,67.85609109358562,65.08007910294758,0.7525223864643235,0.07647645895000534
2022-12-19,66.76803588867188,-0.0059887141446735345,-0.005970817539825979,-0.002574945669044982,0.000541459576523077,0.0,66.54386367797852,65.03922554016113,67.49049142837525,66.83819931511381,66.27280738046151,62.35071671308481,0.5653919346522969,0.5948110064118833,-0.029419071759586468,67.8128086794441,65.27491867651294,0.5883301523842418,0.08019451325512979
2022-12-20,66.33048248291016,-0.0065749038738638094,-0.006553336487107209,-0.0059887141446735345,-0.002574945669044982,0.006811241384015083,66.59776458740234,65.08449729919434,67.45791833877564,66.76008903323633,66.27707961027252,51.809733854521916,0.48300942296380356,0.5724506897222674,-0.08944126675846387,67.71869134076219,65.47683783404248,0.3807762845828091,0.08471172244676368
2022-12-21,66.48545837402344,0.0023336951942412175,0.002336420380376625,-0.0065749038738638094,-0.0059887141446735345,0.0024405436328223526,66.64259033203125,65.13250572204589,67.42781915664673,66.71783816258818,66.29251507425407,47.04576496235395,0.42532308833411037,0.5430251694446361,-0.11770208111052571,67.6606349437616,65.6245457203009,0.422826585300257,0.08338629282134634
2022-12-22,66.47635650634766,-0.00013690949838776118,-0.00013690012671008223,0.0023336951942412175,-0.0065749038738638094,0.000541459576523077,66.66695289611816,65.17888023376464,67.39865823745727,66.68068713855118,66.30613295811285,43.06597289398923,0.37455418043832367,0.5093309716433736,-0.13477679120504993,67.6415449195984,65.69236087263792,0.4022173457310421,0.08092688979661357
2022-12-23,66.26800537109375,-0.0031391360567207325,-0.0031342141206853746,-0.00013690949838776118,0.0023336951942412175,-0.002574945669044982,66.68089790344239,65.22562423706054,67.3703782081604,66.61719763586542,66.30330869240774,47.092528671640125,0.3138889434576839,0.47024256600623565,-0.15635362254855173,67.62205990140764,65.73973590547713,0.2806474691704034,0.081877674376353
2022-12-27,65.75636291503906,-0.0077507663786254444,-0.007720806642504852,-0.0031391360567207325,-0.00013690949838776118,-0.0059887141446735345,66.67335357666016,65.26830574035644,67.339808177948,66.48476152496906,66.26279419038043,37.50117963720514,0.22196733458862639,0.4205875197227138,-0.1986201851340874,67.64262652550381,65.70408062781651,0.026969847494932288,0.08653674651278229
2022-12-28,65.66500854492188,-0.0013902515826226787,-0.0013892856305818269,-0.0077507663786254444,-0.0031391360567207325,-0.0065749038738638094,66.67351951599122,65.30643768310547,67.31209020614624,66.35864568188488,66.21851377219832,25.14079678448988,0.1401319096865592,0.36449639771548287,-0.22436448802892367,67.64206407849582,65.70497495348661,-0.02063219913257596,0.0856324697691102
2022-12-29,65.91168975830078,0.0037496229283966952,0.003756661559103369,-0.0013902515826226787,-0.0077507663786254444,0.0023336951942412175,66.66055564880371,65.34659973144531,67.28502431869506,66.28988323210271,66.19578606746516,32.23351433778406,0.09409716463754592,0.3104165510998955,-0.2163193864623496,67.66374399962305,65.65736729798436,0.12675708410524364,0.08196006001327663
2022-12-30,65.63760375976562,-0.00416705233171419,-0.004158382216268963,0.0037496229283966952,-0.0013902515826226787,-0.00013690949838776118,66.60631446838379,65.39180526733398,67.25605138778687,66.18953254405085,66.15443922985779,33.433957168966074,0.0350933141930625,0.25535190371852895,-0.22025858952546645,67.70790164522475,65.50472729154282,0.060311372089431686,0.0765913107512379
2023-01-03,65.98478698730469,0.005275455502006145,0.0052893952193890925,-0.00416705233171419,0.0037496229283966952,-0.0031391360567207325,66.55575904846191,65.4524836730957,67.22850137710572,66.15803322762837,66.14187239707607,40.01546978611717,0.01616083055229467,0.2075136890852821,-0.19135285853298742,67.67473452655784,65.43678357036598,0.24486837632545974,0.07770646491138143
2023-01-04,66.35940551757812,0.005661291572120675,0.005677346967044361,0.005275455502006145,-0.00416705233171419,-0.0077507663786254444,66.55036811828613,65.51847679138183,67.20179601669311,66.18901357992833,66.1579859615577,38.59649122807018,0.031027618370629284,0.17221647494235154,-0.14118885657172225,67.67217484766873,65.42856138890353,0.4148861404971675,0.0760430129203313
2023-01-05,66.28630065917969,-0.0011022575537079618,-0.0011016502909910741,0.005661291572120675,0.005275455502006145,-0.0013902515826226787,66.53038368225097,65.58482185363769,67.17839166641235,66.20398082289007,66.16749075397414,34.73476903955732,0.03649006891593842,0.14507119373706892,-0.1085811248211305,67.65625083797515,65.40451652652679,0.391602209980855,0.07505484471284041
2023-01-06,67.01721954345703,0.010966345198105418,0.011026695968982647,-0.0011022575537079618,0.005661291572120675,0.0037496229283966952,66.51777725219726,65.65380874633789,67.15953596115112,66.32909447220807,66.23043362726916,45.970922172269205,0.09866084493890526,0.1357891239774362,-0.03712827903853094,67.61406306647409,65.42149143792044,0.7277883580885474,0.07897296691768348
2023-01-09,67.19995880126953,0.002723039971231665,0.002726750812065637,0.010966345198105418,-0.0011022575537079618,-0.00416705233171419,66.52387924194336,65.72136970520019,67.13998434066772,66.46307359975599,66.30225030682475,50.381718279456265,0.16082329293124076,0.14079595776819712,0.02002733516304364,67.63455665324187,65.41320183064485,0.8043546003766088,0.07895899244429336
2023-01-10,66.93499755859375,-0.0039506716889940105,-0.003942878052341503,0.002723039971231665,0.010966345198105418,0.005275455502006145,66.53632965087891,65.77691703796387,67.11955514907837,66.53567728573103,66.34912047362245,52.136550199752406,0.18655681210857722,0.14994812863627316,0.03660868347230406,67.66016320304811,65.41249609870971,0.6773696411471862,0.07732433678982419
2023-01-11,67.29131317138672,0.005309189350806836,0.005323308071850663,-0.0039506716889940105,0.002723039971231665,0.005661291572120675,66.5665958404541,65.84213111877442,67.10403749465942,66.6519289604473,66.4189125253087,62.5564821350945,0.2330164351385946,0.16656178993673745,0.06645464520185715,67.73895648541345,65.39423519549474,0.8090846379263037,0.07942273335633658
2023-01-12,67.81214904785156,0.007710216275782942,0.007740016532866711,0.005309189350806836,-0.0039506716889940105,-0.0011022575537079618,66.60011558532715,65.92175422668457,67.09009565353394,66.83042435850949,66.52211523068225,65.82447582993593,0.3083091278272434,0.19491125751483865,0.11339787031240475,67.87552381997837,65.32470735067592,0.9751551031250252,0.08043508796718907
2023-01-13,67.58370208740234,-0.0033745077905505357,-0.0033688205381606773,0.007710216275782942,0.005309189350806836,0.010966345198105418,66.61400985717773,65.99548034667968,67.07344640731812,66.94631323987761,66.600751294143,62.55141043601584,0.34556194573461596,0.22504139515879412,0.12052055057582184,67.92728071807223,65.30073899628324,0.8691897304277868,0.08121599741325275
2023-01-17,67.4923324584961,-0.0013528623807929556,-0.0013519476750191162,-0.0033745077905505357,0.007710216275782942,0.002723039971231665,66.62151298522949,66.06938064575195,67.05553544998169,67.03031619658815,66.66679434335434,64.2553970191363,0.3635218532338058,0.2527374867737965,0.11078436646000933,67.95387879946301,65.28914717099596,0.8267944373698772,0.08139039648999083
2023-01-18,68.11363220214844,0.009163374083325808,0.009205486327419576,-0.0013528623807929556,-0.0033745077905505357,-0.0039506716889940105,66.6687400817871,66.16061721801758,67.04046281814576,67.19698019744357,66.77396751807983,76.7633352389862,0.42301267936373677,0.28679252529178456,0.1362201540719522,68.1423082217351,65.1951719418391,0.9902698698454212,0.0867415770100404
2023-01-19,67.9765853881836,-0.002014058948809414,-0.002012032093048788,0.009163374083325808,-0.0013528623807929556,0.005309189350806836,66.72916755676269,66.24874961853027,67.0254760169983,67.31691945755742,66.8630503232727,75.97506254082943,0.45386913428471587,0.32020784709037087,0.133661287194345,68.31474297236295,65.14359214116243,0.8933643960254839,0.08377429401775188
2023-01-20,67.67506408691406,-0.004445530872792804,-0.004435664126811845,-0.002014058948809414,0.009163374083325808,0.007710216275782942,66.7963966369629,66.33576210021972,67.00871263504028,67.3720186313046,66.92319949094984,69.57370085381778,0.44881914035475745,0.34593010574324823,0.10288903461150922,68.42425348546602,65.16853978845977,0.7698847416341098,0.08156727719508498
2023-01-23,67.51061248779297,-0.0024329749187738127,-0.0024300176341154334,-0.004445530872792804,-0.002014058948809414,-0.0033745077905505357,66.84765434265137,66.41384712219238,66.99471284866333,67.39334076307203,66.96671156479007,71.30930825624048,0.4266291982819581,0.3620699242509902,0.0645592740309679,68.4986817578119,65.19662692749084,0.7007713921204461,0.08228792802608348
2023-01-24,67.81214904785156,0.004456560828393926,0.00446650606396326,-0.0024329749187738127,-0.004445530872792804,-0.0013528623807929556,66.91444396972656,66.49614425659179,66.98329656600953,67.45777280688426,67.02933656353537,71.00818518947328,0.42843624334889796,0.3753431880705718,0.05309305527832614,68.60971017233298,65.21917776712014,0.7647681752708827,0.08323014787394639
2023-01-25,67.89433288574219,0.0012112000365295202,0.0012119338355229825,0.004456560828393926,-0.0024329749187738127,0.009163374083325808,66.99576034545899,66.55371139526368,66.9730083656311,67.52493589593934,67.09341036518032,68.91827338995418,0.4315255307590178,0.386579656608261,0.04494587415075679,68.71629930512768,65.2752213857903,0.7611311226733947,0.08178431342496348
2023-01-26,67.76641845703125,-0.001885799177030711,-0.0018840221749611974,0.0012112000365295202,0.004456560828393926,-0.002014058948809414,67.0962631225586,66.60872024536133,66.96396322250366,67.56208705918425,67.14326281642853,67.99954723255175,0.4188242427557185,0.3930285738377525,0.025795668917965975,68.74531387030532,65.44721237481187,0.7031942726408988,0.07568126527404109
2023-01-27,67.69334411621094,-0.0010789085484964615,-0.0010783267359281146,-0.001885799177030711,0.0012112000365295202,-0.004445530872792804,67.19767990112305,66.66645050048828,66.95616632461548,67.58228045257297,67.18400957937537,59.788417060061896,0.39827087319760324,0.3940770337097227,0.004193839487880546,68.7207867355793,65.67457306666681,0.6627148548856849,0.07553118406682437
2023-01-30,67.50145721435547,-0.0028386746948871827,-0.002834649467546635,-0.0010789085484964615,-0.001885799177030711,-0.0024329749187738127,67.27716827392578,66.71124893188477,66.94628931045533,67.56984610823181,67.20752421900352,54.35333412649103,0.3623218892282978,0.3877260048134377,-0.02540411558513994,68.67878016696936,65.8755563808822,0.5800110720888103,0.07656633949286228
2023-01-31,67.81214904785156,0.004592182383884822,0.004602742612051625,-0.0028386746948871827,-0.0010789085484964615,0.004456560828393926,67.38589553833008,66.75480392456055,66.9375623512268,67.60712348355793,67.25231124336263,62.50010872496064,0.3548122401953009,0.38114325188981035,-0.026331011694509465,68.57293526992287,66.19885580673728,0.6795447524530341,0.0747263616813918
2023-02-01,68.24806213378906,0.006407671627680241,0.006428244673825301,0.004592182383884822,-0.0028386746948871827,0.0012112000365295202,67.49905929565429,66.81253356933594,66.93339067459107,67.70572942974734,67.3260705685794,63.3319796134031,0.3796588611679397,0.38084637374543623,-0.0011875125774965523,68.5470806029846,66.45103798832399,0.8573414170570437,0.07556241266445571
2023-02-02,68.29385375976562,0.0006707336336044703,0.0006709586257085398,0.006407671627680241,0.004592182383884822,-0.001885799177030711,67.59578170776368,66.87336135864258,66.93056859970093,67.79621009590399,67.39775821237097,57.736665653704016,0.39845188353301353,0.3843674757029517,0.014084407830061818,68.55417280957516,66.63739060595219,0.8641895519910915,0.07414356366158979
2023-02-03,67.68939971923828,-0.008890183256556668,-0.008850782424046577,0.0006707336336044703,0.006407671627680241,-0.0010789085484964615,67.6659366607666,66.92210006713867,66.926875705719,67.7797777302631,67.41936128695373,51.51466780953714,0.3604164433093757,0.3795772692242365,-0.01916082591486079,68.39985598961948,66.93201733191373,0.5159847666829744,0.08237714360299347
2023-02-06,67.26812744140625,-0.006243055203773221,-0.006223607826031596,-0.008890183256556668,0.0006707336336044703,-0.0028386746948871827,67.67848205566406,66.9556837463379,66.91892499923706,67.70106230120821,67.40815877987615,47.064640439180216,0.29290352133206454,0.3622425196458022,-0.06933899831373763,68.37324427156517,66.98371983976295,0.20467981356356432,0.07739248884596735
2023-02-07,67.17652893066406,-0.0013626205367588393,-0.0013616925909224475,-0.006243055203773221,-0.008890183256556668,0.004592182383884822,67.67731056213378,66.97943222045899,66.91235410690308,67.62036485958603,67.39100101326784,35.755439068516026,0.2293638463181935,0.33566678498028046,-0.10630293866208695,68.37554051005355,66.97908061421401,0.14139204214765175,0.07697439874092606
2023-02-08,67.29558563232422,0.001770727457590077,0.001772296121209882,-0.0013626205367588393,-0.006243055203773221,0.006407671627680241,67.69533996582031,67.00556182861328,66.9068267250061,67.57039882462267,67.38393320727202,39.5914474021764,0.18646561735064893,0.30582655145435417,-0.11936093410370524,68.32844894865354,67.06223098298707,0.18429263812752705,0.07576657378501142
2023-02-09,67.0208511352539,-0.004090860163136942,-0.004082503993224074,0.001770727457590077,-0.0013626205367588393,0.0006707336336044703,67.68181686401367,67.02783386230469,66.89777406692505,67.48585302625824,67.35703823897438,39.9183109123359,0.12881478728385787,0.2704241986202549,-0.14160941133639704,68.36113048369846,67.00250324432888,0.013504727708493413,0.0748135388242409
2023-02-10,66.73692321777344,-0.004245410710545454,-0.004236411693839592,-0.004090860163136942,0.001770727457590077,-0.008890183256556668,67.62805557250977,67.04933853149414,66.8864052772522,67.37063305572212,67.3111037929595,38.500581723671054,0.0595292627626236,0.22824521144872864,-0.16871594868610504,68.42409844576042,66.83201269925911,-0.059726356884129105,0.06992139869685236
2023-02-13,66.92010498046875,0.0027410736249207208,0.0027448338020852336,-0.004245410710545454,-0.004090860163136942,-0.006243055203773221,67.59487571716309,67.0643212890625,66.87702825546265,67.30132104414469,67.28214091796018,36.257986262922586,0.019180126184508595,0.18643219439588463,-0.16725206821137603,68.45170081991671,66.73805061440947,0.10623776396968283,0.07030264409492445
2023-02-14,66.6911392211914,-0.003427346025824158,-0.003421479379689729,0.0027410736249207208,-0.004245410710545454,-0.0013626205367588393,67.55481605529785,67.06369552612304,66.86664079666137,67.20744691753649,67.23836301449583,32.266668465806234,-0.03091609695934494,0.1429625361248387,-0.17387863308418364,68.50198224128803,66.60764986930766,0.044073232933490226,0.071020997593894
2023-02-15,66.54460144042969,-0.002199677640853562,-0.002197260122903333,-0.003427346025824158,0.0027410736249207208,0.001770727457590077,67.47636451721192,67.0546696472168,66.85785158157348,67.1054706902893,67.1869732682687,32.0905036479698,-0.08150257797940696,0.09806951330398958,-0.17957209128339655,68.48647166931823,66.4662573651056,0.03878008147982934,0.06106456591154242
2023-02-16,66.28817749023438,-0.0038608583029827886,-0.0038534147721188683,-0.002199677640853562,-0.003427346025824158,-0.004090860163136942,67.39194412231446,67.05108871459962,66.84952699661255,66.97973327489623,67.12039580322912,30.453590304162333,-0.14066252833288218,0.05032310497661524,-0.19098563330949742,68.5031818967499,66.28070634787902,0.003361630844106393,0.06175303929351716
2023-02-17,66.43470764160156,0.002208062471759915,0.002210502036939843,-0.0038608583029827886,-0.002199677640853562,-0.004245410710545454,67.32992630004883,67.04606307983398,66.84112691879272,66.89588317746629,67.069604087553,34.971462966346735,-0.17372091008671475,0.005514301963949246,-0.179235212050664,68.51089424996023,66.14895835013742,0.1209809679786734,0.06171374742678534
2023-02-21,65.85771942138672,-0.008722976690678178,-0.008685041911037694,0.002208062471759915,-0.0038608583029827886,0.0027410736249207208,67.24728164672851,67.0178305053711,66.82764135360718,66.73616567653097,66.97983485302217,24.387459032292256,-0.24366917649119557,-0.04432239372707972,-0.19934678276411585,68.59462976253943,65.8999335309176,-0.015665628294387574,0.06751826727918389
2023-02-22,66.0042495727539,0.002222478744998627,0.0022249502815245847,-0.008722976690678178,0.002208062471759915,-0.003427346025824158,67.15688667297363,66.99635711669922,66.81830137252808,66.6235631990268,66.907569276706,18.181837852340863,-0.2840060776791944,-0.09225913051750266,-0.19174694716169172,68.58484262984108,65.72893071610618,0.09640313320716992,0.06545265655836165
2023-02-23,66.24236297607422,0.003601054969110114,0.00360754655740525,0.002222478744998627,-0.008722976690678178,-0.002199677640853562,67.07428817749023,66.98748458862305,66.81158903121948,66.56491701088025,66.85829473591846,22.413704661989826,-0.29337772503821213,-0.13248284942164457,-0.16089487561656757,68.51370348030707,65.63487287467339,0.21101974538272927,0.06721941167177105
2023-02-24,65.87603759765625,-0.005545424643175064,-0.005530077158483637,0.003601054969110114,0.002222478744998627,-0.0038608583029827886,66.97976913452149,66.97128555297851,66.80151807785035,66.45893556269193,66.78553494789904,23.94734246034791,-0.3265993852071034,-0.17130615657873632,-0.15529322862836709,68.4750026917019,65.48453557734108,0.13091667801163942,0.06892535627706883
2023-02-27,65.9859390258789,0.0016669165211166273,0.0016683065987346257,-0.005545424643175064,0.003601054969110114,0.002208062471759915,66.89439888000489,66.94816925048828,66.79100870132446,66.38616686472069,66.72630562034199,29.768649044283876,-0.3401387556212967,-0.2050726763872484,-0.1350660792340483,68.41287689420827,65.3759208658015,0.20086499586147372,0.06978648729104597
2023-02-28,66.0042495727539,0.0002774531529483527,0.00027749164663437575,0.0016669165211166273,-0.005545424643175064,-0.008722976690678178,66.81953849792481,66.92213790893555,66.77942346572875,66.32741035826426,66.67281998718732,31.06495094112688,-0.3454096289230648,-0.2331400668944117,-0.11226956202865312,68.35947683981986,65.27960015602976,0.23528520493631988,0.06973837883015288
2023-03-01,65.61322784423828,-0.0059418078299317565,-0.005924190200581214,0.0002774531529483527,0.0016669165211166273,0.002222478744998627,66.70959243774413,66.8875570678711,66.76520956039428,66.21753612533719,66.5943316803022,25.020616968444713,-0.37679555496501393,-0.26187116450853215,-0.11492439045648178,68.2650476885086,65.15413718697967,0.1475743699579213,0.0683010722484692
2023-03-02,65.47552490234375,-0.002100912391935656,-0.0020987070201976543,-0.0059418078299317565,0.0002774531529483527,0.003601054969110114,66.57096557617187,66.85368576049805,66.75156435012818,66.10338055256896,66.51145710415713,26.081955869189912,-0.4080765515881666,-0.29111224192445906,-0.11696430966370752,68.04094806569638,65.10098308664736,0.1273966929420842,0.0613107180529321
2023-03-03,65.98039245605469,0.007681206691318256,0.007710782837769381,-0.002100912391935656,-0.0059418078299317565,-0.005545424643175064,66.45529251098633,66.8379328918457,66.73990457534791,66.08445930695139,66.47211898207547,39.04023590682211,-0.38765967512408395,-0.31042172856438405,-0.0772379465596999,67.70149585880279,65.20908916316986,0.30946125053999607,0.06991852897191168
2023-03-06,65.8243408203125,-0.002367922680452616,-0.0023651213630795365,0.007681206691318256,-0.002100912391935656,0.0016669165211166273,66.36203956604004,66.82781005859376,66.72948530197144,66.04444107823771,66.42413541453747,34.00003564855868,-0.3796943362997638,-0.32427625011146,-0.055418086188303795,67.49322575520986,65.23085337687021,0.262329689455387,0.06468861154525676
2023-03-07,65.75092315673828,-0.00111597984263398,-0.0011153573687070484,-0.002367922680452616,0.007681206691318256,0.0002774531529483527,66.28617935180664,66.81311935424804,66.71726198196411,65.9992844749301,66.37426783988568,35.61798906726294,-0.3749833649555683,-0.3344176730802817,-0.04056569187528658,67.3637387784217,65.20861992519157,0.25163495309499806,0.06210278177817871
2023-03-08,65.69581604003906,-0.0008384707032593117,-0.0008381192849240549,-0.00111597984263398,-0.002367922680452616,-0.0059418078299317565,66.21214370727539,66.79750854492187,66.70404470443725,65.9525970234084,66.32401215100815,36.64294255788154,-0.3714151275997466,-0.34181716398417467,-0.02959796361557193,67.23417151038373,65.19011590416704,0.24740038105323928,0.062105803211605304
2023-03-09,65.9161376953125,0.0033480524348656624,0.0033536634226318807,-0.0008384707032593117,-0.00111597984263398,-0.002100912391935656,66.1431713104248,66.79047119140625,66.69089612960815,65.94698789600903,66.29379922836402,44.07804295131181,-0.3468113323549886,-0.3428159976583375,-0.003995334696651143,67.03526503545953,65.25107758539008,0.3727523752599723,0.06331821181090097
2023-03-10,66.70555877685547,0.011904996334254484,0.011976142855820049,0.0033480524348656624,-0.0008384707032593117,0.007681206691318256,66.12740669250488,66.80945510864258,66.68290716171265,66.06369110844695,66.3242999356597,53.578823638522785,-0.26060882721274936,-0.32637456356921984,0.06576573635647048,66.96358667710821,65.29122670790154,0.8457103105767684,0.07705018343132919
2023-03-13,67.23795318603516,0.00794957822341573,0.007981260017034808,0.011904996334254484,0.0033480524348656624,-0.002367922680452616,66.15245819091797,66.84091400146484,66.67479585647582,66.24434681269128,66.39197795420603,68.45485593970727,-0.14763114151475065,-0.29062587915832605,0.1429947376435754,67.08946767352516,65.21544870831077,1.0792337298961143,0.08070628731402404
2023-03-14,66.81568908691406,-0.0062999481189163365,-0.006280145053683683,0.00794957822341573,0.011904996334254484,-0.00111597984263398,66.14723739624023,66.85899398803711,66.66318120956421,66.33224562411016,66.42336396403626,60.104544513123166,-0.09111833992609775,-0.2507243713118804,0.15960603138578267,67.06724719639513,65.22722759608533,0.863285092485584,0.08352089727141598
2023-03-15,67.50413513183594,0.010250937678142214,0.010303658531850779,-0.0062999481189163365,0.00794957822341573,-0.0008384707032593117,66.18788719177246,66.89632461547852,66.6553678703308,66.51253631760643,66.50342108757697,64.12783674947764,0.009115230029465238,-0.19875645104361128,0.20787168107307652,67.26714422724716,65.10863015629776,1.109793541667552,0.09009945816167599
2023-03-16,67.18287658691406,-0.0047704548503750485,-0.004759094302807632,0.010250937678142214,-0.0062999481189163365,0.0033480524348656624,66.21980094909668,66.9202864074707,66.64496042251587,66.6156655898076,66.5537511245649,64.78161966993555,0.06191446524270816,-0.1466222677863474,0.20853673302905557,67.37830896320433,65.06129293498903,0.9156534206451722,0.09161059798081946
2023-03-17,67.66935729980469,0.00721505027034729,0.007241141457544842,-0.0047704548503750485,0.010250937678142214,0.011904996334254484,66.28885993957519,66.94648544311524,66.63896139144897,66.77777200673023,66.6363886190271,67.54633318542339,0.14138338770312942,-0.08902113668845205,0.23040452439158146,67.61680447458141,64.96091540456896,1.0197872817116669,0.09307874227780534
2023-03-20,67.37564086914062,-0.004349911478124022,-0.0043404643162602285,0.00721505027034729,-0.0047704548503750485,0.00794957822341573,66.33590660095214,66.96827224731446,66.63303239822388,66.86975183171644,66.69114804496144,63.51797900005866,0.178603786755005,-0.03549615199976064,0.21409993875476563,67.7495154754661,64.92229772643819,0.8677588217412604,0.09487252870872746
2023-03-21,67.1920394897461,-0.00272876061817481,-0.0027250409350633165,-0.004349911478124022,0.00721505027034729,-0.0062999481189163365,66.40262260437012,66.97176864624024,66.62587045669555,66.91933454833638,66.7282511149455,66.22605351967783,0.19108343339088663,0.009819765078368813,0.1812636683125178,67.84682391562752,64.95842129311272,0.7733056947194781,0.08918923169607451
2023-03-22,67.78870391845703,0.008840791655084121,0.008879986874069878,-0.00272876061817481,-0.004349911478124022,0.010250937678142214,66.49184532165528,66.98354354858398,66.62218687057495,67.0530836822011,66.80680317446486,71.72401834833462,0.24628050773624466,0.057111913609943984,0.18916859412630066,68.04852628830561,64.93516435500494,0.916546043982389,0.09338486229350827
2023-03-23,67.94475555419922,0.002299384471661132,0.002302030083506379,0.008840791655084121,-0.00272876061817481,-0.0047704548503750485,66.57696495056152,67.00373870849609,66.62130826950073,67.19026397020082,66.89109594333407,69.74156161009893,0.29916802686675226,0.10552313626130563,0.19364489060544662,68.25745760578558,64.89647229533746,0.9069611965829555,0.0930795201400722
2023-03-24,68.08243560791016,0.002024302634644667,0.0020263529184545437,0.002299384471661132,0.008840791655084121,0.00721505027034729,66.68728485107422,67.01956115722656,66.61994817733765,67.32752114523302,66.97934332589526,72.77763155666992,0.3481778193377636,0.15405407287659723,0.19412374646116637,68.4611297423736,64.91343995977485,0.8932561307020358,0.08954062422931144
2023-03-27,67.37564086914062,-0.010435718143215183,-0.010381454959102698,0.002024302634644667,0.002299384471661132,-0.004349911478124022,66.7567699432373,67.01083099365235,66.61644895553589,67.33492417968034,67.008698699469,64.53183280357135,0.3262254802113489,0.18848835434354758,0.13773712586780132,68.52380025291554,64.98973963355907,0.6751161037005687,0.09928127280101229
2023-03-28,67.25630187988281,-0.0017728188136751644,-0.0017712482986187439,-0.010435718143215183,0.002024302634644667,-0.00272876061817481,66.81937255859376,67.00428298950196,66.61280294418334,67.32282844124995,67.02703967579595,63.79877971443914,0.2957887654540059,0.20994843656563925,0.08584032888836665,68.56270542511082,65.07603969207669,0.6253143704454963,0.09975631571369678
2023-03-29,67.3297348022461,0.0010912414312899677,0.001091837051856226,-0.0017728188136751644,-0.010435718143215183,0.008840791655084121,66.90519790649414,67.00103103637696,66.61240365982056,67.32389095832629,67.04946153701448,62.83327676846035,0.27442942131180814,0.22284463351487305,0.051584787796935094,68.56554725384663,65.24484855914164,0.6278456538164394,0.09638863219301663
2023-03-30,67.4215316772461,0.0013624642142305752,0.0013633927902674259,0.0010912414312899677,-0.0017728188136751644,0.002299384471661132,67.00249824523925,66.9871890258789,66.61790773391724,67.33891260739088,67.07702228814274,57.44266757184596,0.2618903192481383,0.23065377066152612,0.031236548586612206,68.53309141082666,65.47190507965185,0.6368859607595421,0.09555242906299491
2023-03-31,67.77033233642578,0.005160095034882776,0.00517343125411962,0.0013624642142305752,0.0010912414312899677,0.002024302634644667,67.09199523925781,66.98306396484375,66.6269553565979,67.40528487339625,67.12837858801556,55.7537987605173,0.27690628538069006,0.23990427360535893,0.037002011775331134,68.5796690179871,65.60432146052852,0.727985834954817,0.09377952054762562
2023-04-03,68.0583724975586,0.004241233003853096,0.004250239761300234,0.005160095034882776,0.0013624642142305752,-0.010435718143215183,67.20369682312011,66.99073013305664,66.63366380691528,67.50575989249816,67.19726702575949,63.83186506541392,0.3084928667386748,0.25362199223202214,0.05487087450665268,68.62459094076165,65.78280270547857,0.8007527668061256,0.09324810002185484
2023-04-04,68.33442687988281,0.004047937435579512,0.0040561414002975305,0.004241233003853096,0.005160095034882776,-0.0017728188136751644,67.33287200927734,67.00720642089844,66.64103269577026,67.63324712132656,67.28150108902788,60.1758624816732,0.35174603229867785,0.2732468002453533,0.07849923205332454,68.66460930006957,66.0011347184851,0.8760332002153601,0.09300398663498269
2023-04-05,68.51846313476562,0.002689550301807894,0.002693170386960375,0.004047937435579512,0.004241233003853096,0.0010912414312899677,67.47400436401367,67.02133270263671,66.64914171218872,67.76943420031719,67.37312790723068,66.93836477987422,0.39630629308651066,0.2978586988135848,0.09844759427292588,68.66622010260241,66.28178862542492,0.9380326215070403,0.09245412527114868
2023-04-06,68.50007629394531,-0.0002683847165112139,-0.00026834870455494375,0.002689550301807894,0.004047937435579512,0.0013624642142305752,67.60320129394532,67.03344757080077,66.65868860244751,67.88184067625998,67.45660556550584,61.954870047167745,0.42523511075414433,0.3233339812016967,0.10190112955244762,68.63364170655643,66.5727608813342,0.9351901327934783,0.09269927416510591
2023-04-10,68.03994750976562,-0.006739862981830027,-0.00671720104668494,-0.0002683847165112139,0.002689550301807894,0.005160095034882776,67.66992073059082,67.03891815185547,66.6631902885437,67.90616480449162,67.49981607989545,59.123065832928205,0.406348724596171,0.3399369298805916,0.0664117947155794,68.62573846951987,66.71410299166176,0.6935655534021596,0.08964488084489186
2023-04-11,68.06758117675781,0.0004060564119936126,0.0004061388640581587,-0.006739862981830027,-0.0002683847165112139,0.004241233003853096,67.71140213012696,67.0464028930664,66.66621030807495,67.93099809253258,67.54187275373711,62.56214902630455,0.3891253387954663,0.34977461166356655,0.03935072713189974,68.66027010979542,66.76253415045849,0.6876863031858795,0.08579421210437209
2023-04-12,68.14118194580078,0.001080705448298996,0.0010812896208525213,0.0004060564119936126,-0.006739862981830027,0.004047937435579512,67.77767677307129,67.0591973876953,66.67022817611695,67.96333406995845,67.5862660272233,55.95044898842367,0.3770680427351465,0.3552332978778826,0.021834744857263888,68.6447622568338,66.91059128930878,0.7096132270327871,0.08181418561903746
2023-04-13,68.1043930053711,-0.0005400386961113868,-0.0005398929014608367,0.001080705448298996,0.0004060564119936126,0.002689550301807894,67.80768966674805,67.06504226684571,66.67568193435669,67.98503544463732,67.62464580338239,52.80803276664502,0.3603896412549261,0.35626456655329136,0.004125074701634757,68.67646131780019,66.9389180156959,0.6707602557379253,0.07421347191114508
2023-04-14,67.80072021484375,-0.0044689017023906595,-0.00445893101937489,-0.0005400386961113868,0.001080705448298996,-0.0002683847165112139,67.83858184814453,67.05609542846679,66.67943735122681,67.9566792554383,67.63768835237953,45.31801963325227,0.31899090305877564,0.34880983385438824,-0.029818930795612597,68.65624224786538,67.02092144842368,0.4768475804174298,0.07393973981964555
2023-04-17,67.43263244628906,-0.005443755853395073,-0.005428965465091085,-0.0044689017023906595,-0.0005400386961113868,-0.006739862981830027,67.82674560546874,67.03887100219727,66.67941762924194,67.87605666941535,67.62249902600246,51.06733802752504,0.2535576434128899,0.3297593957660886,-0.0762017523531987,68.66139731982668,66.99209389111081,0.26390561931400386,0.07222965513499532
2023-04-18,67.53384399414062,0.001499803054700251,0.0015009283217910507,-0.005443755853395073,-0.0044689017023906595,0.0004060564119936126,67.83465576171875,67.0357598876953,66.67846426010132,67.82340856552693,67.61593198660529,55.23334100586949,0.20747657892164284,0.30530283239719946,-0.09782625347555662,68.65416794134961,67.01514358208789,0.3164690073833794,0.07071415566545683
2023-04-19,67.44184112548828,-0.0013632512080881906,-0.00136232240327272,0.001499803054700251,-0.005443755853395073,0.001080705448298996,67.84714584350586,67.03923416137695,66.67435022354125,67.76470588244406,67.60303636726329,52.099178843065886,0.1616695151807761,0.2765761689539148,-0.11490665377313869,68.63231476696622,67.0619769200455,0.24189966903469984,0.07014910817777187
2023-04-20,67.73628234863281,0.004356351179183692,0.004365853870991865,-0.0013632512080881906,0.001499803054700251,-0.0005400386961113868,67.84452476501465,67.05042922973632,66.67112241744995,67.76033303108849,67.61290643995733,55.477951428078235,0.14742659113116474,0.2507462533893648,-0.10331966225820005,68.63086425070507,67.05818527932423,0.4311732283882432,0.06437930406695161
2023-04-21,67.61666107177734,-0.0017675464600356262,-0.001765985269752357,0.004356351179183692,-0.0013632512080881906,-0.0044689017023906595,67.82812004089355,67.05685073852538,66.66937036514283,67.73822965273293,67.61318456083288,47.09364069768784,0.12504509190004853,0.22560602109150155,-0.10056092919145301,68.61932961978508,67.03691046200203,0.3663698122737218,0.06403800290630357
2023-04-24,67.88353729248047,0.003939131735784361,0.003946900312333135,-0.0017675464600356262,0.004356351179183692,-0.005443755853395073,67.81817512512207,67.07410446166992,66.66989942550659,67.76058467423255,67.63321068910307,46.66668606105742,0.12737398512948062,0.2059596138990974,-0.07858562876961678,68.60087981183598,67.03547043840815,0.5417540411268112,0.06528536666502474
2023-04-25,68.32524108886719,0.006485710392089149,0.006506788155184129,0.003939131735784361,-0.0017675464600356262,0.001499803054700251,67.8656551361084,67.10587081909179,66.67376398086547,67.84745489186864,67.68447220019671,49.83527338598017,0.16298269167192814,0.19736422945366355,-0.034381537781735416,68.65053444582148,67.08077582639532,0.7927749190679992,0.057021483989795035
2023-04-26,68.08596801757812,-0.0035081181121213918,-0.0035019718551428936,0.006485710392089149,0.003939131735784361,-0.0013632512080881906,67.90713844299316,67.12918807983398,66.67516988754272,67.88414921890086,67.71421263111385,42.394833294874616,0.1699365877870065,0.19187870112033217,-0.021942113333325686,68.64255495243965,67.17172193354666,0.6215838727359828,0.05833702314229805
2023-04-27,67.7915267944336,-0.004333928652781549,-0.004324550736629185,-0.0035081181121213918,0.006485710392089149,0.004356351179183692,67.93022804260254,67.15119583129882,66.67451749801636,67.86989961513666,67.71993960617458,38.643161635406244,0.14996000896208272,0.1834949626886823,-0.033534953726599565,68.61668137569997,67.2437747095051,0.3989725583069929,0.06087065632500806
2023-04-28,68.1688003540039,0.005549773758532389,0.005565202281316628,-0.004333928652781549,-0.0035081181121213918,-0.0017675464600356262,67.96759147644043,67.18367980957031,66.67466955184936,67.91588434419316,67.75318855045823,52.12164304539756,0.16269579373492604,0.17933512889793105,-0.016639335163005003,68.61785629372636,67.3173266591545,0.6547130278424703,0.06355732049948808
2023-05-01,67.46772766113281,-0.010337612537504877,-0.010284363069767877,0.005549773758532389,-0.004333928652781549,0.003939131735784361,67.95246124267578,67.20727081298828,66.67239816665649,67.84693716218388,67.73204329939709,41.91586843956026,0.11489386278678637,0.16644687567570213,-0.051553012888915756,68.63531666636737,67.26960581898419,0.14506865968608307,0.07191004593883263
2023-05-02,68.13188934326172,0.009796001020696476,0.009844138896522026,-0.010337612537504877,0.005549773758532389,0.006485710392089149,67.95613708496094,67.24121444702149,66.67223024368286,67.89077595927277,67.76166152486854,49.89196227727198,0.12911443440422943,0.1589803874214076,-0.029865953017178176,68.64217709897697,67.27009707094491,0.6280918421011147,0.07885263888812498
2023-05-03,68.41783905029297,0.004188219608878876,0.004197002457844379,0.009796001020696476,-0.010337612537504877,-0.0035081181121213918,67.96030769348144,67.29241683959961,66.67452894210815,67.9718625886605,67.81026726749258,53.44462144713675,0.16159532116792263,0.15950337417071062,0.0020919469972120186,68.65696277468447,67.2636526122784,0.8283772480503777,0.07894839329558198
2023-05-04,68.32560729980469,-0.0013489752808860144,-0.0013480658227232878,0.004188219608878876,0.009796001020696476,-0.004333928652781549,67.9506649017334,67.33884399414063,66.676637134552,68.02628485191345,67.8484406032194,56.049388360919814,0.17784424869404347,0.1631715490753772,0.014672699618666268,68.61957699136764,67.28175281209917,0.780262835641306,0.07846503114155946
2023-05-05,68.07656860351562,-0.0036515395939672344,-0.003644880830642405,-0.0013489752808860144,0.004188219608878876,0.005549773758532389,67.92948951721192,67.37552810668946,66.67781564712524,68.03402081369839,67.86533897361171,57.630842338237215,0.16868184008667697,0.16427360727763718,0.0044082328090397915,68.55025084916306,67.30872818526078,0.6184666946323912,0.07945071059152607
2023-05-08,67.75370025634766,-0.00475400598058122,-0.004742723580096753,-0.0036515395939672344,-0.0013489752808860144,-0.010337612537504877,67.91517715454101,67.41308135986328,66.67458478927612,67.99089457410597,67.85706943899956,52.47532576857331,0.13382513510640592,0.15818391284339095,-0.024358777736985027,68.53840998592221,67.29194432315981,0.3704521889231243,0.07761057207021216
2023-05-09,67.67990112304688,-0.0010898202492358538,-0.0010892266108206705,-0.00475400598058122,-0.0036515395939672344,0.009796001020696476,67.89579315185547,67.44696060180664,66.66818964004517,67.94304942778919,67.8439458600401,52.691310490444174,0.09910356774909701,0.14636784382453216,-0.04726427607543515,68.52316931767544,67.2684169860355,0.3279405239068731,0.07763451862938378
2023-05-10,68.0949935913086,0.006114440557925562,0.006133171907374058,-0.0010898202492358538,-0.00475400598058122,0.004188219608878876,67.89348373413085,67.48877548217773,66.66513235092162,67.96642545294603,67.8625419882822,53.94760483818153,0.10388346466382359,0.13787096799239046,-0.03398750332856687,68.51738698920119,67.26958047906052,0.6614912693114771,0.08080111391923285
2023-05-11,68.3163833618164,0.003245916430615299,0.003251190121795755,0.006114440557925562,-0.0010898202492358538,-0.0013489752808860144,67.90408325195312,67.5428385925293,66.66309190750123,68.02026513123377,67.89615986780325,57.5317154250951,0.12410526343052197,0.13511782708001677,-0.011012563649494794,68.54989191179547,67.25827459211078,0.8192122802781339,0.08160019400254491
2023-05-12,67.9566421508789,-0.005279724952863995,-0.005265811701890666,0.003245916430615299,0.006114440557925562,-0.0036515395939672344,67.91187934875488,67.5924609375,66.65830595016479,68.01047698040995,67.90064003691997,50.77146776936158,0.10983694348998085,0.1300616503620096,-0.020224706872028736,68.55619699798403,67.26756169952573,0.5347365947352052,0.08225773768601424
2023-05-15,67.78135681152344,-0.002582702531788342,-0.002579370225007538,-0.005279724952863995,0.003245916430615299,-0.00475400598058122,67.9293155670166,67.62848022460938,66.6502540397644,67.97522772365818,67.89180424244616,43.91848545650601,0.08342348121202292,0.12073401653201225,-0.03731053531998933,68.53685035481337,67.32178077921984,0.37823021951570973,0.08029703375267562
2023-05-16,67.61532592773438,-0.002452511592609524,-0.002449506643113386,-0.002582702531788342,-0.005279724952863995,-0.0010898202492358538,67.93338966369629,67.6642999267578,66.64164251327514,67.91985821659298,67.87132436728233,44.649820296129775,0.048533849310658184,0.10629398308774145,-0.057760133777083264,68.5307659844204,67.33601334297218,0.23378277232651826,0.0807108090093712
2023-05-17,67.49542236328125,-0.001774893521750318,-0.001773319329722356,-0.002452511592609524,-0.002582702531788342,0.006114440557925562,67.93606872558594,67.69918991088868,66.63092729568481,67.85456039300657,67.84347977439336,46.494842195196405,0.011080618613206639,0.08725131019283448,-0.07617069157962784,68.52457791596896,67.34755953520292,0.12562490993734277,0.08082025679134866
2023-05-18,67.21866607666016,-0.004108800782183403,-0.004100371209346698,-0.001774893521750318,-0.002452511592609524,0.003245916430615299,67.91018791198731,67.72964691162109,66.6223517036438,67.75673049818404,67.79719727826497,38.47853278366997,-0.04046678008093352,0.06170769213808089,-0.1021744722190144,68.57612377155947,67.24425205241515,-0.01921054061530108,0.08040843014805983
2023-05-19,67.0341796875,-0.0027483440553522412,-0.002744570815341074,-0.004108800782183403,-0.001774893521750318,-0.005279724952863995,67.88106384277344,67.75200775146484,66.61113710403443,67.64556883500188,67.74067745672683,43.989744934869336,-0.09510862172494683,0.030344429365475344,-0.12545305109042218,68.64481543897806,67.11731224656883,-0.05442382018050651,0.08070714815762521
2023-05-22,67.01573181152344,-0.0002752389149195135,-0.000275201040164319,-0.0027483440553522412,-0.004108800782183403,-0.002582702531788342,67.83767356872559,67.7582112121582,66.5989719581604,67.54867083138981,67.68697777930436,31.152491452099554,-0.13830694791454334,-0.003385846090528395,-0.13492110182401496,68.69384527642576,66.98150186102542,0.01999012008348412,0.07904877684946156
2023-05-23,67.06187438964844,0.0006882965955916966,0.000688533526049806,-0.0002752389149195135,-0.0027483440553522412,-0.002452511592609524,67.77450523376464,67.75468963623047,66.59096765518188,67.47377907112191,67.64067382451503,25.08530174528633,-0.1668947533931231,-0.03608762755104734,-0.13080712584207577,68.66494923605734,66.88406123147195,0.09984522200085659,0.07467172204139103
2023-05-24,66.87736511230469,-0.002755120825570797,-0.0027513289633346316,0.0006882965955916966,-0.0002752389149195135,-0.001774893521750318,67.71407508850098,67.75592315673828,66.58050497055054,67.38202307745773,67.58413243842539,24.262548471947284,-0.20210936096765408,-0.0692919742343687,-0.1328173867332854,68.67664240764962,66.75150776935233,0.06537586538034235,0.07437457806073647
2023-05-25,66.62830352783203,-0.003731105591916374,-0.00372415366625789,-0.002755120825570797,0.0006882965955916966,-0.004108800782183403,67.65591392517089,67.7384065246582,66.56956499099732,67.26606622366916,67.51333029689995,24.26235109403345,-0.24726407323079513,-0.10488639403365399,-0.14237767919714114,68.73258442212459,66.5792434282172,0.022783246942144265,0.07403495329280169
2023-05-26,66.71134185791016,0.0012455161489705183,0.0012462921263398652,-0.003731105591916374,-0.002755120825570797,-0.0027483440553522412,67.58304100036621,67.72897583007813,66.55809164047241,67.18072401355238,67.45392374586366,29.7496872572909,-0.2731997323112836,-0.1385490616891799,-0.13465067062210367,68.70967983880065,66.45640216193176,0.11314171289028722,0.07058435966598421
2023-05-30,67.15408325195312,0.006614747729222716,0.006636673490783229,0.0012455161489705183,-0.003731105591916374,-0.0002752389149195135,67.56735877990722,67.7186703491211,66.5507742881775,67.17662543484481,67.43171333890733,41.06550236455654,-0.25508790406252047,-0.16185683016384803,-0.09323107389867244,68.70938242573354,66.42533513408091,0.3190599951829051,0.06663665961517164
2023-05-31,67.37548065185547,0.0032914341406331486,0.003296856857857522,0.006614747729222716,0.0012455161489705183,0.0006882965955916966,67.52953834533692,67.7186671447754,66.54298276901245,67.20721854515413,67.42754795468126,36.9128634390577,-0.22032940952712465,-0.17355134603650335,-0.0467780634906213,68.64257594245738,66.41650074821645,0.4307940298333094,0.05694839705538608
2023-06-01,67.55766296386719,0.002700336149194811,0.002703985340796189,0.0032914341406331486,0.006614747729222716,-0.002755120825570797,67.48652954101563,67.72597961425781,66.53574102401734,67.26113307110998,67.43718610350984,36.00004504897669,-0.1760530323998637,-0.17405168330917542,-0.002001349090688276,68.51857074751928,66.45448833451198,0.5344624916153036,0.05553090443432479
2023-06-02,67.17850494384766,-0.005628169878467174,-0.005612361401878596,0.002700336149194811,0.0032914341406331486,-0.003731105591916374,67.42917442321777,67.71377563476562,66.52705503463746,67.24842105153117,67.41802453612746,35.743918325813354,-0.16960348459629415,-0.17316204356659917,0.0035585589703050202,68.3899091719817,66.46843967445385,0.3695428266268985,0.058272827701932366
2023-06-05,67.18775177001953,0.00013763613592608246,0.00013764560821361016,-0.005628169878467174,0.002700336149194811,0.0012455161489705183,67.38473358154297,67.69863555908204,66.52044816970825,67.23908731591399,67.40096729419355,38.42018627716541,-0.1618799782795577,-0.1709056305091909,0.009025652229633196,68.30055583247217,66.46891133061378,0.3924563083482713,0.05739943635264013
2023-06-06,67.28020477294922,0.0013750936635716976,0.0013760395383692892,0.00013763613592608246,-0.005628169878467174,0.006614747729222716,67.36105880737304,67.68259094238282,66.51367097854614,67.2454130785348,67.39202192224953,43.269375158976054,-0.1466088437147306,-0.16604627315029882,0.019437429435568226,68.26106457855113,66.46105303619495,0.45508138002382675,0.05569507298208079
2023-06-07,66.90104675292969,-0.005651445710378335,-0.005635506332049345,0.0013750936635716976,0.00013763613592608246,0.0032914341406331486,67.32211608886719,67.67309906005859,66.50716634750366,67.19243364382632,67.3556533911888,39.188371525002225,-0.1632197473624757,-0.1654809679927342,0.0022612206302585203,68.23138639263108,66.4128457851033,0.2684575564634068,0.05876707534358596
2023-06-08,67.23399353027344,0.004964362189431692,0.004976705051766173,-0.005651445710378335,0.0013750936635716976,0.002700336149194811,67.27906608581543,67.67265289306641,66.50386232376098,67.19882747251049,67.34664154963951,50.27321958477151,-0.14781407712902705,-0.16194758981999277,0.014133512690965716,68.11264166904029,66.44549050259057,0.47296432594173415,0.05714931329608465
2023-06-09,67.09526062011719,-0.0020655658420760436,-0.0020634340290047737,0.004964362189431692,-0.005651445710378335,-0.005628169878467174,67.21800994873047,67.66796340942383,66.5000001335144,67.18289411060383,67.32802074004528,51.10685292100781,-0.1451266294414495,-0.15858339774428412,0.013456768302834626,67.89604573137923,66.5399741660817,0.40948167356761167,0.05544854414078455
2023-06-12,67.23399353027344,0.002065565842075973,0.002067700592769617,-0.0020655658420760436,0.004964362189431692,0.00013763613592608246,67.1818775177002,67.66421264648437,66.49768991470337,67.19075555978377,67.32105576154366,53.78992215610113,-0.1303002017598942,-0.15292675854740614,0.022626556787511937,67.76448443140485,66.59927060399555,0.5447265655000932,0.053864128284079237
2023-06-13,66.93804931640625,-0.004411421150437076,-0.0044017051245651695,0.002065565842075973,-0.0020655658420760436,0.0013750936635716976,67.13971214294433,67.64756698608399,66.49204790115357,67.15187767618723,67.2926849137557,48.02152309807785,-0.14080723756848101,-0.15050285435162114,0.009695616783140126,67.65817439695611,66.62124988893255,0.3055183140357397,0.055161905110218644
2023-06-14,66.99354553222656,0.0008287248286588873,0.0008290683159586365,-0.004411421150437076,0.002065565842075973,-0.005651445710378335,67.10862312316894,67.62627044677734,66.4873610496521,67.12751888480867,67.27052644104984,51.936153224124865,-0.143007556241173,-0.1490037947295315,0.005996238488358507,67.57937625542473,66.63786999091315,0.3777728887421962,0.054950107088980245
2023-06-15,67.40971374511719,0.006192848970768699,0.006212064305365583,0.0008287248286588873,-0.004411421150437076,0.004964362189431692,67.10433769226074,67.60777618408203,66.48629091262818,67.17093347870228,67.2808366117215,62.33521294353702,-0.10990313301921617,-0.14118366238746846,0.03128052936825229,67.56163295375366,66.64704243076783,0.8338937428079775,0.05951403922260522
2023-06-16,67.2617416381836,-0.0021975282892797627,-0.002195115491709254,0.006192848970768699,0.0008287248286588873,-0.0020655658420760436,67.10649147033692,67.58264175415039,66.48420972824097,67.18490396477632,67.27942216923721,58.513977926111956,-0.09451820446088277,-0.13185057080215135,0.037332366341268575,67.56645194675936,66.64653099391448,0.6687646828421066,0.05816233373292642
2023-06-20,67.35421752929688,0.0013739218771996898,0.001374866140260389,-0.0021975282892797627,0.006192848970768699,0.002065565842075973,67.12249336242675,67.55972457885743,66.48399145126342,67.2109522054718,67.28496256627867,53.472064125710105,-0.07401036080686652,-0.12028252880309438,0.04627216799622787,67.59398490049394,66.65100182435957,0.7457352339980955,0.05738414325543456
2023-06-21,67.46519470214844,0.0016463088820838749,0.0016476647925318666,0.0013739218771996898,-0.0021975282892797627,-0.004411421150437076,67.14496650695801,67.54822952270507,66.4861566734314,67.25006643572974,67.29831309486161,51.61842630441664,-0.04824665913187687,-0.10587535486885088,0.05762869573697402,67.63741273586248,66.65252027805354,0.8251402654690096,0.05756123257186239
2023-06-22,67.14151763916016,-0.004809235456565187,-0.004797689600056443,0.0016463088820838749,0.0013739218771996898,0.0008287248286588873,67.1489486694336,67.52970825195312,66.48584341049194,67.23336662087287,67.28669861666151,42.857442166822494,-0.05333199578863912,-0.09536668305280854,0.042034687264169424,67.63985139580207,66.65804594306512,0.49243125992759335,0.0603528710498733
2023-06-23,67.33570861816406,0.0028880892235563023,0.002892263771092418,-0.004809235456565187,0.0016463088820838749,0.006192848970768699,67.17186584472657,67.51359878540039,66.48953413009643,67.24911154353305,67.29032898714318,52.88111704284551,-0.041217443610136684,-0.08453683516427417,0.043319391554137485,67.65206290374331,66.69166878570982,0.6705995178031491,0.06018653421571543
2023-06-26,67.41895294189453,0.0012354946887290967,0.0012362582267086974,0.0028880892235563023,-0.004809235456565187,-0.0021975282892797627,67.21139831542969,67.49988998413086,66.4912418937683,67.27524098943482,67.29985668749514,54.12539546838159,-0.02461569806031605,-0.07255260774348254,0.047936909683166495,67.62932162494205,66.79347500591733,0.7483166429589903,0.05828100843713743
2023-06-27,67.28947448730469,-0.0019223518072940223,-0.0019205052724778904,0.0012354946887290967,0.0028880892235563023,0.0013739218771996898,67.24030494689941,67.48966506958008,66.49334344863891,67.27743075833789,67.29908763562918,50.1632454539836,-0.021656877291292176,-0.06237346165304448,0.0407165843617523,67.58639956464651,66.89421032915232,0.5710348238371089,0.058889929314403865
2023-06-28,67.502197265625,0.0031563219322939934,0.0031613083612422876,-0.0019223518072940223,0.0012354946887290967,0.0016463088820838749,67.25771064758301,67.4910563659668,66.49664445877075,67.31201022099744,67.31413279340664,61.24587524691428,-0.0021225724092062137,-0.05032328380427683,0.048200711395070615,67.62017481311818,66.89524648204784,0.8372562604650985,0.05524017223963229
2023-06-29,66.99354553222656,-0.007563870021492833,-0.0075353359446488355,0.0031563219322939934,-0.0019223518072940223,-0.004809235456565187,67.23861389160156,67.48025039672852,66.49780954360962,67.26301565349422,67.29038558887478,45.77934078649218,-0.027369935380562538,-0.04573261411953397,0.018362678738971433,67.6149329055263,66.86229487767682,0.17438748733540402,0.06052189434727922
2023-06-30,67.2247314453125,0.00344492787309967,0.0034508684567937653,-0.007563870021492833,0.0031563219322939934,0.0028880892235563023,67.22196731567382,67.475908203125,66.50180547714234,67.25712577531242,67.28552231898128,52.20119749294372,-0.028396543668861796,-0.04226540002939953,0.013868856360537737,67.56701780569259,66.87691682565506,0.5040053988019655,0.061064184389250944
2023-07-03,67.03375244140625,-0.0028449469588574714,-0.0028409039322323526,0.00344492787309967,-0.007563870021492833,0.0012354946887290967,67.21472969055176,67.46185760498047,66.50443914413452,67.22276064701916,67.26687269842017,46.65502650897227,-0.04411205140101515,-0.04263473030372266,-0.0014773210972924902,67.5695528310563,66.85990655004723,0.24497541382422874,0.058558986850603525
2023-07-05,66.75559997558594,-0.004158071798036996,-0.00414943898692588,-0.0028449469588574714,0.00344492787309967,-0.0019223518072940223,67.19312210083008,67.44463638305665,66.5066778755188,67.15088977449096,67.2290006448769,46.93400822589413,-0.07811087038594167,-0.04972995832016647,-0.0283809120657752,67.60319448679579,66.78304971486438,-0.03346938274543309,0.06028010215920782
2023-07-06,66.3290786743164,-0.006409795115629937,-0.006389296200251637,-0.004158071798036996,-0.0028449469588574714,0.0031563219322939934,67.14556579589843,67.41354721069337,66.50714612960816,67.02445729754103,67.16233975816873,40.0719075097066,-0.1378824606276936,-0.0673604587816719,-0.0705220018460217,67.70611300534156,66.5850185864553,-0.22829469831199456,0.06361381977553418
2023-07-07,66.29203033447266,-0.0005587095611609527,-0.0005585535120374852,-0.006409795115629937,-0.004158071798036996,-0.007563870021492833,67.11511497497558,67.37288299560547,66.50765542984009,66.91177622629975,67.0978723934505,31.166517109894656,-0.18609616715075106,-0.09110760045548774,-0.09498856669526332,67.7867509584962,66.44347899145497,-0.11274608619719804,0.060878716722206724
2023-07-10,66.5238037109375,0.0034901503032796835,0.0034962479697098203,-0.0005587095611609527,-0.006409795115629937,0.00344492787309967,67.0796054840088,67.34163970947266,66.5109532737732,66.85208814701325,67.05534878733843,37.906934292880166,-0.20326064032518332,-0.11353820842942686,-0.08972243189575646,67.79822977927583,66.36098118874176,0.11328765480663022,0.059342965110791686
2023-07-11,66.66287231445312,0.002088326823776585,0.0020905088969342955,0.0034901503032796835,-0.0005587095611609527,-0.0028449469588574714,67.05798606872558,67.31906661987304,66.51404123306274,66.82297801892707,67.02627645601359,38.84088882758893,-0.20329843708651651,-0.1314902541608448,-0.0718081829256717,67.80025465939258,66.31571747805859,0.2338471819766665,0.059748670605682015
2023-07-12,67.1913833618164,0.007896854548250254,0.00792811694147022,0.002088326823776585,0.0034901503032796835,-0.004158071798036996,67.05585556030273,67.2995182800293,66.5231667137146,66.87965576398697,67.03850659718417,46.10532941214772,-0.1588508331971923,-0.1369623699681143,-0.021888463229077976,67.79623925432003,66.31547186628543,0.5915253824529181,0.06608981249554673
2023-07-13,67.5993423461914,0.006053238869721368,0.006071596742966312,0.007896854548250254,0.002088326823776585,-0.006409795115629937,67.08892021179199,67.30215057373047,66.53523736953736,66.99037677663381,67.08004998599952,56.35958218876114,-0.08967320936571355,-0.12750453784763416,0.03783132848192061,67.86534009548404,66.31250032809993,0.8287023845733084,0.0673195043674712
2023-07-14,67.2840805053711,-0.0046745909651717335,-0.0046636820696536185,0.006053238869721368,0.007896854548250254,-0.0005587095611609527,67.10344696044922,67.28519439697266,66.54989625930786,67.03556196567031,67.09516335780482,49.306177857158964,-0.059601392134510434,-0.11392390870500942,0.05432251657049898,67.8832178987679,66.32367602213054,0.6158247480416189,0.06974454455623064
2023-07-17,67.35826110839844,0.0011018912720006009,0.0011024985772292162,-0.0046745909651717335,0.006053238869721368,0.0034901503032796835,67.10087432861329,67.26400283813477,66.56632947921753,67.08520798762848,67.11465208007102,49.18238011153753,-0.029444092442545866,-0.09702794545251671,0.06758385300997084,67.87672041211226,66.32502824511431,0.6658748979078208,0.06621009419811907
2023-07-18,67.44169616699219,0.0012379094316490899,0.001238675957793589,0.0011018912720006009,-0.0046745909651717335,0.002088326823776585,67.10987205505371,67.24632461547851,66.57820028305053,67.14005232291521,67.13887756799112,52.07643858312623,0.0011747549240936905,-0.07738740537719463,0.07856216030128832,67.89765555359,66.32208855651743,0.7106061580085191,0.06584606471631889
2023-07-19,67.5993423461914,0.00233479026152225,0.0023375180067961576,0.0012379094316490899,0.0011018912720006009,0.007896854548250254,67.12212829589843,67.23678009033203,66.59253431320191,67.21071232649616,67.17298607008003,51.34536018207215,0.037726256416135584,-0.05436467301852859,0.09209092943466418,67.93320109281544,66.31105549898143,0.7941869411148583,0.06617364492916945
2023-07-20,67.2840805053711,-0.0046745909651717335,-0.0046636820696536185,0.00233479026152225,0.0012379094316490899,0.006053238869721368,67.11307258605957,67.2273876953125,66.60606142044067,67.22199973863077,67.18121528750899,54.25133576409279,0.04078445112178031,-0.03533484819046681,0.07611929931224712,67.91197044270977,66.31417472940937,0.6070273989897541,0.06809395697958505
2023-07-21,67.33043670654297,0.0006887251681969197,0.0006889623938335365,-0.0046745909651717335,0.00233479026152225,-0.0046745909651717335,67.12251853942871,67.22039840698243,66.6171166419983,67.2386823490788,67.19226872595596,51.63521344521946,0.04641362312284514,-0.01898515392780442,0.06539877705064956,67.92727845780749,66.31775862104993,0.6291802451674765,0.06584735833240513
2023-07-24,67.21917724609375,-0.0016538060948574622,-0.0016524393111266855,0.0006887251681969197,-0.0046745909651717335,0.0011018912720006009,67.1166919708252,67.20288208007813,66.62679899215698,67.23568156400418,67.19426194966987,52.94097716338009,0.04141961433431618,-0.006904200275380301,0.04832381460969648,67.91662577301491,66.31675816863549,0.5640585977164667,0.0653051876736163
2023-07-25,67.14500427246094,-0.0011040588396241543,-0.0011034495908995856,-0.0016538060948574622,0.0006887251681969197,0.0012379094316490899,67.10299453735351,67.17945449829102,66.6378342628479,67.22173121145907,67.19061323283958,56.60352947264918,0.031117978619491282,0.000700235503594015,0.030417743115897268,67.89041997784398,66.31556909686304,0.526675373278047,0.0652049431273707
2023-07-26,67.36754608154297,0.003308866147280247,0.003314346487774511,-0.0011040588396241543,-0.0016538060948574622,0.00233479026152225,67.10689811706543,67.1676725769043,66.65120721817017,67.24416426839505,67.20371936978057,68.91922696289377,0.04044489861448142,0.008649168125771496,0.03179573048870992,67.89897631691068,66.31481991722018,0.6645342369784103,0.06601504986604807
2023-07-27,66.7927017211914,-0.008569570907805767,-0.008532956798749325,0.003308866147280247,-0.0011040588396241543,-0.0046745909651717335,67.07142333984375,67.14789947509766,66.66338453292846,67.17470849190218,67.17327361803322,57.626901960419694,0.00143487386895913,0.0072063092744090234,-0.005771435405449893,67.85243229142438,66.29041438826312,0.32156310879135563,0.07160111706950967
2023-07-28,67.02445983886719,0.0034638060872377524,0.0034698119959750695,-0.008569570907805767,0.003308866147280247,0.0006887251681969197,67.07296905517578,67.13608215332032,66.67817235946656,67.15159331451218,67.16225037513203,57.62670497336197,-0.010657060619848835,0.003633635295557452,-0.014290695915406286,67.8534512272531,66.29248688309845,0.4689235590228306,0.06783019876797418
2023-07-31,67.14500427246094,0.0017968986732877265,0.0017985140631278096,0.0034638060872377524,-0.008569570907805767,-0.0016538060948574622,67.0689826965332,67.12907379150391,66.69347219467163,67.15057961573507,67.16097288604529,57.38620425261347,-0.010393270310217417,0.0008282541744024778,-0.011221524484619895,67.84701170800484,66.29095368506155,0.548855232135846,0.06697437510693804
2023-08-01,66.72944641113281,-0.006208192734252707,-0.006188961722928377,0.0017968986732877265,0.0034638060872377524,-0.0011040588396241543,67.05376739501953,67.11928939819336,66.70633127212524,67.0857898919501,67.12900796197769,42.66948198334539,-0.04321807002759215,-0.007981010665996447,-0.0352370593615957,67.84646127474191,66.26107351529716,0.29543112910099223,0.06983271400664455
2023-08-02,66.51564025878906,-0.003209219059222006,-0.003204075019991204,-0.006208192734252707,0.0017968986732877265,0.003308866147280247,67.0417694091797,67.10891860961914,66.7192554473877,66.99807456377148,67.08357331729705,31.673337100773864,-0.08549875352557024,-0.023484559237911207,-0.06201419428765903,67.86030790256268,66.2232309157967,0.17861673296746303,0.06920275367417751
2023-08-03,66.10660552978516,-0.006168437633355532,-0.006149451879475243,-0.003209219059222006,-0.006208192734252707,-0.008569570907805767,67.03064575195313,67.09073608398438,66.7316770362854,66.86092548161974,67.01120533303691,30.69966134930044,-0.15027985141716727,-0.04884361767376243,-0.10143623374340484,67.89474293121306,66.1665485726932,-0.034685359671805034,0.06891930268286128
2023-08-04,66.65508270263672,0.008262629084881143,0.008296858815484587,-0.006168437633355532,-0.003209219059222006,0.0034638060872377524,67.04879837036133,67.08260025024414,66.74616039276123,66.8292573617762,66.9848258789332,40.024978949715255,-0.15556851715699338,-0.07018859757040861,-0.08537991958658477,67.86127453489512,66.23632220582753,0.25770632732929133,0.07509276720664596
2023-08-07,66.5528335571289,-0.0015351815186418602,-0.0015340037302776777,0.008262629084881143,-0.006168437633355532,0.0017968986732877265,67.0502498626709,67.07610961914062,66.75940662384033,66.78673062259969,66.95282644768844,37.45788074194486,-0.1660958250887461,-0.08937004307407612,-0.07672578201466998,67.85887153299203,66.24162819234976,0.19242952310166958,0.0743523829837181
2023-08-08,66.7945327758789,0.0036251107177587383,0.0036316893786727533,-0.0015351815186418602,0.008262629084881143,-0.006208192734252707,67.05683288574218,67.07943420410156,66.77649265289307,66.78793095387341,66.94110099051737,38.907022916175926,-0.15317003664395656,-0.10213004178805221,-0.05103999485590435,67.85424196874926,66.2594238027351,0.33552977044472293,0.07511508609291487
2023-08-09,66.8131332397461,0.000278434083044006,0.0002784728494111821,0.0036251107177587383,-0.0015351815186418602,-0.003209219059222006,67.03792037963868,67.08147003173828,66.7958039855957,66.79180822862305,66.93162189786764,42.93063483192392,-0.13981366924458882,-0.10966676727935953,-0.03014690196522929,67.83982245346068,66.23601830581667,0.3598412778625146,0.06926511815971464
2023-08-10,66.4412612915039,-0.005581398120933444,-0.005565851056674731,0.000278434083044006,0.0036251107177587383,-0.006168437633355532,66.98001632690429,67.0672135925293,66.81271154403686,66.73787793060472,66.89529888998885,37.840894390031174,-0.15742095938412604,-0.11921760570031284,-0.038203353683813196,67.77846519188735,66.18156746192123,0.16262395813424038,0.06743858796107927
2023-08-11,66.22745513916016,-0.003223161317823107,-0.0032179725096683764,-0.005581398120933444,0.000278434083044006,0.008262629084881143,66.92718505859375,67.04425308227539,66.82900358200074,66.65935134730556,66.84582898252006,36.80857325525934,-0.18647763521450145,-0.13266961160315055,-0.0538080236113509,67.7789687302792,66.0754013869083,0.08925608538080189,0.0665416787590233
2023-08-14,66.143798828125,-0.0012639650931059265,-0.0012631666256747165,-0.003223161317823107,-0.005581398120933444,-0.0015351815186418602,66.86646194458008,67.01597579956055,66.84188320159912,66.58003557512393,66.79382674886116,36.71594410634533,-0.21379117373723489,-0.14889392402996743,-0.06489724970726746,67.76093794582039,65.97198594333977,0.09604108134091068,0.06617779695902491
2023-08-15,65.99504089355469,-0.0022515408448699984,-0.0022490080280520575,-0.0012639650931059265,-0.003223161317823107,0.0036251107177587383,66.7941291809082,66.99230651855468,66.85274885177613,66.49003639334404,66.73465742624587,31.425845659522537,-0.2446210329018328,-0.1680393458043405,-0.0765816870974923,67.72593607510038,65.86232228671602,0.07121572488134705,0.0658341266734805
2023-08-16,65.80912780761719,-0.002821052036002498,-0.0028170766078827736,-0.0022515408448699984,-0.0012639650931059265,0.000278434083044006,66.70461845397949,66.96473403930663,66.86100633621216,66.38528122630913,66.66609967671782,35.12320875904996,-0.28081845040868814,-0.19059516672521004,-0.0902232836834781,67.65450714301949,65.7547297649395,0.028633903795963287,0.06481878894226614
2023-08-17,65.74402618408203,-0.000989738776671688,-0.0009892491467972109,-0.002821052036002498,-0.0022515408448699984,-0.005581398120933444,66.62761573791504,66.93401046752929,66.86957342147826,66.28662660442804,66.59779793652258,29.604928969850164,-0.3111713320945455,-0.21471039979907716,-0.09646093229546834,67.62806230681345,65.62716916901663,0.05840242682529121,0.06361456218731054
2023-08-18,65.88349914550781,0.0021192074115921763,0.002121454518700494,-0.000989738776671688,-0.002821052036002498,-0.003223161317823107,66.55526885986328,66.91365951538086,66.87983594894409,66.22460699536339,66.54488691496593,30.02686470528549,-0.320279919602541,-0.23582430375976993,-0.08445561584277106,67.55097692590151,65.55956079382504,0.16266733329361796,0.06436350399964076
2023-08-21,65.56742858886719,-0.004808960594061557,-0.004797416056220194,0.0021192074115921763,-0.000989738776671688,-0.0012639650931059265,66.47268142700196,66.88032821655274,66.8881861114502,66.1235026251332,66.47248259451418,31.00357707677493,-0.3489799693809772,-0.2584554368840114,-0.09052453249696579,67.5096765292629,65.43568632474101,0.06352116024412194,0.06569320873180456
2023-08-22,65.65108489990234,0.0012750688930239936,0.0012758821389764474,-0.004808960594061557,0.0021192074115921763,-0.0022515408448699984,66.39798545837402,66.85144470214844,66.89745494842529,66.05082297509767,66.41163832083923,35.238271408733624,-0.3608153457415568,-0.2789274186555205,-0.08188792708603632,67.44622886022799,65.34974205652006,0.14373705708489046,0.06630042930270297
2023-08-23,66.24604034423828,0.009021568566411332,0.009062385568236353,0.0012750688930239936,-0.004808960594061557,-0.002821052036002498,66.34191017150879,66.83168563842773,66.91092613220215,66.08085641650392,66.39937180405397,52.238630461836955,-0.3185153875500504,-0.2868450124344265,-0.03167037511562387,67.28664832515545,65.39717201786212,0.4492611646409909,0.07401922109705021
2023-08-24,66.08800506591797,-0.002388430776945525,-0.002385580745643101,0.009021568566411332,0.0012750688930239936,-0.000989738776671688,66.30667533874512,66.81468475341796,66.923516330719,66.08195620872146,66.37630760122907,39.59049913170131,-0.29435139250760756,-0.28834628844906274,-0.006005104058544819,67.23300860406964,65.38034207342061,0.3819699772141137,0.06850389303890057
2023-08-25,66.08800506591797,0.0,0.0,-0.002388430776945525,0.009021568566411332,0.0021192074115921763,66.25985260009766,66.79657394409179,66.93733415603637,66.08288680213631,66.35495185787269,41.13463206234831,-0.27206505573637685,-0.28509004190652554,0.013024986170148689,67.12614512212066,65.39356007807466,0.400814372852726,0.06691015246476778
2023-08-28,66.2088623046875,0.001827061740637887,0.0018287318349068382,0.0,-0.002388430776945525,-0.004808960594061557,66.21304550170899,66.7725569152832,66.95034666061402,66.10226764868266,66.3441304094886,38.29012840969067,-0.24186276080594382,-0.27644458568640917,0.03458182488046535,66.97254484138291,65.45354616203507,0.4972460825158281,0.06692518649601446
2023-08-29,66.61791229248047,0.006159169070458488,0.006178175754033566,0.001827061740637887,0.0,0.0012750688930239936,66.20746879577636,66.75968032836914,66.96494976043701,66.18159759388232,66.36441054896947,46.62388245601072,-0.182812955087158,-0.25771825956655897,0.07490530447940097,66.95250311488968,65.46243447666305,0.7754527450444052,0.06782189828272876
2023-08-30,66.59000396728516,-0.00041901902510399947,-0.0004189312488926955,0.006159169070458488,0.001827061740637887,0.009021568566411332,66.21118698120117,66.74439605712891,66.97281990051269,66.2444293436366,66.38112117254842,52.91968179422053,-0.13669182891182174,-0.23351297343561153,0.09682114452378979,66.96340456700824,65.45896939539409,0.7518001395018885,0.06683238727786403
2023-08-31,66.70156860351562,0.0016739942388171816,0.001675396149327213,-0.00041901902510399947,0.006159169070458488,-0.002388430776945525,66.24093513488769,66.72912353515625,66.98124786376952,66.31475846054107,66.40485801928673,59.69557307837526,-0.09009955874566344,-0.20483029049762194,0.1147307317519585,67.02223451957771,65.45963575019768,0.7947867857407127,0.06282250879930665
2023-09-01,66.38089752197266,-0.004819142768957215,-0.004807549331397043,0.0016739942388171816,-0.00041901902510399947,0.0,66.22722587585449,66.7139111328125,66.98911819458007,66.32493370076132,66.40308316763384,54.42016060898283,-0.07814946687251734,-0.17949412577260102,0.10134465890008368,66.98726034137732,65.46719141033165,0.6010951825799489,0.05823377777235277
2023-09-05,66.017333984375,-0.005491983499691461,-0.005476930128540558,-0.004819142768957215,0.0016739942388171816,0.001827061740637887,66.2004508972168,66.68754364013672,66.9928971862793,66.27761066747112,66.37450915405911,50.384785563035294,-0.09689848658798894,-0.1629749979356786,0.06607651134768966,66.94984294570475,65.45105884872885,0.37782302120013633,0.061056872845015576
2023-09-06,65.94275665283203,-0.001130301428602176,-0.0011296628785497642,-0.005491983499691461,-0.004819142768957215,0.006159169070458488,66.15786209106446,66.65801971435548,66.99443897247315,66.22609466521895,66.34252748730155,52.39866447182819,-0.11643282208260075,-0.15366656276506305,0.037233740682462296,66.86045009161307,65.45527409051584,0.34691922003758785,0.05919998939381418
2023-09-07,66.16650390625,0.0033873093590588957,0.0033930527744832073,-0.001130301428602176,-0.005491983499691461,-0.00041901902510399947,66.12553062438965,66.63556030273438,66.99846359252929,66.2169268561468,66.32948870351996,57.17491636282597,-0.11256184737315778,-0.145445619686682,0.03288377231352421,66.75707508811155,65.49398616066776,0.5324389526106184,0.060846532867929216
2023-09-08,66.18514251708984,0.00028165287651115805,0.00028169254440668645,0.0033873093590588957,-0.001130301428602176,0.0016739942388171816,66.11272468566895,66.60921920776367,67.00312698364257,66.21203695783034,66.31879639341403,55.34204375025334,-0.10675943558369738,-0.13770838286608506,0.030948947282387673,66.72747629629404,65.49797307504386,0.5589000745742307,0.05781875992695191
2023-09-11,66.08258056640625,-0.0015508238721920439,-0.0015496219662458621,0.00028165287651115805,0.0033873093590588957,-0.004819142768957215,66.10548095703125,66.59099990844726,67.00727756500244,66.19212058991894,66.30129892474679,59.8696173297863,-0.10917833482784545,-0.13200237325843714,0.022824038430591692,66.71795033104804,65.49301158301445,0.4813048687848602,0.056954646524669666
2023-09-12,66.12920379638672,0.0007052810328184545,0.0007055298019666978,-0.0015508238721920439,0.00028165287651115805,-0.005491983499691461,66.10475120544433,66.56908935546875,67.00997886657714,66.18244108322168,66.28855113746086,59.29196716644525,-0.1061100542391813,-0.126823909454586,0.020713855215404697,66.71706310569228,65.49243930519638,0.5199674307591334,0.05685409287908099
2023-09-13,66.23173522949219,0.001549270568317079,0.001550471307974144,0.0007052810328184545,-0.0015508238721920439,-0.001130301428602176,66.11658592224121,66.55304901123047,67.01119201660157,66.19002479803252,66.2843425516854,49.65618158013445,-0.09431775365287365,-0.12032267829424353,0.026004924641369886,66.72911909720099,65.50405274728143,0.5939943434562012,0.05646696622205563
2023-09-14,66.119873046875,-0.0016903792966336754,-0.0016889514102202963,0.001549270568317079,0.0007052810328184545,0.0033873093590588957,66.1321231842041,66.54033447265626,67.01184585571289,66.17923222093137,66.27215962540315,50.7833216438315,-0.09292740447178005,-0.11484362352975085,0.021916219057970796,66.72733874219949,65.53690762620872,0.4897094950186103,0.05580902143399181
2023-09-15,65.98938751220703,-0.001975419081877451,-0.0019734692257419306,-0.0016903792966336754,0.001549270568317079,0.00028165287651115805,66.14439125061035,66.53354064941406,67.01225654602051,66.15002534266608,66.25121354294417,47.722082023374824,-0.10118820027808795,-0.11211253887941827,0.010924338601330325,66.71555469735623,65.57322780386448,0.36430877248322113,0.056204317599290086
2023-09-18,66.05463409423828,0.0009882550765677293,0.000988743561518568,-0.001975419081877451,-0.0016903792966336754,-0.0015508238721920439,66.15294799804687,66.52879272460937,67.0142212677002,66.13534976598488,66.23665210229929,46.34362508365439,-0.10130233631440433,-0.10995049836641549,0.00864816205201116,66.71266762557661,65.59322837051712,0.4121757582072969,0.055830572736172195
2023-09-19,65.91478729248047,-0.0021193826969173103,-0.0021171383912035324,0.0009882550765677293,-0.001975419081877451,0.0007052810328184545,66.17031593322754,66.51661239624023,67.01294036865234,66.10141707775344,66.21281026453494,30.89156126891976,-0.11139318678149834,-0.11023903604943207,-0.0011541507320662753,66.67209454483155,65.66853732162353,0.24537710970756818,0.05344016993085218
2023-09-20,65.83090209960938,-0.0012734413489233043,-0.0012726308665591546,-0.0021193826969173103,0.0009882550765677293,0.001549270568317079,66.17930679321289,66.49997299194337,67.00848274230957,66.0597993888082,66.18452077083674,29.979435543911748,-0.12472138202853955,-0.11313550524525358,-0.011585876783285973,66.64721312769228,65.7114004587335,0.12769825077153804,0.05356630804053512
2023-09-21,65.4207534790039,-0.00624982525120976,-0.0062303357165738316,-0.0012734413489233043,-0.0021193826969173103,-0.0016903792966336754,66.13804244995117,66.4645603942871,67.00060703277587,65.9614846334537,66.12794541588616,20.816137791483982,-0.1664607824324662,-0.12380056068269613,-0.04266022174977008,66.71420807817339,65.56187682172896,-0.12246768621072993,0.04699663876731424
2023-09-22,65.69107818603516,0.004123580406838802,0.004132094062750502,-0.00624982525120976,-0.0012734413489233043,-0.001975419081877451,66.11819610595703,66.42639511108399,66.99672630310059,65.91988364154315,66.09558488034165,33.91311774083351,-0.17570123879849575,-0.13418069630585605,-0.0415205424926397,66.72798264565,65.50840956626405,0.14978079039189637,0.049383207005575004
2023-09-25,65.2063217163086,-0.007406696942754167,-0.007379334958603434,0.004123580406838802,-0.00624982525120976,0.0009882550765677293,66.07411193847656,66.38483993530274,66.98932796478272,65.81010488381476,66.02971353485772,32.098723851415755,-0.2196086510429609,-0.15126628725327704,-0.06834236378968386,66.8079516371783,65.34027223977482,-0.09126688274237629,0.055414327118913934
2023-09-26,65.14109802246094,-0.0010007670182044207,-0.0010002664179007414,-0.007406696942754167,0.004123580406838802,-0.0021193826969173103,66.02072372436524,66.34049667358398,66.97868671417237,65.70718075129878,65.96389016356908,32.23181582979069,-0.25670941227029687,-0.172354912256681,-0.08435450001361586,66.86093981427385,65.18050763445663,-0.023452069336104237,0.05462673376145893
2023-09-27,64.90803527832031,-0.00358422986347585,-0.003577814179003602,-0.0010007670182044207,-0.007406696942754167,-0.0012734413489233043,65.93522987365722,66.28982345581055,66.96783729553222,65.58423529391747,65.88567869058768,22.221660873548345,-0.3014433966702086,-0.19817260913938653,-0.10327078753082206,66.8629982250954,65.00746152221905,-0.053583550109576605,0.04876741889991113
2023-09-28,65.0758285522461,0.0025817568763183683,0.002585092480557938,-0.00358422986347585,-0.0010007670182044207,-0.00624982525120976,65.85952110290528,66.23935317993164,66.95978649139404,65.50601887212187,65.82568979145127,27.026676862987983,-0.31967091932939695,-0.2224722711773886,-0.09719864815200835,66.80917890269716,64.9098633031134,0.0873816069162326,0.050614757881757705
2023-09-29,65.04785919189453,-0.0004298888429491787,-0.00042979645398000255,0.0025817568763183683,-0.00358422986347585,0.004123580406838802,65.77683563232422,66.19462875366212,66.9515958404541,65.43553276747151,65.76807271000263,27.88829941599795,-0.3325399425311133,-0.24448580544813356,-0.08805413708297974,66.7055359718423,64.84813529280615,0.10752871006379995,0.0495985843205387
2023-10-02,64.60106658935547,-0.006892372899786946,-0.006868674973929623,-0.0004298888429491787,0.0025817568763183683,-0.007406696942754167,65.68784408569336,66.14004135131836,66.93889240264893,65.30715335545366,65.68162781217691,22.113563966051103,-0.37447445672324875,-0.27048353570315664,-0.10399092102009211,66.70929328234782,64.6663948890389,-0.031978242235344796,0.052059334363264154
2023-10-03,64.07759857177734,-0.008136094737152542,-0.00810308629895562,-0.006892372899786946,-0.0004298888429491787,-0.0010007670182044207,65.59085731506347,66.07720977783202,66.92275131225585,65.11799108104192,65.56281083140658,15.9248951849018,-0.44481975036465826,-0.305350778635457,-0.13946897172920125,66.82648211245007,64.35523251767688,-0.11234557063226139,0.05557114319596683
2023-10-04,64.49824523925781,0.006543191252504588,0.006564644694187161,-0.008136094737152542,-0.006892372899786946,-0.00358422986347585,65.51863174438476,66.02427459716797,66.90853118896484,65.02264556692128,65.48395412087704,26.631249807596745,-0.4613085539557602,-0.33654233369951764,-0.12476622025624257,66.83394946727289,64.20331402149664,0.11211405907067674,0.0624781318304542
2023-10-05,64.54496765136719,0.0007241359402705942,0.0007243981899982543,0.006543191252504588,-0.008136094737152542,0.0025817568763183683,65.43755493164062,65.96782302856445,66.8954105758667,64.94915665683604,65.41439956758002,28.669994028774553,-0.4652429107439815,-0.3622824491084104,-0.1029604616355711,66.78425482157037,64.09085504171087,0.16860200741533002,0.060624695406339316
2023-10-06,64.29258728027344,-0.0039178125360802936,-0.003910147921321383,0.0007241359402705942,0.006543191252504588,-0.0004298888429491787,65.34292716979981,65.91782073974609,66.88303333282471,64.84814598351872,65.33130236111288,25.342338514230562,-0.4831563775941561,-0.38645723480555955,-0.09669914278859654,66.7336920693645,63.95216227023513,0.12238769117083137,0.06105724041014847
2023-10-09,64.94691467285156,0.010125897632993982,0.010177338014500714,-0.0039178125360802936,0.0007241359402705942,-0.006892372899786946,65.28614387512206,65.87626983642578,66.87611549377442,64.863341166493,65.30282919901944,38.16058399610271,-0.439488032526441,-0.39706339434973587,-0.04242463817670511,66.64205337197608,63.930234378268054,0.3749071368488886,0.07358597288155415
2023-10-10,64.88147735595703,-0.0010080587368187497,-0.001007550816295888,0.010125897632993982,-0.0039178125360802936,-0.008136094737152542,65.22375755310058,65.8309992980957,66.86809558868408,64.86613134948746,65.27161795138518,38.3335927055775,-0.4054866018977208,-0.3987480358593329,-0.006738566038387905,66.5302590345398,63.91725607166137,0.3690088752266459,0.07335145982564178
2023-10-11,65.18060302734375,0.004599744951099838,0.004610340016544923,-0.0010080587368187497,0.010125897632993982,0.006543191252504588,65.17120094299317,65.80002243041992,66.86161682128906,64.9145116076192,65.26487610515989,46.966288669531046,-0.35036449754068144,-0.3890713281956026,0.03870683065492114,66.38849677664153,63.953905109344795,0.5038618732154893,0.07549910964453863
2023-10-12,64.61974334716797,-0.00864193642616616,-0.008604702229288885,0.004599744951099838,-0.0010080587368187497,0.0007241359402705942,65.09619445800782,65.7621044921875,66.85337551116943,64.86916264447285,65.21708849345679,37.39180559845421,-0.34792584898393386,-0.38084223235326886,0.032916383369335,66.25060938933586,63.94177952667977,0.2936395753770556,0.08045623189857382
2023-10-13,64.91889190673828,0.004618685240530727,0.004629367807345464,-0.00864193642616616,0.004599744951099838,-0.0039178125360802936,65.04266967773438,65.73835021972656,66.84918815612792,64.876813300206,65.19499985740356,46.462800916363086,-0.3181865571975635,-0.36831109732212786,0.050124540124564354,66.1193649168804,63.965974438588354,0.4425195884146986,0.08292320661212292
2023-10-16,64.5823745727539,-0.0051971397745226005,-0.005183658009255798,0.004618685240530727,-0.00864193642616616,0.010125897632993982,64.96905670166015,65.69689605712891,66.84377498626709,64.83151503444414,65.14962020668877,43.55455651215721,-0.3181051722446284,-0.35826991230662797,0.04016474006199955,65.95163839548819,63.98647500783211,0.30323156266031676,0.08403570210081862
2023-10-17,64.1617202758789,-0.006534758651328539,-0.0065134535491742085,-0.0051971397745226005,0.004618685240530727,-0.0010080587368187497,64.88140335083008,65.64907379150391,66.83502513885497,64.72846968697257,65.07644243403618,41.74766782466968,-0.3479727470636078,-0.35621047925802396,0.008237732194416147,65.8205732849757,63.94223341668447,0.11685151494660348,0.08616188686605535
2023-10-18,63.88129806518555,-0.004380131969152164,-0.004370553181673009,-0.006534758651328539,-0.0051971397745226005,0.004599744951099838,64.78392314910889,65.59080909729003,66.82624361038208,64.59813559131302,64.98791322152873,37.11255009675701,-0.3897776302157041,-0.36292390944956,-0.026853720766144118,65.7127940764751,63.85505222174266,0.014127820491327875,0.08682944218818689
2023-10-19,63.60087203979492,-0.0043994619399648,-0.004389798483814045,-0.004380131969152164,-0.006534758651328539,-0.00864193642616616,64.69292907714843,65.52656387329101,66.81432403564453,64.444710429541,64.8851694302892,35.19533143545402,-0.44045900074819144,-0.3784309277092863,-0.06202807303890512,65.71136589110883,63.67449226318805,-0.03614373635357973,0.08572927853765203
2023-10-20,63.83455657958984,0.0036675013261068434,0.0036742348383005385,-0.0043994619399648,-0.004380131969152164,0.004618685240530727,64.60010299682617,65.47442977905274,66.80169979095459,64.35084060647159,64.80734625616331,41.79996310848544,-0.4565056496917208,-0.39404587210577324,-0.06245977758594756,65.57288332161166,63.62732267204068,0.10651629266600225,0.08535324732577065
2023-10-23,64.07759857177734,0.0038001436905270433,0.003807373391628177,0.0036675013261068434,-0.0043994619399648,-0.0051971397745226005,64.54366683959961,65.43143264770508,66.79065628051758,64.30880337036479,64.75329087213473,50.0,-0.4444875017699417,-0.40413419803860695,-0.04035330373133472,65.49917622184132,63.588157457357894,0.2561152844314173,0.08421365469814335
2023-10-24,64.29258728027344,0.0033495146566946267,0.0033551305493333405,0.0038001436905270433,0.0036675013261068434,-0.006534758651328539,64.50124130249023,65.39440841674805,66.77703311920166,64.3063085872738,64.719164680145,47.5445212654515,-0.41285609287119485,-0.4058785770051246,-0.006977515866070261,65.4196907688534,63.58279183612706,0.3864096339219355,0.08553162750504777
2023-10-25,63.8065185546875,-0.007588984407798993,-0.007560260772629945,0.0033495146566946267,0.0038001436905270433,-0.004380131969152164,64.4461654663086,65.3506379699707,66.76006591796875,64.22941781302976,64.65156126344445,42.02036007723243,-0.42214345041469414,-0.4091315516870385,-0.013011898727655624,65.3935553608882,63.498775571729006,0.1624162262650346,0.08848081650133056
2023-10-26,64.23648834228516,0.0067160466498802345,0.006738649864263202,-0.007588984407798993,0.0033495146566946267,-0.0043994619399648,64.40419845581054,65.31918518066406,66.74657337188721,64.23050558676135,64.62081512113636,49.41620431975457,-0.3903095343750067,-0.4053671482246322,0.015057613849625506,65.30748082744645,63.500916084174634,0.40716628664984766,0.09176713512991286
2023-10-27,64.23648834228516,0.0,0.0,0.0067160466498802345,-0.007588984407798993,0.0036675013261068434,64.36362991333007,65.28903442382813,66.7312992477417,64.2314260106881,64.59234647085108,41.44135780909348,-0.36092046016298696,-0.3964778106123032,0.03555735044931624,65.21667731252369,63.510582514136466,0.4254780149584259,0.09179343792043314
2023-10-30,64.07759857177734,-0.002476576898776001,-0.0024735127122946787,0.0,0.0067160466498802345,0.0038001436905270433,64.33745651245117,65.25291641235351,66.71262649536133,64.20776025085567,64.55421699684562,40.52877968801405,-0.34645674598995413,-0.3864735976878334,0.040016851697879274,65.19195096748471,63.48296205741762,0.3479463856417747,0.0890949061071616
2023-10-31,64.05891418457031,-0.000291632524368531,-0.000291590003737463,-0.002476576898776001,0.0,0.0033495146566946267,64.33652229309082,65.22274612426757,66.69500255584717,64.18486085604255,64.51752789964004,35.84925455017951,-0.3326670435974961,-0.375712286869766,0.043045243272269884,65.19225293181805,63.4807916543636,0.337794689148087,0.08429059167491072
2023-11-01,64.68048858642578,0.009656394521189477,0.00970316793170345,-0.000291632524368531,-0.002476576898776001,-0.007588984407798993,64.34563446044922,65.20333419799805,66.68094333648682,64.2611112761015,64.52959906162417,50.754773501591636,-0.26848778552266594,-0.35426738660034596,0.08577960107768001,65.21242573217593,63.478843188722514,0.6931573014743829,0.08813952719681895
2023-11-02,65.05550384521484,0.0057812222538423325,0.005797965769661184,0.009656394521189477,-0.000291632524368531,0.0067160466498802345,64.3711612701416,65.17952346801758,66.66565269470215,64.38332551750355,64.56855497151977,51.66602467123321,-0.18522945401622337,-0.32045980008352143,0.13523034606729806,65.29111003629933,63.451212503983875,0.8719460258267847,0.0903826583654089
2023-11-03,65.43988800048828,0.005891169972141249,0.005908557040584794,0.0057812222538423325,0.009656394521189477,0.0,64.42852630615235,65.16656112670898,66.65296920776368,64.54587359180888,64.63309815885077,60.33695630181307,-0.0872245670418863,-0.27381275347519446,0.18658818643330816,65.46371154091949,63.393341071385215,0.9884931026684474,0.09088150881364875
2023-11-06,65.15860748291016,-0.004307568038516711,-0.004298303774236678,0.005891169972141249,0.0057812222538423325,-0.002476576898776001,64.43911094665528,65.14797317504883,66.64038692474365,64.640140344286,64.67202477544777,62.434882078748664,-0.031884431161770976,-0.22542708901250977,0.1935426578507388,65.50060855480042,63.37761333851014,0.8389063388998692,0.08570924378032026
2023-11-07,65.48675537109375,0.005023501348963158,0.005036140286909241,-0.004307568038516711,0.005891169972141249,-0.000291632524368531,64.46937484741211,65.13353103637695,66.63026763916015,64.77038880994873,64.73237518994006,69.79037841731896,0.03801362000866959,-0.1727389472082739,0.2107525672169435,65.61514457661166,63.32360511821257,0.9439725093769058,0.0872762389781635
2023-11-08,65.69302368164062,0.0031448212831901106,0.0031497714213815087,0.005023501348963158,-0.004307568038516711,0.009656394521189477,64.49499588012695,65.11503326416016,66.6196720123291,64.91233263636286,64.80353433747344,76.27012129055991,0.10879829888942538,-0.11643149798873406,0.22522979687815944,65.72737368386073,63.26261807639317,0.9860635260891437,0.08651133280613361
2023-11-09,65.20551300048828,-0.007448714822453808,-0.007421041898069802,0.0031448212831901106,0.005023501348963158,0.0057812222538423325,64.52428436279297,65.08734344482421,66.60622791290284,64.95743730776678,64.8333105347338,66.1828752985422,0.1241267730329838,-0.06831984378439049,0.1924466168173743,65.79634881302628,63.25221991255966,0.7677649853238031,0.08494836515172717
2023-11-10,65.327392578125,0.0018674159211441567,0.0018691606281175943,-0.007448714822453808,0.0031448212831901106,0.005891169972141249,64.54470939636231,65.05985992431641,66.5940327835083,65.01435350320651,64.86990920461463,65.18707921315294,0.14444429859187835,-0.025767015309136724,0.17021131390101507,65.85596647808269,63.23345231464192,0.7984476471752598,0.08371053064317478
2023-11-13,65.30863952636719,-0.0002871038194366591,-0.00028706260907906955,0.0018674159211441567,-0.007448714822453808,-0.004307568038516711,64.58102264404297,65.0384147644043,66.58210926055908,65.05962827600045,64.90240774696667,62.96505424497076,0.15722052903377914,0.010830493559446448,0.14639003547433269,65.93616291078506,63.225882377300884,0.7684655235260227,0.08120016795485119
2023-11-14,66.10553741455078,0.01212818395815538,0.012202028613103488,-0.0002871038194366591,0.0018674159211441567,0.005023501348963158,64.67821350097657,65.04017883300781,66.57512966156006,65.22053737423897,64.99152846308402,77.17994649464134,0.22900891115494915,0.05446617707854699,0.17454273407640214,66.17785092966322,63.178576072289914,0.9758896671524891,0.08643041445442229
2023-11-15,65.73989868164062,-0.005546489603249363,-0.0055311362286826204,0.01212818395815538,-0.0002871038194366591,0.0031448212831901106,64.77114353179931,65.03612167358398,66.564768409729,65.30043911383922,65.04696329408821,68.04846997188156,0.253475819751003,0.0942681056130382,0.15920771413796478,66.29303400311065,63.24925306048797,0.818273610388856,0.08757308510289258
2023-11-16,66.1336898803711,0.005972270467543618,0.005990140031056024,-0.005546489603249363,0.01212818395815538,-0.007448714822453808,64.89778442382813,65.0354653930664,66.55419654846192,65.4286315394595,65.1274615597388,70.80850850180747,0.30116997972069726,0.13564848043457,0.16552149928612725,66.4311298724609,63.364438975195355,0.90300946458118,0.08613679184634837
2023-11-17,66.2274169921875,0.001416233661032981,0.0014172369935194773,0.005972270467543618,-0.005546489603249363,0.0018674159211441567,65.01742744445801,65.03631088256836,66.54386436462403,65.55152160910997,65.2089397399202,73.92114150080053,0.34258186918977174,0.17703515818561036,0.16554671100416138,66.57469458703225,63.46016030188376,0.8884977453930332,0.08591270842450632
2023-11-20,66.32115173339844,0.0014143458165945598,0.0014153464753425826,0.001416233661032981,0.005972270467543618,-0.0002871038194366591,65.12960510253906,65.0410823059082,66.53702312469483,65.66992624361589,65.29132581351118,74.75852348634639,0.37860043010471145,0.2173482125694306,0.16125221753528085,66.72458912823488,63.53462107684324,0.8735293305961348,0.08560760534774883
2023-11-21,66.41492462158203,0.0014129226410625807,0.0014139212865382778,0.0014143458165945598,0.001416233661032981,0.01212818395815538,65.2357219696045,65.04679672241211,66.5327571105957,65.7845413786876,65.37455535484976,71.46153207108279,0.40998602383784544,0.2558757748231136,0.15411024901473186,66.8779353887943,63.5935085504147,0.859028442405282,0.08539463595424363
2023-11-22,66.4711685180664,0.0008464979068015774,0.0008468562872703256,0.0014129226410625807,0.0014143458165945598,-0.005546489603249363,65.36895446777343,65.0515853881836,66.52923030853272,65.89017632320741,65.45578595953248,69.01736995084595,0.434390363674936,0.2915786925934781,0.14281167108145792,66.95433479032074,63.78357414522612,0.8476181817754591,0.07827730681287476
2023-11-24,66.15242004394531,-0.004806823451472123,-0.004795289164120198,0.0008464979068015774,0.0014129226410625807,0.005972270467543618,65.46475105285644,65.052236328125,66.52351448059082,65.93052151101324,65.5073884843038,59.743641640810345,0.4231330267094364,0.31788955941666974,0.10524346729276668,66.99250104709229,63.93700105862059,0.7250593990127394,0.07982963154123392
2023-11-27,66.55554962158203,0.006075457542620372,0.006093950567022555,-0.004806823451472123,0.0008464979068015774,0.001416233661032981,65.5807041168213,65.0635595703125,66.52118797302246,66.02667968186998,65.58503005002811,68.48665850870923,0.44164963184186945,0.3426415739017097,0.09900805794015977,67.06741048599777,64.09399774764482,0.8278540823433511,0.08124670167402594
2023-11-28,66.8368148803711,0.004217118073829816,0.004226022629040926,0.006075457542620372,-0.004806823451472123,0.0014143458165945598,65.71866493225097,65.07920318603516,66.52168743133545,66.15131586625476,65.67775485227574,68.09070964285787,0.4735610139790225,0.36882546191717225,0.10473555206185026,67.12816125308359,64.30916861141836,0.8966487643825872,0.08006857377693746
2023-11-29,67.1837158203125,0.005176844366525932,0.005190267378275104,0.004217118073829816,0.006075457542620372,0.0014129226410625807,65.87490501403809,65.1045817565918,66.52300548553467,66.31014662841748,65.78930751657477,69.24966995724222,0.5208391118427187,0.39922819190228154,0.12161091994043716,67.19997595312321,64.54983407495297,0.9938644293180481,0.08024766885660878
2023-11-30,66.96807098388672,-0.003214940736939606,-0.003209778348707837,0.005176844366525932,0.004217118073829816,0.0008464979068015774,65.98928413391113,65.12732513427734,66.52439014434815,66.41136576002813,65.87662332896825,74.47910044164145,0.5347424310598825,0.42633103973380176,0.10841139132608074,67.2745726571997,64.70399561062256,0.8807654204642096,0.07773831999395628
2023-12-01,67.51433563232422,0.00812400174279444,0.008157090989957538,-0.003214940736939606,0.005176844366525932,-0.004806823451472123,66.1122257232666,65.16919677734376,66.52923881530762,66.58105343268907,65.99793535143907,77.17028024591423,0.5831180812500065,0.4576884480370428,0.12542963321296374,67.48859662270124,64.73585482383197,1.0093503174302632,0.0797726867037844
2023-12-04,67.24166107177734,-0.004046943206470419,-0.004038765367281871,0.00812400174279444,-0.003214940736939606,0.006075457542620372,66.20231437683105,65.2002084350586,66.53400623321534,66.68268537716419,66.09006318257524,72.59028893529226,0.5926221945889552,0.48467519734742526,0.1079469972415299,67.62836168791029,64.77626706575182,0.864415222016622,0.08089562253462058
2023-12-05,67.67415618896484,0.006411354983584426,0.006431951714069628,-0.004046943206470419,0.00812400174279444,0.004217118073829816,66.32809181213379,65.24956512451172,66.54020347595215,66.83521934821044,66.20740340527075,70.03840006237573,0.6278159429396908,0.5133033464658784,0.1145125964738124,67.80921847495158,64.846965149316,0.9544055584922819,0.07988026666883781
2023-12-06,67.87159729003906,0.002913278146306754,0.0029175258650127045,0.006411354983584426,-0.004046943206470419,0.005176844366525932,66.44733390808105,65.30417510986328,66.55027286529541,66.99466210849177,66.33067702636471,78.45425623352764,0.6639850821270556,0.5434396935981138,0.12054538852894181,68.02416854634937,64.87049926981273,0.9516210347592746,0.0791314528915055
2023-12-07,67.85277557373047,-0.00027735204859837795,-0.00027731359007454603,0.002913278146306754,0.006411354983584426,-0.003214940736939606,66.55532150268554,65.36306991577149,66.55951549530029,67.12667956468233,66.44342506691032,75.49917840960016,0.6832544977720119,0.5714026544328935,0.11185184333911835,68.20861113943458,64.90203186593651,0.8923855936084457,0.07928571095554648
2023-12-08,67.52371978759766,-0.004861352530885559,-0.004849555281275841,-0.00027735204859837795,0.002913278146306754,0.00812400174279444,66.67123184204101,65.41202774047852,66.5659222793579,67.18776267590007,66.52344689807235,67.97328374281477,0.6643157778277242,0.5899852791118596,0.07433049871586461,68.24941197780622,65.0930517062758,0.7700857545464234,0.07581780197170807
2023-12-11,67.53314208984375,0.00013953089284622847,0.00013954062773402498,-0.004861352530885559,-0.00027735204859837795,-0.004046943206470419,66.78151931762696,65.4617333984375,66.57420780181884,67.24089797035295,66.59823913449986,67.20657683809193,0.6426588358530836,0.6005199904601044,0.042138845392979185,68.27002392448223,65.29301471077169,0.7524757964319393,0.07602911712738603
2023-12-12,67.7305679321289,0.0029191271250337803,0.002923391925441665,0.00013953089284622847,-0.004861352530885559,0.006411354983584426,66.90261573791504,65.52432342529296,66.5829309463501,67.31623181062618,66.68211534173165,68.1441311767949,0.6341164688945327,0.6072392861469901,0.026877182747542583,68.27622794589215,65.52900352993794,0.801377706679375,0.07579131541784692
2023-12-13,68.59552001953125,0.012689628332530156,0.012770483310712732,0.0029191271250337803,0.00013953089284622847,0.002913278146306754,67.02711486816406,65.61468185424805,66.59588729858399,67.51304538122696,66.82384902156865,73.9539405201263,0.689196359658311,0.6236307008492543,0.06556565880905674,68.54076783885749,65.51346189747063,1.018086107494202,0.07682321062516127
2023-12-14,69.11261749267578,0.007510084921652488,0.007538356338683494,0.012689628332530156,0.0029191271250337803,-0.00027735204859837795,67.19575080871581,65.70696929931641,66.61338424682617,67.75913339837294,66.99338742683584,81.94969392443713,0.7657459715371004,0.6520537549868236,0.11369221655027684,68.85050945396338,65.54099216346825,1.079198268419738,0.07408438919446104
2023-12-15,69.00919342041016,-0.0014975779844089003,-0.001496457174069321,0.007510084921652488,0.012689628332530156,-0.004861352530885559,67.33952598571777,65.79625381469727,66.6310525894165,67.95145032484021,67.14270638932283,78.31419918298351,0.8087439355173842,0.6833917910929358,0.12535214442444842,69.10192560504984,65.5771263663857,0.9736914989022664,0.07418792062257519
2023-12-18,68.86817169189453,-0.002045611730054856,-0.0020435208923035297,-0.0014975779844089003,0.007510084921652488,0.00013953089284622847,67.47156372070313,65.88776550292968,66.6454914855957,68.0924843813101,67.27051863395776,74.22525830788771,0.821965747352337,0.7111065823448162,0.1108591650075208,69.27827873908797,65.6648487023183,0.8865047771728655,0.07563212791289917
2023-12-19,68.99979400634766,0.0019093972087793458,0.0019112212683964902,-0.002045611730054856,-0.0014975779844089003,0.0029191271250337803,67.60549583435059,65.96882308959961,66.66136875152588,68.23207047746972,67.39861310598664,72.83017564993546,0.8334573714830782,0.7355767401724687,0.09788063131060953,69.44987990458141,65.76111176411978,0.8779847686015241,0.07560560287691354
2023-12-20,69.22544860839844,0.0032650302976010973,0.0032703663148621054,0.0019093972087793458,-0.002045611730054856,0.012689628332530156,67.7460220336914,66.05570251464843,66.67874137878418,68.38489788222799,67.53393425431344,78.30657459440945,0.8509636279145525,0.7586541177208855,0.09230951019366695,69.63617155528583,65.85587251209698,0.891351731121005,0.07570721156558735
2023-12-21,69.21605682373047,-0.0001356787424849225,-0.00013566953854060593,0.0032650302976010973,0.0019093972087793458,0.007510084921652488,67.88326644897461,66.13641159057617,66.69634258270264,68.51276848861299,67.6585359261221,74.6590486972211,0.8542325624908926,0.7777698066748869,0.0764627558160057,69.78225177213595,65.98428112581327,0.8509217155341393,0.07599785643810546
2023-12-22,69.16985321044922,-0.0006677502787191096,-0.0006675273831173723,-0.0001356787424849225,0.0032650302976010973,-0.0014975779844089003,68.03413810729981,66.2274137878418,66.71261116027831,68.61385844581856,67.77048535459078,79.90345023427517,0.8433730912277895,0.7908904635854674,0.05248262764232203,69.83082634987551,66.23744986472411,0.816057921523789,0.07239913843114762
2023-12-26,69.23583221435547,0.0009534147199466583,0.0009538693642374696,-0.0006677502787191096,-0.0001356787424849225,-0.002045611730054856,68.16815223693848,66.31375259399414,66.72526252746582,68.70954671790116,67.87902956642519,77.3257862978587,0.8305171514759735,0.7988158011635687,0.03170135031240484,69.8991130363227,66.43719143755426,0.8084067466452179,0.07106157118140646
2023-12-27,69.67900085449219,0.0063804582103163185,0.006400856694618096,0.0009534147199466583,-0.0006677502787191096,0.0019093972087793458,68.31026153564453,66.4156851196289,66.7374677658081,68.85869350814593,68.01236077294867,79.1212249353408,0.8463327351972652,0.808319187970308,0.038013547226957156,70.0476748249837,66.57284824630536,0.8939014761905788,0.07237011216228414
2023-12-28,69.50928497314453,-0.002438653000821959,-0.00243568190224297,0.0063804582103163185,0.0009534147199466583,0.0032650302976010973,68.42653999328613,66.52263641357422,66.75093574523926,68.9587845027611,68.12324404703725,75.45237570511529,0.8355404557238586,0.8137634415210182,0.021777014202840395,70.15777087977477,66.69530910679748,0.812709583773217,0.07309608246987188
2023-12-29,69.34899139404297,-0.0023087374335302507,-0.002306074349110232,-0.002438653000821959,0.0063804582103163185,-0.0001356787424849225,68.54558601379395,66.63199028015137,66.7601600265503,69.01881633218909,68.21404014681545,79.57943255045672,0.8047761853736404,0.8119659902915426,-0.0071898049179022205,70.1792359441795,66.9119360834084,0.7458927599193214,0.07235469961183581
2024-01-02,69.05668640136719,-0.004223893584754931,-0.004214985492938084,-0.0023087374335302507,-0.002438653000821959,-0.0006677502787191096,68.6227035522461,66.74110656738281,66.76952907562256,69.02464249667803,68.27645838789336,72.61622165242682,0.7481841087846703,0.7992096139901682,-0.05102550520549787,70.19587744189774,67.04952966259445,0.6379322565597607,0.07118644604547666
2024-01-03,69.1132583618164,0.0008188750991744361,0.0008192104689241919,-0.004223893584754931,-0.0023087374335302507,0.0009534147199466583,68.71628341674804,66.84668060302734,66.77674858093262,69.03827570669931,68.33844357114691,71.4211081220362,0.6998321355523984,0.7793341183026143,-0.07950198275021592,70.1609748448221,67.27159198867398,0.637390911773311,0.06853983860610612
2024-01-04,68.80213165283203,-0.004511856678907486,-0.004501693544176288,0.0008188750991744361,-0.004223893584754931,0.0063804582103163185,68.7726821899414,66.94117126464843,66.78388103485108,69.00194585225819,68.37279083645691,53.86395609977428,0.629155015801274,0.7492982978023464,-0.12014328200107238,70.13159875603075,67.41376562385206,0.5108356405483281,0.06885585423031955
2024-01-05,68.59468078613281,-0.0030197356206253553,-0.0030151808049493356,-0.004511856678907486,0.0008188750991744361,-0.002438653000821959,68.8088363647461,67.02721313476563,66.790894241333,68.9392896882389,68.3892271290255,39.045006374154816,0.5500625592134014,0.7094511500845575,-0.1593885908711561,70.10378164913146,67.51389108036074,0.4173109546806318,0.0696867311406934
2024-01-08,68.89640045166016,0.0043889414082937655,0.004398586917665703,-0.0030197356206253553,-0.004511856678907486,-0.0023087374335302507,68.86101760864258,67.12901077270507,66.79643272399902,68.93269134414986,68.42679552329473,47.798925666098924,0.5058958208551303,0.6687400842386722,-0.16284426338354185,70.0753489788584,67.64668623842677,0.5145688581738953,0.07092728202291868
2024-01-09,68.88697052001953,-0.00013688054790423043,-0.00013687118018945732,0.0043889414082937655,-0.0030197356206253553,-0.004223893584754931,68.92918014526367,67.22202041625977,66.80114379882812,68.92565737120673,68.46088256008916,50.386706341732896,0.46477481111756447,0.6279470296144507,-0.16317221849688623,69.96777622983802,67.89058406068932,0.4796794798906644,0.06787515540678969
2024-01-10,68.76441192626953,-0.001780710428872149,-0.0017791259047221786,-0.00013688054790423043,0.0043889414082937655,0.0008188750991744361,68.99074363708496,67.31257888793945,66.80455368041993,68.90085037967793,68.48336621684327,45.13988657844991,0.4174841628346684,0.5858544562584942,-0.1683702934238258,69.802001753067,68.17948552110292,0.36050573402187097,0.06853682525245608
2024-01-11,69.12269592285156,0.005196784652396842,0.005210311359401976,-0.001780710428872149,-0.00013688054790423043,-0.004511856678907486,69.06035003662109,67.41348083496094,66.81328895568848,68.93498046324311,68.53072397284389,47.98855381380233,0.40425649039922007,0.5495348630866393,-0.14527837268741928,69.61449827866767,68.50620179457451,0.5562537977204608,0.06988882635639207
2024-01-12,69.26412963867188,0.002044035109409681,0.0020461255732584505,0.005196784652396842,-0.001780710428872149,-0.0030197356206253553,69.09378051757812,67.51758514404297,66.82332809448242,68.98561879792446,68.58505031846077,50.894797083708475,0.40056847946368634,0.5197415863620488,-0.11917310689836247,69.60917276320717,68.57838827194908,0.6652616260124715,0.054920421581075685
2024-01-16,68.7738265991211,-0.007103917137965779,-0.007078743963268241,0.002044035109409681,0.005196784652396842,0.0043889414082937655,69.07684097290038,67.59945190429687,66.8305485534668,68.95303538272394,68.59903374665782,43.67438459663661,0.35400163606611557,0.4865935963028622,-0.13259196023674663,69.61153523032563,68.54214671547514,0.2166470655226216,0.05462515739252908
2024-01-17,68.6135482788086,-0.0023332332125499686,-0.0023305133397150124,-0.007103917137965779,0.002044035109409681,-0.00013688054790423043,69.05705871582032,67.67061279296875,66.8365086364746,68.90080659750619,68.60010889718751,40.3511096389533,0.30069770031867904,0.4494144171060256,-0.14871671678734655,69.63018540017633,68.4839320314643,0.1130781822608117,0.05495868240153469
2024-01-18,68.51925659179688,-0.0013751881172504184,-0.0013742429793686117,-0.0023332332125499686,-0.007103917137965779,-0.001780710428872149,69.03961296081543,67.73220016479492,66.84025325775147,68.84210659662783,68.59411983752895,29.83588551781223,0.2479867590988789,0.40912888550459625,-0.16114212640571735,69.65651833818275,68.42270758344812,0.07825268824919998,0.05472525733723257
2024-01-19,68.51925659179688,0.0,0.0,-0.0013751881172504184,-0.0023332332125499686,0.005196784652396842,69.0155860900879,67.79941314697265,66.84255767822266,68.79243736511538,68.58857441191917,31.70711077654383,0.20386295319620729,0.3680756990429185,-0.1642127458467112,69.67498893848808,68.3561832416877,0.12365229427262307,0.054140725177122394
2024-01-22,68.63239288330078,0.0016497988554776623,0.0016511605223319403,0.0,-0.0013751881172504184,0.002044035109409681,68.98593330383301,67.86232589721679,66.84404750823974,68.7678151371439,68.5918202246141,36.524478775114346,0.17599491252980215,0.3296595417402952,-0.15366462921049306,69.65880093854516,68.31306566912086,0.2372882850254264,0.05300212546725383
2024-01-23,68.47210693359375,-0.002338158454966821,-0.0023354270916879916,0.0016497988554776623,0.0,-0.007103917137965779,68.94873580932617,67.91790756225586,66.84381572723389,68.72232156736695,68.5829525734274,38.43273893273591,0.1393689939395415,0.2916014321801445,-0.152232438240603,69.64970569202583,68.2477659266265,0.160021858644796,0.05341479249575479
2024-01-24,68.33067321777344,-0.00206770309863944,-0.00206556687320103,-0.002338158454966821,0.0016497988554776623,-0.0023332332125499686,68.90677680969239,67.98041076660157,66.84296871185303,68.66206797512179,68.56426521374934,35.017892353757404,0.09780276137244925,0.25284169801860545,-0.1550389366461562,69.6511382806175,68.16241533876727,0.11302162026001086,0.05368953882813448
2024-01-25,68.65125274658203,0.004680619166770821,0.004691590375333954,-0.00206770309863944,-0.002338158454966821,-0.0013751881172504184,68.8775478363037,68.0468879699707,66.84602523803711,68.66040409380797,68.5707087346999,47.12193361353343,0.08969535910806314,0.220212430236497,-0.13051707112843386,69.61336530893975,68.14173036366766,0.3462287876156441,0.05667637194865004
2024-01-26,68.54753875732422,-0.0015118793376611582,-0.0015107370238480744,0.004680619166770821,-0.00206770309863944,0.0,68.82097473144532,68.11166595458984,66.84842502593995,68.6430401958874,68.56899244007948,49.0636942482127,0.07404775580791068,0.19097949535077977,-0.11693173954286909,69.46568578951761,68.17626367337303,0.2879391312608446,0.05071998025513912
2024-01-29,68.82096862792969,0.0039809740518146975,0.00398890865467072,-0.0015118793376611582,0.004680619166770821,0.0016497988554776623,68.78655891418457,68.16597457885742,66.85182395935058,68.67041380081697,68.5876573428832,48.48479275667491,0.08275645793376896,0.1693348878673776,-0.08657842993360865,69.34416445228258,68.22895337608655,0.5308548888005049,0.05306506464708289
2024-01-30,68.94355010986328,0.0017795803361711372,0.0017811647289696086,0.0039809740518146975,-0.0015118793376611582,-0.002338158454966821,68.76628684997559,68.23004760742188,66.85601974487305,68.71243477143948,68.61401977006692,51.08710311061596,0.09841500137255821,0.15515091056841374,-0.05673590919585553,69.2640683505377,68.26850534941347,0.678053282100202,0.05319856031836478
2024-01-31,69.23583221435547,0.004230479764624441,0.004239440876288247,0.0017795803361711372,0.0039809740518146975,-0.00206770309863944,68.775244140625,68.29209045410157,66.8631953048706,68.792957454965,68.66007995112533,58.50314860074422,0.1328775038396799,0.15069622922266696,-0.017818725382987066,69.30070570105603,68.24978258019398,0.9382699976689556,0.05337765571967239
2024-02-01,69.65379333496094,0.006018626382383766,0.006036774705205472,0.004230479764624441,0.0017795803361711372,0.004680619166770821,68.80227088928223,68.36061798095703,66.87430110931396,68.92539374419515,68.73368834992796,59.37767743117486,0.19170539426718847,0.15889806223157127,0.0328073320356172,69.44373434188368,68.16080743668077,1.1637341864336617,0.05731426977537863
2024-02-02,69.02969360351562,-0.009000407449678864,-0.008960025026118146,0.006018626382383766,0.004230479764624441,-0.0015118793376611582,68.8136489868164,68.41478881835937,66.88178035736084,68.94143987639829,68.75561466500854,46.463346699752776,0.18582521138975494,0.16428349206320803,0.021541719326546915,69.46312485879697,68.16417311483583,0.6663222807957405,0.06420561425223255
2024-02-05,68.48123931884766,-0.007976924906970252,-0.007945193670105377,-0.009000407449678864,0.006018626382383766,0.0039809740518146975,68.80797691345215,68.45611511230469,66.88697734832763,68.87063979062127,68.73529056529291,45.66219652342301,0.1353492253283548,0.15849663871623737,-0.023147413387882565,69.46740976075385,68.14854406615045,0.2522586295621644,0.06964756321388964
2024-02-06,68.80274963378906,0.004683880548463668,0.004694867063437025,-0.007976924906970252,-0.009000407449678864,0.0017795803361711372,68.8032943725586,68.50274673461914,66.89230968475341,68.86019515110863,68.74028753332966,52.67705434423557,0.11990761777896353,0.1507788345287826,-0.030871216749819075,69.46141219260318,68.14517655251402,0.49958613886986286,0.0699061093967225
2024-02-07,68.67037200927734,-0.0019258697823252777,-0.0019240164850433672,0.004683880548463668,-0.007976924906970252,0.004230479764624441,68.79246444702149,68.55310577392578,66.89757823944092,68.8309915908269,68.73510860562209,52.11536859552854,0.09588298520480976,0.13979966466398805,-0.04391667945917829,69.45191181857786,68.13301707546512,0.40742821716311345,0.07021722314197804
2024-02-08,68.49070739746094,-0.0026197623312530843,-0.0026163337485943794,-0.0019258697823252777,0.004683880548463668,0.006018626382383766,68.77877922058106,68.59180892944336,66.90061408996581,68.7786401764629,68.71700481242496,49.61949735417455,0.06163536403794012,0.12416680453877846,-0.06253144050083834,69.4518962644245,68.10566217673761,0.28601654366434426,0.07053692314072807
2024-02-09,68.4339599609375,-0.0008288855597353903,-0.000828542128994636,-0.0026197623312530843,-0.0019258697823252777,-0.009000407449678864,68.74434242248535,68.62375183105469,66.90115768432617,68.72561245099746,68.6960385271296,47.31493391861284,0.029573923867857843,0.10524822840459434,-0.0756743045367365,69.41383789589388,68.07484694907681,0.2681967437601717,0.06760491995012599
2024-02-12,68.45286560058594,0.00027622292636399106,0.00027626107942935185,-0.0008288855597353903,-0.0026197623312530843,-0.007976924906970252,68.70377922058105,68.64913482666016,66.90299217224121,68.683651397088,68.678025717756,49.729280629288354,0.005625679331998867,0.08532371859007525,-0.07969803925807638,69.33805251680921,68.0695059243529,0.30220385952930034,0.06701097462349687
2024-02-13,67.8571548461914,-0.00874058334111615,-0.008702495493328688,0.00027622292636399106,-0.0008288855597353903,0.004683880548463668,68.65794563293457,68.66691650390625,66.9033203125,68.55649808156545,68.61722046801047,44.09286194247905,-0.060722386445021925,0.05611449758305582,-0.11683688402807774,69.39505081844479,67.92084044742435,-0.04319980545847395,0.06933297614275781
2024-02-14,68.1124496459961,0.003755178971926904,0.0037622384903015504,-0.00874058334111615,0.00027622292636399106,-0.0019258697823252777,68.63289070129395,68.67887878417969,66.90303855895996,68.4881829376317,68.57983003675015,43.167138174317216,-0.09164709911844682,0.026562178242755297,-0.11820927736120211,69.40936437843295,67.85641702415494,0.1648688354668596,0.07075068404355482
2024-02-15,68.30158233642578,0.002772923120437294,0.002776771227766428,0.003755178971926904,-0.00874058334111615,-0.0026197623312530843,68.62200698852538,68.70007720947265,66.90720783233643,68.4594751528308,68.55921909598538,46.94703188390425,-0.09974394315457857,0.0013009539632885224,-0.1010448971178671,69.41118543293777,67.832828544113,0.2969884666970417,0.07149458175643779
2024-02-16,68.08409118652344,-0.003189357483735094,-0.0031842768858717507,0.002772923120437294,0.003755178971926904,-0.0008288855597353903,68.60024871826172,68.70827590942383,66.90696884155274,68.4017237733989,68.52402443602524,40.72459982406472,-0.12230066262634409,-0.023419369354638002,-0.09888129327170608,69.42456850174678,67.77592893477667,0.18691911678009193,0.07229234217375949
2024-02-20,68.16919708251953,0.001249230872078658,0.0012500114859863576,-0.003189357483735094,0.002772923120437294,0.00027622292636399106,68.57708892822265,68.71422790527343,66.90572563171386,68.36595043634054,68.49774092835816,40.160043743480166,-0.13179049201761472,-0.04509359388723335,-0.08669689813038137,69.42334190753175,67.73083594891355,0.2590012350466809,0.07216155112854457
2024-02-21,67.9800796508789,-0.002778091192385301,-0.002774235868022612,0.001249230872078658,-0.003189357483735094,-0.00874058334111615,68.55248756408692,68.7167739868164,66.90399799346923,68.30658570011568,68.45939564854488,33.61309566477901,-0.15280994842920848,-0.06663686479562837,-0.0861730836335801,69.43922953859004,67.66574558958379,0.17724099587777328,0.07233991028344934
2024-02-22,68.00846099853516,0.0004174079364743728,0.00041749506328914165,-0.002778091192385301,0.001249230872078658,0.003755178971926904,68.536376953125,68.72646881103516,66.90365745544433,68.26072036141097,68.4259930818775,26.09913797880523,-0.1652727204665183,-0.08636403592980636,-0.07890868453671195,69.45134615921903,67.62140774703097,0.2115116273456357,0.07209953473052733
2024-02-23,68.25428771972656,0.0036081319391738855,0.003614649083100163,0.0004174079364743728,-0.002778091192385301,0.002772923120437294,68.51652870178222,68.74089172363281,66.90616039276124,68.25973072422876,68.41327416616261,37.34535620368157,-0.1535434419338486,-0.09979991713061481,-0.0537435248032338,69.43820336804285,67.59485403552159,0.35773668754528687,0.071224664188763
2024-02-26,68.13137817382812,-0.0018023826531426215,-0.0018007593369538943,0.0036081319391738855,0.0004174079364743728,-0.003189357483735094,68.49572067260742,68.74890792846679,66.90841777801514,68.23998417801329,68.39239298154524,43.36926062274611,-0.15240880353195507,-0.11032169441088287,-0.042087109121072205,69.43310445949322,67.55833688572162,0.3056599101261818,0.07129819246346865
2024-02-27,68.02734375,-0.0015281348503167296,-0.0015269678467783043,-0.0018023826531426215,0.0036081319391738855,0.001249230872078658,68.45603942871094,68.73754440307617,66.9080795288086,68.20727026601125,68.36535229772707,33.98385053232731,-0.15808203171582136,-0.11987376187187057,-0.03820826984395079,69.4025975610987,67.50948129632317,0.27355026382293063,0.06956712526572312
2024-02-28,68.17864990234375,0.0022217262328126826,0.002224196095320208,-0.0015281348503167296,-0.0018023826531426215,-0.002778091192385301,68.41779441833496,68.71886505126953,66.90739086151123,68.20286713313932,68.35152249066164,39.922193347030806,-0.1486553575223155,-0.12563008100195958,-0.023025276520355936,69.34298493461031,67.49260390205961,0.37075931292834347,0.06978339150969583
2024-02-29,68.29210662841797,0.0016627262147217812,0.0016641093104179383,0.0022217262328126826,-0.0015281348503167296,0.0004174079364743728,68.37060813903808,68.70452331542968,66.90906818389892,68.21659628625912,68.34712131568062,45.81614907630935,-0.13052502942150568,-0.1266090706858688,-0.003915958735636882,69.2126574900005,67.52855878807567,0.45338663314068717,0.06801949525211543
2024-03-01,68.5784912109375,0.004184755600912686,0.00419352391745309,0.0016627262147217812,0.0022217262328126826,0.0036081319391738855,68.31684303283691,68.69872970581055,66.913053855896,68.27227242851734,68.3642598264404,52.77618204626189,-0.09198739792306299,-0.11968473613330764,0.027697338210244657,68.91628332643862,67.71740273923521,0.7182437357759919,0.06590040856756829
2024-03-04,68.41731262207031,-0.002353045257236462,-0.002350279016367196,0.004184755600912686,0.0016627262147217812,-0.0018023826531426215,68.28622398376464,68.687080078125,66.91706378936767,68.29458630444857,68.36818966315373,49.35248279771896,-0.07360335870515655,-0.11046846064767743,0.03686510194252088,68.78674977898626,67.78569818854302,0.6309509315575106,0.05873459215826789
2024-03-05,68.78712463378906,0.005390684363567992,0.005405240246157517,-0.002353045257236462,0.004184755600912686,-0.0015281348503167296,68.30151824951172,68.67831359863281,66.92352230072021,68.37036143203942,68.3992218832008,68.4559409133717,-0.028860451161378364,-0.09414685875041763,0.06528640758903927,68.84406410582694,67.75897239319649,0.9475256594672068,0.05505184107145377
2024-03-06,68.910400390625,0.0017905302183060861,0.001792134174705362,0.005390684363567992,-0.002353045257236462,0.0022217262328126826,68.30690078735351,68.6722004699707,66.93198097229003,68.4534443487449,68.4370869578248,66.71161915231542,0.01635739092009203,-0.0720460088163157,0.08840339973640773,68.87204932979868,67.74175224490834,1.0339300714289958,0.05285641977417321
2024-03-07,69.02417755126953,0.0016497268219012081,0.001651088369819087,0.0017905302183060861,0.005390684363567992,0.0016627262147217812,68.32459106445313,68.6692869567871,66.94193096160889,68.54124945682561,68.48057514993182,65.6266705384661,0.06067430689378739,-0.04550194567429509,0.10617625256808247,68.95591913250819,67.69326299639808,1.0540593886247058,0.0525814866518565
2024-03-08,69.09056091308594,0.0009612785379218081,0.0009617407142170631,0.0016497268219012081,0.0017905302183060861,0.004184755600912686,68.35458374023438,68.66638153076173,66.9523051071167,68.62575891163489,68.52575928053584,73.2876712328767,0.09999963109905252,-0.01640163031962557,0.1164012614186781,69.07047197410212,67.63869550636663,1.0140307788516674,0.05150853463666289
2024-03-11,69.0621109008789,-0.00041186337166916566,-0.00041177856759366804,0.0009612785379218081,0.0016497268219012081,-0.002353045257236462,68.38599128723145,68.65404373168946,66.96230628967285,68.6928899869032,68.56548903019088,71.21647197024082,0.12740095671232154,0.012358887086763854,0.11504206962555769,69.16855404672206,67.60342852774083,0.931990664932456,0.05139385282468282
2024-03-12,68.85350036621094,-0.003025193331604453,-0.0030206220450946786,-0.00041186337166916566,0.0009612785379218081,0.005390684363567992,68.4060230255127,68.64092803955079,66.97218696594238,68.71759927602747,68.5868232032294,70.56281410645582,0.13077607279807069,0.03604232422902522,0.09473374856904546,69.21582981194776,67.59621623907763,0.7762864847478811,0.052862827262333524
2024-03-13,68.73970794677734,-0.0016540416023737231,-0.0016526744294533824,-0.003025193331604453,-0.00041186337166916566,0.0017905302183060861,68.450150680542,68.62874237060547,66.98274398803711,68.72100060998899,68.59814799904777,66.55005456479397,0.1228526109412229,0.053404381571464765,0.06944822936975814,69.22964211374591,67.67065924733808,0.685734732866269,0.04158528730735186
2024-03-14,68.33196258544922,-0.005949392203833512,-0.0059317296146185194,-0.0016540416023737231,-0.003025193331604453,0.0016497268219012081,68.46112632751465,68.6142478942871,66.99084709167481,68.66114860621364,68.57843056100343,51.63793852381213,0.08271804521021409,0.059267114299214635,0.02345093091099945,69.22665330653534,67.69559934849396,0.41563736771846777,0.045995987243903844
2024-03-15,68.29400634765625,-0.000555622610633131,-0.0005554682809747469,-0.005949392203833512,-0.0016540416023737231,0.0009612785379218081,68.46074752807617,68.5978628540039,66.99654670715331,68.6046651818202,68.55736210075548,53.55679254602005,0.047303081064711705,0.056874307652314056,-0.00957122658760235,69.22661433275748,67.69488072339486,0.39114218072860396,0.044995568462342365
2024-03-18,68.20867156982422,-0.0012503020490233477,-0.0012495207470715197,-0.000555622610633131,-0.005949392203833512,-0.00041186337166916566,68.46697654724122,68.58599365234375,67.00071266174317,68.54374308766697,68.53153317253835,53.99847241429201,0.012209915128622129,0.047941429147575675,-0.035731514018953546,69.22189279877436,67.71206029570807,0.328918123770411,0.04368310740179993
2024-03-19,68.38885498046875,0.0026381665861774407,0.0026416496099044284,-0.0012503020490233477,-0.000555622610633131,-0.003025193331604453,68.47795944213867,68.58187713623047,67.00486862182618,68.51991414809801,68.52096441757023,54.57695706777059,-0.0010502694722163142,0.03814308942361728,-0.03919335889583359,69.22093156563858,67.73498731863876,0.4400351245682169,0.044442988119354945
2024-03-20,68.51213836669922,0.0018010595327610074,0.0018026824146373244,0.0026381665861774407,-0.0012503020490233477,-0.0016540416023737231,68.50456237792969,68.57419189453125,67.01153678894043,68.51871787403667,68.52031063602422,54.770506229447456,-0.0015927619875526489,0.030195919141383292,-0.031788681128935944,69.20960669544681,67.79951806041257,0.5053727039430732,0.043386589194920375
2024-03-21,68.56900787353516,0.0008297203759714764,0.0008300646891439278,0.0018010595327610074,0.0026381665861774407,-0.005949392203833512,68.53258972167968,68.56783264160157,67.018443069458,68.52645479703644,68.5239178388028,49.77166768923293,0.002536958233633868,0.02466412695983341,-0.02212716872619954,69.19805221684064,67.86712722651873,0.527363038578653,0.0434147437503565
2024-03-22,68.79659271240234,0.003313566804662758,0.003319062735849032,0.0008297203759714764,0.0018010595327610074,-0.000555622610633131,68.55970497131348,68.56847625732422,67.02602500915528,68.5680144763235,68.54411597758795,58.849036116698414,0.023898498735547946,0.02451100131497632,-0.0006125025794283742,69.22160533251879,67.89780461010817,0.6789451668053895,0.04313869792999932
2024-03-25,68.66385650634766,-0.001931264564687825,-0.0019294008732319012,0.003313566804662758,0.0008297203759714764,-0.0012503020490233477,68.58632888793946,68.55929946899414,67.03483905792237,68.58275940401953,68.55298564638497,46.76628465981642,0.02977375763455825,0.025563552578892708,0.004210205055665543,69.21782493232479,67.95483284355413,0.5613840887029303,0.043228130514754
2024-03-26,68.72073364257812,0.000827998823133096,0.0008283417087884271,-0.001931264564687825,0.003313566804662758,0.0026381665861774407,68.62099838256836,68.54843154907226,67.04227275848389,68.60398620995161,68.56541142388076,44.84484775089375,0.038574786070853406,0.02816579927728485,0.010408986793568557,69.1969735708732,68.04502319426352,0.5865794760216131,0.04264718678955369
2024-03-27,68.95779418945312,0.0034436855896464186,0.0034496218871580275,0.000827998823133096,-0.001931264564687825,0.0018010595327610074,68.65995559692382,68.5521109008789,67.05158542633056,68.658418206798,68.59447681392315,48.30902101625874,0.06394139287485245,0.03532091799679837,0.02862047487805408,69.21497217892343,68.10493901492421,0.7683150397563365,0.043510642048384916
2024-03-28,68.87245178222656,-0.001238369960546594,-0.0012376034968881733,0.0034436855896464186,0.000827998823133096,0.0008297203759714764,68.68897285461426,68.55728897094727,67.05977771759034,68.69134644917163,68.61506755231599,44.497270578452586,0.07627889685564071,0.04351251376856684,0.03276638308707387,69.22331119019901,68.15463451902951,0.6716879693944382,0.04376058984252016
2024-04-01,68.40262603759766,-0.006845052817351679,-0.006821678805837839,-0.001238369960546594,0.0034436855896464186,0.003313566804662758,68.68017959594727,68.55495635986328,67.06710060119629,68.6469279243141,68.59933114381833,36.39228749362434,0.04759678049576621,0.044329367114006715,0.003267413381759496,69.22779640362154,68.13256278827299,0.24658049711039903,0.04844872114625152
2024-04-02,68.3265380859375,-0.0011129733733418752,-0.0011123542481882298,-0.006845052817351679,-0.001238369960546594,-0.001931264564687825,68.67564086914062,68.55110198974609,67.07376556396484,68.59763717994846,68.57912425064197,38.497688546648725,0.018512929306496062,0.03916607955250459,-0.020653150246008528,69.23383364268024,68.117448095601,0.18729191799690556,0.04789024393638213
2024-04-03,68.37406921386719,0.0006954048088594186,0.0006956466588414756,-0.0011129733733418752,-0.006845052817351679,0.000827998823133096,68.65498809814453,68.54593551635742,67.07858734130859,68.56324210824366,68.56393498865864,41.78125182210119,-0.0006928804149879397,0.031194287559006086,-0.031887167973994025,69.22622630332773,68.08374989296132,0.25411406158728034,0.043492312948283686
2024-04-04,68.51675415039062,0.002084653809362843,0.002086828210810854,0.0006954048088594186,-0.0011129733733418752,0.0034436855896464186,68.63530578613282,68.54682846069336,67.08486240386964,68.55609011472781,68.5604401117499,54.71561462052746,-0.004349997022089269,0.024085430642787016,-0.028435427664876285,69.19652860154831,68.07408297071733,0.39438095486689567,0.04369199688447003
2024-04-05,68.17435455322266,-0.005009840311605256,-0.004997311991989828,0.002084653809362843,0.0006954048088594186,-0.001238369960546594,68.59281463623047,68.54370208740234,67.08896308898926,68.49736156680395,68.53184118148862,47.35728175626262,-0.03447961468467042,0.012372421577295529,-0.04685203626196595,69.15873397464871,68.02689529781223,0.13028292673526357,0.046106042885176696
2024-04-08,68.11730194091797,-0.0008372136212111316,-0.0008368632556711164,-0.005009840311605256,0.002084653809362843,-0.006845052817351679,68.54415168762208,68.53302307128907,67.09222362518311,68.43889085512919,68.50113457107598,47.956411639034314,-0.06224371594679212,-0.0025508059275220017,-0.05969291001927012,69.09708770362452,67.99121567161963,0.11401524376175076,0.04572867696022793
2024-04-09,68.36457061767578,0.0036234694419960967,0.003630042143658141,-0.0008372136212111316,-0.005009840311605256,-0.0011129733733418752,68.50927467346192,68.52936370849609,67.09833889007568,68.42745697244405,68.49101872267596,49.47267624674047,-0.06356175023191213,-0.014752994788400028,-0.0488087554435121,69.01019931770894,68.0083500292149,0.3555630498039765,0.04825072241030891
2024-04-10,67.5656509399414,-0.011754985287260317,-0.011686165370690005,0.0036234694419960967,-0.0008372136212111316,0.0006954048088594186,68.44488220214843,68.50425735473632,67.09948860168457,68.2948714289821,68.42247296099191,34.10995891014541,-0.1276015320098054,-0.0373227022326811,-0.09027882977712429,69.07415124124648,67.81561316305039,-0.1986131587430864,0.06222034572835615
2024-04-11,67.5656509399414,0.0,0.0,-0.011754985287260317,0.0036234694419960967,0.002084653809362843,68.38617935180665,68.47669937133789,67.10022209167481,68.18268366143738,68.35900466313632,32.827296231490436,-0.1763210016989376,-0.0651223621259324,-0.1111986395730052,69.11138097704463,67.66097772656866,-0.065724333281776,0.062247028677320446
2024-04-12,67.71781158447266,0.0022495093761894,0.0022520414206694817,0.0,-0.011754985287260317,-0.005009840311605256,68.35547180175782,68.44633895874023,67.10236377716065,68.11116488036588,68.3115088795316,31.047063995882297,-0.20034399916572454,-0.09216668953389084,-0.1081773096318337,69.13992931850149,67.57101428501414,0.09356612456712542,0.06012579741840707
2024-04-15,67.27082061767578,-0.006622670268551241,-0.006600788719217432,0.0022495093761894,0.0,-0.0008372136212111316,68.30431251525879,68.39867950439454,67.1012068939209,67.98188114764433,68.23442086013488,27.95970198979272,-0.2525397124905453,-0.12424129412522175,-0.12829841836532355,69.22693684049015,67.38168819002742,-0.06008272777971391,0.0639974674750241
2024-04-16,67.09962463378906,-0.00254812099783532,-0.002544877293227721,-0.006622670268551241,0.0022495093761894,0.0036234694419960967,68.24886016845703,68.360078125,67.10173728942871,67.84614937628199,68.15036188040555,25.24662277084235,-0.30421250412356926,-0.16023553612489125,-0.143976967998678,69.31745449965419,67.18026583725987,-0.037732374726553684,0.0642958610675514
2024-04-17,67.4229965209961,0.004807704567449379,0.004819280122234648,-0.00254812099783532,-0.006622670268551241,-0.011754985287260317,68.2005672454834,68.33891326904296,67.10272861480713,67.78104893700723,68.09648296489374,27.166404471170978,-0.31543402788651065,-0.19127523447721512,-0.12415879340929553,69.32819202917587,67.07294246179093,0.15521743769185908,0.06627414419949884
2024-04-18,67.24226379394531,-0.0026841790546466957,-0.0026805798670561654,0.004807704567449379,-0.00254812099783532,0.0,68.1370735168457,68.3077035522461,67.10377117156982,67.6981589149977,68.0332074707494,26.416622885826925,-0.33504855575169756,-0.22002989873211162,-0.11501865701958594,69.33183786012957,66.94230917356184,0.12552877982574998,0.0659305841723474
2024-04-19,67.327880859375,0.0012724527747576357,0.0012732626862779206,-0.0026841790546466957,0.004807704567449379,0.0022495093761894,68.0750171661377,68.28085372924805,67.10663257598877,67.64119306028653,67.98096105509204,32.50748159094013,-0.3397679948055128,-0.24397751794679187,-0.09579047685872091,69.30376487062297,66.84626946165243,0.19597651981955203,0.06610629259419598
2024-04-22,67.35641479492188,0.0004237158584104153,0.0004238056386547395,0.0012724527747576357,-0.0026841790546466957,-0.006622670268551241,68.00300827026368,68.25816787719727,67.1117692565918,67.5973810194612,67.93469836915351,33.96204045184173,-0.337317349692313,-0.2626454842958961,-0.07467186539641685,69.22246991622154,66.78354662430581,0.23488568603815513,0.06443017398539307
2024-04-23,67.48005676269531,0.0018339548788220516,0.0018356376025934207,0.0004237158584104153,0.0012724527747576357,-0.00254812099783532,67.94381828308106,68.23908981323243,67.1177093887329,67.57933113380491,67.90102121311958,35.5830983420194,-0.32169007931466354,-0.2744544032996496,-0.04723567601501394,69.1429715501211,66.74466501604101,0.3066295889221567,0.06513552779888836
2024-04-24,67.30885314941406,-0.002540323316822961,-0.0025370994260320856,0.0018339548788220516,0.0004237158584104153,0.004807704567449379,67.87322425842285,68.21620956420898,67.12163463592529,67.53771913620632,67.85715691210436,30.698841359939138,-0.319437775898038,-0.28345107781932727,-0.035986698078710744,69.04573964434846,66.70070887249724,0.25933317558845365,0.0650685601579528
2024-04-25,67.11864471435547,-0.002829905562767466,-0.0028259051545026503,-0.002540323316822961,0.0018339548788220516,-0.0026841790546466957,67.78126678466796,68.20143936157227,67.1239134979248,67.47324614822926,67.80245230486369,32.26829118271192,-0.3292061566344273,-0.2926020935823473,-0.03660406305208003,68.88191141702973,66.6806221523062,0.19898455376526047,0.0631190431455217
2024-04-26,67.27082061767578,0.0022647008526330446,0.002267267224598246,-0.002829905562767466,-0.002540323316822961,0.0012724527747576357,67.70118522644043,68.18460678100585,67.1243106842041,67.44210375891335,67.7630721798868,36.2227310657236,-0.32096842097345757,-0.29827535906056935,-0.022693061912888224,68.69546866089915,66.70690179198171,0.283580519472833,0.0644139727386762
2024-04-29,67.47055053710938,0.0029646435094014636,0.0029690424109545255,0.0022647008526330446,-0.002829905562767466,0.0004237158584104153,67.65458145141602,68.16798614501953,67.12366672515869,67.44648018632812,67.74140391005145,35.22028126379517,-0.2949237237233291,-0.2976050319931213,0.0026813082697922375,68.59642541710767,66.71273748572438,0.4023028649063422,0.06234270361987562
2024-04-30,67.21375274658203,-0.0038133337805831497,-0.0038060722564595695,0.0029646435094014636,0.0022647008526330446,0.0018339548788220516,67.59894218444825,68.1505793762207,67.12331508636474,67.41067596482873,67.70231863868334,42.91202576774606,-0.29164267385461073,-0.2964125603654192,0.004769886510808452,68.50441936976648,66.69346499913001,0.2873003074446097,0.06331726127957557
2024-05-01,67.4560546875,0.0035984636348322784,0.0036049458781379773,-0.0038133337805831497,0.0029646435094014636,-0.002540323316822961,67.55304145812988,68.13631652832031,67.12380405426025,67.41765730677815,67.68407686452161,47.98881070319522,-0.26641955774346116,-0.2904139598410276,0.023994402097566425,68.38299768067787,66.72308523558189,0.4415711527939809,0.06505413978573359
2024-05-02,67.72317504882812,0.00395209692391402,0.003959916757148019,0.0035984636348322784,-0.0038133337805831497,-0.002829905562767466,67.51336250305175,68.1311784362793,67.12521144866943,67.4646600363243,67.6869730263221,50.09443974260804,-0.22231298999778915,-0.2767937658723799,0.05448077587459077,68.21533636968668,66.81138863641682,0.6494446985485063,0.06642836569049362
2024-05-03,68.06660461425781,0.005058264304303645,0.005071078920651173,0.00395209692391402,0.0035984636348322784,0.0022647008526330446,67.50797500610352,68.13234130859375,67.12754776000976,67.55726689446793,67.7150938846877,64.54251145359585,-0.15782699021977464,-0.25300041074185886,0.09517342052208422,68.18995826883805,66.82599174336899,0.9095625499036195,0.06713820194769918
2024-05-06,68.13338470458984,0.000980618222033377,0.0009810991852829964,0.005058264304303645,0.00395209692391402,0.0029646435094014636,67.5087791442871,68.12992324829102,67.13179428100585,67.64590040371745,67.74607838986564,69.64094684505777,-0.1001779861481964,-0.22243592582312638,0.12225793967492998,68.19381861380596,66.82373967476825,0.9558901991015483,0.06717602178422437
2024-05-07,68.26692962646484,0.0019581327975774425,0.001960051191556289,0.000980618222033377,0.005058264304303645,-0.0038133337805831497,67.50389709472657,68.13263427734375,67.13647674560546,67.7414433610632,67.78465996294706,67.28083385928625,-0.04321660188385579,-0.18659206103527226,0.14337545915141647,68.16420197244948,66.84359221700366,1.077788047219664,0.06624210026156728
2024-05-08,68.10477447509766,-0.0023781359756155696,-0.0023753104505277456,0.0019581327975774425,0.000980618222033377,0.0035984636348322784,67.53085327148438,68.1341828918457,67.14090473175048,67.79734045553005,67.8083721490323,67.79663685106999,-0.011031693502246753,-0.15147998752866715,0.1404482940264204,68.24370069804345,66.8180058449253,0.9025554292758015,0.050890018822705246
2024-05-09,68.28601837158203,0.0026577161021727504,0.002661250960468875,-0.0023781359756155696,0.0019581327975774425,0.00395209692391402,67.5668716430664,68.13633026123047,67.14660980224609,67.8725216733842,67.84375335070264,69.01921230459817,0.02876832268155738,-0.11543032548662226,0.14419864816817962,68.35585318420436,66.77789010192845,0.9557436967906697,0.051485711889498575
2024-05-10,68.09523010253906,-0.002797868411327474,-0.002793958025269272,0.0026577161021727504,-0.0023781359756155696,0.005058264304303645,67.58574256896972,68.1323927307129,67.15024822235108,67.9067845086388,67.86238125824609,63.778100278868585,0.04440325039270476,-0.08346361031075686,0.12786686070346162,68.4073064117801,66.76417872615934,0.8100717844559129,0.05236019169643194
2024-05-13,68.15248107910156,0.0008403954743240607,0.0008407487055450691,-0.002797868411327474,0.0026577161021727504,0.000980618222033377,67.62982559204102,68.12387252807618,67.15704711914063,67.94458398101769,67.88387013386502,62.85838502792383,0.06071384715266959,-0.054628118818071565,0.11534196597074114,68.47452976288058,66.78512142120145,0.8093719109620783,0.045577268551631966
2024-05-14,68.35282135009766,0.0029352766709084253,0.0029395888135541615,0.0008403954743240607,-0.002797868411327474,0.0019581327975774425,67.69248542785644,68.12258270263672,67.16368892669678,68.00738973010691,67.91860726099335,69.74320202460343,0.08878246911355347,-0.025946001231746556,0.11472847034530004,68.55727370211574,66.82769715359714,0.8817905156073048,0.0446184552707827
2024-05-15,68.79164123535156,0.006399403585673146,0.006419923517221093,0.0029352766709084253,0.0008403954743240607,-0.0023781359756155696,67.76091766357422,68.12267303466797,67.17192211151124,68.12804380783686,67.98327644427916,78.91977010099625,0.1447673635577047,0.008196671726143696,0.136570691831561,68.74437974452567,66.77745558262276,1.024028120525077,0.04676167940301445
2024-05-16,68.6771469116211,-0.0016657504841352422,-0.0016643638918100168,0.006399403585673146,0.0029352766709084253,0.0026577161021727504,67.83266181945801,68.11800796508788,67.18166061401367,68.21252120841905,68.03467425667486,74.63093023753021,0.1778469517441863,0.04212672772975222,0.13572022401443407,68.86495294808041,66.8003706908356,0.9090343647969015,0.04582646470395156
2024-05-17,68.50544738769531,-0.0025032273877109734,-0.002500096926663753,-0.0016657504841352422,0.006399403585673146,-0.002797868411327474,67.89154014587402,68.10763336181641,67.1916096496582,68.25758677446154,68.06954634045415,68.30530889854525,0.1880404340073909,0.07130946898527996,0.11673096502211094,68.93685269891496,66.84622759283307,0.7936476941922119,0.04751821963386298
2024-05-20,68.43865203857422,-0.0009755127047889512,-0.000975037046953009,-0.0025032273877109734,-0.0016657504841352422,0.0008403954743240607,67.94565200805664,68.09459518432617,67.20326988220215,68.28544296894042,68.09688750327786,73.22731665538214,0.1885554656625601,0.09475866832073598,0.09379679734182411,68.98636355549984,66.90494046061345,0.7368571924318383,0.047948940903939315
2024-05-21,68.58175659179688,0.0020888071592386165,0.002090990236657486,-0.0009755127047889512,-0.0025032273877109734,0.0029352766709084253,68.00073699951172,68.08498809814454,67.21290325164794,68.3310296801491,68.13280373205704,72.18073144039158,0.19822594809205896,0.11545212427500058,0.08277382381705838,69.05423198258292,66.94724201644051,0.7757581201722197,0.04803050644885828
2024-05-22,68.49590301513672,-0.001252626987245423,-0.001251842777535761,0.0020888071592386165,-0.0009755127047889512,0.006399403585673146,68.06008949279786,68.07783615112305,67.22261859893798,68.35639480860874,68.15969997524813,66.39706001392284,0.19669483336060978,0.13170066609212244,0.06499416726848734,69.08276166116335,67.03741732443237,0.7130758691885648,0.047046700647218935
2024-05-23,68.2955551147461,-0.002929247869517653,-0.0029249618089763896,-0.001252626987245423,0.0020888071592386165,-0.0016657504841352422,68.11893501281739,68.06895309448242,67.23012371063233,68.3470348557068,68.16976331891465,55.17234247184504,0.1772715367921478,0.1408148402321275,0.03645669656002029,69.04433075888547,67.19353926674931,0.5954294974226693,0.04715163997194231
2024-05-24,68.37187957763672,0.0011169371986427322,0.0011175612052993777,-0.002929247869517653,-0.001252626987245423,-0.0025032273877109734,68.17398796081542,68.06975143432618,67.23791744232177,68.3508571206191,68.1847348936348,55.3648289638981,0.16612222698429946,0.1458763175825619,0.020245909401737566,69.0140084488429,67.33396747278795,0.6177897561081996,0.04687629215266264
2024-05-28,68.04753875732422,-0.004755062518223015,-0.004743775106317072,0.0011169371986427322,-0.002929247869517653,-0.0009755127047889512,68.20283737182618,68.06482208251953,67.24594882965089,68.30419275703527,68.17457221687106,45.45503398134977,0.1296205401642112,0.14262516209889176,-0.01300462193468055,68.97828738285648,67.42738736079588,0.3998654895267708,0.050074049222601426
2024-05-29,67.79951477050781,-0.0036515221488191553,-0.0036448634490796605,-0.004755062518223015,0.0011169371986427322,0.0020888071592386165,68.23212547302246,68.0566389465332,67.25380912780761,68.2265499898772,68.14679018380711,43.89340822026526,0.07975980607008637,0.1300520908931307,-0.05029228482304432,68.88481348353034,67.57943746251459,0.16859303714034377,0.04989534006392757
2024-05-30,68.09523010253906,0.0043521300116535055,0.004361614283409088,-0.0036515221488191553,-0.004755062518223015,-0.001252626987245423,68.26408424377442,68.05076644897461,67.26356628417969,68.20634693028671,68.14297091852801,46.350504510973145,0.06337601175870589,0.11671687506624573,-0.05334086330753984,68.81075551097096,67.71741297657788,0.34556153636784304,0.05059613323094275
2024-05-31,68.34326934814453,0.003635916839577785,0.0036425348035680205,0.0043521300116535055,-0.0036515221488191553,-0.002929247869517653,68.29508895874024,68.04738906860352,67.27530742645264,68.22741191764946,68.15780783924035,54.64292956845362,0.06960407840911387,0.10729431573481937,-0.037690237325705506,68.77936740841035,67.81081050907012,0.5497445110732411,0.05031934592419916
2024-06-03,68.7250747680664,0.0055710369870398966,0.005586584071314071,0.003635916839577785,0.0043521300116535055,0.0011169371986427322,68.32801246643066,68.05051040649414,67.28988716125488,68.30397543309823,68.19982761174599,59.55691157332301,0.10414782135224243,0.106665016858304,-0.0025171955060615675,68.8358458898546,67.82017904300673,0.8909375430221341,0.05097011938205927
2024-06-04,68.98343658447266,0.0037523042985299075,0.0037593530058450675,0.0055710369870398966,0.003635916839577785,-0.004755062518223015,68.37051506042481,68.05424728393555,67.30608421325684,68.40850791792506,68.25787272083684,60.32534015559964,0.1506351970882207,0.11545905290428735,0.03517614418393336,68.94736159335918,67.79366852749044,1.0312691409706234,0.0522633266930489
2024-06-05,69.1748275756836,0.0027706068081411535,0.002774448486291048,0.0037523042985299075,0.0055710369870398966,-0.0036515221488191553,68.41590995788575,68.06446670532226,67.32254085540771,68.52640324988792,68.32579530267735,56.827258466616094,0.20060794721057107,0.1324888317655441,0.06811911544502697,69.0926741441217,67.73914577164979,1.0606957587537358,0.05261761189297462
2024-06-06,69.18440246582031,0.00013840623642001943,0.00013841581500506628,0.0027706068081411535,0.0037523042985299075,0.0043521300116535055,68.46989135742187,68.07374008178711,67.34062572479247,68.6276338984929,68.38939583328053,59.38883005013062,0.23823806521237145,0.15363867845490958,0.08459938675746187,69.21130423253881,67.72847848230494,0.9818577693877703,0.05143501256041706
2024-06-07,68.62937927246094,-0.008054726996347327,-0.008022374604356508,0.00013840623642001943,0.0027706068081411535,0.003635916839577785,68.48705940246582,68.06717178344726,67.35551719665527,68.62790241756491,68.40717238433093,52.00881484376159,0.220730033233977,0.16705694941072308,0.05367308382325392,69.22644382335538,67.74767498157625,0.5962421346556727,0.059663531955034405
2024-06-10,68.52412414550781,-0.0015348517535922405,-0.001533674471034585,-0.008054726996347327,0.00013840623642001943,0.0055710369870398966,68.50850410461426,68.0602052307129,67.36690761566162,68.61193652955613,68.41583547775144,51.36835882440595,0.19610105180468906,0.17286576988951627,0.023235281915172795,69.2245488501579,67.79245935907062,0.510907168155876,0.05897200323429041
2024-06-11,68.80162048339844,0.00404143762469412,0.004049615246469518,-0.0015348517535922405,-0.008054726996347327,0.0037523042985299075,68.5409610748291,68.06818511962891,67.38047569274903,68.6411186763011,68.4444121448364,53.37467855185562,0.19670653146469874,0.17763392220455276,0.01907260926014598,69.24784691943626,67.83407523022194,0.6843716425770252,0.06042770875818113
2024-06-12,69.11741638183594,0.00457944686249972,0.004589948553809231,0.00404143762469412,-0.0015348517535922405,0.0027706068081411535,68.57919082641601,68.08400268554688,67.39562274932861,68.71439524638339,68.49426431054007,58.910597598405644,0.220130935843315,0.18613332493230522,0.03399761091100978,69.3248717196488,67.83350993318322,0.860895364427625,0.06158665166250722
2024-06-13,69.42361450195312,0.0044203311717713805,0.004430115246577104,0.00457944686249972,0.00404143762469412,0.00013840623642001943,68.6107894897461,68.1049935913086,67.41169651031494,68.82350590108643,68.56310506545957,65.69650542371657,0.2604008356268679,0.20098682707121776,0.05941400855565013,69.4429251860556,67.77865379343659,0.988396913996046,0.05946017660435
2024-06-14,69.52887725830078,0.001515090159953995,0.0015162384889177982,0.0044203311717713805,0.00457944686249972,-0.008054726996347327,68.65337600708008,68.1252360534668,67.42625133514404,68.9320245714271,68.63464374641077,65.97055478326804,0.297380825016333,0.22026562666024083,0.07711519835609218,69.58145792783502,67.72529408632515,0.9716723985467437,0.05902428881621815
2024-06-17,69.27050018310547,-0.0037230336101604215,-0.0037161117133451826,0.001515090159953995,0.0044203311717713805,-0.0015348517535922405,68.69162864685059,68.14715896606445,67.43965381622314,68.98409774245455,68.68174422320297,67.19419737672,0.30235351925158227,0.2366832051785091,0.06567031407307317,69.65638008235541,67.72687721134577,0.8000107151703668,0.06002959655762053
2024-06-18,69.50973510742188,0.0034476834657056906,0.0034536335623971404,-0.0037230336101604215,0.001515090159953995,0.00404143762469412,68.74518280029297,68.17500762939453,67.45369464874267,69.0649650293726,68.74307688129326,74.10437393275438,0.3218881480793385,0.253724193758675,0.06816395432066352,69.76797365692417,67.72239194366176,0.873757891054647,0.06058428904691851
2024-06-20,69.37577819824219,-0.0019290269738110586,-0.0019271675970663482,0.0034476834657056906,-0.0037230336101604215,0.00457944686249972,68.78488388061524,68.19523178100586,67.46866905212403,69.11278243996792,68.7899436455117,68.91072152868539,0.3228387944562172,0.2675471138981834,0.055291680558033796,69.84202992068384,67.72773784054664,0.7794762006527509,0.061106376584261435
2024-06-21,69.39490509033203,0.0002756618582210894,0.00027569985644260164,-0.0019290269738110586,0.0034476834657056906,0.0044203311717713805,68.829833984375,68.23181686401367,67.4855569076538,69.15618592463932,68.83475560438728,66.65635512934534,0.3214303202520341,0.2783237551689536,0.04310656508308053,69.91141226699196,67.74825570175804,0.7612252460311053,0.06073964220389434
2024-06-24,69.43318176269531,0.0005514254961057892,0.0005515775590938521,0.0002756618582210894,-0.0019290269738110586,0.001515090159953995,68.88671531677247,68.26916748046875,67.50300903320313,69.19880066895563,68.87908346796566,62.58484768772254,0.31971720098997025,0.28660244433315696,0.03311475665681329,69.96964214263801,67.80378849090692,0.752309958932856,0.05925623887511757
2024-06-25,69.47145080566406,0.0005510117730331931,0.0005511636079065241,0.0005514254961057892,0.0002756618582210894,-0.0037230336101604215,68.94169387817382,68.30424026489258,67.5195337677002,69.24074684383385,68.92296253001739,59.40935743054595,0.31778431381646044,0.29283881822981767,0.024945495586642774,70.02621432351778,67.85717343282987,0.7442355650207351,0.05925343775727065
2024-06-26,69.14611053466797,-0.00469407866130635,-0.0046830786923708345,0.0005510117730331931,0.0005514254961057892,0.0034476834657056906,68.99662246704102,68.34174606323242,67.53433860778809,69.22618741165448,68.93949201184336,49.473504579559,0.2866953998111228,0.2916101345460787,-0.004914734734955906,69.99860015610496,67.99464477797709,0.574596505121088,0.059177987021270174
2024-06-27,69.27050018310547,0.0017973230420518635,0.0017989391952153433,-0.00469407866130635,0.0005510117730331931,-0.0019290269738110586,69.0701717376709,68.38516357421875,67.55027820587158,69.23300476110848,68.96401113564055,51.51473663582162,0.26899362546792815,0.2870868327304486,-0.01809320726252045,69.90400358827222,68.23633988706959,0.6201252058734017,0.056855990814655116
2024-06-28,68.94515228271484,-0.004707838736014821,-0.004696774233340584,0.0017973230420518635,-0.00469407866130635,0.0002756618582210894,69.11266784667968,68.41560668945313,67.56435794830323,69.18871976443253,68.96261418357197,56.04390148450802,0.22610558086056187,0.2748905823564713,-0.04878500149590942,69.8132779827607,68.41205771059867,0.3804502280670178,0.05898163866237431
2024-07-01,68.58138275146484,-0.005290184611020515,-0.005276216227042885,-0.004707838736014821,0.0017973230420518635,0.0005514254961057892,69.1245735168457,68.44238906860352,67.57610618591309,69.09528330089904,68.93437481823071,50.99724412483025,0.1609084826683329,0.25209416241884364,-0.09118567975051073,69.77653639541592,68.47261063827548,0.08341894666449585,0.06138967885647615
2024-07-02,68.78296661376953,0.002935026561785711,0.0029393379692448374,-0.005290184611020515,-0.004707838736014821,0.0005510117730331931,69.12746810913086,68.47149078369141,67.58942165374756,69.0472345798022,68.92315939567803,49.66629087424967,0.12407518412416607,0.22649036675990813,-0.10241518263574206,69.77243934946439,68.48249686879733,0.2329326690728281,0.05898183624785845
2024-07-03,69.17648315429688,0.005704830056089773,0.005721133587287985,0.002935026561785711,-0.005290184611020515,-0.00469407866130635,69.13712043762207,68.5078921508789,67.605357131958,69.0671189758783,68.94192411853868,51.02808851494194,0.125194857339622,0.20623126487585092,-0.08103640753622893,69.77878547152316,68.49545540372098,0.5306723248074551,0.06098406715121191
2024-07-05,69.49325561523438,0.0045687402999052065,0.00457919290622133,0.005704830056089773,0.002935026561785711,0.0017973230420518635,69.15304183959961,68.54815612792969,67.62255023956298,69.13267845885616,68.98276348866429,51.20769495382499,0.1499149701918725,0.19496800593905525,-0.04505303574718275,69.81415369260529,68.49192998659393,0.757304247449216,0.062332039549188124
2024-07-08,69.49325561523438,0.0,0.0,0.0045687402999052065,0.005704830056089773,-0.004707838736014821,69.16848449707031,68.59184417724609,67.64044258117676,69.18815186752974,69.02057772026208,49.35885288358284,0.16757414726765774,0.18948923420477576,-0.021915086937118022,69.84688347938649,68.49008551475413,0.7393658648007074,0.06233666221920355
2024-07-09,69.46443939208984,-0.00041474815131444757,-0.0004146621551892604,0.0,0.0045687402999052065,-0.005290184611020515,69.21023750305176,68.63876007080079,67.65861026763916,69.230657640539,69.0534563626197,53.80511580006227,0.17720127791929485,0.18703164294767957,-0.009830365028384719,69.85065811939874,68.56981688670477,0.6984647921611854,0.05425681721888812
2024-07-10,69.52204132080078,0.0008288853953770771,0.0008292290158105065,-0.00041474815131444757,0.0,0.002935026561785711,69.2601333618164,68.68378448486328,67.67911670684815,69.2754858990408,69.088166359522,50.25997930480921,0.18731953951879632,0.18708922226190294,0.00023031725689337534,69.8267180207343,68.6935487028985,0.7311287067713654,0.05366608138995646
2024-07-11,69.86756896972656,0.004957734739858548,0.004970044641402049,0.0008288853953770771,-0.00041474815131444757,0.005704830056089773,69.31343078613281,68.73172485351563,67.6999991607666,69.36657560222324,69.14589988620382,59.536970184762154,0.22067571601941438,0.19380652101340523,0.02686919500600915,69.89864653294063,68.728215039325,0.9734477725662818,0.05450951851388556
2024-07-12,70.04996490478516,0.002607193442120301,0.0026105951265833482,0.004957734739858548,0.0008288853953770771,0.0045687402999052065,69.36005821228028,68.78844909667968,67.72421737670898,69.471712418002,69.21286766535799,61.94663668644323,0.2588447526440092,0.20681416733952604,0.05203058530448315,70.0229619534619,68.69715447109866,1.0203671737280602,0.05311246774468289
2024-07-15,69.82917785644531,-0.003156828492613095,-0.0031518509486756496,0.002607193442120301,0.004957734739858548,0.0,69.38033638000488,68.83591156005859,67.7476577758789,69.52670710083943,69.2585202721052,56.771205677459754,0.2681868287342297,0.21908869961846678,0.049098129115762945,70.07545564500133,68.68521711500843,0.8228521341893235,0.05282582927609772
2024-07-16,70.09794616699219,0.0038415517070334673,0.003848939924502748,-0.003156828492613095,0.002607193442120301,-0.00041474815131444757,69.40878982543946,68.88340698242187,67.77360733032226,69.61459003409371,69.32069996802277,59.92981556633662,0.2938900660709436,0.23404897290896215,0.05984109316198144,70.17269443610293,68.64488521477598,0.951074867157942,0.05416909969768497
2024-07-17,70.16513061523438,0.0009579777504032749,0.0009584367576496167,0.0038415517070334673,-0.003156828492613095,0.0008288853953770771,69.45352134704589,68.9253775024414,67.79905384063721,69.69928858503843,69.38325038633474,67.5907755929882,0.3160381987036942,0.2504468180679086,0.06559138063578562,70.2851048576849,68.62193783640689,0.927863984244749,0.05193731166896731
2024-07-18,69.98278045654297,-0.002602254435317937,-0.0025988715062951195,0.0009579777504032749,0.0038415517070334673,0.004957734739858548,69.47717361450195,68.96236541748047,67.82372844696044,69.74290271911605,69.42766002116497,62.054477561834716,0.31524269795107784,0.26340599404454246,0.051836703906535386,70.34174402989304,68.61260319911086,0.7924035064352213,0.05204172975996955
2024-07-19,69.80038452148438,-0.002609699653102514,-0.002606297347271802,-0.002602254435317937,0.0009579777504032749,0.002607193442120301,69.49840393066407,68.99303451538086,67.8497250366211,69.75174607332656,69.45526924341085,65.2096986472368,0.29647682991570434,0.27002016121877487,0.026456668696929475,70.37328247844829,68.62352538287985,0.672584292748476,0.052489355868659056
2024-07-22,69.77159118652344,-0.000412594795242275,-0.00041250968971484614,-0.002609699653102514,-0.002602254435317937,-0.003156828492613095,69.51723823547363,69.02637084960938,67.87819499969483,69.75479916766454,69.47870049845623,74.03011099849353,0.2760986692083094,0.27123586281668177,0.0048628063916276165,70.3989272717864,68.63554919916085,0.644241870191283,0.052551291773484055
2024-07-23,69.78118133544922,0.00013744118110402674,0.0001374506265758857,-0.000412594795242275,-0.002609699653102514,0.0038415517070334673,69.53463821411133,69.05627410888673,67.90460968017578,69.75885796270833,69.50110648638164,71.84755238216101,0.25775147632668904,0.26853898551868327,-0.010787509191994227,70.42305243457845,68.6462239936442,0.6387546009834588,0.05254250300915472
2024-07-24,69.57960510253906,-0.002892870780080452,-0.002888690461417487,0.00013744118110402674,-0.000412594795242275,0.0009579777504032749,69.54004592895508,69.08596160888672,67.92978286743164,69.73128059960537,69.5069211986896,59.632268226166346,0.22435940091577322,0.25970306859810127,-0.03534366768232805,70.42815731169593,68.65193454621424,0.5222715159116056,0.05369035222956092
2024-07-25,69.73319244384766,0.0022049288541811144,0.002207361497413629,-0.002892870780080452,0.00013744118110402674,-0.002602254435317937,69.56940002441407,69.11757583618164,67.95698589324951,69.7315747294888,69.52368203166426,56.21799459837793,0.20789269782453346,0.24934099444338773,-0.04144829661885427,70.4413501565793,68.69744989224883,0.5939230429536488,0.051079272815386705
2024-07-26,70.01155853271484,0.003983927197262678,0.003991873584324068,0.0022049288541811144,-0.002892870780080452,-0.002609699653102514,69.60645294189453,69.15075057983398,67.98230911254883,69.77464916075435,69.55982103174209,61.738310070393574,0.21482812901226112,0.24243842135716243,-0.02761029234490131,70.48785321109787,68.72505267269119,0.7298079572782921,0.05243153223803191
2024-07-29,70.09794616699219,0.0012331446807920918,0.0012339053163197278,0.003983927197262678,0.0022049288541811144,-0.000412594795242275,69.66409263610839,69.1768766784668,68.008391456604,69.82438716171401,69.59968215287174,63.98276971160485,0.22470500884227818,0.2388917388541856,-0.014186730011907428,70.51360220429885,68.81458306791794,0.7553552938832391,0.04866228296542775
2024-07-30,70.184326171875,0.001231517202564155,0.0012322758312637294,0.0012331446807920918,0.003983927197262678,0.00013744118110402674,69.7442398071289,69.20702026367188,68.03341007232666,69.87976239404648,69.64298911724235,64.43458567100444,0.2367732768041293,0.23846804644417435,-0.0016947696400450574,70.45473655886816,69.03374305538965,0.8097032911612803,0.042957078102443404
2024-07-31,70.5682601928711,0.005455458874795513,0.005470366988433728,0.001231517202564155,0.0012331446807920918,-0.002892870780080452,69.83350448608398,69.24827651977539,68.06315265655518,69.98568513232719,69.71152771543709,65.02019789026086,0.2741574168901053,0.24560592053336056,0.028551496356744754,70.48132293827875,69.18568603388921,1.0671000141303513,0.04521447377760053
2024-08-01,70.83207702636719,0.003731492368412519,0.003738463053716501,0.005455458874795513,0.001231517202564155,0.0022049288541811144,69.9162841796875,69.29614501953125,68.09271858215332,70.1158992698718,69.79453136809857,66.2000587869038,0.32136790177322894,0.26075831678133427,0.06060958499189467,70.63033077739891,69.20223758197608,1.1412696661638695,0.04314925378436349
2024-08-02,71.64080810546875,0.011352893775665033,0.011417582443622454,0.003731492368412519,0.005455458874795513,0.003983927197262678,70.02366180419922,69.35732604980468,68.1280107498169,70.35050062919441,69.93129260790377,80.17511309917145,0.4192080212906433,0.2924482576831961,0.12675976360744717,71.04823130063964,68.9990923077588,1.2891833140103475,0.055237160375960354
2024-08-05,71.57341766357422,-0.0009411138663998302,-0.0009406711576357418,0.011352893775665033,0.003731492368412519,0.0012331446807920918,70.1276699066162,69.41887634277344,68.16506923675537,70.5386417114067,70.0529315009164,76.34315448217617,0.4857102104902964,0.33110064824461616,0.15460956224568023,71.33207728593318,68.92326252729923,1.1001905093681437,0.05568027688685798
2024-08-06,71.13053131103516,-0.006207085055142977,-0.006187860898592579,-0.0009411138663998302,0.011352893775665033,0.001231517202564155,70.21097450256347,69.47557586669922,68.20131540298462,70.62970164981108,70.13275370907334,65.1974855215717,0.4969479407377406,0.36427010674324106,0.13267783399449956,71.45214538946884,68.96980361565811,0.8704392433681838,0.06175233368356135
2024-08-07,70.95722961425781,-0.0024393625683816773,-0.0024363897412706947,-0.006207085055142977,-0.0009411138663998302,0.005455458874795513,70.28273391723633,69.52728286743164,68.23809719085693,70.68009056741826,70.19382599834626,65.38375373082195,0.48626456907200577,0.388668999208994,0.09759556986301177,71.52214626107583,69.04332157339682,0.7721030254273582,0.06307786849520038
2024-08-08,70.85133361816406,-0.0014935066453519274,-0.0014923919193213786,-0.0024393625683816773,-0.006207085055142977,0.003731492368412519,70.3319221496582,69.58335876464844,68.27318107604981,70.70643565214839,70.24253026648091,67.00214270197682,0.4639053856674735,0.4037162765006899,0.060189109166783605,71.5800140063377,69.08383029297869,0.708082227973082,0.061884098612467256
2024-08-09,71.10165405273438,0.0035268112090181846,0.0035330377254343404,-0.0014935066453519274,-0.0024393625683816773,0.011352893775665033,70.38450660705567,69.64940155029296,68.3083013534546,70.76723848300777,70.30616906546265,70.07845540066155,0.46106941754511865,0.41518690470957564,0.04588251283554301,71.67062012454294,69.0983930895684,0.7788041008541091,0.062344553504202066
2024-08-12,71.22682189941406,0.0017588592600385697,0.0017604069602494832,0.0035268112090181846,-0.0014935066453519274,-0.0009411138663998302,70.4543888092041,69.71203338623047,68.3429725265503,70.83794362399335,70.37436557168128,71.08735958119752,0.46357805231207294,0.42486513423007516,0.03871291808199778,71.76510195308254,69.14367566532567,0.7946613810266335,0.06068375725307136
2024-08-13,71.49639892578125,0.0037776242070557404,0.003784768422601781,0.0017588592600385697,0.0035268112090181846,-0.006207085055142977,70.52431144714356,69.77509597778321,68.38142192840576,70.93924443965302,70.45747915346647,77.41611631754235,0.48176528618655823,0.4362451646213718,0.04552012156518642,71.9024339465667,69.14618894772042,0.8526854394455458,0.06064433874596194
2024-08-14,71.63119506835938,0.0018835806383635525,0.001885355690683932,0.0037776242070557404,0.0017588592600385697,-0.0024393625683816773,70.59761466979981,69.83321838378906,68.41839546203613,71.04569838253093,70.54442107308816,77.29406162846065,0.50127730944277,0.4492515935856515,0.05202571585711857,72.04929362104687,69.14593571855275,0.8559948284955397,0.060727271420757345
2024-08-15,71.33272552490234,-0.004175458757093044,-0.004166753649331056,0.0018835806383635525,0.0037776242070557404,-0.0014935066453519274,70.66511192321778,69.88020416259765,68.45387664794922,71.08985640443423,70.60281399544478,68.889708224432,0.4870424089894527,0.45680975666641177,0.030232652323040954,72.12194809276019,69.20827575367537,0.7291313243184577,0.06221519212096847
2024-08-16,71.48676300048828,0.0021570940619533535,0.0021594222630980653,-0.004175458757093044,0.0018835806383635525,0.0035268112090181846,70.74943084716797,69.92644287109376,68.49092247009277,71.15091895767331,70.66829169952207,69.48010949569058,0.48262725815123986,0.46197325696337743,0.020654001187862425,72.19066048393185,69.30820121040409,0.7557996777584685,0.060879006201811706
2024-08-19,71.57341766357422,0.0012114436495400866,0.0012121777438061088,0.0021570940619533535,-0.004175458757093044,0.0017588592600385697,70.8395221710205,69.97422317504883,68.52849498748779,71.21591875858114,70.73533806722963,69.48246085231419,0.4805806913515056,0.4656947438410031,0.014885947510502484,72.24828299655937,69.43076134548164,0.7604755467532938,0.06058291627042487
2024-08-20,71.78522491455078,0.002954930393950598,0.002959300504164153,0.0012114436495400866,0.0021570940619533535,0.0037776242070557404,70.93972434997559,70.03734008789063,68.56401866912842,71.303504321038,70.8131074633275,67.93423999568256,0.49039685771050756,0.470635166614904,0.01976169109560355,72.31624493490636,69.56320376504482,0.8071151183030476,0.06070671376475105
2024-08-21,71.93927764892578,0.00214372345179451,0.002146022869725206,0.002954930393950598,0.0012114436495400866,0.0018835806383635525,71.05770797729492,70.10564315795898,68.59843753814697,71.40131560225151,70.89652747707552,66.86217962869578,0.5047881251759918,0.47746575832712157,0.02732236684887024,72.34498352358727,69.77043243100258,0.8424168485799255,0.058560190072683954
2024-08-22,71.65042877197266,-0.004023258683042545,-0.004015176220739214,0.00214372345179451,0.002954930393950598,-0.004175458757093044,71.15356979370117,70.16261932373047,68.6294902420044,71.43964070528554,70.95237201743826,50.17408518991991,0.4872686878472763,0.47942634423115255,0.007842343616123737,72.3037925513118,70.00334703609053,0.7159838061731705,0.06188111395092287
2024-08-23,71.9681625366211,0.004424695718486557,0.004434499138304071,-0.004023258683042545,0.00214372345179451,0.0021570940619533535,71.25139999389648,70.21963424682617,68.66353801727296,71.52095175626025,71.02761575959995,56.549499736703524,0.49333599666029215,0.48220827471698047,0.011127721943311686,72.32277545197165,70.18002453582132,0.8345057688797282,0.06214856553427191
2024-08-26,71.8911361694336,-0.0010708570838458683,-0.001070283921008941,0.004424695718486557,-0.004023258683042545,0.0012114436495400866,71.34105949401855,70.26898468017578,68.69555992126465,71.57790320444076,71.09158023440244,64.36355672865795,0.4863229700383158,0.4830312137812476,0.0032917562570682346,72.30025824319841,70.38186074483869,0.7867375900382328,0.06275503218270771
2024-08-27,71.8911361694336,0.0,0.0,-0.0010708570838458683,0.004424695718486557,0.002954930393950598,71.42639999389648,70.31622985839844,68.72655048370362,71.62609289136273,71.1508065999603,68.87146455848028,0.4752862914024263,0.48148222930548334,-0.006195937903057058,72.24579489180628,70.60700509598668,0.7835849824807364,0.0629152706622652
2024-08-28,71.84298706054688,-0.0006699746671946558,-0.0006697502842804015,0.0,-0.0010708570838458683,0.00214372345179451,71.49013633728028,70.36767959594727,68.7597378540039,71.65946122508336,71.20207922667042,70.51718368197402,0.45738199841294147,0.476662183126975,-0.019280184714033533,72.22212460732717,70.75814806723338,0.7410221158625887,0.06115450311509533
2024-08-29,71.73709106445312,-0.0014750795051496181,-0.001473992110106792,-0.0006699746671946558,0.0,-0.004023258683042545,71.53538703918457,70.4122267150879,68.79178634643554,71.6714042772941,71.24170973317285,63.98275491565489,0.4296945441212472,0.46726865532582945,-0.03757411120458226,72.20535553658945,70.86541854177969,0.6505324698473541,0.06074294342304846
2024-08-30,71.59266662597656,-0.0020152756787348127,-0.002013246374135802,-0.0014750795051496181,-0.0006699746671946558,0.004424695718486557,71.53297996520996,70.45656448364258,68.8232064819336,71.65929079247601,71.26770654004721,57.98274002157497,0.3915842524287996,0.4521317747464235,-0.06054752231762395,72.20169845061639,70.86426147980353,0.5446276438210957,0.04626769757693146
2024-09-03,71.89783477783203,0.004253502621690933,0.004262561603547654,-0.0020152756787348127,-0.0014750795051496181,-0.0010708570838458683,71.54920082092285,70.50662307739258,68.85216796875,71.69598986714617,71.31438270580905,58.6253700661939,0.38160716133711503,0.4380268520645618,-0.05641969072744679,72.23750116296813,70.86090047887757,0.7532571434391697,0.04853504090359593
2024-09-04,72.21652221679688,0.004422709368874105,0.004432503982207514,0.004253502621690933,-0.0020152756787348127,0.0,71.60350036621094,70.56228988647462,68.88455108642579,71.77607176709243,71.3812078547711,61.6554649424519,0.3948639123213269,0.42939426411591486,-0.034530351794587966,72.3233559567866,70.88364477563528,0.9257950195925473,0.04433271651369738
2024-09-05,72.3903579711914,0.0024042540424877175,0.0024071465789043955,0.004422709368874105,0.004253502621690933,-0.0006699746671946558,71.67515678405762,70.62066802978515,68.91583442687988,71.87057733695382,71.45595971524668,72.16030436728691,0.4146176217071371,0.4264389356341593,-0.011821313927022181,72.4093155937678,70.94099797434744,0.9870888816386484,0.043014369517902946
2024-09-06,72.47726440429688,0.0011998049268123184,0.0012005249806894547,0.0024042540424877175,0.004422709368874105,-0.0014750795051496181,71.75645332336425,70.68729110717773,68.94708366394043,71.96391380885275,71.53161191443557,71.35445965372836,0.43230189441717926,0.42761152739076336,0.004690367026415898,72.4661913001629,71.0467153465656,1.0078008395322995,0.041994109515247596
2024-09-09,72.5738525390625,0.0013317808380528826,0.0013326680519676337,0.0011998049268123184,0.0024042540424877175,-0.0020152756787348127,71.83006324768067,70.75335815429688,68.97834716796875,72.05775053657733,71.6088149236672,71.47662988112668,0.44893561291013384,0.43187634449463747,0.017059268415496376,72.55897288087434,71.101153614487,1.0102067921115063,0.0410477358288627
2024-09-10,72.81527709960938,0.0033210843623346213,0.0033266052731171225,0.0013317808380528826,0.0011998049268123184,0.004253502621690933,71.90948600769043,70.83076065063477,69.01034893035889,72.1742930847361,71.69818249225551,71.83478078048938,0.4761105924805946,0.4407231940918289,0.0353873983887657,72.70477551698788,71.11419649839299,1.0694725513977366,0.041786252803798225
2024-09-11,72.77664184570312,-0.0005307335062690327,-0.0005305926921543858,0.0033210843623346213,0.0013317808380528826,0.004422709368874105,71.97349815368652,70.91466583251953,69.04187629699707,72.26696212488488,71.77806837028868,68.66346752279475,0.4888937545962051,0.4503573061927042,0.0385364484035009,72.83234350837728,71.11465279899576,0.9675717739113759,0.04091798374268144
2024-09-12,72.69938659667969,-0.0010621029060665476,-0.001061539074408424,-0.0005307335062690327,0.0033210843623346213,0.0024042540424877175,72.02690773010254,70.99299423217774,69.07461112976074,72.33348896669946,71.84631416483616,75.81439187692216,0.4871748018633042,0.45772080532682424,0.029453996536479954,72.92794384164455,71.12587161856052,0.8731697642097198,0.04130099777011495
2024-09-13,72.85389709472656,0.002123078946291524,0.0021253342741949233,-0.0010621029060665476,-0.0005307335062690327,0.0011998049268123184,72.10296630859375,71.06654251098632,69.10610286712647,72.41355175562671,71.92094993742063,73.70166061680052,0.49260181820608295,0.464697007902676,0.02790481030340697,73.01403140891715,71.19190120827035,0.9121169748826163,0.03720692297446966
2024-09-16,73.04704284667969,0.002647630164125126,0.0026511382322071952,0.002123078946291524,-0.0010621029060665476,0.0013317808380528826,72.18098030090331,71.13761825561524,69.13715400695801,72.51101192348102,72.00436422699538,79.12151278788602,0.5066476964856435,0.4730871456192695,0.03356055086637394,73.13602656749282,71.22593403431381,0.9534139214370757,0.03743964532680575
2024-09-17,72.95047760009766,-0.0013228342559254297,-0.0013219596963660596,0.002647630164125126,0.002123078946291524,0.0033210843623346213,72.2498332977295,71.2067626953125,69.16598781585694,72.57862202757589,72.07444669907703,75.45035302398216,0.5041753284988602,0.47930478219518763,0.024870546303672525,73.21890420877894,71.28076238668005,0.8615031131258536,0.038389920488032865
2024-09-18,72.7283706665039,-0.0030492704786359392,-0.003044626175188414,-0.0013228342559254297,0.002647630164125126,-0.0005307335062690327,72.29699058532715,71.27204132080078,69.19478931427003,72.60166027971866,72.12288551147901,69.63026114138984,0.4787747682396457,0.47919877940407923,-0.00042401116443352427,73.26265135323055,71.33132981742375,0.7233600532997462,0.04011423706269361
2024-09-19,72.7283706665039,0.0,0.0,-0.0030492704786359392,-0.0013228342559254297,-0.0010621029060665476,72.33644523620606,71.33616790771484,69.22085948944091,72.62115418537792,72.16773626370308,73.0610172981147,0.4534179216748413,0.47404260785823166,-0.02062468618339036,73.30504436068473,71.36784611172739,0.7023156021892913,0.03977770206250243
2024-09-20,72.71871948242188,-0.0001327105834336302,-0.00013270177777369163,0.0,-0.0030492704786359392,0.002123078946291524,72.38985977172851,71.39319091796875,69.24824478149414,72.63616423107699,72.20854983546002,77.94896266503056,0.42761439561697046,0.46475696540997946,-0.037142569793009006,73.31606629771869,71.46365324573833,0.6775304435162505,0.03607607971529701
2024-09-23,72.67041015625,-0.0006645521308207982,-0.0006643313649596916,-0.0001327105834336302,0.0,0.002647630164125126,72.42497215270996,71.44559982299805,69.27322605133057,72.64143283494975,72.2427617110741,71.97786218122627,0.3986711238756584,0.4515397971031153,-0.05286867322745692,73.3370028984903,71.51294140692961,0.6345557727497694,0.033621375456237626
2024-09-24,72.75732421875,0.001195288824672646,0.0011960034670661646,-0.0006645521308207982,-0.0001327105834336302,-0.0013228342559254297,72.46828155517578,71.50416275024413,69.29765468597412,72.65926227861134,72.28087745238342,67.72135442708854,0.378384826227915,0.4369088029280753,-0.058523976700160296,73.35550232967651,71.58106078067505,0.6628921864103526,0.03318953541395167
2024-09-25,72.48692321777344,-0.0037234013483609858,-0.003716478084922148,0.001195288824672646,-0.0006645521308207982,-0.0030492704786359392,72.49807090759278,71.55194229125976,69.32082542419434,72.63274857694397,72.29614010167157,52.97597494509836,0.33660847527239923,0.41684873739694017,-0.08024026212454094,73.34268429692095,71.6534575182646,0.49340071448061823,0.03654276149861127
2024-09-26,72.48692321777344,0.0,0.0,-0.0037234013483609858,0.001195288824672646,0.0,72.5302677154541,71.59837814331054,69.34564144134521,72.61031390630235,72.31027218434578,50.31451540777693,0.30004172195657475,0.3934873343088671,-0.09344561235229237,73.3168355668991,71.7436998640091,0.4724470701408428,0.036356410597469496
2024-09-27,72.69938659667969,0.0029267708620871967,0.0029310580374330986,0.0,-0.0037234013483609858,-0.0001327105834336302,72.57838249206543,71.65271026611327,69.37147266387939,72.62401739712963,72.3390954741483,53.8008778008778,0.28492192298134,0.3717742520433617,-0.08685232906202167,73.27301515381109,71.88374983031977,0.5870993485320475,0.03662781279708235
2024-09-30,72.53521728515625,-0.002260747467306862,-0.0022581939024356457,0.0029267708620871967,0.0,-0.0006645521308207982,72.62551002502441,71.70740692138672,69.39549591064453,72.61035584144142,72.35362301570444,41.104282584672646,0.2567328257369752,0.3487659667820844,-0.09203314104510918,73.14416241227428,72.10685763777454,0.41295447385585765,0.03687569066209123
2024-10-01,72.749267578125,0.0029466387694141293,0.002950984376696164,-0.002260747467306862,0.0029267708620871967,0.001195288824672646,72.66808166503907,71.76696044921874,69.4162646484375,72.63172687785428,72.38293002032819,49.21767342880567,0.24879685752608793,0.3287721449308851,-0.07997528740479715,73.05938426572759,72.27677906435055,0.6037380187904203,0.0354479034892231
2024-10-02,72.61366271972656,-0.0018657424896048594,-0.0018640030740214586,0.0029466387694141293,-0.002260747467306862,-0.0037234013483609858,72.68793869018555,71.8236100769043,69.43376987457276,72.62894777660387,72.40002133139474,47.629175739774816,0.22892644520912597,0.3088030049865333,-0.07987655977740732,73.01832240730697,72.35755497306413,0.3875913572464487,0.033395451610217675
2024-10-03,72.29402923583984,-0.004411553285543097,-0.004401836678042725,-0.0018657424896048594,0.0029466387694141293,0.0,72.68312225341796,71.87789855957031,69.45019405364991,72.57742184725555,72.39217006505733,35.81186897493107,0.1852517821982218,0.284092760428871,-0.09884097823064919,73.03394836575202,72.3322961410839,-0.05453827964723921,0.036269603796838516
2024-10-04,71.8194351196289,-0.006586419027898769,-0.006564776112598425,-0.004411553285543097,-0.0018657424896048594,0.0029267708620871967,72.65023078918458,71.91962341308594,69.46495037078857,72.46080850454376,72.34974525428485,22.773835267363125,0.1110632502589084,0.2494868583948785,-0.1384236081359701,73.16660807023796,72.1338535081312,-0.3044463806200907,0.042635713890391475
2024-10-07,71.60635375976562,-0.002971313852236582,-0.002966903868129256,-0.006586419027898769,-0.004411553285543097,-0.002260747467306862,72.60185585021972,71.95151931762695,69.47798316955567,72.32935392842406,72.2946792176538,21.654669545546696,0.034674710770261186,0.20652442886995506,-0.17184971809969388,73.29825395610061,71.90545774433883,-0.21475071661407286,0.04297742963646697
2024-10-08,71.71289825439453,0.0014868137079835694,0.0014879195634838194,-0.002971313852236582,-0.006586419027898769,0.0029466387694141293,72.54673690795899,71.983818359375,69.49042041778564,72.23451459395798,72.25158433148644,27.488143642895324,-0.017069737528458973,0.16180559559027227,-0.17887533311873124,73.33980477529708,71.75366904062089,-0.025704474929243055,0.04117292782868246
2024-10-09,71.51918029785156,-0.002704953759198367,-0.0027012986681388407,0.0014868137079835694,-0.002971313852236582,-0.0018657424896048594,72.4838638305664,72.01051544189453,69.50193603515625,72.12446316378777,72.19733218084681,25.31392809636992,-0.07286901705904825,0.11487067306040817,-0.1877396901194564,73.39131832469367,71.57640933643914,-0.03153273192096444,0.04172998127952337
2024-10-10,71.49012756347656,-0.0004063055084896739,-0.00040622297758452497,-0.002704953759198367,0.0014868137079835694,-0.004411553285543097,72.42340087890625,72.02895278930664,69.51353740692139,72.02687307143219,72.14494665363421,25.11497236954345,-0.11807358220201536,0.06828182200792347,-0.18635540420993885,73.42649569157132,71.42030606624118,0.0348030397295526,0.0417551670631571
2024-10-11,71.49980926513672,0.0001354179446425708,0.00013542711406633323,-0.0004063055084896739,-0.002704953759198367,-0.006586419027898769,72.35569648742675,72.04230743408203,69.5248572921753,71.94578633200211,72.0971586989307,25.912657421042212,-0.1513723669285838,0.02435098422062202,-0.17572335114920581,73.41751845682974,71.29387451802377,0.09697235179110883,0.040461269827459304
2024-10-14,71.45138549804688,-0.0006774867327583345,-0.0006772572904394369,0.0001354179446425708,-0.0004063055084896739,-0.002971313852236582,72.27591361999512,72.03851898193359,69.53371921539306,71.86972466523977,72.04932364701337,22.695311503024428,-0.17959898177359435,-0.016439008978221252,-0.1631599727953731,73.35859795054701,71.19322928944324,0.11922044187710981,0.03821198557000448
2024-10-15,71.73226928710938,0.003923410808183497,0.003931117459859079,-0.0006774867327583345,0.0001354179446425708,0.0014868137079835694,72.2150032043457,72.0416960144043,69.54483413696289,71.84857768398895,72.02583813887233,34.29048795827484,-0.17726045488338116,-0.04860329815925323,-0.12865715672412792,73.27472377138147,71.15528263730994,0.27223527963290084,0.042148988693207434
2024-10-16,71.82911682128906,0.001349214457962508,0.0013501250572744983,0.003923410808183497,-0.0006774867327583345,-0.002704953759198367,72.17004051208497,72.05566772460938,69.55723476409912,71.84558370511205,72.01126618942172,36.83728428534789,-0.16568248430967003,-0.0720191353893366,-0.09366334892033343,73.21424413776674,71.12583688640319,0.3367542103805134,0.0419853707070084
2024-10-17,71.48045349121094,-0.004865886029173291,-0.004854066783886557,0.001349214457962508,0.003923410808183497,-0.0004063055084896739,72.1076446533203,72.06613220214844,69.56935359954834,71.78940982605035,71.971946730295,26.86988950916124,-0.18253690424465674,-0.09412268916040063,-0.0884142150842561,73.16047528304078,71.05481402359983,0.2021405226993217,0.04450623610962259
2024-10-18,71.51918029785156,0.0005416350596327153,0.0005417817703883276,-0.004865886029173291,0.001349214457962508,0.0001354179446425708,72.0476676940918,72.0794891357422,69.58138320922852,71.7478360524813,71.93840847603994,29.756236965153263,-0.1905724235586348,-0.11341263604004748,-0.07715978751858732,73.09054647584519,71.00478891233841,0.24662088946152794,0.04471734170679406
2024-10-21,71.03489685058594,-0.006794408409627796,-0.006771378604295553,0.0005416350596327153,-0.004865886029173291,-0.0006774867327583345,71.9658920288086,72.07815399169922,69.59254703521728,71.63815309834355,71.87148168896927,19.16310320409721,-0.23332859062571742,-0.13739582695718147,-0.09593276366853595,73.05847305289605,70.87331100472115,0.07394684801511736,0.04945619743182133
2024-10-22,71.06394958496094,0.00040890880550525303,0.00040899242010739023,-0.006794408409627796,0.0005416350596327153,0.003923410808183497,71.88122329711913,72.07489654541016,69.60489337921143,71.54981409628468,71.81166449607976,21.01375649295052,-0.2618503997950796,-0.1622867415247611,-0.09956365827031852,72.97801215322326,70.78443444101501,0.12742431799443468,0.049041127734025906
2024-10-23,70.88960266113281,-0.002456395190329916,-0.002453380720412679,0.00040890880550525303,-0.006794408409627796,0.001349214457962508,71.80135726928711,72.06276062011719,69.61485939025879,71.44824310626132,71.74336361941702,22.221484470493778,-0.29512051315570886,-0.18885349585095065,-0.10626701730475821,72.94410188499398,70.65861265358024,0.10106807959436002,0.04837037150426635
2024-10-24,71.0058364868164,0.0016383028570830683,0.0016396456083864752,-0.002456395190329916,0.00040890880550525303,-0.004865886029173291,71.72730293273926,72.05025344848633,69.62545372009278,71.38018054942364,71.68873197996513,31.2495164682135,-0.3085514305414847,-0.21279308278905745,-0.09575834775242725,72.87493497718579,70.57967088829274,0.1856717057465909,0.049213100703947715
2024-10-25,70.86055755615234,-0.0020481098773000826,-0.0020460139314186776,0.0016383028570830683,-0.002456395190329916,0.0005416350596327153,71.63536148071289,72.04081008911133,69.63593444824218,71.30023855045883,71.62738572634937,32.257631253198966,-0.3271471758905449,-0.23566390140935495,-0.09148327448118992,72.74922323212355,70.52149972930222,0.15219924125265907,0.04702472695610774
2024-10-28,70.77339172363281,-0.0012308608771780102,-0.0012301036786290798,-0.0020481098773000826,0.0016383028570830683,-0.006794408409627796,71.54727020263672,72.02654266357422,69.6441879272461,71.2191851924856,71.56412691133333,27.44129640688945,-0.3449417188477355,-0.25751946489703104,-0.08742225395070446,72.63995573392229,70.45458467135116,0.14588234361745994,0.04688200221233747
2024-10-29,70.83148956298828,0.0008205627106562306,0.0008208994643401635,-0.0012308608771780102,-0.0020481098773000826,0.00040890880550525303,71.45138130187988,72.0117041015625,69.65202472686768,71.15953971102446,71.5098574781226,32.33736866238445,-0.350317767098133,-0.27607912533725143,-0.07423864176088157,72.43063650129183,70.47212610246793,0.18348815545536845,0.04493726350049855
2024-10-30,70.76370239257812,-0.0009574784941873968,-0.000957020257916108,0.0008205627106562306,-0.0012308608771780102,-0.002456395190329916,71.35888328552247,71.99127365112305,69.66197410583496,71.09864166203272,71.45458673104523,31.706501690747004,-0.3559450690125061,-0.29205231407230237,-0.06389275494020374,72.21799605538997,70.49977051565496,0.15360723654699596,0.044910834853926496
2024-10-31,70.75401306152344,-0.000136934532029973,-0.00013692515692487195,-0.0009574784941873968,0.0008205627106562306,0.0016383028570830683,71.28188247680664,71.967568359375,69.67267642974853,71.04562187733899,71.40269238515472,31.21875492332107,-0.3570705078157346,-0.3050559528209888,-0.052014554994745776,72.06036177951478,70.50340317409851,0.16096117555927292,0.04351208411955917
2024-11-01,70.48001861572266,-0.0038800108767543273,-0.003872493360377094,-0.000136934532029973,-0.0009574784941873968,-0.0020481098773000826,71.21491165161133,71.94416015625,69.68248023986817,70.95860599093648,71.33434618001161,28.03382941060775,-0.37574018907513107,-0.3191928000718173,-0.0565473890033138,72.02834668080283,70.40147662241984,0.048277975796596054,0.03987527298512842
2024-11-04,70.76177978515625,0.0039897756384727956,0.003997745388942597,-0.0038800108767543273,-0.000136934532029973,-0.0012308608771780102,71.17268295288086,71.9200325012207,69.69369285583497,70.92832503620106,71.29193385446676,28.06237539752071,-0.36360881826570335,-0.32807600371059453,-0.035532814555108816,71.98824216062302,70.35712374513871,0.24808501711225697,0.0427287408483552
2024-11-05,70.93667602539062,0.002468570713064567,0.0024716201424750395,0.0039897756384727956,-0.0038800108767543273,0.0008205627106562306,71.13387184143066,71.90094329833984,69.70521427154542,70.92960980376868,71.26561845972039,30.514206135557984,-0.3360086559517015,-0.3296625341588159,-0.006346121792885573,71.91430904032372,70.35343464253761,0.37366323881041796,0.04349780836116253
2024-11-06,70.35371398925781,-0.008252016915988722,-0.00821806248609891,0.002468570713064567,0.0039897756384727956,-0.0009574784941873968,71.07559852600097,71.87019485473633,69.71462230682373,70.84101044769008,71.19806998042687,27.681933857620393,-0.35705953273678404,-0.33514193387440955,-0.021917598862374488,71.90726250592266,70.24393454607929,0.06599987845383304,0.05096770971205078
2024-11-07,70.87837219238281,0.0074297651588521975,0.007457434346751279,-0.008252016915988722,0.002468570713064567,-0.000136934532029973,71.04501075744629,71.85090255737305,69.72736080169678,70.84675840841204,71.17438866279397,39.35608307101182,-0.32763025438192983,-0.33363959797591364,0.006009343593983807,71.85725395484606,70.23276756004653,0.397420769052336,0.05880222828912494
2024-11-08,71.01438903808594,0.001917178666272684,0.001919017628310371,0.0074297651588521975,-0.008252016915988722,-0.0038800108767543273,71.02073974609375,71.8364485168457,69.7391764831543,70.87254773605419,71.16253683874153,49.61479596223625,-0.28998910268734335,-0.3249094989181996,0.03492039623085624,71.80426412826748,70.23721536392003,0.49594734500144294,0.05936676212168218
2024-11-11,70.87837219238281,-0.0019171786662726853,-0.0019153420531461407,0.001917178666272684,0.0074297651588521975,0.0039897756384727956,70.99208908081054,71.82216262817383,69.75083065032959,70.87344380625859,71.14148760567792,46.64890363324755,-0.2680437994193312,-0.31353635901842597,0.04549255959909476,71.75082351423306,70.23335464738803,0.425061468533348,0.059622600456607
2024-11-12,70.45086669921875,-0.006049799750010112,-0.006031536559610862,-0.0019171786662726853,0.001917178666272684,0.002468570713064567,70.92801895141602,71.79322326660156,69.75898014068603,70.80843194363707,71.09033050149577,42.74112110838458,-0.2818985578586961,-0.30720879878648,0.02531024092778389,71.63845625427098,70.21758164856107,0.1641841227369451,0.060528142777573075
2024-11-13,70.4217300415039,-0.00041365970109782257,-0.0004135741557196315,-0.006049799750010112,-0.0019171786662726853,-0.008252016915988722,70.85764961242675,71.7573274230957,69.76637104034424,70.74893934330889,71.04080454149637,40.049182202905186,-0.29186519818748025,-0.3041400786666801,0.012274880479199834,71.46336619161342,70.25193303324009,0.14016209403729038,0.05997979283165387
2024-11-14,70.40229034423828,-0.00027608496527589443,-0.00027604685732895984,-0.00041365970109782257,-0.006049799750010112,0.0074297651588521975,70.80374145507812,71.71756607055664,69.77220333099365,70.69560872806726,70.99350719355132,41.84324738320143,-0.2978984654840673,-0.3028917560301575,0.004993290546090212,71.36645767430416,70.24102523585209,0.14329168315780486,0.0582326942476236
2024-11-15,70.4217300415039,0.00027608496527589937,0.0002761230802375003,-0.00027608496527589443,-0.00041365970109782257,0.001917178666272684,70.74886894226074,71.67645538330078,69.77604301452637,70.65347354551905,70.9511533304367,43.586097110939804,-0.2976797849176478,-0.30184936180765554,0.004169576890007742,71.22524682414377,70.27249106037772,0.15663928448596043,0.05816155954931163
2024-11-18,70.48973083496094,0.0009651563941325414,0.0009656223074461234,0.00027608496527589937,-0.00027608496527589443,-0.0019171786662726853,70.72161064147949,71.63477294921876,69.78334320068359,70.62828235927934,70.91697388632737,43.78915143128898,-0.28869152704803014,-0.29921779485573047,0.010526267807700329,71.19142040258323,70.25180088037574,0.25321946698831616,0.05387077233671454
2024-11-19,70.61605834960938,0.0017905367189992817,0.0017921406870486933,0.0009651563941325414,0.00027608496527589937,-0.006049799750010112,70.69921607971192,71.59078857421875,69.7940172958374,70.62640174240704,70.89468384657047,47.37273685010807,-0.2682821041634327,-0.2930306567172709,0.024748552553838232,71.14225362389615,70.25617853552768,0.4061504705479757,0.05436190115854026
2024-11-20,70.53831481933594,-0.0011015392068862997,-0.0011009327352786702,0.0017905367189992817,0.0009651563941325414,-0.00041365970109782257,70.68165168762206,71.5460220336914,69.80269512176514,70.6128499080884,70.8682861408494,46.25250522252738,-0.25543623276099936,-0.2855117719260166,0.030075539165017262,71.12074471677977,70.24255865846436,0.33678075172237976,0.05386488257415251
2024-11-21,70.49944305419922,-0.0005512249585793245,-0.0005510730620128523,-0.0011015392068862997,0.0017905367189992817,-0.00027608496527589443,70.65633201599121,71.5020231628418,69.81184047698974,70.59540269979776,70.84096443072717,50.36750059181164,-0.2455617309294098,-0.2775217637266953,0.03196003279728549,71.07462308962705,70.23804094235537,0.3124643679002133,0.05340647180928826
2024-11-22,70.52859497070312,0.00041342015853568497,0.0004135056284273464,-0.0005512249585793245,-0.0011015392068862997,0.00027608496527589937,70.63973388671874,71.45551712036132,69.82202991485596,70.58512458762935,70.81782595220687,45.12199793158923,-0.23270136457752244,-0.26855768389686074,0.0358563193193383,71.05017497920966,70.22929279422783,0.36461039349016955,0.05308701423459939
2024-11-25,71.17958068847656,0.00918775919805187,0.009230096219042139,0.00041342015853568497,-0.0005512249585793245,0.0009651563941325414,70.66004333496093,71.41816787719726,69.83575801849365,70.67657937237507,70.84462259933795,54.23731520471883,-0.16804322696287954,-0.24845479251006453,0.08041156554718498,71.13366647132364,70.18642019859823,1.048471256604497,0.06253518061865133
2024-11-26,71.05326843261719,-0.0017761338515796786,-0.0017745574592830105,0.00918775919805187,0.00041342015853568497,0.0017905367189992817,70.67113227844239,71.38022369384765,69.84876003265381,70.73453153548924,70.86007784624753,64.51594518604827,-0.12554631075829548,-0.22387309615971074,0.09832678540141526,71.17129804730766,70.17096650957711,0.8820095036109279,0.06291897435939196
2024-11-27,71.24758911132812,0.0027311261906938123,0.002734859113415977,-0.0017761338515796786,0.00918775919805187,-0.0011015392068862997,70.69532661437988,71.35060806274414,69.8657122039795,70.81346347023369,70.88878238440165,58.87852524822591,-0.07531891416796554,-0.1941622597613617,0.11884334559339615,71.25733681637699,70.13331641238277,0.9913278219734911,0.06341334089089715
2024-11-29,71.50992584228516,0.003675281491685144,0.003682043620411024,0.0027311261906938123,-0.0017761338515796786,-0.0005512249585793245,70.73312225341797,71.32623916625977,69.88269958496093,70.92061152747237,70.93479301091155,61.2336599894151,-0.014181483439173803,-0.15816610449692411,0.1439846210577503,71.40305878857023,70.06318571826571,1.0797590876952496,0.0644675356822482
2024-12-02,71.55182647705078,0.0005857699250068136,0.0005859415217130959,0.003675281491685144,0.0027311261906938123,0.00041342015853568497,70.78671264648438,71.30290130615235,69.89895080566406,71.01772151971521,70.98049919358853,65.94749869017724,0.03722232612668108,-0.11908841837220309,0.15631074449888416,71.5379428817336,70.03548241123515,1.0092405727736558,0.062327958947155974
2024-12-03,71.38613891601562,-0.0023183152885662335,-0.0023156300711386635,0.0005857699250068136,0.003675281491685144,0.00918775919805187,70.81793060302735,71.27721588134766,69.91546104431153,71.07440111914605,71.01054658043498,75.28234022719211,0.06385453871106961,-0.08249982695554856,0.14635436566661816,71.61527443086288,70.02058677519182,0.8563132322292705,0.062006589333204715
2024-12-04,71.62977600097656,0.0034071357833459098,0.003412946668085892,-0.0023183152885662335,0.0005857699250068136,-0.0017761338515796786,70.85258560180664,71.25466491699218,69.9327639389038,71.15984340865843,71.05641542640102,79.26247352644398,0.1034279822574149,-0.04531426511295587,0.14874224737037078,71.72807881017503,69.97709239343824,0.943858611204036,0.06250152181551649
2024-12-05,71.6395263671875,0.00013611242694455753,0.00013612169066123947,0.0034071357833459098,-0.0023183152885662335,0.0027311261906938123,70.91687622070313,71.23771697998046,69.95106117248535,71.23364078689367,71.09960882942224,80.11088705933906,0.1340319574714357,-0.009445020596077557,0.14347697806751325,71.82630714847808,70.00744529292818,0.8973089788426456,0.05337308574681286
2024-12-06,71.83444213867188,0.002717090681039154,0.0027207853173865093,0.00013611242694455753,0.0034071357833459098,0.003675281491685144,70.96467971801758,71.22466735839843,69.97019107818603,71.32607176409033,71.1540409264037,81.6759784181769,0.17203083768663419,0.026850151060464792,0.1451806866261694,71.9618650278699,69.96749440816525,0.9361087212481599,0.0480929775001772
2024-12-09,71.62003326416016,-0.002989227538053338,-0.0029847642457891954,0.002717090681039154,0.00013611242694455753,0.0005857699250068136,70.99496192932129,71.20308029174805,69.9870198059082,71.37129661025492,71.18855887734863,73.78231821056721,0.1827377329062898,0.0580276674296298,0.12471006547666,72.03439244981047,69.95553140883212,0.8006797099553578,0.0495371050711078
2024-12-10,71.54207611083984,-0.0010890753337732372,-0.0010884825064626513,-0.002989227538053338,0.002717090681039154,-0.0023183152885662335,71.02814712524415,71.18321746826172,70.00407329559326,71.39757037957567,71.21474533908871,69.88886813291253,0.1828250404869607,0.08298714204109597,0.09983789844586471,72.09394958538304,69.96234466510525,0.7410995493145706,0.0491031994930984
2024-12-11,71.38613891601562,-0.0021820360195032593,-0.0021796571095117345,-0.0010890753337732372,-0.002989227538053338,0.0034071357833459098,71.07491073608398,71.15595489501953,70.02086727142334,71.39581169287413,71.22744115960181,67.61768268322226,0.16837053327232354,0.10006382028734148,0.06830671298498206,72.11584750297816,70.0339739691898,0.6494942775728116,0.043944374886856756
2024-12-12,71.10352325439453,-0.003966828581289792,-0.003958971109974008,-0.0021820360195032593,-0.0010890753337732372,0.00013611242694455753,71.10900039672852,71.12575210571289,70.0354916381836,71.35084424080034,71.21826205551238,61.39809403161259,0.1325821852879585,0.10656749328746488,0.026014692000493625,72.10348952581275,70.11451126764429,0.4972462532903548,0.046811564500457065
2024-12-13,70.82090759277344,-0.003982627000703915,-0.003974706859601773,-0.003966828581289792,-0.0021820360195032593,0.002717090681039154,71.12993125915527,71.09628967285157,70.04813564300537,71.26931552571928,71.1888283916058,55.034003237402516,0.08048713411348274,0.10135142145266846,-0.020864287339185716,72.07834681627956,70.18151570203098,0.33708424853403435,0.04938560670019838
2024-12-16,70.89887237548828,0.0011002668871990435,0.001100872402866493,-0.003982627000703915,-0.003966828581289792,-0.002989227538053338,71.15378837585449,71.07787841796875,70.05973754882812,71.21232427183759,71.16735016818969,43.977148095401795,0.04497410364790255,0.09007595789171528,-0.04510185424381273,72.04974929257989,70.25782745912909,0.3577415623786989,0.049467690238397026
2024-12-17,70.90862274169922,0.00013751552720455513,0.00013752498289809623,0.0011002668871990435,-0.003982627000703915,-0.0010890753337732372,71.1747329711914,71.06392379760742,70.07219409942627,71.16560095950861,71.14818517363483,46.7330881871474,0.01741578587378001,0.07554392348812823,-0.05812813761434822,72.02368323066032,70.32578271172248,0.343271012333128,0.049415649518148905
2024-12-18,70.3531265258789,-0.007864819486760237,-0.00783397271505093,0.00013751552720455513,0.0011002668871990435,-0.0021820360195032593,71.16158638000488,71.03672836303711,70.08002410888672,71.04060489279635,71.08929194046773,32.631619492336455,-0.04868704767137899,0.05069772925622679,-0.09938477692760578,72.05399491761312,70.26917784239663,0.04703489486287756,0.0568668149536053
2024-12-19,70.15821838378906,-0.002774270892156407,-0.002770426158930528,-0.007864819486760237,0.00013751552720455513,-0.003966828581289792,71.14258155822753,71.00950912475587,70.08626319885254,70.90485312217984,71.02032352886191,23.047199462072783,-0.11547040668206421,0.01746410206856859,-0.13293450875063278,72.1043696925687,70.18079342388637,-0.011735973491070657,0.057529910844554645
2024-12-20,70.37261199951172,0.003051199248852479,0.003055858895245178,-0.002774270892156407,-0.007864819486760237,-0.003982627000703915,71.13624000549316,70.98715881347657,70.09300537109375,70.8229698725386,70.97234489705819,28.000045547970558,-0.14937502451959972,-0.015903723249065072,-0.13347130127053464,72.11736123874687,70.15511877223946,0.11083911951990996,0.05870560255724806
2024-12-23,70.14846801757812,-0.003190185728780376,-0.0031851024932135763,0.003051199248852479,-0.002774270892156407,0.0011002668871990435,71.11723365783692,70.96013198852539,70.09829490661622,70.71920035639083,70.91131698005968,27.40235136791665,-0.19211662366885207,-0.051146303333022475,-0.1409703203358296,72.16066734573081,70.07379996994302,0.035779967860637606,0.05968120135983836
2024-12-24,70.2491683959961,0.0014345027203983664,0.0014355321115884223,-0.003190185728780376,0.003051199248852479,0.00013751552720455513,71.07071304321289,70.93608764648438,70.1042301940918,70.64688774709933,70.86226893679572,23.404417924486708,-0.2153811896963873,-0.08399328060569544,-0.13138790909069187,72.1831260330486,69.95830005337719,0.13073757016351745,0.04872465930670115
2024-12-26,70.2980728149414,0.000695914348764851,0.0006961565533365466,0.0014345027203983664,-0.003190185728780376,-0.007864819486760237,71.0329532623291,70.90740371704102,70.11145305633545,70.59322391138272,70.82047663147318,24.542693079513626,-0.22725272009046193,-0.11264516850264875,-0.11460755158781319,72.1978883381477,69.8680181865105,0.18458308851620256,0.0487623039965397
2024-12-27,70.15139770507812,-0.002088653843156708,-0.002086474123542459,0.000695914348764851,0.0014345027203983664,-0.002774270892156407,70.9781436920166,70.8738493347168,70.11851150512695,70.52525064887432,70.770915229518,17.46447049384392,-0.2456645806436768,-0.13924905093085435,-0.10641552971282245,72.20220854190968,69.75407884212352,0.162294858393046,0.047465557725579456
2024-12-30,70.4251480102539,0.0038946845622935167,0.0039022787019389327,-0.002088653843156708,0.000695914348764851,0.003051199248852479,70.92390480041504,70.85274322509765,70.12897743225098,70.50985024293271,70.74530284290583,27.41931763131791,-0.23545259997311518,-0.15848976073930654,-0.07696283923380864,72.14488498612386,69.70292461470623,0.29575557572558103,0.047743980477879235
2024-12-31,70.30783081054688,-0.0016672314885280769,-0.0016658424301777552,0.0038946845622935167,-0.002088653843156708,-0.003190185728780376,70.86170501708985,70.82851623535156,70.13904655456543,70.47877033025796,70.71289750717554,27.017397308148006,-0.2341271769175819,-0.17361724397496162,-0.060509932942620276,72.07471781123282,69.64869222294688,0.2716948208554137,0.04756848300636483
2025-01-02,70.33716583251953,0.0004171498894126494,0.00041723690852735196,-0.0016672314885280769,0.0038946845622935167,0.0014345027203983664,70.80925636291504,70.81456161499024,70.1496890258789,70.45698502291359,70.68506553127509,29.500800639318697,-0.22808050836150073,-0.18450989685226946,-0.04357061150923128,72.01749504614882,69.60101767968125,0.3046368913086033,0.047460034215379594
2025-01-03,70.2491683959961,-0.0012518634687862362,-0.0012510802145905275,0.0004171498894126494,-0.0016672314885280769,0.000695914348764851,70.74022598266602,70.79826599121094,70.15899059295654,70.42501323415705,70.65277685458776,31.929526735689763,-0.2277636204307072,-0.193160641567957,-0.03460297886275018,71.90816484062717,69.57228712470487,0.28977598727764037,0.04487097852254493
2025-01-06,70.18072509765625,-0.0009747682926549188,-0.0009742933603715809,-0.0012518634687862362,0.0004171498894126494,-0.002088653843156708,70.66728591918945,70.7840884399414,70.16733352661133,70.38743044392616,70.61781005777802,35.110513315541425,-0.23037961385185213,-0.20060443602473604,-0.029775177827116084,71.77963578721156,69.55493605116735,0.2812914643490869,0.04467960895627702
2025-01-07,69.93629455566406,-0.0034889521707925537,-0.0034828728493765393,-0.0009747682926549188,-0.0012518634687862362,0.0038946845622935167,70.57237854003907,70.76269760131837,70.17416996002197,70.31802492265507,70.5673274279918,29.221166356494678,-0.24930250533672904,-0.21034404988713468,-0.038958455449594365,71.58485098101568,69.55990609906246,0.18587590208309623,0.04318468614281654
2025-01-08,70.01451873779297,0.0011178811817408017,0.0011185062438023863,-0.0034889521707925537,-0.0009747682926549188,-0.0016672314885280769,70.4921028137207,70.74577682495118,70.18025959014892,70.27133166344551,70.52637863612522,31.253479220654583,-0.25504697267970755,-0.21928463444564927,-0.03576233823405828,71.40447051441373,69.57973511302768,0.2382721486277028,0.04356223131158735
2025-01-10,69.65274810791016,-0.00518047567096561,-0.005167080148585468,0.0011178811817408017,-0.0034889521707925537,0.0004171498894126494,70.39763641357422,70.72336395263672,70.18520404815673,70.17616496259392,70.46166526366484,34.01688151599356,-0.2855003010709254,-0.2325277677707045,-0.05297253330022089,71.24088386847,69.55438895867844,0.058321640142909754,0.04586668818727028
2025-01-13,69.58430480957031,-0.0009831191111618763,-0.0009826360078974972,-0.00518047567096561,0.0011178811817408017,-0.0012518634687862362,70.30754470825195,70.69842025756836,70.1895219039917,70.08510955443643,70.39667560039858,36.10062009889063,-0.3115660459621523,-0.2483354234089941,-0.06323062255315823,71.08885340481261,69.5262360116913,0.037161238659339846,0.04577146839966965
2025-01-14,69.63321685791016,0.000702670896112897,0.0007029178271407144,-0.0009831191111618763,-0.00518047567096561,-0.0009747682926549188,70.23402938842773,70.675810546875,70.19289901733399,70.0155876011247,70.340123100955,30.532477341389736,-0.3245354998303043,-0.2635754386932561,-0.06096006113704816,70.97567077369597,69.49238800315949,0.09494403733937429,0.04513024293747347
2025-01-15,70.19051361083984,0.007971460955005899,0.008003317641735341,0.000702670896112897,-0.0009831191111618763,-0.0034889521707925537,70.20250968933105,70.66454055786133,70.19948932647705,70.04249929492703,70.32904091650202,50.94179691638839,-0.2865416215749974,-0.26816867526960436,-0.018372946305393045,70.89079504985314,69.51422432880896,0.49128553418446336,0.053904450708006216
2025-01-16,70.327392578125,0.0019482073750073782,0.001950106364003279,0.007971460955005899,0.000702670896112897,0.0011178811817408017,70.17393569946289,70.66148803710938,70.2091131591797,70.08632903080364,70.32891881736299,51.724230713605834,-0.24258978655934982,-0.26305289752755345,0.020463110968203635,70.7834384805057,69.56443291842008,0.6258869388582287,0.054309784960920905
2025-01-17,70.34693145751953,0.00027778885243095054,0.0002778274393271385,0.0019482073750073782,0.007971460955005899,-0.00518047567096561,70.1458511352539,70.65319107055664,70.2192151260376,70.12642171183685,70.33025308700421,51.09107512812125,-0.20383137516735417,-0.25120859305551363,0.04737721788815946,70.65657454743452,69.6351277230733,0.6968583361070941,0.054330636465161626
2025-01-21,70.5522689819336,0.0029146747340097526,0.0029189265282745236,0.00027778885243095054,0.0019482073750073782,-0.0009831191111618763,70.15580825805664,70.6455029296875,70.23010612487793,70.19193667646712,70.34669870885084,58.72340708126218,-0.1547620323837151,-0.23191928092115394,0.07715724853743883,70.69073804399717,69.6208784721161,0.8705726754212084,0.04775709735433669
2025-01-22,70.40560150146484,-0.0020810123322063585,-0.0020788485272714707,0.0029146747340097526,0.00027778885243095054,0.000702670896112897,70.16817741394043,70.64654067993165,70.2395503616333,70.22480818800523,70.3510618786741,49.549742710120064,-0.12625369066887515,-0.2107861628706982,0.08453247220182306,70.71465760491594,69.62169722296491,0.7172302779178454,0.04725652618821133
2025-01-23,70.2980728149414,-0.0015284420677614471,-0.0015272745950647426,-0.0020810123322063585,0.0029146747340097526,0.007971460955005899,70.16445045471191,70.63493469238281,70.25016895294189,70.23607966907232,70.34713676284206,49.77420459641058,-0.11105709376973039,-0.19084034905050465,0.07978325528077426,70.70605515747908,69.62284575194474,0.6233578286403256,0.04634822136745086
2025-01-24,70.43494415283203,0.0019451211093741841,0.001947014084595633,-0.0015284420677614471,-0.0020810123322063585,0.0019482073750073782,70.17877426147462,70.62334579467773,70.26175716400147,70.26667420503536,70.35364101395243,52.15528259494948,-0.08696680891706876,-0.17006564102381747,0.0830988321067487,70.73359093682167,69.62395758612756,0.7308599423378667,0.04531098687509278
2025-01-27,70.80646514892578,0.005260806370934061,0.005274668711138686,0.0019451211093741841,-0.0015284420677614471,0.00027778885243095054,70.20663909912109,70.62190765380859,70.27396663665772,70.34971896563388,70.38718354246897,60.91940277088477,-0.037464576835091634,-0.1435454281860723,0.10608085135098066,70.82829459059487,69.58498360764732,0.9824424926921081,0.048605277223814136
2025-01-28,70.7673568725586,-0.0005524789371867476,-0.0005523263488006469,0.005260806370934061,0.0019451211093741841,0.0029146747340097526,70.23010330200195,70.62823745727539,70.2899751663208,70.41397095131461,70.41534452988301,61.62784719008689,-0.0013735785684048096,-0.1151110582625388,0.11373747969413399,70.89985530380257,69.56035130020133,0.9010839602660731,0.048704702887936796
2025-01-29,70.72824096679688,-0.0005528922080327878,-0.0005527393913009604,-0.0005524789371867476,0.005260806370934061,-0.0020810123322063585,70.25894546508789,70.63436767578125,70.30578811645508,70.46232018446572,70.4385220437285,67.08832419120117,0.023798140737227413,-0.08732921846258555,0.11112735919981297,70.96321902710929,69.55467190306649,0.8331769975590289,0.04799193432362632
2025-01-30,70.82601928710938,0.0013814961935896103,0.0013824508990460949,-0.0005528922080327878,-0.0005524789371867476,-0.0015284420677614471,70.27898902893067,70.64284225463867,70.32132915496827,70.51827389256475,70.46722554323819,67.36372985944465,0.05104834932656388,-0.05965370490475567,0.11070205423131954,71.02477303644332,69.53320502141801,0.8667484504013224,0.04637309745531445
2025-01-31,70.72824096679688,-0.0013814961935896442,-0.001380542367009685,0.0013814961935896103,-0.0005528922080327878,0.0019451211093741841,70.30000953674316,70.64897247314452,70.33861625671386,70.5505765193697,70.48656001905735,75.94328684533077,0.06401650031234851,-0.03491966386133484,0.09893616417368335,71.07243956466644,69.52757950881988,0.7771975548419825,0.04622450680932212
2025-02-03,70.79200744628906,0.0009011641022766413,0.000901570272645813,-0.0013814961935896442,0.0013814961935896103,0.005260806370934061,70.32275161743163,70.65501800537109,70.35707817077636,70.58771973889576,70.50918575440785,79.1983620467038,0.07853398448790472,-0.012228934191486927,0.09076291867939165,71.12595782562464,69.51954540923863,0.792114169481537,0.046272945440419815
2025-02-04,70.89010620117188,0.0013847728274728054,0.0013857320680903396,0.0009011641022766413,-0.0013814961935896442,-0.0005524789371867476,70.35479850769043,70.66049896240234,70.37441371917724,70.63424073309208,70.53740208379777,79.6816050908593,0.09683864929431252,0.009584582505672963,0.08725406678863956,71.19589461971364,69.51370239566722,0.8182202876873312,0.04602914532844436
2025-02-05,71.25304412841797,0.005106664867488704,0.005119726104177991,0.0013847728274728054,0.0009011641022766413,-0.0005528922080327878,70.40841445922851,70.67479354858398,70.39446762084961,70.72944125544991,70.5904126056215,77.62793502670189,0.13902864982841834,0.03547339597022204,0.1035552538581963,71.33514077649302,69.481688141964,0.955706098690829,0.04851982050759116
2025-02-06,71.174560546875,-0.0011020839628058192,-0.001101476891310349,0.005106664867488704,0.0013847728274728054,0.0013814961935896103,70.47032775878907,70.6882958984375,70.4137010192871,70.79792114643838,70.63368282349212,72.71797305923367,0.16423832294626095,0.06122638136542983,0.10301194158083113,71.42914505764709,69.51151045993105,0.8672403433504444,0.04644404992756559
2025-02-07,70.95875549316406,-0.0030366591810704565,-0.003032053195028972,-0.0011020839628058192,0.005106664867488704,-0.0013814961935896442,70.51753959655761,70.69689910888673,70.43171272277831,70.8226648920885,70.65776228050485,64.84434292314698,0.16490261158364206,0.08196162740907229,0.08294098417456977,71.47484294125202,69.5602362518632,0.7304472762221969,0.048456590339280924
2025-02-10,70.97838592529297,0.0002766074060374747,0.00027664566539353785,-0.0030366591810704565,-0.0011020839628058192,0.0009011641022766413,70.58382148742676,70.69287521362304,70.44920436859131,70.84662197411996,70.68151218011879,61.3625636769038,0.1651097940011681,0.09859126072749146,0.06651853327367664,71.46993544993258,69.69770752492094,0.7226375243825468,0.0433174391684315
2025-02-11,70.86067199707031,-0.0016598242680433816,-0.0016584475215674077,0.0002766074060374747,-0.0030366591810704565,0.0013847728274728054,70.64763984680175,70.68902328491211,70.4669634628296,70.84878351611232,70.69478327767075,62.324931708385506,0.15400023844156863,0.10967305627030689,0.044327182171261734,71.40517702526913,69.89010266833438,0.6406083795778582,0.04378058001634675
2025-02-12,70.49773406982422,-0.005135014391445115,-0.005121852743099842,-0.0016598242680433816,0.0002766074060374747,0.005106664867488704,70.69086570739746,70.67402618408204,70.48385890960694,70.79477590899107,70.6801870400525,54.75033943961605,0.11458886893856857,0.11065621880395923,0.0039326501346093334,71.28591466260697,70.09581675218796,0.3377178584363309,0.04876528433766349
2025-02-13,70.9195327758789,0.0059653246915957366,0.005983152673203929,-0.005135014391445115,-0.0016598242680433816,-0.0011020839628058192,70.72731666564941,70.6622183227539,70.50210247039794,70.81396927312767,70.69791635381742,60.15281329923273,0.11605291931024908,0.1117355589052172,0.004317360405031875,71.28120406466302,70.17342926663581,0.6735155110694024,0.04513744628887813
2025-02-14,71.1451416015625,0.0031761451794000296,0.003181194472848148,0.0059653246915957366,-0.005135014391445115,-0.0030366591810704565,70.7682041168213,70.65408462524414,70.52047542572022,70.86491886211763,70.73104414994668,57.55784455605687,0.13387471217095026,0.11616338955836382,0.01771132261258644,71.31850760615197,70.21790062749062,0.8424814598210791,0.0458586722369399
2025-02-18,70.88028717041016,-0.0037296805292430543,-0.0037227339097253287,0.0031761451794000296,0.0059653246915957366,0.0002766074060374747,70.79487190246581,70.64396759033202,70.53880809783935,70.86728321723956,70.74209918849954,52.28946000791922,0.12518402874002277,0.11796751739469562,0.007216511345327151,71.30977193586173,70.2799718690699,0.5829435447702369,0.048345510898551665
2025-02-19,70.97838592529297,0.001383049317735893,0.0013840061715180152,-0.0037296805292430543,0.0031761451794000296,-0.0016598242680433816,70.8161777496338,70.63093978881835,70.55641975402833,70.88437594155548,70.7596019097435,54.95279384884968,0.12477403181198099,0.1193288202781527,0.0054452115338282925,71.32402607923213,70.30832942003546,0.6597013972532586,0.04757910945129256
2025-02-20,71.06666564941406,0.001242982201892689,0.0012437550244381868,0.001383049317735893,-0.0037296805292430543,-0.005135014391445115,70.84923095703125,70.6194825744629,70.57313720703125,70.91242051199526,70.78234737194131,54.78271417740713,0.13007314005395187,0.12147768423331254,0.008595455820639336,71.32988691012262,70.36857500393988,0.7261853733261427,0.04682895927567427
2025-02-21,71.38055419921875,0.004407092790984622,0.0044168183062529565,0.001242982201892689,0.001383049317735893,0.0059653246915957366,70.90335502624512,70.61040481567383,70.58970695495606,70.98444107926042,70.82665898877667,61.938806286933506,0.15778209048374947,0.12873856548339993,0.02904352500034954,71.36614609712997,70.44056395536028,1.0155665299043386,0.04819372119086857
2025-02-24,71.47865295410156,0.0013733629390286048,0.0013743064337805588,0.004407092790984622,0.001242982201892689,0.0031761451794000296,70.95554046630859,70.60757720947265,70.60643329620362,71.06047367538983,70.87495483805999,62.411191033052376,0.18551883732983754,0.14009461985268745,0.045424217477150086,71.43114015180322,70.47994078081396,1.049950413916831,0.0480504005360225
2025-02-25,71.92986297607422,0.0062926738757918006,0.00631251434274227,0.0013733629390286048,0.004407092790984622,-0.0037296805292430543,71.01171035766602,70.61533294677734,70.62474796295166,71.19422587549512,70.9530961816166,66.66625902817353,0.2411296938785199,0.16030163465785396,0.08082805922066594,71.65052608892317,70.37289462640886,1.2186365124425844,0.04945829379038458
2025-02-26,72.03776550292969,0.001498983461765026,0.0015001074990419472,0.0062926738757918006,0.0013733629390286048,0.001383049317735893,71.07523078918457,70.62836547851562,70.64441291809082,71.32400120279274,71.03344205726943,63.69825613761251,0.29055914552331785,0.18635313683094673,0.10420600869237112,71.84993479906782,70.30052677930132,1.1212273987649612,0.049257031985388965
2025-02-27,71.9494857788086,-0.001226215993384693,-0.0012254644977501838,0.001498983461765026,0.0062926738757918006,0.001242982201892689,71.13629302978515,70.6452847290039,70.66273025512696,71.42022959910288,71.10129714775381,63.4811462245995,0.31893245134907033,0.21286899973457146,0.10606345161449887,71.98483826716269,70.28774779240761,0.9791687662620374,0.049575520768385214
2025-02-28,72.2535629272461,0.004217353264866964,0.004226258814028494,-0.001226215993384693,0.001498983461765026,0.004407092790984622,71.20767021179199,70.67393783569337,70.6835219192505,71.54843472650953,71.18665016845695,71.85417927553215,0.3617845580525767,0.2426521113981725,0.1191324466544042,72.17777775119858,70.23756267238541,1.0390601933131431,0.05097641968736135
2025-03-03,72.41983032226562,0.0022985217182926367,0.0023011653444267033,0.004217353264866964,-0.001226215993384693,0.0013733629390286048,71.29224967956543,70.70435699462891,70.7048586654663,71.68249558739508,71.27799684651686,73.18167875240795,0.4044987408782248,0.27502143729418294,0.12947730358404186,72.37480727843689,70.20969208069397,1.0207947567296514,0.05036838936105509
2025-03-04,72.2132339477539,-0.0028568365894207784,-0.0028527597150168615,0.0022985217182926367,0.004217353264866964,0.0062926738757918006,71.36331100463867,70.73044921875,70.72416072845459,71.7641476428349,71.34727366883071,71.14766613782491,0.41687397400419,0.30339194463618435,0.11348202936800567,72.49315939013827,70.23346261913908,0.8761225638869282,0.05237261286472412
2025-03-05,71.95742797851562,-0.0035486587113769436,-0.0035423696634796498,-0.0028568365894207784,0.0022985217182926367,0.001498983461765026,71.41667709350585,70.76253524780273,70.73998966217042,71.79388307909346,71.39247028436293,73.61378183371059,0.4014127947305326,0.322996114655054,0.07841668007547858,72.55322226766819,70.28013191934352,0.737892385319536,0.054757664398053
2025-03-06,71.89839935302734,-0.0008206637144446972,-0.0008203270620776859,-0.0035486587113769436,-0.0028568365894207784,-0.001226215993384693,71.44894485473633,70.7973388671875,70.75609592437745,71.80996250585252,71.4299465116714,67.94112382678345,0.38001599418112164,0.33440009056026754,0.045615903620854104,72.60244728793145,70.2954424215412,0.6948216515877031,0.05249418329622611
2025-03-07,71.81968688964844,-0.0010953732172053685,-0.0010947735149487992,-0.0008206637144446972,-0.0035486587113769436,0.004217353264866964,71.481201171875,70.82628036499024,70.77266712188721,71.81145856489805,71.45881616929933,63.06700954745647,0.35264239559872124,0.33804855156795827,0.01459384403076297,72.63847117714661,70.32393116660339,0.6462431914037184,0.05249155562846474
2025-03-10,72.15420532226562,0.004646940211798889,0.004657753982291402,-0.0010953732172053685,-0.0008206637144446972,0.0022985217182926367,71.54097366333008,70.86639511108399,70.79124488830567,71.8641888352623,71.51032647692647,74.02925964408345,0.3538623583358316,0.34121131292153295,0.012651045414298623,72.7080736178981,70.37387370876206,0.7627159981179698,0.05280492261378306
2025-03-11,71.87872314453125,-0.0038252712985486436,-0.0038179642683884296,0.004646940211798889,-0.0010953732172053685,-0.0028568365894207784,71.58599052429199,70.89898620605469,70.80772972106934,71.86642488284214,71.53761511897126,65.91743527628131,0.3288097638708791,0.3387310031114022,-0.009921239240523072,72.73096768677802,70.44101336180596,0.6278333882239487,0.05532769889010124
2025-03-12,71.73115539550781,-0.0020551204758555495,-0.002053010161667923,-0.0038252712985486436,0.004646940211798889,-0.0035486587113769436,71.62951469421387,70.92764785766602,70.8239059829712,71.84561419248301,71.55195143575175,61.50657133344959,0.2936627567312655,0.32971735383537487,-0.036054597104109354,72.72344234928117,70.53558703914656,0.5464567747341993,0.05556200340860789
2025-03-13,71.94759368896484,0.0030128109905499228,0.0030173540669133914,-0.0020551204758555495,-0.0038252712985486436,-0.0008206637144446972,71.7020076751709,70.96357177734374,70.84216617584228,71.86130334578792,71.58125826932309,60.16205026675672,0.28004507646483034,0.319782898361266,-0.039737821896435654,72.66439083153698,70.73962451880483,0.6275926392567303,0.05178638077979656
2025-03-14,71.7705078125,-0.0024643515915587257,-0.002461317569985688,0.0030128109905499228,-0.0020551204758555495,-0.0010953732172053685,71.74455642700195,70.99047897338868,70.8591593170166,71.84733480220517,71.59527675400285,55.08639992341281,0.2520580482023149,0.3062379283294758,-0.05417988012716085,72.63374040991938,70.85537244408452,0.5145928098102374,0.049708014651959995
2025-03-17,71.86888885498047,0.0013698339055557849,0.0013707725565699214,-0.0024643515915587257,0.0030128109905499228,0.004646940211798889,71.78074378967285,71.02170013427734,70.87826606750488,71.85065081032444,71.61554431703823,48.78834188407379,0.23510649328621014,0.2920116413208227,-0.05690514803461255,72.62498728832946,70.93650029101624,0.552203579564352,0.04887114646747133
2025-03-18,71.94759368896484,0.0010945176860029293,0.0010951168890782625,0.0013698339055557849,-0.0024643515915587257,-0.0038252712985486436,71.83410911560058,71.05390869140625,70.89900646209716,71.86556509934604,71.64014056681057,48.187097546085674,0.22542453253547023,0.27869421956375223,-0.053269687028282,72.56617299825382,71.10204523294735,0.5775100206780834,0.046255656405943875
2025-03-19,72.1640396118164,0.0030038669418587117,0.0030083830709790593,0.0010945176860029293,0.0013698339055557849,-0.0020551204758555495,71.89339179992676,71.09220611572266,70.91935050964355,71.91148425511071,71.67894790347768,54.10219156980815,0.23253635163302988,0.2694626459776078,-0.03692629434457789,72.51779239334488,71.26899120650864,0.7167261007937674,0.04690438124612221
2025-03-20,72.19355010986328,0.00040885274566929494,0.00040893633734495616,0.0030038669418587117,0.0010945176860029293,0.0030128109905499228,71.94973602294922,71.1324626159668,70.93860191345215,71.95487900199572,71.71706658543218,48.71797379229415,0.23781241656354268,0.2631326000947948,-0.025320183531252094,72.4513202361149,71.44815180978355,0.7430440198419144,0.04690002970333398
2025-03-21,72.13451385498047,-0.0008180842526891171,-0.0008177497130003042,0.00040885274566929494,0.0030038669418587117,-0.0024643515915587257,71.9874340057373,71.17642700195313,70.95564910888672,71.98251513322414,71.74798860539872,43.61226407037322,0.23452652782542316,0.2574113856409205,-0.022884857815497317,72.41707010007016,71.55779791140444,0.6711679386150673,0.04518637935739699
2025-03-24,71.81968688964844,-0.004373994862783582,-0.004364442879104424,-0.0008180842526891171,0.00040885274566929494,0.0013698339055557849,72.00448570251464,71.21253036499023,70.9698303604126,71.9574646342125,71.75329958941721,41.596423718928285,0.20416504479528896,0.24676211747179416,-0.0425970726765052,72.37162393937179,71.6373474656575,0.24832529778407203,0.04825691495053988
2025-03-25,71.90824127197266,0.0012322503310562703,0.0012330098634414366,-0.004373994862783582,-0.0008180842526891171,0.0010945176860029293,72.00340461730957,71.25764022827148,70.98349742889404,71.94989180925253,71.764776751088,48.8689037120731,0.18511505816454132,0.23443270561034363,-0.049317647445802304,72.37159389008185,71.63521534453729,0.37076844387618774,0.042879392350641365
2025-03-26,71.75082397460938,-0.002191540925000517,-0.0021891412525011367,0.0012322503310562703,-0.004373994862783582,0.0030038669418587117,71.98905754089355,71.30097061157227,70.99632953643798,71.9192659885382,71.76374321208957,46.75327727143024,0.15552277644863466,0.21865071977800185,-0.06312794332936719,72.37360797050673,71.60450711128038,0.19024405131490166,0.043151336426195765
2025-03-27,71.7213134765625,-0.0004113760202825591,-0.00041129141676921055,-0.002191540925000517,0.0012322503310562703,0.00040885274566929494,71.97764892578125,71.34273254394532,71.01178920745849,71.88881175592655,71.76060026871718,47.78785050577142,0.12821148720937003,0.20056287326427552,-0.07235138605490549,72.38025706385467,71.57504078770783,0.18165639864437075,0.04299084648113093
2025-03-28,72.13451385498047,0.00574466147701032,0.005761193686908639,-0.0004113760202825591,-0.002191540925000517,-0.0008180842526891171,71.97169647216796,71.38161254882813,71.02984115600586,71.92661207885793,71.78829757140335,49.57232666885392,0.13831450745458085,0.18811320010233662,-0.04979869264775577,72.36040896820477,71.58298397613116,0.7094316293823114,0.045331005331874
2025-03-31,72.26242065429688,0.001771600390337529,0.0017731706014343374,0.00574466147701032,-0.0004113760202825591,-0.004373994862783582,71.96382598876953,71.42031311035156,71.04714515686035,71.97827493661777,71.82341779976583,58.90420175208743,0.15485713685193048,0.18146198745225542,-0.026604850600324942,72.31928577523587,71.60836620230319,0.9200118788340369,0.0450013206705418
2025-04-01,72.48944091796875,0.0031366843554161143,0.0031416088973539313,0.001771600390337529,0.00574466147701032,0.0012322503310562703,71.97763633728027,71.46316329956055,71.06400527954102,72.05691585682561,71.87275284555864,66.9711768321836,0.18416301126697476,0.1820021922151993,0.0021608190517754533,72.3906923659246,71.56458030863595,1.119534088835668,0.04517565529415391
2025-04-02,72.43021392822266,-0.0008173769542363347,-0.0008170429926906975,0.0031366843554161143,0.001771600390337529,-0.002191540925000517,72.00127563476562,71.50072219848633,71.07903827667236,72.11434632934824,71.9140462590893,61.619167272807424,0.20030007025893326,0.1856617678239461,0.01463830243498715,72.46094699646568,71.54160427306556,0.9665706080433645,0.04317293017598166
2025-04-03,72.8052978515625,0.005165193452418353,0.005178556061032014,-0.0008173769542363347,0.0031366843554161143,-0.0004113760202825591,72.04662055969239,71.54871612548828,71.09542037963867,72.22064656353504,71.9800648955688,72.74437729318566,0.24058166796623937,0.19664574785240477,0.0439359201138346,72.62671298700484,71.46652813237993,1.1539279398845468,0.046185132363003284
2025-04-04,72.86453247070312,0.0008132723471217251,0.0008136031427465884,0.005165193452418353,-0.0008173769542363347,0.00574466147701032,72.09886283874512,71.60004531860352,71.11339054107665,72.31970593386859,72.04558101224542,72.2671353251318,0.27412492162316937,0.2121415826065577,0.06198333901661168,72.7734083316092,71.42431734588104,1.0675448432002805,0.04573596058987151
2025-04-07,71.98603820800781,-0.012129811153577929,-0.012056541542327603,0.0008132723471217251,0.005165193452418353,0.001771600390337529,72.09045448303223,71.63106719970703,71.12577205657959,72.26837243758231,72.04117043415376,50.63325499855479,0.2272020034285589,0.21515366677095796,0.012048336657600939,72.76628657088798,71.41462239517648,0.42274983912371883,0.062382234697443396
2025-04-08,71.57147216796875,-0.005775625272016632,-0.0057589784124686405,-0.012129811153577929,0.0008132723471217251,0.0031366843554161143,72.0750919342041,71.64636734008789,71.13675052642822,72.16115701148792,72.0063779699919,40.8373109219905,0.1547790414960133,0.20307874171596904,-0.04829970021995575,72.78433172405309,71.3658521443551,0.14495804279214708,0.0642754949426239
2025-04-09,71.7392807006836,0.0023418844162104682,0.0023446287694210977,-0.005775625272016632,-0.012129811153577929,-0.0008173769542363347,72.07549819946288,71.66580581665039,71.14847240447997,72.09625296367187,71.98659298708019,43.26387003348719,0.10965997659168636,0.18439498869111254,-0.07473501209942618,72.78391729465085,71.36707910427492,0.262698732245435,0.06449979460483529
2025-04-10,71.16677856445312,-0.008012329245303021,-0.007980316092366602,0.0023418844162104682,-0.005775625272016632,0.005165193452418353,72.03645744323731,71.67457656860351,71.15714038848877,71.9532569022536,71.92586599281151,37.54636620514824,0.027390909442090106,0.15299417284130806,-0.12560326339921796,72.85244917008413,71.22046571639049,-0.03289687270778301,0.06937103810907859
2025-04-11,71.08782196044922,-0.0011100746382967195,-0.0011094587333666528,-0.008012329245303021,0.0023418844162104682,0.0008132723471217251,72.00232315063477,71.67981262207032,71.1652222442627,71.82011306505292,71.86378865708097,39.9730320166407,-0.043675592028051824,0.11366021986743609,-0.1573358118954879,72.91638049552799,71.08826580574154,-0.00024278853772338215,0.06903999377934945
2025-04-14,71.49251556396484,0.005676725098560063,0.00569286823474191,-0.0011100746382967195,-0.008012329245303021,-0.012129811153577929,71.98350448608399,71.69509811401367,71.17695426940918,71.76971344950091,71.83628694647977,44.75837947447199,-0.06657349697886161,0.07761347649817654,-0.14418697347703816,72.9242371415223,71.04277183064568,0.23903907806284258,0.07218958292845457
2025-04-15,71.67018127441406,0.002482012501583831,0.002485095244554092,0.005676725098560063,-0.0011100746382967195,-0.005775625272016632,71.96963386535644,71.71266159057618,71.18895267486572,71.75440080717986,71.82398282262305,48.98839283663453,-0.06958201544318854,0.04817437810990353,-0.11775639355309206,72.9207195751498,71.01854815556308,0.34257328868528525,0.07270171368664574
2025-04-16,71.86759185791016,0.002750644707051747,0.0027544312011746896,0.002482012501583831,0.005676725098560063,0.0023418844162104682,71.95481147766114,71.73221130371094,71.2035648727417,71.77181481498452,71.82721312153322,51.76079038577041,-0.05539830654869604,0.027459841178183612,-0.08285814772687966,72.90237389538133,71.00724905994095,0.4539768472662571,0.07255944116009246
2025-04-17,71.70967102050781,-0.002199803756106424,-0.0021973859610402435,0.002750644707051747,0.002482012501583831,-0.008012329245303021,71.93061752319336,71.74134384155273,71.21920631408692,71.76225423121888,71.81850629923505,44.55118859140128,-0.056252068016178214,0.010717459339311248,-0.06696952735548946,72.87722307146426,70.98401197492247,0.3832953688634412,0.07285658760624292
2025-04-21,71.3148422241211,-0.005521148653412372,-0.005505935123782724,-0.002199803756106424,0.002750644707051747,-0.0011100746382967195,71.88963394165039,71.74414947509766,71.23186569213867,71.69342161474229,71.78119784922661,38.62563625407303,-0.08777623448432337,-0.008981279425415675,-0.0787949550589077,72.86946284505966,70.90980503824112,0.2066877107169771,0.07514579225128488
2025-04-22,71.44316101074219,0.001797711067280838,0.0017993279185535282,-0.005521148653412372,-0.002199803756106424,0.005676725098560063,71.87080764770508,71.75383758544922,71.2431990814209,71.65491998335766,71.75615808341296,37.136044365066255,-0.10123810005529776,-0.027432643551392095,-0.07380545650390567,72.87056173650764,70.87105355890252,0.28612408703669456,0.07419091583583745
2025-04-23,71.59122467041016,0.002070323326089831,0.0020724679251762357,0.001797711067280838,-0.005521148653412372,0.002482012501583831,71.85495681762696,71.76609436035156,71.25368892669678,71.64512070444266,71.74394079356091,39.905191343110396,-0.09882008911824869,-0.04171013266476342,-0.05710995645348527,72.86223606282186,70.84767757243205,0.36908687512678395,0.07447401393863091
2025-04-24,71.99591827392578,0.005636920782840627,0.005652838114988956,0.002070323326089831,0.001797711067280838,0.002750644707051747,71.86721153259278,71.78879928588867,71.26620223999024,71.69908956128623,71.76260579210646,40.33035764742771,-0.06351623082022684,-0.046071352295856106,-0.01744487852437073,72.87511999146255,70.859303073723,0.5638484279997663,0.07687228036225031
2025-04-25,72.23280334472656,0.003284855903136119,0.0032902569545609772,0.005636920782840627,0.002070323326089831,-0.002199803756106424,71.89278602600098,71.82350067138673,71.28004405975342,71.7811993741232,71.79743524044868,42.76006309435124,-0.01623586632547358,-0.040104255101779604,0.023868388776306024,72.9110112599019,70.87456079210006,0.6669656709561922,0.07761725619492127
2025-04-28,72.41047668457031,0.0024567118385182417,0.0024597320277854884,0.003284855903136119,0.005636920782840627,-0.005521148653412372,71.90658416748047,71.85331954956055,71.29448623657227,71.87801126803815,71.84284571779102,55.79519317310577,0.03516555024712886,-0.025050294031997912,0.060215844279126775,72.94586336896437,70.86730496599658,0.7424240359907017,0.07543612271871564
2025-04-29,72.5980224609375,0.002586688118890105,0.002590036483037794,0.0024567118385182417,0.003284855903136119,0.001797711067280838,71.9233642578125,71.88237716674804,71.30813850402832,71.98878222079189,71.89878473580187,64.94265127890758,0.0899974849900218,-0.0020407382275939717,0.09203822321761577,72.99710017145856,70.84962834416643,0.8141639366583557,0.07571760696275522
2025-04-30,72.54866027832031,-0.0006801696544302541,-0.0006799383914865009,0.002586688118890105,0.0024567118385182417,0.002070323326089831,71.92632522583008,71.91574462890625,71.320631980896,72.0749173065655,71.9469236648773,62.202239230003016,0.12799364168819238,0.0239661377555633,0.10402750393262908,73.00693848637981,70.84571196528036,0.7879545695069653,0.07498395569997893
2025-05-01,72.3466567993164,-0.0027882696825568165,-0.002784386069004663,-0.0006801696544302541,0.002586688118890105,0.005636920782840627,71.92214736938476,71.94311004638672,71.33321937561035,72.11672338237332,71.9765335266876,70.02493907665853,0.14018985568571907,0.04721088134159446,0.09297897434412461,72.99517746728428,70.84911727148524,0.697808724453598,0.07560690974010897
2025-05-02,71.99016571044922,-0.004939720960436606,-0.004927540602961966,-0.0027882696825568165,-0.0006801696544302541,0.003284855903136119,71.8813907623291,71.96158004760743,71.34268047332763,72.09725297130808,71.97754331807735,63.99609010740371,0.11970965323072846,0.06171063571942126,0.057999017511307205,72.87193226839842,70.89084925625978,0.5549068097871822,0.07485320012500449
2025-05-05,71.89114379882812,-0.0013764390606758237,-0.0013754922029124428,-0.004939720960436606,-0.0027882696825568165,0.0024567118385182417,71.83272132873535,71.9717918395996,71.3513105392456,72.06554386784963,71.97114335368852,56.83077397745606,0.09440051416110862,0.06824861140775873,0.026151902753349887,72.70892395911729,70.9565186983534,0.5333384471051591,0.0747226744132952
2025-05-06,72.04959106445312,0.0022015634389170157,0.0022039886591369573,-0.0013764390606758237,-0.004939720960436606,0.002586688118890105,71.83589897155761,71.98321060180665,71.36164459228516,72.063089590404,71.97695429522663,56.54455773897572,0.08613529517737106,0.0718259481616812,0.014309347015689866,72.71489923544493,70.95689870767029,0.6215540550297871,0.06177179763599346
2025-05-07,72.18821716308594,0.0019221886829728712,0.0019240372718951626,0.0022015634389170157,-0.0013764390606758237,-0.0006801696544302541,71.86673622131347,71.98837768554688,71.37358375549316,72.08233998620123,71.99260339654955,55.64504646333305,0.08973658965167886,0.07540807645968073,0.014328513191998127,72.74994029354932,70.98353214907763,0.6819969766209473,0.058086344648748935
2025-05-08,71.8020248413086,-0.005364158604529511,-0.005349797196194328,0.0019221886829728712,0.0022015634389170157,-0.0027882696825568165,71.86987342834473,71.98366287231445,71.38373592376709,72.03921457929466,71.9784864665317,51.50503917702145,0.060728112762959086,0.07247208372033641,-0.011743970957377323,72.75161579665759,70.98813106003188,0.4615258439004347,0.061083835634474073
2025-05-09,71.86144256591797,0.0008271793667471482,0.0008275215739486086,-0.005364158604529511,0.0019221886829728712,-0.004939720960436606,71.90460662841797,71.98190200805664,71.39413722991944,72.01186503877517,71.96981654796772,60.00094922749633,0.04204849080744566,0.06638736513775827,-0.024338874330312607,72.72212294500181,71.08709031183412,0.47360048868482124,0.05316749827536599
2025-05-12,71.61388397216797,-0.0034508907614611024,-0.003444943281272428,0.0008271793667471482,-0.005364158604529511,-0.0013764390606758237,71.9309097290039,71.96910842895508,71.40430862426757,71.95063718237407,71.94345117198256,52.993058063480596,0.007186010391507125,0.05454709418850804,-0.047361083797000915,72.6676346029459,71.1941848550619,0.28484114759175866,0.05472576684336832
2025-05-13,71.58418273925781,-0.00041482729506297106,-0.000414741266116736,-0.0034508907614611024,0.0008271793667471482,0.0022015634389170157,71.93549308776855,71.95239547729493,71.41356357574463,71.89425957574079,71.91683869548443,49.87119768016277,-0.022579119743639353,0.039121851402078564,-0.06170097114571792,72.66180124802761,71.20918492750948,0.25815337914871556,0.051036695640057424
2025-05-14,71.33661651611328,-0.003464386877785729,-0.0034583928134833686,-0.00041482729506297106,-0.0034508907614611024,0.0019221886829728712,71.91881484985352,71.93486312866212,71.42018886566161,71.8084683357981,71.87385927479028,37.205439050535084,-0.06539093899218074,0.018219293323226707,-0.08361023231540744,72.68499970452436,71.15262999518268,0.12006666524989257,0.05166119549141763
2025-05-15,71.72280883789062,0.005399060690228949,0.0054136618841476025,-0.003464386877785729,-0.00041482729506297106,-0.005364158604529511,71.91157569885254,71.93017074584961,71.42831317901611,71.79528995150464,71.86267035353845,40.645047526282205,-0.06738040203380535,0.0010993542518202958,-0.06847975628562565,72.68251945479558,71.14063194290951,0.37757416834447566,0.05446910761805528
2025-05-16,71.77232360839844,0.000690124767703326,0.0006903629585914839,0.005399060690228949,-0.003464386877785729,0.0008271793667471482,71.91470832824707,71.92764923095703,71.43625316619872,71.79175666794984,71.85597800204658,37.716680666592254,-0.06422133409674302,-0.011964783417892368,-0.052256550678850655,72.68270122619268,71.14671543030147,0.40730075744872274,0.05395562461608976
2025-05-19,71.75251007080078,-0.000276099086347835,-0.00027606097450272316,0.000690124767703326,0.005399060690228949,-0.0034508907614611024,71.93659172058105,71.92630569458008,71.44217441558838,71.78571872992691,71.84831371084319,32.60197241383641,-0.06259498091627336,-0.022090822917568566,-0.04050415799870479,72.65602182519807,71.21716161596403,0.3720642571120499,0.049835724241367355
2025-05-20,71.623779296875,-0.0017957056788841894,-0.0017940943640682994,-0.000276099086347835,0.000690124767703326,-0.00041482729506297106,71.9456226348877,71.91569717407226,71.44613292694092,71.76080497099585,71.83168153203073,31.57077009145749,-0.07087656103487916,-0.03184797054103069,-0.03902859049384847,72.6431747543571,71.24807051541829,0.2693051680084433,0.050040991968527945
2025-05-21,71.17816925048828,-0.006240972161581286,-0.006221537745721317,-0.0017957056788841894,-0.000276099086347835,-0.003464386877785729,71.9249698638916,71.90168609619141,71.44381973266601,71.67116870630238,71.78327321487943,28.777028262930045,-0.11210450857704757,-0.04789927814823407,-0.0642052304288135,72.68808068540017,71.16185904238304,0.010686657589913138,0.054275891856582346
2025-05-22,71.37622833251953,0.0027787176380147716,0.0027825818522284607,-0.006240972161581286,-0.0017957056788841894,0.005399060690228949,71.89398536682128,71.89458755493165,71.44283378601074,71.62579326418194,71.75312174211203,38.168264423925194,-0.12732847793009228,-0.06378511810460571,-0.06354335982548656,72.69437854760105,71.09359218604152,0.1765608161495457,0.050985221288996505
2025-05-23,71.48515319824219,0.0015249031706498835,0.0015260664266989465,0.0027787176380147716,-0.006240972161581286,0.000690124767703326,71.85660285949707,71.88533874511718,71.44460689544678,71.60415633096044,71.73327222034389,42.205543740003165,-0.1291158893834563,-0.07685127236037584,-0.05226461702308047,72.66019820032753,71.05300751866662,0.2688826437999127,0.04964864737316587
2025-05-27,71.82183074951172,0.004698698715425726,0.004709754910028119,0.0015249031706498835,0.0027787176380147716,-0.000276099086347835,71.82717056274414,71.88636520385742,71.44892990112305,71.63764470304525,71.73983211139337,45.90739720168129,-0.10218740834811513,-0.0819184995579237,-0.02026890879019143,72.5872943303338,71.06704679515448,0.49648753699061593,0.05201312823314795
2025-05-28,71.66339874267578,-0.0022083397961301363,-0.002205903207737614,0.004698698715425726,0.0015249031706498835,-0.0017957056788841894,71.78043937683105,71.88225540161133,71.45299022674561,71.64160686298841,71.73417038037725,40.636238650749355,-0.0925635173888395,-0.08404750312410686,-0.008516014264732641,72.45062021026314,71.11025854339897,0.41267981094304584,0.051128707866375876
2025-05-29,71.92085266113281,0.003586106301325451,0.0035925440737394343,-0.0022083397961301363,0.004698698715425726,-0.006240972161581286,71.74904899597168,71.8817205810547,71.4570862197876,71.68456775501062,71.74799869747025,52.22220002796477,-0.06343094245963243,-0.07992419099121198,0.016493248531579546,72.31904836380838,71.17904962813498,0.6507051365803933,0.05329000154475505
2025-05-30,72.05948638916016,0.0019257319684719285,0.0019275873810971067,0.003586106301325451,-0.0022083397961301363,0.0027787176380147716,71.73469047546386,71.87962951660157,71.46124954223633,71.74224754487977,71.77107185981765,53.59704454249164,-0.028824314937878626,-0.06970421578054531,0.04087990084266668,72.25347133845659,71.21590961247114,0.8130376782044532,0.05315542922659805
2025-06-02,71.90052795410156,-0.0022083701559181606,-0.0022059335005544245,0.0019257319684719285,0.003586106301325451,0.0015249031706498835,71.73020858764649,71.87376907348633,71.46327018737793,71.76659837706774,71.78066120013497,55.37941244691605,-0.014062823067234831,-0.058575937237883215,0.044513114170648384,72.24118644283612,71.21923073245685,0.6666602228699964,0.05075442180857972
2025-06-03,71.821044921875,-0.0011060697255015474,-0.0011054582558461812,-0.0022083701559181606,0.0019257319684719285,0.004698698715425726,71.72670364379883,71.86749969482422,71.46421943664551,71.77497476857656,71.78365258693053,54.363629208176846,-0.008677818353973521,-0.048596313461101284,0.03991849510712776,72.23398175814265,71.21942552945501,0.5929877274502621,0.05067057805262572
2025-06-04,72.26812744140625,0.006205656496823718,0.0062249514751222534,-0.0011060697255015474,-0.0022083701559181606,-0.0022083397961301363,71.73763046264648,71.87646850585938,71.46889644622803,71.85084441055035,71.81953961318798,65.98574971130203,0.0313047973623668,-0.03261609129640767,0.06392088865877446,72.28223426647457,71.19302665881838,0.9870485433913921,0.05485013758017903
2025-06-05,72.1290283203125,-0.001926619169004578,-0.001924764429610093,0.006205656496823718,-0.0011060697255015474,0.003586106301325451,71.73467102050782,71.88088424682617,71.47210777282714,71.89364193512914,71.84246470260462,57.617167381974255,0.05117723252452322,-0.015857426532221493,0.06703465905674472,72.2695211091655,71.19982093185014,0.8686615260683674,0.0549035528708667
2025-06-06,71.74156188964844,-0.00538633179833672,-0.005371851523403137,-0.001926619169004578,0.006205656496823718,0.0019257319684719285,71.73164787292481,71.88069900512696,71.47294849395752,71.87024500505518,71.83499042016342,49.488059807616125,0.03525458489176003,-0.005635024247425188,0.04088960913918522,72.26557771078078,71.19771803506885,0.5092840070180734,0.05493211486830845
2025-06-09,71.8508529663086,0.0015222405427757842,0.0015233997390280418,-0.00538633179833672,-0.001926619169004578,-0.0022083701559181606,71.73111839294434,71.88328979492188,71.4732766342163,71.86726161447879,71.83616542358159,51.58930174293013,0.031096190897201836,0.0017112187815002166,0.02938497211570162,72.26452702978258,71.1977097561061,0.6122353155677943,0.05513303993036233
2025-06-10,71.98994445800781,0.0019339650160817238,0.0019358363325825412,0.0015222405427757842,-0.00538633179833672,-0.0011060697255015474,71.74992141723632,71.88039840698242,71.47352996826172,71.88613589809864,71.84755646316871,55.89777871717107,0.03857943492992888,0.00908486201118595,0.02949457291874293,72.29236590848244,71.2074769259902,0.7212420299633828,0.05397347614104362
2025-06-11,72.21845245361328,0.0031691384378396545,0.003174165466105494,0.0019339650160817238,0.0015222405427757842,0.006205656496823718,71.7816349029541,71.87951904296875,71.47637008666992,71.93726152202397,71.87503024023867,68.01567545570336,0.06223128178530146,0.019714145966009053,0.04251713581929241,72.3564768936992,71.206792912209,0.8799457570009722,0.05486936421923174
2025-06-12,72.4866943359375,0.0037074312216968802,0.0037143122458420663,0.0031691384378396545,0.0019339650160817238,-0.001926619169004578,71.83913879394531,71.87946411132812,71.47896274566651,72.02178964724143,71.92033869177192,68.77471783295711,0.10145095546951666,0.03606150786671057,0.06538944760280609,72.45515985183334,71.22311773605728,1.0255952971902205,0.053997645889363316
2025-06-13,72.22838592529297,-0.0035698931238496035,-0.003563528631163826,0.0037074312216968802,0.0031691384378396545,-0.00538633179833672,71.86441764831542,71.87542755126952,71.4806489944458,72.0535736900186,71.94315700536607,61.96166550017804,0.1104166846525203,0.050932543223872515,0.05948414142864779,72.50147329223527,71.22736200439557,0.785664431711193,0.053245270507472284
2025-06-16,72.08929443359375,-0.0019275744235914502,-0.0019257178451015378,-0.0035698931238496035,0.0037074312216968802,0.0015222405427757842,71.8802661895752,71.86110748291016,71.4816397857666,72.05906918903015,71.9539820000496,54.596952062249045,0.10508718898054781,0.06176347237520757,0.043323716605340234,72.52341702316599,71.2371153559844,0.6625032831346286,0.053831824127544226
2025-06-17,72.31780242919922,0.003164777788547402,0.0031697909849286443,-0.0019275744235914502,-0.0035698931238496035,0.0019339650160817238,71.90853080749511,71.85017288208007,71.48401386260986,72.09887430290232,71.98093166146809,60.98281142763488,0.11794264143422595,0.07299930618701125,0.044943335247214694,72.57722045899855,71.23984115599167,0.8060250901026548,0.05478807940573579
2025-06-18,72.3575439453125,0.0005493889333432003,0.000549539875083882,0.003164777788547402,-0.0019275744235914502,0.0031691384378396545,71.94521903991699,71.85760299682617,71.48711612701416,72.13866963250388,72.00882886767879,57.906762147885374,0.1298407648250901,0.08436759791462703,0.045473166910463075,72.62848544165728,71.26195263817671,0.8017307044114228,0.05417484338336385
2025-06-20,72.40721130371094,0.0006861802827876686,0.0006864157583343911,0.0005493889333432003,0.003164777788547402,0.0037074312216968802,72.00667114257813,71.87431777954102,71.49118885040284,72.1799837357665,72.03833867775525,56.505516778715084,0.1416450580112496,0.09582308993395154,0.04582196807729806,72.6166057186575,71.39673656649876,0.8283468234474127,0.04794887714017042
2025-06-23,72.58604431152344,0.0024667781647749374,0.0024698231652975355,0.0006861802827876686,0.0005493889333432003,-0.0035698931238496035,72.06716194152833,71.89125305175781,71.4946298980713,72.24245459357526,72.07890946544178,62.73051856049872,0.1635451281334781,0.10936749757385686,0.05417763055962124,72.65334105654657,71.48098282651009,0.9425971146882005,0.04779551276393608
2025-06-24,72.80462646484375,0.0030068272859147534,0.0030113523252790486,0.0024667781647749374,0.0006861802827876686,-0.0019275744235914502,72.1331356048584,71.92401000976562,71.49757041931153,72.32894257377042,72.1326662802123,67.36848345063213,0.19627629355811393,0.12674925677070828,0.06952703678740565,72.74014684146984,71.52612436824695,1.0531123803686582,0.048363106754645856
2025-06-25,72.82449340820312,0.0002728430069473433,0.00027288023198601685,0.0030068272859147534,0.0024667781647749374,0.003164777788547402,72.18326873779297,71.9587434387207,71.49974109649658,72.40518116368314,72.18391273413755,61.570242688870835,0.22126842954558867,0.14565309132568438,0.0756153382199043,72.84516327947186,71.52137419611408,0.9843858273734151,0.04627665301659744
2025-06-26,73.03313446044922,0.0028608883553079725,0.0028649846017685388,0.0002728430069473433,0.0030068272859147534,0.0005493889333432003,72.25175552368164,71.9895558166504,71.50252044677734,72.50178936318561,72.24681804719766,68.2733437984771,0.25497131598794454,0.16751673625813643,0.08745457972980811,72.9683547970541,71.53515625030917,1.0451993644162154,0.04555379831750896
2025-06-27,72.8642349243164,-0.002315320862834361,-0.002312642574916146,0.0028608883553079725,0.0002728430069473433,0.0006861802827876686,72.29892463684082,72.01343688964843,71.5039723587036,72.5575502187442,72.29255263068795,74.88997067012176,0.2649975880562465,0.18701290661775843,0.07798468143848808,73.04730249951575,71.5505467741659,0.8776904126045321,0.04583425333022915
2025-06-30,73.15235137939453,0.003946357551457791,0.003954154673790011,-0.002315320862834361,0.0028608883553079725,0.0024667781647749374,72.35356788635254,72.03913208007812,71.50565773010254,72.64905808961348,72.35624142688843,76.7347245817165,0.2928166627250448,0.2081736578392157,0.0846430048858291,73.18348463632877,71.5236511363763,0.9812431446074975,0.04712236958143729
2025-07-01,73.0975341796875,-0.0007496375407687043,-0.0007493566327448908,0.003946357551457791,-0.002315320862834361,0.0030068272859147534,72.41341819763184,72.06688934326172,71.50726219177245,72.71805441116334,72.41115200116984,73.56751386381642,0.3069024099934978,0.22791940827007212,0.0789830017234257,73.27770592709551,71.54913046816817,0.8957686536173459,0.046181755523073076
2025-07-02,73.0177993774414,-0.0010913955191370556,-0.0010908001636565912,-0.0007496375407687043,0.003946357551457791,0.0002728430069473433,72.47325592041015,72.10094848632812,71.50885425567627,72.76416902135996,72.45608884385662,68.1583106871499,0.30808017750334216,0.24395156211672614,0.06412861538661602,73.33054387522832,71.61596796559199,0.8175965869873648,0.04617364364876931
2025-07-03,72.83839416503906,-0.0024600299585679133,-0.0024570065645908024,-0.0010913955191370556,-0.0007496375407687043,0.0028608883553079725,72.5017692565918,72.12885314941406,71.50877674102783,72.77558827423367,72.4844077565368,58.32538684929131,0.2911805176968727,0.2533973532327555,0.037783164464117225,73.36821578860756,71.63532272457604,0.6942560192745632,0.04291435640574843
2025-07-07,72.59918212890625,-0.003289552231836168,-0.0032841475828091493,-0.0024600299585679133,-0.0010913955191370556,-0.002315320862834361,72.52527694702148,72.14901229858398,71.50653743743896,72.74844886726022,72.49290956189749,58.85751360493386,0.2555393053627313,0.25382574365875066,0.0017135617039806261,73.37448299082169,71.67607090322127,0.5435142816188883,0.04414646269683158
2025-07-08,72.559326171875,-0.0005491370571295162,-0.0005489863089708225,-0.003289552231836168,-0.0024600299585679133,0.003946357551457791,72.56616516113282,72.16028045654296,71.50458168029785,72.71935306797019,72.49782931078471,61.786854007392606,0.22152375718548,0.24736534636409654,-0.025841589178616536,73.33104973246193,71.8012805898037,0.4955293978240851,0.03887044559869973
2025-07-09,72.84835815429688,0.003975475772495878,0.003983388458393744,-0.0005491370571295162,-0.003289552231836168,-0.0007496375407687043,72.61604042053223,72.17259155273437,71.50518161773681,72.73920000432814,72.52379441030412,62.91263578126451,0.21540559402401982,0.24097339589608122,-0.025567801872061396,73.31146765835388,71.92061318271058,0.6670323803338193,0.04060694643309046
2025-07-10,72.85832977294922,0.00013687249102647622,0.00013688185849325407,0.003975475772495878,-0.0005491370571295162,-0.0010913955191370556,72.65945968627929,72.18154861450195,71.50583141326905,72.75752766103908,72.5485748075371,62.367309409774165,0.20895285350198378,0.23456928741726174,-0.02561643391527796,73.29625987438916,72.02265949816942,0.6561479490609184,0.04037680570574419
2025-07-11,72.559326171875,-0.004112348263522428,-0.004103904138428871,0.00013687249102647622,0.003975475772495878,-0.0024600299585679133,72.67650337219239,72.1807746887207,71.50503444671631,72.72703512424461,72.54937120489545,53.344695927583594,0.1776639193491576,0.22318821380364093,-0.04552429445448333,73.28103422549802,72.07197251888675,0.4030841853011724,0.04245014510454985
2025-07-14,72.54935455322266,-0.00013743655607933203,-0.00013742711210851244,-0.004112348263522428,0.00013687249102647622,-0.003289552231836168,72.67963638305665,72.18078857421875,71.50442916870117,72.6996996517797,72.54936997143821,49.12855491245683,0.15032968034148553,0.20861650711120985,-0.058286826769724326,73.28066469688702,72.07860806922628,0.39161756040767814,0.04042489822956097
2025-07-15,72.330078125,-0.0030270217325176867,-0.0030224449214333315,-0.00013743655607933203,-0.004112348263522428,-0.0005491370571295162,72.68472099304199,72.18045700073242,71.50229293823242,72.6428348015059,72.5331261309613,38.73237395475559,0.10970867054459177,0.18883493979788626,-0.0791262692532945,73.2712205729031,72.09822141318088,0.1976614474933003,0.039822804797162714
2025-07-16,72.46961975097656,0.0019273751426364442,0.0019292337239760204,-0.0030270217325176867,-0.00013743655607933203,0.003975475772495878,72.70373725891113,72.19004608154297,71.50220642089843,72.61618633219369,72.52842195466614,42.02702795356842,0.08776437752754873,0.16862082734381875,-0.08085644981627002,73.23057823879053,72.17689627903174,0.2778100822869127,0.03960804402825788
2025-07-17,72.48955535888672,0.0002750513449145771,0.00027508917500407293,0.0019273751426364442,-0.0030270217325176867,0.00013687249102647622,72.7123249053955,72.20201431274414,71.50221958160401,72.59670464399262,72.52554294757137,36.655878695254785,0.07116169642125669,0.14912900115930633,-0.07796730473804964,73.21784599682945,72.20680381396156,0.279663449969136,0.03809971957584422
2025-07-18,72.6091537475586,0.0016485110928048307,0.0016498706341867564,0.0002750513449145771,0.0019273751426364442,-0.004112348263522428,72.72490539550782,72.21320556640624,71.50176841735839,72.59861989069509,72.53173634016301,43.58277479635473,0.06688355053208284,0.13267991103386162,-0.06579636050177878,73.2051420388179,72.24466875219774,0.3794847815533247,0.03846257938341563
2025-07-21,72.8184585571289,0.002878476112915864,0.0028826229031397865,0.0016485110928048307,0.0002750513449145771,-0.00013743655607933203,72.7454677581787,72.22581039428711,71.50318462371825,72.6324412239926,72.55297502290122,41.25321778616311,0.07946620109137825,0.12203716904536495,-0.042570967953986696,73.20311524430713,72.28782027205028,0.5797456570423711,0.03961992032326075
2025-07-22,72.93806457519531,0.0016411758779945004,0.0016425233441679232,0.002878476112915864,0.0016485110928048307,-0.0030270217325176867,72.7630687713623,72.24853118896485,71.50412860870361,72.67946020110071,72.58150017492301,45.959623295085514,0.09796002617770228,0.11722174047183243,-0.01926171429413015,73.2219753867194,72.3041621560052,0.6906660287484003,0.03912167243129506
2025-07-23,72.78855895996094,-0.0020518648420028455,-0.0020497612063758996,0.0016411758779945004,0.002878476112915864,0.0019273751426364442,72.76226539611817,72.2670735168457,71.50500308990479,72.69624462554074,72.5968378627036,44.39021840192077,0.09940676283714822,0.1136587449448956,-0.014251982107747377,73.22092187513384,72.3036089171025,0.5286636786415833,0.038495744513807356
2025-07-24,72.69886016845703,-0.0012330798553819682,-0.0012323199248008843,-0.0020518648420028455,0.0016411758779945004,0.0002750513449145771,72.75598373413087,72.28877304077149,71.50702724456787,72.69664701675863,72.60439507053718,46.42864116914209,0.09225194622145239,0.10937738520020696,-0.01712543897875457,73.21449301180543,72.2974744564563,0.4377072957350514,0.03871894470731369
2025-07-25,72.87826538085938,0.0024647457840485734,0.0024677857670205583,-0.0012330798553819682,-0.0020518648420028455,0.0016485110928048307,72.74824028015136,72.31465469360352,71.51232139587403,72.72458830354336,72.62468176019068,57.368700949188586,0.0999065433526738,0.10748321683070032,-0.007576673478026527,73.19203661883249,72.30444394147024,0.64649185828619,0.03834271761213503
2025-07-28,72.75865936279297,-0.001642523627400013,-0.0016411754237198872,0.0024647457840485734,-0.0012330798553819682,0.002878476112915864,72.74296150207519,72.34309555053711,71.51808292388915,72.72983000496637,72.63460602705011,55.05035470589373,0.09522397791626247,0.10503136904781275,-0.009807391131550283,73.18344775096165,72.30247525318873,0.5178187863497022,0.03790040324967745
2025-07-29,73.13739776611328,0.005191905272041919,0.005205406567922344,-0.001642523627400013,0.0024647457840485734,0.0016411758779945004,72.74221382141113,72.37138732910157,71.52520542144775,72.79253273745051,72.67184985957331,57.004766606390724,0.12068287787720067,0.10816167081369034,0.012521207063510328,73.17981550466467,72.30461213815758,0.9515338489605215,0.039859381136670126
2025-07-30,72.94803619384766,-0.0025924785680537044,-0.0025891209975940077,0.005191905272041919,-0.001642523627400013,-0.0020518648420028455,72.73473892211913,72.39490158081054,71.53234970092774,72.816456346127,72.6923081065566,52.00009525883186,0.12414823957040255,0.11135898456503279,0.01278925500536976,73.15139103428957,72.3180868099487,0.7559656671574344,0.040837557371783274
