Price,Price,Log_Return,Simple_Return,Lag1_Return,Lag2_Return,Lag5_Return,SMA_20,SMA_50,SMA_200,EMA_12,EMA_26,RSI_14,MACD,MACD_Signal,MACD_Hist,BB_Upper,BB_Lower,BB_PctB,Rolling_Vol_20D
2016-04-15,178.02505493164062,-0.0011063513958718093,-0.0011057396148019816,4.8032119369966104e-05,0.010050591851099612,0.0026932810521771043,175.8916259765625,170.03676025390624,170.96297554016112,176.47515369993283,174.63641592017035,63.0759982190963,1.8387377797624822,1.924570784476002,-0.08583300471351984,178.5877766342864,173.1954753188386,0.89564349806757,0.10120718875466796
2016-04-18,179.27597045898438,0.007002054566599366,0.007026626267994107,-0.0011063513958718093,4.8032119369966104e-05,-0.002349906250758607,176.09982681274414,170.3558840942383,170.9847696685791,176.90604858594077,174.98008662674917,62.16062783521954,1.9259619591915964,1.924849019419121,0.0011129397724753964,179.16088207494545,173.03877155054283,1.0187988086102313,0.10295367338417
2016-04-19,179.84144592285156,0.003149253728323004,0.003154217837557649,0.007002054566599366,-0.0011063513958718093,0.009269468022792982,176.32387924194336,170.74854248046876,171.0101922607422,177.35764817623473,175.34018731534934,61.616678663787354,2.017460860885393,1.9433713877123755,0.0740894731730175,179.78666636275773,172.861092121129,1.0079097498897003,0.10319100052151736
2016-04-20,180.01280212402344,0.0009523645478887527,0.0009528181910045674,0.003149253728323004,0.007002054566599366,0.010050591851099612,176.56121215820312,171.1877606201172,171.03895835876466,177.76613339897145,175.68630693080667,63.96334371833867,2.0798264681647822,1.970662403802857,0.10916406436192516,180.35371332036857,172.76871099603767,0.9550545692976824,0.10298175629616639
2016-04-21,179.0446014404297,-0.005393026411019251,-0.005378510151331839,0.0009523645478887527,0.003149253728323004,4.8032119369966104e-05,176.80796737670897,171.60744415283204,171.0574040222168,177.96282078996504,175.93506948707505,56.35445430646812,2.027751302889982,1.9820801836202822,0.04567111926969969,180.57089210025396,173.045042653164,0.7971935699013428,0.1018086323849147
2016-04-22,179.0446014404297,0.0,0.0,-0.005393026411019251,0.0009523645478887527,-0.0011063513958718093,177.05857772827147,172.02985443115233,171.0905596923828,178.12924858234422,176.16540518732356,58.79656721575856,1.9638433950206604,1.9784328259003578,-0.01458943087969744,180.7091213771076,173.40803407943534,0.7720175271416626,0.10171452743940687
2016-04-25,178.73626708984375,-0.0017235937079878932,-0.0017221091733867766,0.0,-0.005393026411019251,0.007002054566599366,177.28863143920898,172.48718444824217,171.12061401367188,178.22263604503644,176.35583940232505,66.06150656262417,1.8667966427113925,1.956105589262565,-0.0893089465511725,180.73783259156477,173.8394302868532,0.709850859183153,0.102294755679682
2016-04-26,179.0017852783203,0.0014844282595898066,0.001485530568584137,-0.0017235937079878932,0.0,0.003149253728323004,177.451424407959,172.8855535888672,171.14112174987793,178.34250515784936,176.5518353931395,60.55756696955704,1.790669764709861,1.9230184243520243,-0.13234865964216325,180.90138613138419,174.0014626845338,0.7246924740982471,0.0979623739913984
2016-04-27,179.37022399902344,0.002056180957076698,0.002058296346767019,0.0014844282595898066,-0.0017235937079878932,0.0009523645478887527,177.59408111572264,173.23758972167968,171.15381965637206,178.50061574879922,176.76060491950128,77.55170652898855,1.740010829297944,1.8864169053412083,-0.1464060760432644,181.1165626739909,174.0715995574544,0.7521152849092547,0.09721835356927876
2016-04-28,177.74232482910156,-0.009117072202024944,-0.009075637715269536,0.002056180957076698,0.0014844282595898066,-0.005393026411019251,177.67676315307617,173.50421936035156,171.154542388916,178.38395560730729,176.83332491280498,63.229031897391664,1.5506306945023027,1.8192596631734272,-0.2686289686711245,181.12736011571153,174.2261661904408,0.5095000483590706,0.10289848516930483
2016-04-29,176.7826690673828,-0.00541376840623034,-0.005399140371554423,-0.009117072202024944,0.002056180957076698,0.0,177.6514862060547,173.76512451171874,171.15076179504393,178.13760383193429,176.8295726279589,59.79637769822208,1.3080312039753892,1.7170139713338197,-0.40898276735843053,181.12142000779704,174.18155240431236,0.37480782223631604,0.10206890842171579
2016-05-02,178.18788146972656,0.007917387742118144,0.007948813137379052,-0.00541376840623034,-0.009117072202024944,-0.0017235937079878932,177.7251708984375,174.05566802978515,171.14688438415527,178.1453388531331,176.93018809771945,58.89023783706971,1.2151507554136458,1.6166413281497851,-0.4014905727361393,181.17382266736405,174.27651912951097,0.5670857196221176,0.10521235994966291
2016-05-03,176.63706970214844,-0.00874133364835655,-0.008703239270744678,0.007917387742118144,-0.00541376840623034,0.0014844282595898066,177.8095672607422,174.267802734375,171.13449401855468,177.91329744528932,176.90847562397343,41.829483357189744,1.0048218213158862,1.4942774267830055,-0.4894556054671193,181.0484062581158,174.5707282633686,0.3189941581621451,0.10359141003668854
2016-05-04,175.65170288085938,-0.0055941004519222785,-0.005578482608155966,-0.00874133364835655,0.007917387742118144,0.002056180957076698,177.74916229248046,174.50216766357423,171.11671325683594,177.56535981999238,176.81538134670572,37.90305786109144,0.7499784732866601,1.3454176360837364,-0.5954391627970763,181.10551434217012,174.3928102427908,0.18753882480608292,0.09803768057369275
2016-05-05,175.617431640625,-0.00019512810534748045,-0.0001951090690969215,-0.0055941004519222785,-0.00874133364835655,-0.009117072202024944,177.79285888671876,174.7208450317383,171.10230163574218,177.26567856162816,176.7266443314405,38.49288654350483,0.5390342301876672,1.1841409549045225,-0.6451067247168554,181.0040662700124,174.58165150342512,0.16127580899765961,0.08777518313772827
2016-05-06,176.2600555419922,0.0036525474872233826,0.0036592261677201865,-0.00019512810534748045,-0.0055941004519222785,-0.00541376840623034,177.84512329101562,174.91248229980468,171.09270500183106,177.110967327838,176.69208219888876,34.69570428827835,0.4188851289492561,1.0310897897134692,-0.6122046607642131,180.910364773306,174.77988180872526,0.24144488155643312,0.0881944598294043
2016-05-09,176.4057159423828,0.0008260535637486242,0.0008263948399580556,0.0036525474872233826,-0.00019512810534748045,0.007917387742118144,177.92523345947265,175.11470458984374,171.0888522338867,177.00246711469106,176.67086988359202,31.789448484691633,0.33159723109903894,0.8911912779905832,-0.5595940468915442,180.7283049087976,175.1221620101477,0.22895490811413843,0.0876488960835263
2016-05-10,178.59910583496094,0.012357115557485872,0.012433780168974451,0.0008260535637486242,0.0036525474872233826,-0.00874133364835655,178.03361968994142,175.38687774658203,171.10515487670898,177.24810384088644,176.813702176286,43.829554839225295,0.4344016646004434,0.7998333553125553,-0.3654316907121119,180.76007114675647,175.30716823312636,0.6037036884713327,0.09232709852418643
2016-05-11,176.92835998535156,-0.00939875711004133,-0.009354726843667782,0.012357115557485872,0.0008260535637486242,-0.0055941004519222785,177.96935958862304,175.5480679321289,171.11820358276367,177.19891247849645,176.8221953473279,41.29686664608387,0.37671713116856154,0.7152101104837565,-0.33849297931519495,180.73820642851663,175.20051274872944,0.31201567593542356,0.0917621903561826
2016-05-12,176.9797821044922,0.0002905958546126883,0.000290638081678285,-0.00939875711004133,0.012357115557485872,-0.00019512810534748045,177.90724258422853,175.69511474609374,171.12080375671385,177.16520011326503,176.83386844045117,41.54410661974226,0.3313316728138602,0.6384344229497773,-0.30710275013591704,180.70777411749097,175.10671105096608,0.3344134910247009,0.0917805996398066
2016-05-13,175.43748474121094,-0.008752733504806043,-0.008714539847103242,0.0002905958546126883,-0.00939875711004133,0.0036525474872233826,177.77786407470703,175.7980172729492,171.10962303161622,176.89939774833363,176.7304326108778,37.73076918711359,0.16896513745581387,0.5445405658509845,-0.37557542839517066,180.78680472431887,174.76892342509518,0.11109579648937262,0.09650815969925612
2016-05-16,177.16824340820312,0.009817041691915707,0.009865386918566754,-0.008752733504806043,0.0002905958546126883,0.0008260535637486242,177.67247772216797,175.9244528198242,171.10688529968263,176.94075861908277,176.76286304030933,43.85070523731202,0.17789557877344464,0.47121156843547657,-0.29331598966203193,180.60721978592034,174.7377356584156,0.414092226333491,0.0999559220467192
2016-05-17,175.51461791992188,-0.009377476410112148,-0.009333644994556023,0.009817041691915707,-0.008752733504806043,0.012357115557485872,177.45613632202148,176.01508911132814,171.09722824096679,176.7213523576734,176.67040043879913,38.09538167841828,0.05095191887426154,0.3871596385232336,-0.33620771964897206,180.3553645678183,174.55690807622466,0.1651663412643803,0.10356358043445024
2016-05-18,175.56602478027344,0.0002928493027903202,0.0002928921873335266,-0.009377476410112148,0.009817041691915707,-0.00939875711004133,177.233797454834,176.14408813476564,171.09082092285155,176.54360965345802,176.5885948344639,42.55571237092309,-0.044985181005870345,0.3007306746174128,-0.34571585562328316,179.98577401458357,174.4818208950844,0.19698639535063583,0.10340663476062405
2016-05-19,174.9577178955078,-0.0034708490260933725,-0.00346483259233632,0.0002928493027903202,-0.009377476410112148,0.0002905958546126883,177.0294532775879,176.2442138671875,171.08310012817384,176.29962630608108,176.46778913528195,43.60379921491449,-0.16816282920086678,0.2069519738537569,-0.3751148030546237,179.82192162208543,174.23698493309035,0.1290494418383717,0.10260737283504992
2016-05-20,176.06295776367188,0.006297312934910842,0.006317182696816914,-0.0034708490260933725,0.0002928493027903202,-0.008752733504806043,176.88037109375,176.36371612548828,171.0779972076416,176.26321576109504,176.4378016262738,42.39247173787872,-0.17458586517875574,0.13064440604725439,-0.3052302712260101,179.5348096376473,174.2259325498527,0.34602895931469135,0.10592827032511389
2016-05-23,175.82310485839844,-0.0013632420712089803,-0.0013623132788408432,0.006297312934910842,-0.0034708490260933725,0.009817041691915707,176.73471298217774,176.42352783203125,171.0789446258545,176.1955063914494,176.3922685323571,46.78401072639494,-0.19676214090767985,0.06516309665626754,-0.26192523756394737,179.27772591364177,174.1917000507137,0.3207621926534046,0.10589610619097901
2016-05-24,178.1021728515625,0.012878986829753893,0.012962278165884689,-0.0013632420712089803,0.006297312934910842,-0.009377476410112148,176.68973236083986,176.53335357666015,171.0929734802246,176.48883969300527,176.5189281115575,58.78388430656136,-0.030088418552224994,0.04611279361456904,-0.07620121216679404,179.09182398134107,174.28764074033865,0.7940022101296725,0.11639133506082366
2016-05-25,179.31019592285156,0.006759853754036724,0.0067827531351674075,0.012878986829753893,-0.0013632420712089803,0.0002928493027903202,176.68673095703124,176.67296508789062,171.10199905395507,176.922894497597,176.72568869017186,62.20956689937975,0.19720580742514926,0.0763313963766851,0.12087441104846416,179.07482966860528,174.2986322454572,1.0492790044870368,0.11880107871190541
2016-05-26,179.3616180419922,0.0002867363282578261,0.0002867774410482138,0.006759853754036724,0.012878986829753893,-0.0034708490260933725,176.76769561767577,176.79365997314454,171.1192903137207,177.2980827351963,176.92094271623264,60.672065423524494,0.3771400189636438,0.13649312089407684,0.24064689806956696,179.4034402098117,174.13195102553985,0.9920663466512868,0.11383264183240106
2016-05-27,180.13278198242188,0.004290276139177989,0.004299492549454609,0.0002867363282578261,0.006759853754036724,0.006297312934910842,176.93520126342773,176.9077847290039,171.13938354492188,177.73419031169252,177.15885673595037,62.29509186951518,0.5753335757421496,0.2242612118636914,0.3510723638784582,179.97048082557868,173.89992170127678,1.026735783890724,0.11240149626044771
2016-05-31,179.79005432128906,-0.0019044513442942055,-0.001902639027505093,0.004290276139177989,0.0002867363282578261,-0.0013632420712089803,177.01530990600585,177.00134674072265,171.15885902404784,178.05047708239968,177.35376026079027,54.47521060151877,0.6967168216094137,0.31875233381283585,0.3779644877965779,180.2666743155509,173.76394549646082,0.9267046177809829,0.10968765065988123
2016-06-01,180.158432006836,0.0020468363010265646,0.0020489325003965053,-0.0019044513442942055,0.004290276139177989,0.012878986829753893,177.19137802124024,177.09730743408204,171.17697311401366,178.37477784000527,177.5615137234603,63.45449322082608,0.813264116544957,0.41765469035926006,0.39560942618569694,180.72557669472033,173.65717934776015,0.9197633268129385,0.10425083216862444
2016-06-02,180.7068328857422,0.0030393687307964023,0.003043992294989417,0.0020468363010265646,-0.0019044513442942055,0.006759853754036724,177.4441345214844,177.2061212158203,171.19289756774901,178.7335555393494,177.79450032807378,64.90740243443955,0.9390552112756154,0.5219347945425312,0.4171204167330842,181.2288758433928,173.65939319957596,0.9310332050134156,0.10149010131370798
2016-06-03,180.16702270507807,-0.002991685736817752,-0.002987215104397478,0.0030393687307964023,0.0020468363010265646,0.0002867363282578261,177.67161407470704,177.32727172851563,171.20869422912597,178.9540889494615,177.9702427263704,70.56645588518235,0.983846223091092,0.6143170802522434,0.36952914283884863,181.54004515483544,173.80318299457863,0.8225349733112218,0.102559717103309
2016-06-06,181.08380126953125,0.005075589987626115,0.005088492614732765,-0.002991685736817752,0.0030393687307964023,0.004290276139177989,177.91280136108398,177.46829986572266,171.23607147216796,179.281736998703,178.20087669253044,68.32405027135084,1.0808603061725535,0.7076257254363054,0.37323458073624804,182.00566300757188,173.81993971459607,0.8873817615076623,0.10311942049643391
2016-06-07,181.36656188964844,0.0015602725571385431,0.001561490415679545,0.005075589987626115,-0.002991685736817752,-0.0019044513442942055,178.16084365844728,177.61292724609376,171.28319732666014,179.60247928961766,178.43537189231697,81.41700212497852,1.167107397300697,0.7995220598091837,0.36758533749151323,182.4649753057178,173.85671201117677,0.8724001138805879,0.10310287763812127
2016-06-08,181.957748413086,0.003254321433635564,0.0032596224865157897,0.0015602725571385431,0.005075589987626115,0.0020468363010265646,178.32877578735352,177.73716369628906,171.35915832519532,179.96482838553587,178.6962886716332,82.43502742615354,1.268539713902669,0.8933255906278808,0.3752141232747883,182.95494270945574,173.7026088652513,0.8922224042970116,0.09500152602093147
2016-06-09,181.7092742919922,-0.0013664926663422344,-0.0013655594403692017,0.003254321433635564,0.0015602725571385431,0.0030393687307964023,178.56782150268555,177.8410073852539,171.46898681640624,180.23320467883684,178.91947279165979,85.55963815916283,1.313731887177056,0.977406849937716,0.33632503723934004,183.37965987550098,173.75598312987012,0.826429583239364,0.08739089217881861
2016-06-10,179.98709106445312,-0.009522883872774807,-0.009477684803097297,-0.0013664926663422344,0.003254321433635564,-0.002991685736817752,178.7181869506836,177.91897552490235,171.57960357666016,180.19534104585475,178.9985556266815,69.40674691812617,1.1967854191732386,1.0212825637848204,0.17550285538841814,183.50898420548,173.92738969588717,0.6324314144685568,0.09550914976526219
2016-06-13,178.59910583496094,-0.007741470103188295,-0.007711582098935965,-0.009522883872774807,-0.0013664926663422344,0.005075589987626115,178.8762680053711,177.9451934814453,171.6529753112793,179.94976639802493,178.9689667532207,62.32861859403521,0.9807996448042218,1.0131859799887009,-0.03238633518447909,183.41318413922104,174.33935187152113,0.46945478357620035,0.09422043618434059
2016-06-14,178.24783325195312,-0.001968758355433536,-0.001966821621897763,-0.007741470103188295,-0.009522883872774807,0.0015602725571385431,178.93024749755858,177.97586639404298,171.7043170928955,179.6879305293985,178.91554945683052,50.780554974095956,0.7723810725679812,0.965024998504557,-0.19264392593657587,183.40688732130278,174.4536076738144,0.42378052820042417,0.08853107407975012
2016-06-15,177.99935913085938,-0.0013949536540841891,-0.0013939811584836592,-0.001968758355433536,-0.007741470103188295,0.003254321433635564,179.05448455810546,178.03687072753905,171.75437454223632,179.42815031423862,178.84768350675859,42.17038550645934,0.5804668074800361,0.8881133602996529,-0.30764655281961684,183.26181588693566,174.84715322927525,0.3746087074226876,0.08118288392705741
2016-06-16,178.53053283691406,0.002979689002384464,0.0029841326881643315,-0.0013949536540841891,-0.001968758355433536,-0.0013664926663422344,179.2027099609375,178.07028533935548,171.81387382507324,179.29005531772714,178.8241908645479,45.305011343967124,0.4658644531792504,0.8036635788755725,-0.3377991256963221,183.08921925142147,175.31620067045355,0.413524312720767,0.08156223173189839
2016-06-17,177.86566162109375,-0.003731083538287448,-0.0037241316947598246,0.002979689002384464,-0.0013949536540841891,-0.009522883872774807,179.3481071472168,178.13272857666016,171.89491645812987,179.07091782593739,178.7531886983661,37.036843152241396,0.31772912757128324,0.7064766886147147,-0.38874756104343144,182.75378251885888,175.94243177557473,0.282356601209427,0.08174955555405142
2016-06-20,179.01116943359375,0.006419647603099835,0.006440297705918363,-0.003731083538287448,0.002979689002384464,-0.007741470103188295,179.4955177307129,178.20865661621093,171.96634452819825,179.06172576557685,178.77229838245705,45.920896803364066,0.28942738311980065,0.623066827515732,-0.3336394443959313,182.5383761669419,176.45265929448388,0.4204122854759899,0.08185926397911128
2016-06-21,179.519287109375,0.002834448269022816,0.002838469115580722,0.006419647603099835,-0.003731083538287448,-0.001968758355433536,179.68032684326172,178.3029721069336,172.03972297668457,179.13211981846888,178.82763088074728,46.7010161503478,0.3044889377216009,0.5593512495569057,-0.25486231183530483,182.18552358796398,177.17513009855946,0.4678588649320108,0.0817233523769032
2016-06-22,179.22645568847656,-0.0016325293989628937,-0.001631197547704355,0.002834448269022816,0.006419647603099835,-0.0013949536540841891,179.7365409851074,178.35887359619142,172.12411338806152,179.1466330292393,178.8571734590976,42.15189177120799,0.28945957014170176,0.5053729136738649,-0.21591334353216318,182.14106651548715,177.33201545472767,0.39393223524012844,0.06910052800690199
2016-06-23,181.56040954589844,0.012938311456833817,0.013022373557833644,-0.0016325293989628937,0.002834448269022816,0.002979689002384464,179.84905166625975,178.425810546875,172.19977363586426,179.51798326257148,179.05741316923098,56.20630737047016,0.46057009334049326,0.4964123496071906,-0.03584225626669735,182.3769937343061,177.3211095982134,0.838488350122925,0.07944925915404502
2016-06-24,175.04078674316406,-0.03656941941987339,-0.035908835076108425,0.012938311456833817,-0.0016325293989628937,-0.003731083538287448,179.63301010131835,178.36218383789063,172.25396301269532,178.82918379804727,178.75988528581863,32.045205813575095,0.06929851222864158,0.41098958213148085,-0.34169106990283926,182.95132208814482,176.31469811449188,-0.1919517176783219,0.15413313382775448
2016-06-27,171.9058380126953,-0.018072140379834286,-0.017909818555995383,-0.03656941941987339,0.012938311456833817,0.006419647603099835,179.22166290283204,178.23979949951172,172.28800987243653,177.7640536772239,178.2521780804021,25.964344527938067,-0.4881244031782046,0.23116678506954377,-0.7192911882477484,183.9983267859667,174.44499901969738,-0.2657881179338658,0.16367587757692484
2016-06-28,175.0063018798828,0.017875110525774104,0.018035826491003437,-0.018072140379834286,-0.03656941941987339,0.002834448269022816,178.98247528076172,178.1544061279297,172.3338079071045,177.33978416994066,178.01174280628956,34.33644882948839,-0.6719586363489043,0.05054170078585418,-0.7225003371347585,184.1058057184914,173.85914484303203,0.11195423082637694,0.17873569088975133
2016-06-29,177.9862823486328,0.01688449784794091,0.017027846636033406,0.017875110525774104,-0.018072140379834286,-0.0016325293989628937,178.87386779785157,178.11730285644532,172.39758262634277,177.439245428201,178.00985684646312,42.53052812555105,-0.570611418262132,-0.07368892302374305,-0.49692249523838894,183.984312409405,173.76342318629816,0.41315966450236485,0.18988611784721743
2016-06-30,180.4149780273437,0.013553149075832816,0.013645409335274694,0.01688449784794091,0.017875110525774104,0.012938311456833817,178.85927505493163,178.1253463745117,172.46317443847656,177.8970504434537,178.18801397097278,50.83480694233564,-0.29096352751906807,-0.11714384392280805,-0.17381968359626002,183.9493078408862,173.76924226897705,0.6528185610812632,0.19612838079433745
2016-07-01,180.79396057128903,0.0020984125391871854,0.002100615747590018,0.013553149075832816,0.01688449784794091,-0.03656941941987339,178.8906219482422,178.1603335571289,172.5234115600586,178.34272892465916,178.38104705247767,54.45766270986419,-0.0383181278185134,-0.10137870070194913,0.06306057288343572,184.02211833298068,173.75912556350372,0.6854564906941696,0.19595858405143796
2016-07-05,179.4934539794922,-0.0072193042977577405,-0.007193307717179187,0.0020984125391871854,0.013553149075832816,-0.018072140379834286,178.81110458374025,178.16931060791015,172.57904296875,178.51976354847963,178.46344756558986,52.43588542359814,0.05631598288977102,-0.0698397639836051,0.1261557468733761,183.84791900398014,173.77429016350035,0.5677362057464331,0.19673774428516203
2016-07-06,180.57000732421875,0.005979815606913847,0.005997730395502776,-0.0072193042977577405,0.0020984125391871854,0.017875110525774104,178.77127685546876,178.20598541259767,172.65381401062012,178.8351856678241,178.61948902919198,54.86935098057579,0.2156966386321244,-0.012732483460459201,0.2284291220925836,183.73507791372106,173.80747579721645,0.6811847863805512,0.19795573302683164
2016-07-07,180.4580535888672,-0.0006201941126510049,-0.0006200018320348111,0.005979815606913847,-0.0072193042977577405,0.01688449784794091,178.6962921142578,178.2351107788086,172.72374595642088,179.08485765567687,178.75567899657534,53.71005411095213,0.32917865910152955,0.05564974505193855,0.273528914049591,183.5001487891345,173.8924354393811,0.683369487668427,0.1975310972913762
2016-07-08,183.1451568603516,0.014780684629465935,0.014890459129113465,-0.0006201941126510049,0.005979815606913847,0.013553149075832816,178.7680862426758,178.31060943603515,172.81791725158692,179.70951907178068,179.08082550500322,59.427932098681396,0.6286935667774571,0.1702585093970423,0.45843505738041485,183.79908871709762,173.73708376825397,0.9350097858159792,0.20468436719921995
2016-07-11,183.7910919189453,0.0035206972761954356,0.0035269022106123593,0.014780684629465935,-0.0006201941126510049,0.0020984125391871854,178.9582862854004,178.43158477783203,172.9166316986084,180.33745335595987,179.4297341282582,58.69087906728215,0.9077192277016763,0.3177506530579691,0.5899685746437072,184.44987363442903,173.46669893637176,0.9400190078374844,0.2015150688715781
2016-07-12,185.1260223388672,0.007237052414927596,0.007263303166568091,0.0035206972761954356,0.014780684629465935,-0.0072193042977577405,179.2846321105957,178.59845184326173,173.02498641967773,181.07415627640714,179.8516814031181,59.896638822497074,1.2224748732890305,0.49869549710418143,0.723779376184849,185.4238966068116,173.1453676143798,0.9757402317388325,0.19985953981188054
2016-07-13,185.1002197265625,-0.00013938834914846375,-0.00013937863504387416,0.007237052414927596,0.0035206972761954356,0.005979815606913847,179.62725143432618,178.73669860839843,173.13342391967774,181.69355065335412,180.24046201966954,60.4666477785941,1.4530886336845867,0.6895741244202626,0.7635145092643242,186.2672981694137,172.98720469923867,0.9121182056833963,0.19950783841482178
2016-07-14,186.1336975097656,0.005567812665175971,0.00558334174173214,-0.00013938834914846375,0.007237052414927596,-0.0006201941126510049,180.0339683532715,178.92663116455077,173.2675350189209,182.3766501697251,180.67699798189886,58.54534049923729,1.6996521878262456,0.8915897371014592,0.8080624507247864,187.22759099964497,172.840345706898,0.9239678293084471,0.19951998180189112
2016-07-15,185.88389587402344,-0.0013429562350197885,-0.0013420548728370063,0.005567812665175971,-0.00013938834914846375,0.014780684629465935,180.40163650512696,179.13127502441407,173.39993103027345,182.91622643192483,181.06269412205626,76.46063081258542,1.8535323098685694,1.0839782516548813,0.7695540582136882,188.01134939058718,172.79192361966673,0.8602146001704846,0.19989543284985553
2016-07-18,186.38345336914065,0.002683865753995404,0.0026874705458925785,-0.0013429562350197885,0.005567812665175971,0.0035206972761954356,180.8275260925293,179.34659545898438,173.51995361328125,183.44964596072725,181.4568244366551,90.5450390278133,1.9928215240721556,1.2657469061383362,0.7270746179338194,188.7851116032878,172.8699405817708,0.8490962974321707,0.1987419909152112
2016-07-19,186.1939697265625,-0.001017150515135014,-0.0010166333928950388,0.002683865753995404,-0.0013429562350197885,0.007237052414927596,181.18666610717773,179.5452737426758,173.63691024780275,183.8718496170096,181.80772408775937,87.43506768686275,2.0641255292502194,1.4254226307607127,0.6387028984895067,189.4418715307083,172.93146068364715,0.8032815879488586,0.19846968874491963
2016-07-20,186.96910095214844,0.004154389334427414,0.004163030772286858,-0.001017150515135014,0.002683865753995404,-0.00013938834914846375,181.5591567993164,179.75654144287108,173.74558319091796,184.34834982241557,182.19004829993634,85.26016061485991,2.158301522479235,1.5719984091044172,0.5863031133748176,190.16253915103306,172.95577444759977,0.8144079811675794,0.19860146119688335
2016-07-21,186.262939453125,-0.0037840392313633594,-0.003776888776954479,0.004154389334427414,-0.001017150515135014,0.005567812665175971,181.91098098754884,179.90981811523437,173.8360238647461,184.64290207329395,182.49174394091327,76.54452669607065,2.1511581323806865,1.6878303537596713,0.46332777862101526,190.68648354109845,173.13547843399922,0.7479606403747117,0.19927384549949737
2016-07-22,187.0982666015625,0.004474640260757245,0.0044846664123847635,-0.0037840392313633594,0.004154389334427414,-0.0013429562350197885,182.18787384033203,180.1132162475586,173.93352210998535,185.02065046225835,182.8329678417021,77.47758412686187,2.187682620556245,1.7878008071189861,0.39988181343725904,191.26121829117312,173.11452938949094,0.7705944201630789,0.19529504635047892
2016-07-25,186.59017944335932,-0.002719310573685506,-0.002715616597801951,0.004474640260757245,-0.0037840392313633594,0.002683865753995404,182.7653434753418,180.30542419433593,174.02161628723144,185.2621164593508,183.11127981219522,83.22652915718244,2.150836647155586,1.8604079751263063,0.2904286720292797,191.3820533102213,174.14863364046232,0.721942948138685,0.13561830412123668
2016-07-26,186.67630004882807,0.00046144302651585393,0.0004615495077269216,-0.002719310573685506,0.004474640260757245,-0.001017150515135014,183.50386657714844,180.5302005004883,174.10251457214355,185.4796831654242,183.37535538527914,81.51188245113894,2.10432778014507,1.909191936130059,0.19513584401501083,190.59923073881018,176.4085024154867,0.7235567759031442,0.11074717722095276
2016-07-27,186.4781951904297,-0.0010617847542375082,-0.0010612212602594262,0.00046144302651585393,-0.002719310573685506,0.004154389334427414,184.07746124267578,180.71639953613283,174.18191436767577,185.6333004000404,183.60519537084585,80.79348626946563,2.0281050291945633,1.93297455474296,0.09513047445160328,190.0456704053619,178.10925207998966,0.7011268273541374,0.09937080282753985
2016-07-28,186.6934814453125,0.001153818964546715,0.0011544848697349064,-0.0010617847542375082,0.00046144302651585393,-0.0037840392313633594,184.51282119750977,180.93997680664063,174.26158546447755,185.7964051762361,183.8339573022878,74.29291947942316,1.9624478739482925,1.9388692185840264,0.023578655364266066,189.8467850335794,179.17885736144012,0.7044127327088858,0.08527404414733064
2016-07-29,186.9948883056641,0.001613145872928806,0.0016144476926467366,0.001153818964546715,-0.0010617847542375082,0.004474640260757245,184.8418167114258,181.16855407714843,174.3481443786621,185.9807871961481,184.06810033957493,73.0201471787811,1.912686856573174,1.933632746181856,-0.020945889608682045,189.9169705538425,179.76666286900908,0.712118850097068,0.07437551437635477
2016-08-01,186.83990478515625,-0.0008291551896799139,-0.0008288115355030712,0.001613145872928806,0.001153818964546715,-0.002719310573685506,185.14411392211915,181.4061978149414,174.43799560546876,186.11295913291858,184.27341918739577,64.82922514291735,1.8395399455228016,1.9148141860500454,-0.07527424052724374,189.91521509783192,180.37301274640637,0.6777148294055788,0.07493891416492708
2016-08-02,185.64276123046875,-0.006427937651398639,-0.0064073226544622,-0.0008291551896799139,0.001613145872928806,0.00046144302651585393,185.45157928466796,181.59779388427734,174.508896484375,186.04062099408014,184.3748519313271,53.90313515412309,1.6657690627530428,1.865005161390645,-0.19923609863760228,189.41334850414253,181.48981006519338,0.5241283546831822,0.07374047812186185
2016-08-03,186.18536376953125,0.0029185684876403307,0.0029228316550886646,-0.006427937651398639,-0.0008291551896799139,-0.0010617847542375082,185.7323471069336,181.8050390625,174.57861267089845,186.06288911338032,184.50896391934222,50.399943303961855,1.5539251940381007,1.8027891679201362,-0.24886397388203552,188.96658032345613,182.49811389041105,0.5700346314364966,0.07215900539851078
2016-08-04,186.38345336914065,0.0010633719686832443,0.0010639375491114933,0.0029185684876403307,-0.006427937651398639,0.001153818964546715,186.02861709594725,181.97066467285157,174.64889549255372,186.11220669118958,184.64781498969765,53.8982332391094,1.4643917014919339,1.7351096746344958,-0.27071797314256196,188.10791381367807,183.94932037821644,0.585326031193047,0.07173950300530965
2016-08-05,187.9078826904297,0.00814572822614205,0.008178994936153705,0.0010633719686832443,0.0029185684876403307,0.001613145872928806,186.26675338745116,182.14261840820313,174.72790206909178,186.38846453722653,184.88930148604817,60.25535479288064,1.499163051178357,1.6879203499432682,-0.18875729876491132,188.0211238020059,184.51238297289643,0.9677259971335807,0.05817333590846717
2016-08-08,187.79595947265625,-0.0005958055708984035,-0.0005956281140042652,0.00814572822614205,0.0010633719686832443,-0.0008291551896799139,186.4669967651367,182.3113052368164,174.81168731689453,186.60500221960032,185.10460948505616,60.8907809893693,1.5003927345441639,1.6504148268634473,-0.15002209231928343,187.91992464089248,185.01406888938095,0.9573395313336724,0.05790832968768987
2016-08-09,187.9078826904297,0.0005958055708984416,0.000595983098293118,-0.0005958055708984035,0.00814572822614205,-0.006427937651398639,186.60608978271483,182.46680725097656,174.88158477783202,186.8054453689587,185.31225935212086,57.014639485565674,1.493186016837825,1.618969064858323,-0.125783048020498,188.05109932154494,185.16108024388473,0.9504443994081863,0.05314181935369369
2016-08-10,187.44276428222656,-0.0024783154099740565,-0.002475246921755714,0.0005958055708984416,-0.0005958055708984035,0.0029185684876403307,186.72321701049805,182.61986145019532,174.93962394714356,186.90349443253837,185.4700745321287,59.14515438457873,1.4334199004096604,1.5818592319685907,-0.1484393315589303,188.02715868961653,185.41927533137957,0.7759123675742,0.05429455962671202
2016-08-11,188.31265258789065,0.004630085532458694,0.004640820940702284,-0.0024783154099740565,0.0005958055708984416,0.0010633719686832443,186.8321647644043,182.78294586181642,175.00417335510255,187.12028799490025,185.68063586959255,59.362882581033865,1.4396521253077026,1.5534178106364132,-0.11376568532871056,188.2843959688755,185.3799335599331,1.0097286915913146,0.05325526973274574
2016-08-12,188.1490020751953,-0.0008694140344792664,-0.00086903620360268,0.004630085532458694,-0.0024783154099740565,0.00814572822614205,186.9454200744629,182.93178924560547,175.06959899902344,187.27855169956104,185.86347781074832,62.692608744269606,1.4150738888127137,1.5257490262716733,-0.11067513745895963,188.4389813288505,185.4518588200753,0.9029235483970528,0.05305440788266878
2016-08-15,188.69158935546875,0.0028796667214802127,0.0028838169444904693,-0.0008694140344792664,0.004630085532458694,-0.0005958055708984035,187.0608268737793,183.1022805786133,175.1277813720703,187.4959421081622,186.0729675548017,65.27396785012172,1.4229745533605183,1.5051941316894424,-0.08221957832892413,188.71916280516896,185.40249094238962,0.9916864100999406,0.053160582457089815
2016-08-16,187.7183990478516,-0.005170917382962674,-0.005157571203578182,0.0028796667214802127,-0.0008694140344792664,0.0005958055708984416,187.13704833984374,183.2349725341797,175.18160614013672,187.53016625272983,186.19485136910168,58.41132908065066,1.3353148836281434,1.4712182820771826,-0.1359033984490392,188.76752365988543,185.50657301980206,0.6782764513089915,0.056774333411246033
2016-08-17,188.07150268554688,0.0018792614702291648,0.0018810283887265022,-0.005170917382962674,0.0028796667214802127,-0.0024783154099740565,187.19216842651366,183.36907135009767,175.2410095214844,187.61344878085552,186.33386257772727,59.17452628926925,1.2795862031282468,1.4328918662873955,-0.15330566315914873,188.87251115622146,185.51182569680586,0.7616532459381435,0.05533922246164787
2016-08-18,188.49351501464844,0.0022413792356693807,0.0022438930038601868,0.0018792614702291648,-0.005170917382962674,0.004630085532458694,187.30369720458984,183.4997866821289,175.29210052490234,187.74884358605445,186.49383683231403,59.81978955451284,1.2550067537404175,1.3973148437779999,-0.14230809003758238,189.02006629842353,185.58732811075615,0.8466089590907909,0.05355453580453172
2016-08-19,188.21792602539065,-0.0014631307064149259,-0.0014620608525252043,0.0022413792356693807,0.0018792614702291648,-0.0008694140344792664,187.35968017578125,183.62995971679686,175.33922904968261,187.8210101151831,186.62154714291228,58.88902450067543,1.1994629722708225,1.3577444694765646,-0.15828149720574203,189.12030592325226,185.59905442831024,0.7437331871472971,0.05197394065045309
2016-08-22,188.2093505859375,-4.5562263881754984e-05,-4.5561225937573724e-05,-0.0014631307064149259,0.0022413792356693807,0.0028796667214802127,187.44063873291014,183.79440490722655,175.38902626037597,187.88075480299145,186.739162212766,69.55442091459501,1.1415925902254571,1.3145140936263433,-0.1729215034008862,189.20118811049684,185.68008935532345,0.7183159026420148,0.0507675303506011
2016-08-23,188.5882568359375,0.0020111931193634177,0.0020132169247721876,-4.5562263881754984e-05,-0.0014631307064149259,-0.005170917382962674,187.53623657226564,183.9941879272461,175.44160774230957,187.98960126959852,186.87613218485276,68.77557444129683,1.1134690847457591,1.2743050918502266,-0.16083600710446744,189.3293709509737,185.74310219355758,0.793346744160311,0.051076547819943405
2016-08-24,187.6236724853516,-0.005127888772640272,-0.005114763595407967,0.0020111931193634177,-4.5562263881754984e-05,0.0018792614702291648,187.59351043701173,184.18170471191405,175.48983222961425,187.93330453356054,186.93150554044527,58.65412257744413,1.0017989931152727,1.2198038721032358,-0.21800487898796317,189.31614057644254,185.87088029758092,0.5087546501275738,0.05464987572608331
2016-08-25,187.4944305419922,-0.0006890733741202671,-0.0006888360175846264,-0.005127888772640272,0.0020111931193634177,0.0022413792356693807,187.6335578918457,184.37160614013672,175.5457147216797,187.86578545793463,186.973203688708,46.41740841226776,0.8925817692266378,1.1543594515279163,-0.2617776823012785,189.30455494711933,185.96256083657207,0.45836995959555193,0.05466228562846753
2016-08-26,187.1413726806641,-0.001884806325560651,-0.001883031193553375,-0.0006890733741202671,-0.005127888772640272,-0.0014631307064149259,187.6408821105957,184.54382293701173,175.59779808044433,187.75433733835453,186.9856606510751,44.555480816824044,0.7686766872794237,1.077222898678218,-0.30854621139879423,189.30134321092893,185.98042101026246,0.34958713280565246,0.05488456911983383
2016-08-29,188.0628662109375,0.004911966803821373,0.004924050289220938,-0.001884806325560651,-0.0006890733741202671,-4.5562263881754984e-05,187.70203018188477,184.7477670288086,175.65796340942381,187.80180331875192,187.06545365550934,51.1360763811991,0.7363496632425779,1.00904825159109,-0.272698588348512,189.32800983701708,186.07605052675245,0.6109595768660991,0.057405423819798726
2016-08-30,187.7528533935547,-0.0016498133075823207,-0.0016484531137321845,0.004911966803821373,-0.001884806325560651,0.0020111931193634177,187.80753479003906,184.92260070800782,175.72886512756347,187.7942725610293,187.1163721546238,52.32593806654826,0.6779004064054845,0.9428186825539688,-0.2649182761484843,189.11318781661134,186.50188176346677,0.4790597519511276,0.05222054530954548
2016-08-31,187.21885681152344,-0.0028481985626665008,-0.0028441462932758954,-0.0016498133075823207,0.004911966803821373,-0.005127888772640272,187.85920944213868,185.07659210205077,175.8068413543701,187.7057470611053,187.12396361069042,41.360225434682185,0.5817834504148891,0.8706116361261529,-0.2888281857112638,188.96032506986973,186.75809381440763,0.20922552796078878,0.05278253129010424
2016-09-01,187.2274627685547,4.5966305890798145e-05,4.5967362357624e-05,-0.0028481985626665008,-0.0016498133075823207,-0.0006890733741202671,187.9014099121094,185.23661224365233,175.8718116760254,187.63216486225136,187.13163021497667,42.538091637384284,0.5005346472746908,0.7965962383558605,-0.2960615910811697,188.81271834115532,186.99010148306346,0.1302310381018483,0.05270492762551055
2016-09-02,188.07150268554688,0.004497967848121637,0.004508098889507206,4.5966305890798145e-05,-0.0028481985626665008,-0.001884806325560651,187.90959091186522,185.3668341064453,175.9416374206543,187.6997552966045,187.20125039798188,45.212728360797016,0.4985048986226275,0.736977970409214,-0.2384730717865865,188.82407616605437,186.99510565767608,0.5885261806792148,0.04668117369423179
2016-09-06,188.63995361328125,0.0030179669329913564,0.0030225255799907202,0.004497967848121637,4.5966305890798145e-05,0.004911966803821373,187.9517906188965,185.63881744384764,176.00049362182617,187.84440119147786,187.30782100652257,57.588970453340174,0.5365801849552838,0.696898413318428,-0.16031822836314413,188.920484459704,186.983096778089,0.8552014916349119,0.047774409188370046
2016-09-07,188.6226959228516,-9.148899559980703e-05,-9.148481060927693e-05,0.0030179669329913564,0.004497967848121637,-0.0016498133075823207,187.98753128051757,185.97315460205078,176.06002609252928,187.96413884245845,187.4052191484729,54.804829969433925,0.5589196939855583,0.669302669451854,-0.11038297546629572,189.00111117580462,186.97395138523052,0.8133273683147277,0.047765796585221766
2016-09-08,188.19204711914065,-0.0022857332371382225,-0.002283122938117055,-9.148899559980703e-05,0.0030179669329913564,-0.0028481985626665008,188.02499542236328,186.23686950683594,176.11418548583984,187.99920165425573,187.4635027018557,47.376012367552384,0.5356989524000255,0.6425819260414883,-0.10688297364146282,189.00874436091195,187.0412464838146,0.5849056554123605,0.04762781077725311
2016-09-09,183.687728881836,-0.024225778437919177,-0.02393468962295242,-0.0022857332371382225,-9.148899559980703e-05,4.5966305890798145e-05,187.79374923706055,186.3508984375,176.14684013366698,187.33589815080654,187.1838157522246,27.288124442513208,0.15208239858193906,0.5444820205495785,-0.39239962196763944,189.95836943281193,185.62912904130917,-0.44843898326451614,0.09679135942834535
2016-09-12,186.32313537597656,0.014245263125729222,0.014347210399862309,-0.024225778437919177,-0.0022857332371382225,0.004497967848121637,187.70245590209962,186.46906158447266,176.19148529052734,187.18008849314037,187.12006165028032,42.51503169826392,0.06002684286005433,0.44759098501167366,-0.38756414215161933,189.956169511167,185.44874229303224,0.19398939586342592,0.11134179041120783
2016-09-13,183.6446685791016,-0.014479711833380808,-0.014375384954048553,0.014245263125729222,-0.024225778437919177,0.0030179669329913564,187.45010986328126,186.5260757446289,176.2228653717041,186.6361777371344,186.8626251264893,33.41031215852368,-0.22644738935488817,0.3127833101383613,-0.5392306994932494,190.29116235189457,184.60905737466794,-0.1697238610394448,0.12101001916673168
2016-09-14,183.5758056640625,-0.00037504943583669314,-0.000374979113588747,-0.014479711833380808,0.014245263125729222,-9.148899559980703e-05,187.24298019409179,186.60772277832032,176.25288414001466,186.16535126435411,186.61915701816136,35.54731808092967,-0.4538057538072451,0.15946549734924004,-0.6132712511564851,190.56500244912263,183.92095793906094,-0.05194912142381717,0.12019921607017475
2016-09-15,185.41018676757807,0.009942904357158786,0.009992499266882726,-0.00037504943583669314,-0.014479711833380808,-0.0022857332371382225,187.10991439819335,186.7045263671875,176.29576095581055,186.04917211100394,186.5296036662663,43.36608370041886,-0.48043155526235637,0.03148608682692075,-0.5119176420892771,190.5046085074587,183.715220288928,0.24964936811594957,0.12612598879631567
2016-09-16,184.69354248046875,-0.0038726720437348393,-0.003865182920114729,0.009942904357158786,-0.00037504943583669314,-0.024225778437919177,186.91991577148437,186.78923614501954,176.32662330627443,185.84061370630621,186.393599133985,42.38507670413799,-0.5529854276787773,-0.08540821607421888,-0.46757721160455845,190.41250240061518,183.42732914235356,0.1812715721285217,0.12609397508642584
2016-09-19,184.72817993164065,0.00018752254765775497,0.00018754013110977574,-0.0038726720437348393,0.009942904357158786,0.014245263125729222,186.74542846679688,186.8208966064453,176.36676795959474,185.66947004866537,186.27023474862617,39.02032933686486,-0.6007646999607914,-0.1884795128515334,-0.412285187109258,190.312860845882,183.17799608771176,0.21726884761953666,0.12615285677191476
2016-09-20,184.7367706298828,4.650345441790645e-05,4.650453572030422e-05,0.00018752254765775497,-0.0038726720437348393,-0.014479711833380808,186.57179946899413,186.83981018066407,176.4193270111084,185.52597783039113,186.15664481390445,39.86824650574381,-0.6306669835133221,-0.2769170069838911,-0.35374997652943097,190.17705654309592,182.96654239489234,0.24550651986883681,0.12616189622217686
2016-09-21,186.81423950195312,0.01118280109704184,0.011245562347912186,4.650345441790645e-05,0.00018752254765775497,-0.00037504943583669314,186.48309860229492,186.87357452392578,176.46528388977052,185.72417193370833,186.2053555315377,48.76849669936494,-0.48118359782935727,-0.3177703251529843,-0.16341327267637296,189.96463616918845,183.00156103540138,0.5475567035104084,0.13301336378611842
2016-09-22,187.991439819336,0.006281677430754135,0.006301448543329924,0.01118280109704184,4.650345441790645e-05,0.009942904357158786,186.50148696899416,186.93139892578125,176.5225074005127,186.07298237765104,186.3376580713746,52.170836527355455,-0.2646756937235466,-0.3071513988670968,0.0424757051435502,190.01215237285163,182.99082156513668,0.712203767511523,0.1338799829569134
2016-09-23,186.96142578125,-0.005494112585979404,-0.005479047551717575,0.006281677430754135,0.01118280109704184,-0.0038726720437348393,186.47483673095707,186.94795349121094,176.58051239013673,186.20966597820473,186.3838630869209,46.878711223081815,-0.17419710871618577,-0.2805605408369146,0.10636343212072885,189.9617767878841,182.98789667403003,0.5697730735758266,0.1353331913540147
2016-09-26,185.44659423828125,-0.008135377416024235,-0.00810237479008713,-0.005494112585979404,0.006281677430754135,0.00018752254765775497,186.3900978088379,186.9392074584961,176.63776428222656,186.0922703259088,186.31443576479944,41.47470356182057,-0.22216543889064155,-0.26888152044766,0.04671608155701845,189.8911793204167,182.8890162972591,0.36525541215817237,0.13818921411720295
2016-09-27,186.59783935546875,0.006188770414005177,0.0062079604207141426,-0.008135377416024235,-0.005494112585979404,4.650345441790645e-05,186.31684646606448,186.94349517822266,176.69852699279784,186.17005017661032,186.33542862336753,44.90287104092029,-0.16537844675721658,-0.24818090570957133,0.08280245895235475,189.73078547993984,182.9029074521891,0.5411537652345615,0.13891928805516685
2016-09-28,187.5240173339844,0.004951220325819637,0.00496349787175876,0.006188770414005177,-0.008135377416024235,0.01118280109704184,186.30540466308597,186.9700961303711,176.78082527160643,186.37835281620633,186.4234722315614,48.3593139848808,-0.045119415355060255,-0.2075686076386691,0.16244919228360885,189.70056159663062,182.9102477295413,0.6794633789764419,0.14009704532524792
2016-09-29,185.8275146484375,-0.009088026788146839,-0.009046855489051264,0.004951220325819637,0.006188770414005177,0.006281677430754135,186.23583755493166,186.94726440429687,176.85031982421876,186.29360848270343,186.37932722540404,56.09610627855503,-0.08571874270060675,-0.18319863465105665,0.0974798919504499,189.60913432606034,182.86254078380298,0.43947717408250125,0.14345420402283537
2016-09-30,187.229736328125,0.007517496468051152,0.007545823783632555,-0.009088026788146839,0.004951220325819637,-0.005494112585979404,186.23595123291017,186.96660034179686,176.91780113220216,186.43762815122983,186.44232049227224,52.77804532962022,-0.0046923410424142276,-0.14749737592932816,0.14280503488691393,189.60938885810458,182.86251360771575,0.6472956084607553,0.1461694832399303
2016-10-03,186.77960205078125,-0.0024070762330973008,-0.002404181548142925,0.007517496468051152,-0.009088026788146839,-0.008135377416024235,186.1713562011719,186.96022705078124,176.97032119750978,186.49023952039158,186.46730431142106,61.12553353022897,0.022935208970523036,-0.11341085894935793,0.13634606791988096,189.4447977642144,182.8979146381294,0.5929061719745523,0.14540467818331856
2016-10-04,185.8275146484375,-0.005110420234953783,-0.005097384253366699,-0.0024070762330973008,0.007517496468051152,0.006188770414005177,186.0307342529297,186.94497375488282,177.03151161193847,186.38828184778328,186.41991248453337,57.51966441571357,-0.031630636750094254,-0.09705481450950519,0.06542417775941094,189.0924505449316,182.9690179609278,0.4668127963026696,0.14577372013375178
2016-10-05,186.64974975585932,0.004414961779278461,0.004424722081535659,-0.005110420234953783,-0.0024070762330973008,0.004951220325819637,185.93208694458008,186.94444274902344,177.112275390625,186.42850767979496,186.43693746759456,54.4396982343078,-0.008429787799599353,-0.07932980916752404,0.07090002136792468,188.76041342264566,183.1037604665145,0.6268705746746187,0.1469173402358435
2016-10-06,186.77960205078125,0.0006954584556754419,0.0006957003429781672,0.004414961779278461,-0.005110420234953783,-0.009088026788146839,185.8614646911621,186.95047088623048,177.18665634155275,186.48252219840825,186.4623200293121,57.7994034864323,0.020202169096137368,-0.05942341351479176,0.07962558261092913,188.5174770356596,183.2054523466646,0.6728413200942517,0.14682475008155602
2016-10-07,186.1390686035156,-0.0034352480987298937,-0.0034293543847014885,0.0006954584556754419,0.004414961779278461,0.007517496468051152,185.9840316772461,186.93938262939454,177.25003517150878,186.42968318380937,186.43837547925312,55.04642333981683,-0.008692295443751163,-0.04927718990058364,0.04058489445683248,188.4360937833943,183.53196957109787,0.5316135806431591,0.11769079608089694
2016-10-10,187.1085357666016,0.0051947786503220945,0.005208294907454336,-0.0034352480987298937,0.0006954584556754419,-0.0024070762330973008,186.02330169677734,186.94165557861328,177.3075212097168,186.5341220427005,186.4880169820197,57.93764924328925,0.046105060680787346,-0.030200739784309448,0.0763058004650968,188.5229255067364,183.52367788681826,0.7170794792201193,0.10780720083769114
2016-10-11,184.74546813964844,-0.0127098238168625,-0.012629395111620312,0.0051947786503220945,-0.0034352480987298937,-0.005110420234953783,186.07834167480468,186.8997668457031,177.35464080810547,186.258944519154,186.3589392899922,43.20626002808126,-0.09999477083820807,-0.04415954599508917,-0.0558352248431189,188.3995455941144,183.75713775549497,0.2128917618852258,0.10474820067422166
2016-10-12,184.98782348632807,0.0013109740825567216,0.0013118337847206618,-0.0127098238168625,0.0051947786503220945,0.004414961779278461,186.14894256591796,186.8866680908203,177.40497520446777,186.06338743718078,186.25737515638747,39.49102937674882,-0.19398771920668878,-0.0741251806374091,-0.11986253856927968,188.2223224653071,184.07556266652884,0.2199936490336399,0.1047753089788041
2016-10-13,184.3819274902344,-0.003280704702705397,-0.0032753290712588257,0.0013109740825567216,-0.0127098238168625,0.0006954584556754419,186.09752960205077,186.8505993652344,177.44294654846192,185.8047012914967,186.1184531070428,40.69888485654121,-0.3137518155460839,-0.12205050761914406,-0.19170130792693985,188.29530413553718,183.89975506856436,0.10969560669746126,0.09913540188646991
2016-10-14,184.4770965576172,0.000516018659108203,0.0005161518196399317,-0.003280704702705397,0.0013109740825567216,-0.0034352480987298937,186.0867073059082,186.8124722290039,177.48765907287597,185.60045440936142,185.99687114041868,46.10547943358223,-0.3964167310572577,-0.17692375230676682,-0.2194929787504909,188.31550411359305,183.85791049822333,0.1389059014394919,0.09824480896819437
2016-10-17,183.8365631103516,-0.0034781989546644916,-0.0034721570277183034,0.000516018659108203,-0.003280704702705397,0.0051947786503220945,186.04212646484376,186.73104583740235,177.53794860839844,185.32908651720606,185.83684832337667,38.433217897534526,-0.5077618061706062,-0.24309136307953472,-0.26467044309107146,188.41626766108857,183.66798526859895,0.035502909856262345,0.09898191619163813
2016-10-18,184.98782348632807,0.006242884998261773,0.006262412419478336,-0.0034781989546644916,0.000516018659108203,-0.0127098238168625,186.054679107666,186.6748831176758,177.60614089965821,185.2765845124556,185.77395759470642,39.57269976060299,-0.49737308225081733,-0.29394770691379124,-0.2034253753370261,188.40226667260026,183.70709154273175,0.2727761815419626,0.10162974617082159
2016-10-19,185.4812164306641,0.0026636138672126407,0.0026671644383797766,0.006242884998261773,-0.0034781989546644916,0.0013109740825567216,185.98802795410157,186.62634979248048,177.67535118103027,185.30806634602615,185.75227306403661,48.419913751450004,-0.44420671801046296,-0.3239995091331256,-0.12020720887733738,188.32045948207838,183.65559642612476,0.391355540911185,0.09344140218560229
2016-10-20,185.13494873046875,-0.0018686060323337135,-0.0018668612750055713,0.0026636138672126407,0.006242884998261773,-0.003280704702705397,185.84520339965817,186.58019348144532,177.75365562438964,185.28143286670962,185.70654533562418,39.42267094431957,-0.42511246891456267,-0.34422210108941304,-0.08089036782514963,188.00450313742982,183.68590366188653,0.33553587842269805,0.09018196500124895
2016-10-21,185.22152709960932,0.0004675407417874604,0.0004676500559956942,-0.0018686060323337135,0.0026636138672126407,0.000516018659108203,185.75820846557616,186.5183709716797,177.8527226257324,185.27221659484803,185.67061805888233,41.832872627685454,-0.39840146403429344,-0.3550579736783891,-0.043343490355904346,187.86778015067824,183.64863678047408,0.37279849986684094,0.08850329050036251
2016-10-24,186.0092010498047,0.0042435880033972325,0.00425260477294187,0.0004675407417874604,-0.0018686060323337135,-0.0034781989546644916,185.78633880615232,186.47557495117186,177.964806060791,185.38559881868753,185.6956982804321,50.969068271824185,-0.3100994617445849,-0.34606627129162826,0.035966809547043344,187.89341749370166,183.67926011860297,0.5528841767916066,0.0851219655420533
2016-10-25,185.385971069336,-0.003356158680832466,-0.003350533075521467,0.0042435880033972325,0.0004675407417874604,0.006242884998261773,185.7257453918457,186.4094625854492,178.07296348571776,185.38565608801807,185.67275552405462,43.113131141789104,-0.28709943603655574,-0.3342729042406138,0.047173468204058044,187.80406899639047,183.6474217873009,0.4182575991133683,0.08285579633678812
2016-10-26,185.01373291015625,-0.0020099275485090102,-0.0020079089967413033,-0.003356158680832466,0.0042435880033972325,0.0026636138672126407,185.60023117065427,186.35536926269532,178.1726537322998,185.3284371375778,185.62393903413624,40.62469620671548,-0.2955018965584486,-0.32651870270418076,0.031016806145732156,187.51831086695745,183.6821514743511,0.347113166979347,0.08063020631757492
2016-10-27,184.5203857421875,-0.002670105065676732,-0.0026665435057641185,-0.0020099275485090102,-0.003356158680832466,-0.0018686060323337135,185.53487472534178,186.28434692382814,178.29046295166015,185.20412153828698,185.54219434584374,41.269689737470244,-0.33807280755675606,-0.3288295236746958,-0.00924328388206025,187.50861657630938,183.56113287437418,0.24300362971557274,0.07475130760051332
2016-10-28,183.9750518798828,-0.0029597883975617813,-0.0029554125421492605,-0.002670105065676732,-0.0020099275485090102,0.0004675407417874604,185.37214050292965,186.1939776611328,178.39233306884765,185.0150338985325,185.42610971873552,32.28938480803882,-0.411075820203024,-0.34527878298036146,-0.06579703722266256,187.29350039203695,183.45078061382236,0.13643234383956057,0.06916300006928541
2016-10-31,183.98370361328125,4.7025560723060815e-05,4.702666644207376e-05,-0.0029597883975617813,-0.002670105065676732,0.0042435880033972325,185.23234558105466,186.10929321289063,178.51180557250976,184.85636770080154,185.3192648220352,44.132987037406856,-0.46289712123365234,-0.3688024506310197,-0.09409467060263266,187.12922222414312,183.3354689379662,0.17086895915899095,0.06899121655904657
2016-11-01,182.65072631835932,-0.007271456575937985,-0.0072450834978501355,4.7025560723060815e-05,-0.0029597883975617813,-0.003356158680832466,185.07350616455076,185.99812072753906,178.6235479736328,184.51703825734887,185.12159530324436,34.588976314571354,-0.6045570458954899,-0.4159533696839137,-0.18860367621157614,187.269056801143,182.87795552795853,-0.051747658608298795,0.0711923711030857
2016-11-02,181.5514068603516,-0.006036882799339578,-0.006018697435079545,-0.007271456575937985,4.7025560723060815e-05,-0.0020099275485090102,184.8185890197754,185.85738372802734,178.74006507873534,184.06078727319544,184.8571369000671,32.47566918020571,-0.7963496268716597,-0.49203262112146295,-0.3043170057501967,187.39451346191802,182.24266457763278,-0.13417662916894602,0.07058126525218181
2016-11-03,180.7203521728516,-0.00458802611346039,-0.004577517199518266,-0.006036882799339578,-0.007271456575937985,-0.002670105065676732,184.5156265258789,185.71931732177734,178.84799461364747,183.54687418083483,184.55070840175486,28.683588054594594,-1.0038342209200266,-0.5943929410811757,-0.4094412798388509,187.51149507287843,181.51975797887937,-0.1334180377888094,0.07100635486100798
2016-11-04,180.5212860107422,-0.0011021220214833729,-0.0011015149080664255,-0.00458802611346039,-0.006036882799339578,-0.0029597883975617813,184.23473739624023,185.57985443115234,178.93860527038575,183.08139907774367,184.25223266908725,30.19640441736749,-1.1708335913435803,-0.7096810711336566,-0.4611525202099237,187.61808835350814,180.85138643897233,-0.048783060403627,0.07071022609241387
2016-11-07,184.5030975341797,0.02181755328546933,0.022057296463091625,-0.0011021220214833729,-0.00458802611346039,4.7025560723060815e-05,184.10446548461914,185.52708892822267,179.0613996887207,183.30012191719536,184.27081525168668,47.83622703711551,-0.9706933344913296,-0.7618835238051913,-0.20880981068613824,187.21124710742978,180.9976838618085,0.564155144770026,0.10699418919323189
2016-11-08,185.3341064453125,0.0044939248984922535,0.004504037722070642,0.02181755328546933,-0.0011021220214833729,-0.007271456575937985,184.13389739990234,185.47251373291016,179.17743812561037,183.61304261382875,184.34957756232563,49.36252877910463,-0.7365349484968817,-0.7568138087435294,0.020278860246647712,187.27718582151726,180.9906089782874,0.6909161496534784,0.0984721954679281
2016-11-09,187.2989654541016,0.01054590892367669,0.010601713016966219,0.0044939248984922535,0.02181755328546933,-0.006036882799339578,184.24945449829102,185.4634359741211,179.31212333679198,184.18010766617843,184.56805073949423,58.223728845009816,-0.387943073315796,-0.6830396616579828,0.29509658834218677,187.68158264424858,180.81732635233345,0.9442594836387967,0.10513579602667343
2016-11-10,187.7663726806641,0.00249240556779481,0.0024955141926668034,0.01054590892367669,0.0044939248984922535,-0.00458802611346039,184.41867675781253,185.47438629150392,179.44496879577636,184.7318407453301,184.80496347587717,59.39891233903489,-0.07312273054708385,-0.561056275435803,0.4879335448887192,188.19480908974782,180.64254442587725,0.94327047208325,0.10428808180485431
2016-11-11,187.33360290527344,-0.0023074913120895283,-0.0023048311005435806,0.00249240556779481,0.01054590892367669,-0.0011021220214833729,184.56150207519534,185.47650909423828,179.5560025024414,185.13211184685983,184.9922701002769,55.02311433551781,0.13984174658293114,-0.4208766710320563,0.5607184176149874,188.556669767896,180.56633438249466,0.8469317239352476,0.10490911069333261
2016-11-14,187.4807586669922,0.0007852194812516439,0.0007855278467747695,-0.0023074913120895283,0.00249240556779481,0.02181755328546933,184.74371185302735,185.46469421386718,179.66807052612305,185.49344212688018,185.17660258670026,58.24265159720708,0.3168395401799273,-0.2733334287896596,0.5901729689695869,188.92761578983456,180.55980791622014,0.8270924542370721,0.10370487837024664
2016-11-15,188.943588256836,0.007772275973689633,0.0078025585145093945,0.0007852194812516439,-0.0023074913120895283,0.0044939248984922535,184.94150009155277,185.47076690673828,179.80232704162597,186.02423383918108,185.45563856226585,64.24109112745644,0.5685952769152323,-0.10494768764868125,0.6735429645639135,189.52857496032834,180.3544252227772,0.9362353220486569,0.10486956270078228
2016-11-16,188.58872985839844,-0.0018798841101278954,-0.0018781182347145098,0.007772275973689633,0.0007852194812516439,0.01054590892367669,185.09687576293948,185.47008758544922,179.92995048522948,186.41877168829146,185.6877193990164,64.89242741266096,0.7310522892750555,0.062252307736066104,0.6687999815389893,189.96295869117282,180.23079283470614,0.8587951692313945,0.1051865504119999
2016-11-17,189.55816650390625,0.00512731310849544,0.005140480272791015,-0.0018798841101278954,0.007772275973689633,0.00249240556779481,185.31803665161135,185.49740997314453,180.0611424255371,186.90175550607836,185.97441918456377,69.82188769357595,0.9273363215145878,0.23526911049177046,0.6920672110228173,190.5775652938323,180.0585080093904,0.9030902900934121,0.10573530727009792
2016-11-18,189.1340484619141,-0.0022399098928086317,-0.0022374031666075878,0.00512731310849544,-0.0018798841101278954,-0.0023074913120895283,185.5136627197266,185.60633636474608,180.20577003479005,187.24518519159156,186.20846579770082,67.76143593089759,1.0367193938907349,0.39555916717156336,0.6411602267191715,191.042244686567,179.9850807528862,0.8274244430038323,0.10641204782675207
2016-11-21,190.562240600586,0.007522848736263058,0.007551216453548726,-0.0022399098928086317,0.00512731310849544,0.0007852194812516439,185.74131469726564,185.6911184692383,180.36832176208497,187.75550140835992,186.53096763495157,77.10557545024457,1.2245337734083535,0.5613540884189214,0.663179684989432,191.71301744490583,179.76961194962544,0.9036475111914619,0.10833853533970284
2016-11-22,190.9344940185547,0.0019515424502115329,0.0019534479485310285,0.007522848736263058,-0.0022399098928086317,0.007772275973689633,186.01874084472658,185.83691497802735,180.5326921081543,188.24457719454372,186.85715477447772,83.83286970606574,1.3874224200660024,0.7265677547483376,0.6608546653176648,192.42095094219465,179.6165307472585,0.8839106417151302,0.10700203989563839
2016-11-23,191.03843688964844,0.0005442420928218299,0.000544390219420654,0.0019515424502115329,0.007522848736263058,-0.0018798841101278954,186.3199760437012,185.98616760253907,180.69826385498047,188.67440176302136,187.16687937560147,89.26298651529808,1.5075223874198969,0.8827586812826496,0.6247637061372473,193.08002667665406,179.55992541074832,0.8489959692717693,0.10628055021628709
2016-11-25,191.7481689453125,0.0037082429643192387,0.0037151270038606743,0.0005442420928218299,0.0019515424502115329,0.00512731310849544,186.68136520385744,186.11292724609376,180.87765586853027,189.14728902183538,187.50623415854304,91.12298245790501,1.6410548632923394,1.0344179176845876,0.6066369456077518,193.79963764481633,179.56309276289855,0.8559012234696457,0.10528680595667184
2016-11-28,190.847900390625,-0.004706113253111883,-0.004695056853159629,0.0037082429643192387,0.0005442420928218299,-0.0022399098928086317,187.02500762939457,186.23601440429687,181.03647872924805,189.4089215401107,187.7537649905491,80.0165742905031,1.6551565495616103,1.1585656440599923,0.496590905501618,194.255871935382,179.79414332340713,0.7643454917322214,0.10653562519286
2016-11-29,191.2201385498047,0.001948544442444999,0.001950444088815173,-0.004706113253111883,0.0037082429643192387,0.007522848736263058,187.38682937622073,186.36585357666016,181.18373733520508,189.68757031083285,188.0105334023458,79.10977356457295,1.6770369084870538,1.2622598969454046,0.41477701154164914,194.7006510023079,180.07300775013357,0.7620592468314508,0.10632624892697887
2016-11-30,190.7613983154297,-0.002401898577001907,-0.00239901632670092,0.001948544442444999,-0.004706113253111883,0.0019515424502115329,187.79236297607423,186.4863461303711,181.3154901123047,189.85277461923238,188.21430117368536,70.12119857839032,1.638473445547021,1.3375026066657278,0.30097083888129306,194.896917935063,180.68780801708547,0.7089529433225795,0.10205697323869502
2016-12-01,190.06024169921875,-0.003682340155192259,-0.0036755686548887168,-0.002401898577001907,0.001948544442444999,0.0005442420928218299,188.2178047180176,186.5512661743164,181.44710426330568,189.88469263153797,188.35103750891005,62.977760205252935,1.5336551226279198,1.3767331098581663,0.15692201276975348,194.74432644311656,181.69128299291862,0.6411499922014908,0.09986365473512897
2016-12-02,190.1554107666016,0.0005006057417844344,0.0005007310657505482,-0.003682340155192259,-0.002401898577001907,0.0037082429643192387,188.6895576477051,186.59454559326173,181.57957778930665,189.9263415753939,188.48469478725758,66.59869098951283,1.4416467881363246,1.3897158455137981,0.05193094262252651,194.2226174024029,183.1564978930073,0.6324631563622568,0.09680179134445269
2016-12-05,191.29806518554688,0.005991073138665529,0.006009055510641126,0.0005006057417844344,-0.003682340155192259,-0.004706113253111883,189.22839660644533,186.68127838134765,181.7059164428711,190.1373759769559,188.69309259453826,70.10041732082269,1.4442833824176375,1.400629352894566,0.043654029523071625,193.32452482333406,185.1322683895566,0.7526371819329414,0.0965318220376191
2016-12-06,191.90399169921875,0.0031624413688627314,0.0031674471620199984,0.005991073138665529,0.0005006057417844344,0.001948544442444999,189.59844131469728,186.8104263305664,181.84576911926268,190.40916301115018,188.93093697266275,67.13456799936378,1.4782260384874348,1.4161486900131397,0.062077348474295135,193.20511528358148,185.9917673458131,0.8196227888093168,0.06589072126782426
2016-12-07,194.4142303466797,0.01299588698782302,0.013080700537982493,0.0031624413688627314,0.005991073138665529,-0.002401898577001907,190.05244750976564,186.9667541503906,181.994422454834,191.02532721661626,189.33710685221956,76.98473282442762,1.6882203643966989,1.4705630248898516,0.2176573395068473,193.6848543073176,186.42004071221368,1.1003984520475016,0.07630444710330132
2016-12-08,194.89031982421875,0.0024458471634474766,0.002448840687691023,0.01299588698782302,0.0031624413688627314,-0.003682340155192259,190.4320152282715,187.1140802001953,182.1354830932617,191.6199414639397,189.74845596125652,75.8824296219049,1.8714855026831856,1.5507475204485184,0.3207379822346672,194.42187640433522,186.44215405220777,1.058704225436946,0.0699784370996189
2016-12-09,196.06753540039065,0.006022230367304222,0.0060404004531045,0.0024458471634474766,0.01299588698782302,0.0005006057417844344,190.84707336425782,187.31888061523438,182.28434776306153,192.30418668493218,190.2165359197109,81.36240842712061,2.0876507652212695,1.6581281694030687,0.42952259581820074,195.36191870785882,186.33222802065683,1.0781440601871248,0.07142365859372819
2016-12-12,195.84249877929688,-0.0011484097175371623,-0.001147750547454085,0.006022230367304222,0.0024458471634474766,0.005991073138665529,191.27251815795898,187.4911358642578,182.43860801696778,192.84854239175752,190.63327390930988,76.80153909782445,2.215268482447641,1.7695562320119833,0.44571225043565765,195.99230673987293,186.55272957604504,0.9841298017934411,0.0705748909283418
2016-12-13,197.14952087402344,0.006651671527306956,0.006673843026275383,-0.0011484097175371623,0.006022230367304222,0.0031624413688627314,191.75595626831054,187.69853424072267,182.58001136779785,193.5102313890292,191.11595886965904,78.8121397669041,2.394272519370162,1.8944994894836191,0.4997730298865428,196.809363518699,186.70254901792208,1.0336562381053187,0.07204873267099114
2016-12-14,195.522201538086,-0.008288494227272144,-0.008254239364737237,0.006651671527306956,-0.0011484097175371623,0.01299588698782302,192.08488693237305,187.89242797851563,182.70948516845704,193.81976525811487,191.44234721546843,68.21364374527401,2.3774180426464397,1.9910832001161833,0.3863348425302564,197.22321914073862,186.94655472400748,0.834477654064168,0.07874707507333534
2016-12-15,196.3271942138672,0.00410868980252896,0.004117142040385602,-0.008288494227272144,0.006651671527306956,0.0024458471634474766,192.4718101501465,188.08597686767578,182.83965934753417,194.20552355899983,191.80418773386833,68.45775624205797,2.401335825131497,2.0731337251192463,0.3282021000122506,197.66677816488877,187.27684213540422,0.871069085774916,0.07799040618233723
2016-12-16,195.94325256347656,-0.001957536062930772,-0.001955621338796232,0.00410868980252896,-0.008288494227272144,0.006022230367304222,192.791064453125,188.2692498779297,182.9651432800293,194.47286648276548,192.11078512865413,71.43112023874477,2.3620813541113534,2.1309232509176677,0.2311581031936858,198.01680372864863,187.56532517760135,0.8016021221261287,0.07828947041025303
2016-12-19,196.3699188232422,0.0021751318033890153,0.0021774991186664927,-0.001957536062930772,0.00410868980252896,-0.0011484097175371623,193.1528579711914,188.47386688232422,183.09207885742188,194.76472068899267,192.4262765134384,71.56132689020022,2.338444175554258,2.1724274358449858,0.16601673970927244,198.31407383738852,187.99164210499427,0.8116572659865494,0.07693195379011138
2016-12-20,197.1273651123047,0.003849821869183424,0.0038572419523394963,0.0021751318033890153,-0.001957536062930772,0.006651671527306956,193.48111419677736,188.6742434692383,183.23213531494142,195.1282044464253,192.77450529853962,76.00290694050757,2.3536991478856635,2.2086817782531214,0.14501736963254208,198.78179090519893,188.18043748835578,0.8439420206229767,0.07442075379632676
2016-12-21,196.57882690429688,-0.002786537646962246,-0.0027826588545700748,0.003849821869183424,0.0021751318033890153,-0.008288494227272144,193.76333084106446,188.91091064453124,183.3652722930908,195.35137713225168,193.05630689896608,76.96246983146023,2.2950702332855997,2.2259594692596174,0.06911076402598226,199.09406001887788,188.43260166325103,0.7640817015194238,0.07608473387700906
2016-12-22,196.2392578125,-0.0017288876942831448,-0.0017273940288706768,-0.002786537646962246,0.003849821869183424,0.00410868980252896,194.02337188720702,189.1359393310547,183.49602935791015,195.4879741599822,193.29208104070932,74.66559766799926,2.1958931192728812,2.21994619926227,-0.02405307998938877,199.30156814713482,188.74517562727922,0.7099093910277687,0.07687007793005081
2016-12-23,196.526596069336,0.0014631532006038684,0.0014642241314963833,-0.0017288876942831448,-0.002786537646962246,-0.001957536062930772,194.2622932434082,189.3788327026367,183.6144997406006,195.64776214603665,193.53167474653353,72.77762341144884,2.1160873995031295,2.199174439310442,-0.08308703980731247,199.5394506608903,188.9851358259261,0.7145381165271507,0.07636529708948932
2016-12-27,197.0142364501953,0.002478221267718818,0.002481294596316408,0.0014631532006038684,-0.0017288876942831448,0.0021751318033890153,194.57061004638672,189.62957550048827,183.736516494751,195.85798896206106,193.7896422801381,72.49414650462717,2.0683466819229466,2.173008887832943,-0.10466220590999642,199.72698131803193,189.4142387747415,0.7369521389243293,0.07314774877035257
2016-12-28,195.385971069336,-0.008299051300735919,-0.00826470924232392,0.002478221267718818,0.0014631532006038684,0.003849821869183424,194.77890167236328,189.86056365966797,183.851798248291,195.78537082471874,193.90788885711572,54.63745911165645,1.8774819676030177,2.113903503786958,-0.23642153618394035,199.69643696861155,189.861366376115,0.5617249659027226,0.08109430034470495
2016-12-29,195.3424224853516,-0.00022290974949905392,-0.00022288490696675822,-0.008299051300735919,0.002478221267718818,-0.002786537646962246,195.00795288085936,190.06765563964845,183.9618759918213,195.71722492635456,194.01415060735542,52.2504895340731,1.7030743189991426,2.031737666829395,-0.3286633478302523,199.54999420174963,190.4659115599691,0.536819304456115,0.08021841706472418
2016-12-30,194.62841796875,-0.0036618395037670204,-0.0036551431456478545,-0.00022290974949905392,-0.008299051300735919,-0.0017288876942831448,195.23636169433593,190.25059967041017,184.0628853607178,195.54971616364617,194.05965189338465,42.489990795034835,1.490064270261513,1.9234029875158187,-0.4333387172543057,199.1462399009276,191.32648348774424,0.42225541392043997,0.08020194515829933
2017-01-03,196.1173553466797,0.007621040001416946,0.007650154039523516,-0.0036618395037670204,-0.00022290974949905392,0.0014631532006038684,195.53445892333986,190.47024780273438,184.1679123687744,195.63704526872823,194.21207437140652,51.26717720502061,1.424970897321714,1.8237165694769977,-0.3987456721552838,198.63952437331326,192.42939347336645,0.5938621798366318,0.08331523915594248
2017-01-04,197.2841033935547,0.005931607226424663,0.005949234043119311,0.007621040001416946,-0.0036618395037670204,0.002478221267718818,195.83376083374023,190.7114993286133,184.27753089904786,195.89043882639382,194.43963207675083,50.62859912195679,1.450806749642993,1.7491346055101968,-0.2983278558672038,198.30972489181175,193.3577967756687,0.7928844130605229,0.08327339371022152
2017-01-05,197.1273651123047,-0.0007947958009169297,-0.0007944800343965275,0.005931607226424663,0.007621040001416946,-0.008299051300735919,196.09492950439454,190.93386260986327,184.38683700561523,196.08073517807242,194.63872341271778,58.69124101099805,1.4420117653546356,1.6877100374790848,-0.24569827212444917,197.8108325606889,194.37902644810018,0.8008432219183101,0.08343575291900394
2017-01-06,197.8326568603516,0.0035714627227879797,0.0035778479951025233,-0.0007947958009169297,0.005931607226424663,-0.00022290974949905392,196.26585083007814,191.1827963256836,184.50545280456544,196.35026159073075,194.87531107550546,58.24037417522773,1.474950515225288,1.6451581330283256,-0.17020761780303761,197.95770128892843,194.57400037122784,0.963045070584484,0.07188479013058204
2017-01-09,197.17965698242188,-0.0033062284383669656,-0.0033007688836260707,0.0035714627227879797,-0.0007947958009169297,-0.0036618395037670204,196.38031768798828,191.4261148071289,184.62118911743164,196.47786088176017,195.04600336490668,56.57400901858396,1.4318575168534835,1.6024980097933574,-0.17064049293987393,197.98800339218786,194.7726319837887,0.7485993662646768,0.07310334107228543
2017-01-10,197.17965698242188,0.0,0.0,-0.0033062284383669656,0.0035714627227879797,0.007621040001416946,196.43592376708983,191.67930023193358,184.7364114379883,196.5858295126312,195.20405178101893,54.51003788747976,1.3817777316122601,1.558353954157138,-0.17657622254487793,198.07468922759557,194.7971583065841,0.7269187486727112,0.07023039589347824
2017-01-11,197.7368621826172,0.0028218904143511806,0.002825875694899782,0.0,-0.0033062284383669656,0.005931607226424663,196.53064193725587,191.95453643798828,184.84636611938475,196.7629114618598,195.3916673663225,53.472195661320086,1.3712440955372927,1.520931982433169,-0.14968788689587642,198.24234961174278,194.81893426276895,0.8523441132326774,0.0705704893204355
2017-01-12,197.24053955078125,-0.0025131710872069264,-0.002510015716632341,0.0028218904143511806,0.0,-0.0007947958009169297,196.53519287109376,192.21967315673828,184.9499833679199,196.83639270630925,195.5286208614676,53.79221933064694,1.3077718448416533,1.4782999549148659,-0.17052811007321256,198.25429663313164,194.81608910905587,0.7051495364222082,0.06736803122293158
2017-01-13,197.69332885742188,0.002292988984992118,0.0022956198947328144,-0.0025131710872069264,0.0028218904143511806,0.0035714627227879797,196.64374923706055,192.52052520751954,185.05800659179687,196.96822903724964,195.68896960190864,58.22640349726167,1.2792594353410038,1.4384918510000935,-0.15923241565908963,198.36771022803103,194.91978824609006,0.8044093299844564,0.06013558860989914
2017-01-17,196.9967803955078,-0.0035296004066092605,-0.003523378689305301,0.002292988984992118,-0.0025131710872069264,-0.0033062284383669656,196.67722854614257,192.82943267822264,185.15654945373535,196.97262155390476,195.78584447550858,52.542350506753664,1.186777078396176,1.38814889647931,-0.2013718180831341,198.4013120555827,194.95314503670244,0.5926729614939037,0.06025617431529013
2017-01-18,197.43214416503903,0.002207566023829871,0.002210004491734141,-0.0035296004066092605,0.002292988984992118,0.0,196.7516731262207,193.1636685180664,185.2601392364502,197.0433173402331,195.90779260065898,52.27253114897726,1.135524739574123,1.3376240650982727,-0.20209932552414966,198.4708859625716,195.03246028986982,0.697901918956892,0.0601190949216363
2017-01-19,196.7007598876953,-0.003711362889742422,-0.0037044842947779877,0.002207566023829871,-0.0035296004066092605,0.0028218904143511806,196.76821517944336,193.48725799560546,185.3688973236084,196.99061619368882,195.96653091821722,57.922436144976714,1.0240852754716059,1.2749163071729392,-0.25083103170133336,198.47830435586343,195.0581260030233,0.4802772590230473,0.06140330714267678
2017-01-20,197.4234161376953,0.003667154180418529,0.0036738864171779184,-0.003711362889742422,0.002207566023829871,-0.0025131710872069264,196.78301773071288,193.74566436767577,185.4717153930664,197.05720080045904,196.07444834188226,61.59070975462147,0.9827524585767833,1.2164835374537082,-0.2337310788769249,198.5112258699598,195.05480959146598,0.6852781480538255,0.06125797973556025
2017-01-23,196.9097137451172,-0.002605424927524153,-0.002602033753786537,0.003667154180418529,-0.003711362889742422,0.002292988984992118,196.7995620727539,193.97717651367188,185.5825464630127,197.03451048425262,196.136319853233,62.99633685623335,0.8981906310196166,1.15282495616689,-0.25463432514727335,198.52587391267272,195.07325023283508,0.5319037585841,0.06114904467595337
2017-01-24,198.17222595214844,0.006391162833097908,0.006411629893817494,-0.002605424927524153,0.003667154180418529,-0.0035296004066092605,196.89621047973634,194.1946417236328,185.69733375549316,197.20954363315965,196.28712771241192,62.016418309984836,0.9224159207477385,1.1067431490830597,-0.18432722833532122,198.7049129324326,195.0875080270401,0.8527433355635494,0.06464892062033016
2017-01-25,199.88751220703125,0.00861828870056018,0.008655533067973842,0.006391162833097908,-0.002605424927524153,0.002207566023829871,197.0642562866211,194.43706451416017,185.8227537536621,197.62153879837066,196.5538228601615,64.3063295427294,1.0677159382091759,1.098937706908283,-0.0312217686991072,199.30200209874457,194.8265104744976,1.130825875109352,0.07077597250772512
2017-01-26,199.6785125732422,-0.0010461332540206089,-0.0010455862473919275,0.00861828870056018,0.006391162833097908,-0.003711362889742422,197.19747009277344,194.68396270751953,185.93898941040038,197.93799630219706,196.78528135742673,63.939078642842375,1.152714944770338,1.109693154480694,0.043021790289643924,199.72156745529514,194.67337273025174,0.9914712319159625,0.07080482638705128
2017-01-27,199.36508178710932,-0.0015709103216717413,-0.0015696770879034538,-0.0010461332540206089,0.00861828870056018,0.003667154180418529,197.39642562866212,194.92164916992186,186.04474700927733,198.15754791526047,196.97637768555137,58.747515430028244,1.181170229709096,1.1239885695263745,0.05718166018272153,199.9464686105028,194.84638264682144,0.8860045051135148,0.06310844483940159
2017-01-30,198.12869262695312,-0.006220943456764195,-0.006201633450919286,-0.0015709103216717413,-0.0010461332540206089,-0.002605424927524153,197.53573913574218,195.10535125732423,186.1442798614502,198.15310864013628,197.0617343478774,55.079081982635316,1.0913742922588767,1.117465714072875,-0.02609142181399826,199.91180564299955,195.1596726284848,0.6247762824398753,0.06805754623710757
2017-01-31,198.1112518310547,-8.803148775705982e-05,-8.80276130993396e-05,-0.006220943456764195,-0.0015709103216717413,0.006391162833097908,197.70988082885742,195.29580169677735,186.24471084594725,198.1466691310468,197.13947638366832,54.97645165865423,1.0071927473784683,1.0954111207339936,-0.08821837335552529,199.6613568765079,195.75840478120693,0.6028377987730116,0.06617011755287094
2017-02-01,198.18963623046875,0.0003955802411628438,0.0003956584933444418,-8.803148775705982e-05,-0.006220943456764195,0.00861828870056018,197.81349487304686,195.4684310913086,186.3392791748047,198.1532794540348,197.21726600194984,52.5490559910934,0.9360134520849499,1.063531587004185,-0.12751813491923514,199.6239056762424,196.00308406985133,0.6038828747480857,0.06120118016294361
2017-02-02,198.3202514648437,0.0006588246253257346,0.0006590416979375124,0.0003955802411628438,-8.803148775705982e-05,-0.0010461332540206089,197.86530227661132,195.6521551513672,186.43167320251465,198.17896745569772,197.2989686288309,56.339683768402395,0.8799988268668244,1.026825034976713,-0.14682620810988856,199.67122273449962,196.059381818723,0.6259604724685263,0.05779067083988549
2017-02-03,199.68722534179688,0.006869113429425679,0.006892759901504508,0.0006588246253257346,0.0003955802411628438,-0.0015709103216717413,197.99329528808593,195.8346548461914,186.53004531860353,198.4110071304822,197.47587653349504,60.572442004971066,0.9351305969871646,1.0084861473788034,-0.07335555039163877,199.93663015931858,196.04996041685328,0.9358307152272961,0.062169160453968544
2017-02-06,199.33026123046875,-0.001789215854290005,-0.0017876161618106678,0.006869113429425679,0.0006588246253257346,-0.006220943456764195,198.06817550659179,196.00257019042968,186.63147361755372,198.55243083817243,197.6132383629005,62.835282485828365,0.9391924752719376,0.9946274129574303,-0.05543493768549268,200.09889468370818,196.0374563294754,0.8107484624410539,0.061733011694568275
2017-02-07,199.33897399902344,4.37092596375201e-05,4.371021490112703e-05,-0.001789215854290005,0.006869113429425679,-8.803148775705982e-05,198.17614135742187,196.16858093261717,186.73294548034667,198.67343747830336,197.74107063224292,61.00502317848155,0.9323668460604324,0.9821752995780307,-0.04980845351759833,200.23733559118304,196.1149471236607,0.7820774050681496,0.06020846182525672
2017-02-08,199.60020446777344,0.001309625728366736,0.0013104836626243177,4.37092596375201e-05,-0.001789215854290005,0.0003955802411628438,198.29716873168945,196.3256216430664,186.83726516723632,198.8160170151449,197.87878424968963,67.6940009982196,0.9372327654552635,0.9731867927534774,-0.03595402729821395,200.39591522751837,196.19842223586053,0.8104319027270939,0.06023081536597584
2017-02-09,200.7843475341797,0.005915045987799016,0.005932574415761449,0.001309625728366736,4.37092596375201e-05,0.0006588246253257346,198.44954299926758,196.5243505859375,186.94617797851564,199.1188370949964,198.09401115965187,69.41660789844852,1.0248259353445235,0.9835146212716868,0.041311314072836725,200.8039456690068,196.09514032952836,0.9958379815230848,0.06268799025833677
2017-02-10,201.57666015625,0.003938322208244027,0.00394608758999726,0.005915045987799016,0.001309625728366736,0.006869113429425679,198.666349029541,196.7314810180664,187.05721015930175,199.49696371980465,198.35198515939987,76.12078727972411,1.1449785604047804,1.0158074090983056,0.12917115130647483,201.3302334886026,196.00246457047942,1.0462532574956738,0.06239599153282248
2017-02-13,202.6737365722656,0.005427720631712656,0.005442477393787559,0.003938322208244027,0.005915045987799016,-0.001789215854290005,198.9153694152832,196.96972778320313,187.18186721801757,199.98569800479865,198.67211489368623,75.67022903951667,1.3135831111124219,1.0753625495011288,0.23822056161129312,202.08029214869686,195.75044668186956,1.0937533825555132,0.0641664375487013
2017-02-14,203.4835357666016,0.003987619193575301,0.003995580325461878,0.005427720631712656,0.003938322208244027,4.37092596375201e-05,199.23970718383788,197.23819366455078,187.31537155151366,200.52382689122987,199.0285164398281,72.86827422250265,1.4953104514017639,1.1593521298812557,0.3359583215205082,202.8718083819866,195.60760598568916,1.084211225299393,0.062269248926774656
2017-02-15,204.54576110839844,0.005206624865329873,0.005220202891575543,0.003987619193575301,0.005427720631712656,0.001309625728366736,199.59538803100585,197.52600067138673,187.44716094970704,201.1425860015635,199.43720123009257,77.9223098362722,1.705384771470932,1.268558658199191,0.43682611327174103,203.82609041569563,195.36468564631608,1.0850533347969804,0.06354164417020171
2017-02-16,204.37164306640625,-0.000851604997672071,-0.0008512424850491973,0.005206624865329873,0.003987619193575301,0.005915045987799016,199.97893218994142,197.7874722290039,187.58583381652832,201.63936401153933,199.80271544018987,79.18806110357984,1.836648571349457,1.3821766408292444,0.4544719305202125,204.48649589904466,195.47136848083818,0.9872599878725558,0.06103104515115799
2017-02-17,204.6937866210937,0.0015750224678166321,0.001576263467152117,-0.000851604997672071,0.005206624865329873,0.003938322208244027,200.34245071411132,198.0432681274414,187.7310442352295,202.10927518224,200.1650170091457,92.84112588768998,1.9442581730942834,1.4945929472822521,0.4496652258120313,205.14524367294143,195.5396577552812,0.9530005711554025,0.06068426260717998
2017-02-21,205.9127655029297,0.005937472047836327,0.0059551337730265885,0.0015750224678166321,-0.000851604997672071,0.005427720631712656,200.79260330200196,198.2732388305664,187.88252090454102,202.69442753926918,200.5907761568334,94.0083320422111,2.103651382435771,1.6164046343129561,0.4872467481228151,205.9175551154059,195.66765148859804,0.9995327163405053,0.06001631802657969
2017-02-22,205.7299652099609,-0.0008881502883261451,-0.0008877559995966733,0.005937472047836327,0.0015750224678166321,0.003987619193575301,201.17049026489258,198.49003173828126,188.02987045288086,203.16143333476023,200.97145682743545,92.03975274486855,2.1899765073247863,1.7311190089153223,0.458857498409464,206.58809444884153,195.75288608094363,0.9208017778944565,0.05888255457393183
2017-02-23,205.86924743652344,0.0006767857060919575,0.0006770147772123813,-0.0008881502883261451,0.005937472047836327,0.005206624865329873,201.46957702636718,198.6860659790039,188.17718811035155,203.57802011964688,201.33425613181234,92.04743830114154,2.243763987834541,1.8336480046991661,0.4101159831353747,207.23805388707422,195.70110016566014,0.8813546033377861,0.05329646847621504
2017-02-24,206.13038635253903,0.0012676659373908722,0.0012684697654812283,0.0006767857060919575,-0.0008881502883261451,-0.000851604997672071,201.79217071533202,198.89182373046876,188.31484451293946,203.97069184778414,201.68952503705137,90.93013382341789,2.2811668107327705,1.9231517659058872,0.3580150448268833,207.8531189315059,195.73122249915815,0.8578825855688984,0.052471637542177596
2017-02-27,206.45263671875,0.0015621119324860128,0.001563332664888284,0.0012676659373908722,0.0006767857060919575,0.0015750224678166321,202.14654846191405,199.07788604736328,188.46246589660643,204.35252952024044,202.04234812458458,95.44526963084667,2.31018139565586,2.0005576918558816,0.3096237037999785,208.43453540501662,195.85856151881148,0.8424059477063158,0.05112979135992637
2017-02-28,205.89540100097656,-0.0027027462532116043,-0.0026990971228550986,0.0015621119324860128,0.0012676659373908722,0.005937472047836327,202.53488388061524,199.28535003662108,188.60704399108886,204.5898943634306,202.32775944876175,89.09740091937765,2.2621349146688488,2.052873136418475,0.20926177825037362,208.73681644758238,196.3329513136481,0.7709249966905618,0.045018209572123866
2017-03-01,208.7773895263672,0.013900284732422654,0.013997342880800678,-0.0027027462532116043,0.0015621119324860128,-0.0008881502883261451,203.06819076538085,199.5343539428711,188.77374351501464,205.23412438849778,202.80550982488066,91.6936566212272,2.428614563617117,2.1280214218582034,0.3005931417589136,209.49864261977228,196.6377389109894,0.9439189414883385,0.06120511700082275
2017-03-02,207.46267700195312,-0.006317108813854561,-0.006297197830649304,0.013900284732422654,-0.0027027462532116043,0.0006767857060919575,203.53184280395507,199.76474243164063,188.9252156829834,205.5769786367217,203.15048517133047,79.98514688009105,2.426493465391218,2.1877158305648066,0.23877763482641123,209.81678936690932,197.24689624100083,0.8127181877064648,0.06863137692738501
2017-03-03,207.5932464599609,0.0006291656373719351,0.0006293636035872296,-0.006317108813854561,0.013900284732422654,0.0012676659373908722,203.99549255371093,199.989208984375,189.0856088256836,205.8871736864508,203.47957860011792,78.72065496871541,2.40759508633289,2.2316916817184236,0.1759034046144663,210.02458905114997,197.9663960562719,0.7983659249589207,0.06864078549035452
2017-03-06,206.9750366210937,-0.0029824292997753317,-0.0029779862756106334,0.0006291656373719351,-0.006317108813854561,0.0015621119324860128,204.3598831176758,200.18616241455078,189.2426538848877,206.05453721485742,203.73850141648649,71.5162839548009,2.316035798370933,2.2485605050489257,0.06747529332200752,210.16955615044293,198.55021008490866,0.7250689056568393,0.06882184757383647
2017-03-07,206.3568725585937,-0.0029911289675746814,-0.002986659998189367,-0.0029824292997753317,0.0006291656373719351,-0.0027027462532116043,204.71121368408203,200.3817233276367,189.39964965820312,206.101050344663,203.93245483442035,64.65417282098247,2.1685955102426533,2.2325675060876713,-0.063971995845018,210.07278524694215,199.3496421212219,0.6534679575957943,0.06977704160263912
2017-03-08,205.9737091064453,-0.0018585260442828529,-0.0018568000541856478,-0.0029911289675746814,-0.0029824292997753317,0.013900284732422654,205.04295043945314,200.57641235351562,189.549203414917,206.0814593849372,204.08365885457036,57.82458193979933,1.9978005303668454,2.185614110943506,-0.18781358057666075,209.79086046549116,200.2950404134151,0.5980177237866555,0.07070805254646305
2017-03-09,206.2349853515625,0.001267689321549826,0.0012684931793025545,-0.0018585260442828529,-0.0029911289675746814,-0.006317108813854561,205.37468948364258,200.77058013916016,189.70126281738283,206.105078764418,204.2430163728661,60.113762853811096,1.862062391551916,2.1209037670651885,-0.25884137551327235,209.39238804778768,201.3569909194975,0.6070632669654965,0.07071078510237466
2017-03-10,206.9576568603516,0.003497991841292969,0.0035041169545368955,0.001267689321549826,-0.0018585260442828529,0.0006291656373719351,205.68335494995117,200.96944854736327,189.84554023742675,206.23624462533087,204.44410085342057,61.77572897369871,1.792143771910304,2.0551517680342117,-0.2630079961239078,209.12315581396956,202.24355408593277,0.6852290235359407,0.06927631800999735
2017-03-13,207.0620574951172,0.0005043268876262798,0.0005044540818126553,0.003497991841292969,0.001267689321549826,-0.0029824292997753317,205.95762481689454,201.2029702758789,189.98429954528808,206.36329275914414,204.63802356762034,56.76224062515711,1.7252691915238074,1.989175252732131,-0.2639060612083235,208.8498827876869,203.06536684610217,0.6909291441800534,0.0687529611094086
2017-03-14,206.26974487304688,-0.0038337896478214625,-0.0038264500587655847,0.0005043268876262798,0.003497991841292969,-0.0029911289675746814,206.1374252319336,201.4215167236328,190.11884017944337,206.34890077666765,204.75889181246674,52.96342029383742,1.590008964200905,1.9093419950258859,-0.3193330308249809,208.58267518996436,203.69217527390285,0.5270564652661995,0.06931158282496297
2017-03-15,208.05470275878903,0.008616285806579941,0.008653512839901678,-0.0038337896478214625,0.0005043268876262798,-0.0018585260442828529,206.36598358154296,201.69004241943358,190.2584497833252,206.61133185084017,205.00302595663877,60.16202363518709,1.6083058942014077,1.8491347748609903,-0.24082888065958263,208.61329638080474,204.11867078228119,0.8757196545582796,0.07386258236510886
2017-03-16,207.6454925537109,-0.0019687762568796926,-0.0019668394881348084,0.008616285806579941,-0.0038337896478214625,0.001267689321549826,206.5209701538086,201.9206051635742,190.3977269744873,206.77043349743568,205.19876422308855,56.94931244540999,1.5716692743471299,1.7936416747582182,-0.22197240041108834,208.6648960652673,204.3770442423499,0.7622577566444906,0.07297137861087474
2017-03-17,207.28079223632807,-0.0017579045949554764,-0.0017563603856630694,-0.0019687762568796926,0.008616285806579941,0.003497991841292969,206.6664276123047,202.1205389404297,190.53333877563477,206.84895022649607,205.35298852036556,53.78375288274622,1.4959617061305153,1.7341056810326778,-0.23814397490216255,208.5785800073801,204.75427521722926,0.6606474007002845,0.07330568908597222
2017-03-20,207.05343627929688,-0.0010974520771053898,-0.0010968500968095984,-0.0017579045949554764,-0.0019687762568796926,0.0005043268876262798,206.78441009521484,202.31906036376952,190.66507179260253,206.88040961923465,205.47894761361974,55.45538321312179,1.401462005614917,1.6675769459491259,-0.2661149403342089,208.4607229737554,205.10809721667428,0.5802434281589062,0.07349938408354241
2017-03-21,204.39498901367188,-0.012922563787800642,-0.012839425963638629,-0.0010974520771053898,-0.0017579045949554764,-0.0038337896478214625,206.70852127075196,202.45030700683594,190.7862116241455,206.49803721837884,205.39865438399397,28.910796867220867,1.099382834384869,1.5539381236362746,-0.45455528925140554,208.66499525557953,204.7520472859244,-0.09125045234986474,0.0848543376118396
2017-03-22,204.8759613037109,0.0023503867600979003,0.002353151084378391,-0.012922563787800642,-0.0010974520771053898,0.008616285806579941,206.66582107543945,202.6042330932617,190.90517242431642,206.2484870776607,205.35993637804708,36.46607237233894,0.8885506996136314,1.4208606388317462,-0.5323099392181148,208.74561066946873,204.58603148141017,0.0697017196193966,0.08536913410448457
2017-03-23,204.6573638916016,-0.0010675440528091446,-0.001066974430373846,0.0023503867600979003,-0.012922563787800642,-0.0019687762568796926,206.60522689819337,202.7537872314453,191.02162643432618,206.00369889519007,205.3078939716437,34.77940315603949,0.6958049235463761,1.2758494957746722,-0.5800445722282961,208.84703914438475,204.36341465200198,0.06556062848238134,0.08535389812114354
2017-03-24,204.50868225097656,-0.0007267545710151314,-0.0007264905488755247,-0.0010675440528091446,0.0023503867600979003,-0.0017579045949554764,206.52414169311524,202.8892236328125,191.13438110351564,205.77369633454185,205.24869310344613,36.55924708167654,0.5250032310957238,1.1256802428388826,-0.6006770117431588,208.94817529994322,204.10010808628726,0.08427568073694064,0.0851629268388946
2017-03-27,204.29879760742188,-0.0010268141965911173,-0.0010262872032841264,-0.0007267545710151314,-0.0010675440528091446,-0.0010974520771053898,206.41644973754882,203.03038879394532,191.24732872009278,205.54678883806187,205.178330474111,38.261883626616644,0.3684583639508787,0.9742358670612818,-0.6057775031104031,209.0372492176551,203.79565025744253,0.0959911953964022,0.08486917748543701
2017-03-28,205.78543090820312,0.007250412036866021,0.007276759913379172,-0.0010268141965911173,-0.0007267545710151314,-0.012922563787800642,206.41095123291015,203.19223083496092,191.37632041931153,205.583503002699,205.22330087663633,49.04621958515691,0.36020212606266,0.8514291188615575,-0.4912269927988975,209.03681010601437,203.78509235980593,0.38089224232230884,0.08874606849687534
2017-03-29,205.97781372070312,0.0009344341876454271,0.0009348709072889427,0.007250412036866021,-0.0010268141965911173,0.0023503867600979003,206.27097244262694,203.37185150146485,191.51321395874024,205.64416619008423,205.2791907169376,48.68806162545225,0.364975473146643,0.7541383897185746,-0.3891629165719316,208.6528154740493,203.88912941120458,0.4384596889769114,0.07213939888670423
2017-03-30,206.63368225097656,0.0031791120173255516,0.003184170753277149,0.0009344341876454271,0.007250412036866021,-0.0010675440528091446,206.22952270507812,203.5558822631836,191.65514320373535,205.79639943022153,205.3795234231627,48.335930176783734,0.4168760070588178,0.6866859131866233,-0.26980990612780553,208.55216294994418,203.90688246021207,0.5870043362918104,0.07013625140996453
2017-03-31,206.1527709960937,-0.0023300739095576434,-0.002327361394541483,0.0031791120173255516,0.0009344341876454271,-0.0007267545710151314,206.15749893188476,203.74492248535157,191.79591026306153,205.8512258249711,205.4368010211576,45.50344159401384,0.414424803813489,0.6322336913119965,-0.21780888749850746,208.38965738578156,203.92534047798796,0.4989409497827511,0.07045800427551342
2017-04-03,205.794189453125,-0.0017409116607760365,-0.001739397153072919,-0.0023300739095576434,0.0031791120173255516,-0.0010268141965911173,206.09845657348632,203.91233795166016,191.93222854614257,205.84245099853322,205.46327423834038,47.542904175943356,0.3791767601928484,0.5816223050881669,-0.20244554489531852,208.301847733927,203.89506541304564,0.43095481051569984,0.06997854918654633
2017-04-04,205.9253692626953,0.0006372289643873357,0.0006374320378963461,-0.0017409116607760365,-0.0023300739095576434,0.007250412036866021,206.0768814086914,204.09265106201173,192.07252708435058,205.85520765455817,205.4975034994037,36.730490546230506,0.3577041551544653,0.5368386751014266,-0.17913451994696128,208.27806771655466,203.87569510082815,0.4655839795443825,0.06930024063846865
2017-04-05,205.313232421875,-0.002977041991756226,-0.002972614996452516,0.0006372289643873357,-0.0017409116607760365,0.0009344341876454271,206.0438575744629,204.23547119140625,192.204037399292,205.77182684953,205.48385378995712,35.82442531453981,0.2879730595728631,0.4870655519957139,-0.19909249242285076,208.2712234625735,203.8164916863523,0.33598896874378004,0.0697877085471465
2017-04-06,205.8903961181641,0.0028071934936884616,0.002811137350870574,-0.002977041991756226,0.0006372289643873357,0.0031791120173255516,206.02662811279296,204.3555288696289,192.33589294433594,205.7900682754737,205.51396803649098,41.76188194450764,0.27610023898270697,0.4448724893931125,-0.16877225041040556,208.25309984613986,203.80015637944607,0.46940630491991825,0.07041671873913133
2017-04-07,205.68052673339844,-0.0010198456270999604,-0.0010193257612910456,0.0028071934936884616,-0.002977041991756226,-0.0023300739095576434,205.9627716064453,204.47556915283204,192.46816329956056,205.77321573053902,205.52630571774338,41.84859910961969,0.24691001279563807,0.40527999407361764,-0.15836998127797958,208.1497188356161,203.7758243772745,0.4354705798836587,0.06918428934494829
2017-04-10,205.80291748046875,0.000594875698648867,0.0005950526722879879,-0.0010198456270999604,0.0028071934936884616,-0.0017409116607760365,205.8998146057129,204.6043258666992,192.5893758392334,205.7777852305282,205.54679547794527,61.96149298929728,0.23098975258292853,0.3704219457754798,-0.1394321931925513,208.0251434876474,203.77448572377838,0.4772042044721231,0.06919916158444031
2017-04-11,205.5580596923828,-0.0011904766401868373,-0.0011897683039852058,0.000594875698648867,-0.0010198456270999604,0.0006372289643873357,205.86423034667968,204.7529132080078,192.74196220397948,205.74398130158278,205.54762986419988,56.03718849771241,0.1963514373829014,0.33560784409696415,-0.13925640671406275,207.98731062114214,203.7411500722172,0.4278947061070544,0.06803771359209516
2017-04-12,204.6573638916016,-0.004391337801578679,-0.004381709975902259,-0.0011904766401868373,0.000594875698648867,-0.002977041991756226,205.69436340332032,204.88383544921874,192.90571983337404,205.5768093923549,205.4816842366,50.0,0.0951251557549142,0.2875113064285542,-0.19238615067364,207.6133402951677,203.77538651147296,0.2298040648315384,0.061060629587411985
2017-04-13,203.32815551757807,-0.0065159816402684595,-0.006494798666162538,-0.004391337801578679,-0.0011904766401868373,0.0028071934936884616,205.47849655151367,204.98660583496093,193.0473291015625,205.23086264238924,205.32216359074653,42.1421476321929,-0.09130094835728642,0.21174885547138608,-0.3030498038286725,207.44408516415692,203.51290793887043,-0.046996716429871646,0.06424260763718971
2017-04-17,205.1295318603516,0.00882043882325612,0.008859453518319071,-0.0065159816402684595,-0.004391337801578679,-0.0010198456270999604,205.37093353271484,205.1227914428711,193.1830453491211,205.21527329130652,205.30789457368024,54.56284120947187,-0.09262128237372735,0.1508748279023634,-0.24349611027609075,207.1476199151423,203.5942471502874,0.43206407311080086,0.07306561164994799
2017-04-18,204.5174102783203,-0.0029885346363103028,-0.002984073411955168,0.00882043882325612,-0.0065159816402684595,0.000594875698648867,205.244132232666,205.21939514160155,193.30355751037598,205.1079097508471,205.24934018143136,42.29517559556391,-0.14143043058425064,0.0924137762050406,-0.23384420678929124,206.87088449872084,203.61737996661117,0.27663410418719697,0.07356988904151
2017-04-19,204.14141845703125,-0.0018401262909063095,-0.0018384342965099831,-0.0029885346363103028,0.00882043882325612,-0.0011904766401868373,205.231453704834,205.3156182861328,193.42029479980468,204.95921878256775,205.16727190554988,39.085127840497144,-0.20805312298213607,0.03232039636760526,-0.24037351934974133,206.8897186512889,203.5731887583791,0.17133260275052292,0.05781249346575048
2017-04-20,205.80291748046875,0.00810601818599435,0.008138960902670522,-0.0018401262909063095,-0.0029885346363103028,-0.004391337801578679,205.27780151367188,205.4448971557617,193.55184211730958,205.08901858224482,205.2143567629513,45.58947663463589,-0.1253381807064784,0.0007886809527885286,-0.12612686165926693,206.9460174606278,203.60958556671596,0.6573884867109333,0.06424960321485029
2017-04-21,205.1470642089844,-0.0031918912643173467,-0.003186802594995264,0.00810601818599435,-0.0018401262909063095,-0.0065159816402684595,205.30228652954102,205.55583435058594,193.6747274017334,205.09794867866628,205.20937212932412,44.75808119208173,-0.11142345065783843,-0.021653745369336865,-0.08976970528850156,206.94636010945962,203.65821294962242,0.45279337784738827,0.0652514362296365
2017-04-24,207.4032287597656,0.010937755139741883,0.010997791069936147,-0.0031918912643173467,0.00810601818599435,0.00882043882325612,205.44701385498047,205.68821197509766,193.8094532775879,205.45260715268157,205.37188002787536,57.00160150429836,0.08072712480620226,-0.0011775713342290425,0.0819046961404313,207.29402428301896,203.60000342694198,1.0295624959905112,0.0755663412613757
2017-04-25,208.61007690429688,0.00580198524235656,0.005818849358074196,0.010937755139741883,-0.0031918912643173467,-0.0029885346363103028,205.6625778198242,205.8288803100586,193.93677787780763,205.93837172985315,205.61174646316584,60.68227657045146,0.3266252666873015,0.06438299627007707,0.2622422704172245,207.90858417357188,203.41657146607653,1.1561644582070052,0.07735986254363376
2017-04-26,208.47886657714844,-0.0006291719477462112,-0.0006289740605801564,0.00580198524235656,0.010937755139741883,-0.0018401262909063095,205.7972496032715,205.94498291015626,194.06021675109864,206.3292170909755,205.82412573086827,63.09709741811731,0.5050913601072295,0.15252466903750758,0.35256669106972194,208.37305795950803,203.22144124703496,1.0205389149748316,0.07395706497217176
2017-04-27,208.65382385253903,0.0008388567458948217,0.0008392086846167324,-0.0006291719477462112,0.00580198524235656,0.00810601818599435,205.9310501098633,206.048388671875,194.177855758667,206.68684890044682,206.03373299914017,61.82665935271494,0.6531159013066485,0.2526429154913358,0.40047298581531277,208.80688803070677,203.0552121890198,0.9733878990435516,0.07395297081547508
2017-04-28,208.19903564453125,-0.002182009205837872,-0.002179630354290585,0.0008388567458948217,-0.0006291719477462112,-0.0031918912643173467,206.00931777954102,206.12145416259764,194.29334983825683,206.91949301492136,206.19412578768765,60.5571624295935,0.7253672272337042,0.3471877778398095,0.3781794493938947,209.04635780996776,202.97227774911428,0.8605019761103625,0.07396530010163214
2017-05-01,208.7237091064453,0.0025168870995468,0.0025200571188517262,-0.002182009205837872,0.0008388567458948217,0.010937755139741883,206.1378646850586,206.20849548339845,194.40629989624023,207.19706472130966,206.38150232981786,61.84401200383623,0.8155623914917953,0.44086270057020666,0.37469969092158867,209.40907926738893,202.86665010272824,0.895242249676055,0.07361235750167525
2017-05-02,208.80239868164065,0.00037693248234883114,0.0003770035303234387,0.0025168870995468,-0.002182009205837872,0.00580198524235656,206.28827514648438,206.29066772460936,194.52089241027832,207.44403917674518,206.56082798550844,63.33573762677423,0.8832111912367395,0.5293323987035132,0.3538787925332263,209.76324354840395,202.8133067445648,0.8617476829095013,0.07309362412458592
2017-05-03,208.54885864257807,-0.001214996077299969,-0.0012142582684079306,0.00037693248234883114,0.0025168870995468,-0.0006291719477462112,206.41944961547853,206.34338958740236,194.6317194366455,207.61401140225794,206.70808951566175,66.89468224220991,0.9059218865961896,0.6046502962820486,0.30127159031414097,210.03207594862897,202.80682328232808,0.794717586421754,0.0734182980417046
2017-05-04,208.793685913086,0.0011732678673029592,0.0011739564153046,-0.001214996077299969,0.00037693248234883114,0.0008388567458948217,206.59347229003907,206.40466400146485,194.74471801757812,207.7954997885392,206.8625781376932,76.19462723067042,0.9329216508459979,0.6703045671948384,0.26261708365115943,210.31538977975907,202.87155480031907,0.795575281978167,0.07217926770805383
2017-05-05,209.61572265625,0.003929346635132876,0.003937076638927728,0.0011732678673029592,-0.001214996077299969,-0.002182009205837872,206.77973861694335,206.47959350585938,194.85795112609864,208.07553407587932,207.0665147686974,73.72842096767648,1.0090193071819158,0.738047515192254,0.2709717919896618,210.71997531389934,202.83950191998736,0.8598748320751359,0.07269288101543324
2017-05-08,209.5807647705078,-0.00016678520394014754,-0.00016677129606124108,0.003929346635132876,0.0011732678673029592,0.0025168870995468,206.97475051879883,206.54860107421874,194.97454025268556,208.30710802889908,207.25275550957224,78.52260615437493,1.0543525193268408,0.8013085160191714,0.2530440033076694,211.06897874743856,202.8805222901591,0.8182546387472401,0.07245728220638631
2017-05-09,209.38839721679688,-0.0009182898632272392,-0.0009178683641201113,-0.00016678520394014754,0.003929346635132876,0.00037693248234883114,207.15402450561524,206.6073162841797,195.08599090576172,208.4734602116526,207.41095119158888,80.18136943401903,1.0625090200637146,0.8535486168280801,0.20896040323563447,211.34505659078698,202.9629924204435,0.7665659276490691,0.072751154170335
2017-05-10,209.7644195556641,0.0017942021367561697,0.0017958126804795693,-0.0009182898632272392,-0.00016678520394014754,-0.001214996077299969,207.3643424987793,206.68469665527343,195.20186210632323,208.6720693415005,207.58528218152037,76.74183852779328,1.0867871599801333,0.9001963254584908,0.1865908345216425,211.63948355960338,203.08920143795524,0.7807015046682633,0.07240406827713018
2017-05-11,209.3358917236328,-0.002044990040997922,-0.0020429004734883183,0.0017942021367561697,-0.0009182898632272392,0.0011732678673029592,207.59826889038087,206.69586669921875,195.31516006469727,208.77419586182856,207.71495696241757,79.1716876752032,1.0592388994109854,0.9320048402489898,0.1272340591619956,211.7602469046829,203.43629087607883,0.708749641069806,0.07053624170094683
2017-05-12,208.98611450195312,-0.0016722873670912402,-0.0016708898736842448,-0.002044990040997922,0.0017942021367561697,0.003929346635132876,207.88116683959962,206.72633544921874,195.42769966125488,208.80679872954005,207.80911678016093,65.00870984356976,0.997681949379114,0.9451402620750147,0.05254168730409936,211.56245414136936,204.19987953782987,0.6500762602557966,0.06548709226702353
2017-05-15,210.14044189453125,0.005508266148160227,0.005523464538919498,-0.0016722873670912402,-0.002044990040997922,-0.00016678520394014754,208.1317123413086,206.77727935791015,195.54493446350097,209.01197460107716,207.98180752937355,64.65669425738822,1.0301670717036018,0.9621456240007322,0.06802144770286955,211.70496913935116,204.55845554326604,0.7810782525234452,0.06141985464941014
2017-05-16,209.947982788086,-0.0009162790907931832,-0.0009158594352907112,0.005508266148160227,-0.0016722873670912402,-0.0009182898632272392,208.4032409667969,206.83673828125,195.6596999359131,209.15597586061696,208.12745014113005,63.90694422778061,1.0285257194869075,0.9754216430979673,0.05310407638894021,211.62846662945984,205.17801530413394,0.7394780990322506,0.05996578755869947
2017-05-17,206.2227020263672,-0.01790313638169382,-0.01774382736260427,-0.0009162790907931832,0.005508266148160227,0.0017942021367561697,208.50730514526367,206.83405487060546,195.75661392211913,208.7047029630401,207.98635768818465,36.23728473892298,0.7183452748554373,0.9240063694494614,-0.20566109459402404,211.25205763656544,205.7625526539619,0.08382347294765469,0.09049496696381622
2017-05-18,207.05343627929688,0.004020243584449789,0.004028335604018274,-0.01790313638169382,-0.0009162790907931832,-0.002044990040997922,208.56983108520507,206.8556494140625,195.8636672973633,208.45066193477192,207.9172523986374,43.77947536745836,0.5334095361345135,0.8458870027864719,-0.3124774666519584,211.10409094009603,206.0355712303141,0.20082097086815207,0.08704086411556518
2017-05-19,208.40017700195312,0.006483252988289443,0.006504314764617547,0.004020243584449789,-0.01790313638169382,-0.0016722873670912402,208.73248672485352,206.89895324707032,195.9747413635254,208.44289502203057,207.9530245914756,48.38722436467916,0.4898704305549586,0.7746836883401693,-0.2848132577852107,210.69481933705683,206.7701541126502,0.41532788049441005,0.08864905701246692
2017-05-22,209.45831298828125,0.005064576996448262,0.005077423644981982,0.006483252988289443,0.004020243584449789,0.005508266148160227,208.8352409362793,206.94896636962892,196.0901156616211,208.59911317068452,208.06452743568343,52.978792406178876,0.5345857350010874,0.726664097672353,-0.19207836267126555,210.71811598045883,206.95236589209975,0.6654576212925114,0.08192559963028528
2017-05-23,209.9217834472656,0.002210265349286455,0.0022127097863633427,0.005064576996448262,0.006483252988289443,-0.0009162790907931832,208.90082626342775,207.00616088867187,196.2001851654053,208.80260090554316,208.20210195505987,56.11838562095067,0.6004989504832849,0.7014310682345395,-0.10093211775125455,210.84118079620404,206.96047173065145,0.7630852162818528,0.07980310070370257
2017-05-24,210.4114990234375,0.002330130961172855,0.0023328478261281926,0.002210265349286455,0.005064576996448262,-0.01790313638169382,208.9974578857422,207.08899597167968,196.31326286315917,209.0501236929115,208.3657609971619,57.05571771006748,0.6843626957495985,0.6980173937375513,-0.013654697987952824,211.03917869961103,206.95573707187336,0.8462866049290685,0.0800305386402283
2017-05-25,211.41717529296875,0.004768183085445942,0.004779568959865754,0.002330130961172855,0.002210265349286455,0.004020243584449789,209.13562545776367,207.15624542236327,196.43080932617187,209.41428547753569,208.59179168574022,57.73275554903477,0.8224937917954662,0.7229126733491343,0.09958111844633188,211.4369342781103,206.83431663741703,0.9957070113826414,0.08147865674612896
2017-05-26,211.3734436035156,-0.00020687161755506388,-0.00020685022109745432,0.004768183085445942,0.002330130961172855,0.006483252988289443,209.2943458557129,207.23080444335938,196.55046272277832,209.71569441999412,208.7978399759458,57.68930206256667,0.9178544440483165,0.7619010274889708,0.1559534165593457,211.7559624465811,206.8327292648447,0.9223033260978745,0.08086493495440751
2017-05-30,211.18978881835932,-0.0008692417258715286,-0.0008688640447225282,-0.00020687161755506388,0.004768183085445942,0.005064576996448262,209.4176498413086,207.308984375,196.66484840393068,209.94247817358877,208.97502137168016,57.73245303780523,0.9674568019086109,0.803012182372899,0.164444619535712,212.00286661568006,206.8324330669371,0.8427447544474443,0.08078053985500265
2017-05-31,211.13735961914065,-0.00024828713797813524,-0.00024825631727753983,-0.0008692417258715286,-0.00020687161755506388,0.002210265349286455,209.5343978881836,207.39066284179688,196.7797901916504,210.12630608828906,209.13519457519575,56.06172684805295,0.9911115130933013,0.8406320485169795,0.15047946457632178,212.21187344751388,206.85692232885333,0.7993419912594836,0.0808326028160473
2017-06-01,212.81637573242188,0.007920793009125788,0.007952245478061837,-0.00024828713797813524,-0.0008692417258715286,0.002330130961172855,209.74777374267578,207.55909057617188,196.90041412353514,210.54016295661717,209.4078746609162,63.83873805551348,1.1322882957009597,0.8989632979537756,0.23332499774718407,212.75449126992567,206.74105621542589,1.010291033649711,0.08459521817242335
2017-06-02,213.52468872070312,0.0033227558826845432,0.003328282355357093,0.007920793009125788,-0.00024828713797813524,0.004768183085445942,209.98432388305665,207.7320651245117,197.0294455718994,210.99932076647656,209.71282385053007,67.54555686379078,1.2864969159464863,0.9764700215523179,0.3100268943941684,213.39259084991622,206.57605691619707,1.0193790380963943,0.08499244219848254
2017-06-05,213.36729431152344,-0.00073739691803861,-0.0007371251077460395,0.0033227558826845432,0.007920793009125788,-0.00020687161755506388,210.17190246582032,207.90626373291016,197.1559245300293,211.36362438879146,209.9835253661592,63.51645879325625,1.3800990226322654,1.0571958217683075,0.32290320086395785,213.89331292901076,206.4504920026299,0.929325369683037,0.0845599621600842
2017-06-06,212.6851959228516,-0.003201948056037439,-0.0031968272872971992,-0.00073739691803861,0.0033227558826845432,-0.0008692417258715286,210.3271240234375,208.06979400634765,197.27688293457032,211.56694308633917,210.18364911109938,61.01370865546127,1.3832939752397806,1.1224154524626022,0.2608785227771784,214.2005851659243,206.4536628809507,0.8043882218862505,0.08573971957756608
2017-06-07,213.0787048339844,0.001848484676514509,0.0018501941774806685,-0.003201948056037439,-0.00073739691803861,-0.00024828713797813524,210.5116394042969,208.2453921508789,197.40118682861328,211.7995218167461,210.39809768316493,87.69263034268748,1.4014241335811732,1.1782171886863164,0.22320694489485682,214.54509557488282,206.47818323371095,0.8182215600119689,0.08559439096763866
2017-06-08,213.18365478515625,0.0004924195201578865,0.0004925407785523195,0.001848484676514509,-0.003201948056037439,0.007920793009125788,210.68260116577147,208.39335662841796,197.52605834960937,212.01246535034767,210.60443524627541,86.62527805127132,1.4080301040722532,1.2241797717635037,0.18385033230874948,214.86963431827579,206.49556801326716,0.7986665651176977,0.08553338656847519
2017-06-09,212.860092163086,-0.0015189176538599157,-0.0015177646822704949,0.0004924195201578865,0.001848484676514509,0.0033227558826845432,210.85881118774415,208.53100219726562,197.6474175262451,212.14286947538432,210.77152094381694,80.35749524828476,1.371348531567378,1.2536135237242787,0.1177350078430992,215.10344278742463,206.61417958806368,0.7357425996042264,0.0853207375950695
2017-06-12,212.81637573242188,-0.00020539745142095076,-0.0002053763588085733,-0.0015189176538599157,0.0004924195201578865,-0.00073739691803861,211.0503242492676,208.65465606689452,197.77338104248048,212.24648582262085,210.9229916688988,76.51979639644898,1.3234941537220664,1.2675896497238364,0.05590450399822999,215.2848138101475,206.81583468838767,0.7085318026840645,0.08490694146175715
2017-06-13,213.8570251464844,0.00487797681041037,0.004889893507870724,-0.00020539745142095076,-0.0015189176538599157,-0.003201948056037439,211.23615341186525,208.80874114990235,197.90519401550293,212.49426110321525,211.1403274820533,78.48150193263456,1.353933621161957,1.2848584440114605,0.06907517715049649,215.62587389737394,206.84643292635656,0.7985237605983295,0.08448244083739491
2017-06-14,213.5859222412109,-0.0012684871432880219,-0.001267682953542404,0.00487797681041037,-0.00020539745142095076,0.001848484676514509,211.41805038452148,208.96457580566405,198.03741676330566,212.6622089705992,211.32148264939832,73.72583098970618,1.34072632120089,1.2960320194493464,0.04469430175154354,215.88385303039348,206.95224773864948,0.7427191737518135,0.08459075683060324
2017-06-15,213.17491149902344,-0.00192618833205942,-0.0019243344218319303,-0.0012684871432880219,0.00487797681041037,0.0004924195201578865,211.7656608581543,209.10956665039063,198.16297698974608,212.74108628266447,211.45877367529647,64.41916530438039,1.2823126073679987,1.293288137033077,-0.01097552966507842,215.56065405908873,207.97066765721985,0.6856723538427086,0.04919703335692793
2017-06-16,213.2214813232422,0.0002184344201210959,0.00021845827865618617,-0.00192618833205942,-0.0012684871432880219,-0.0015189176538599157,212.07406311035157,209.26773162841798,198.29032012939453,212.8149932119841,211.58934461218132,65.15287623518387,1.2256485998027813,1.2797602295870179,-0.05411162978423656,215.2002340451226,208.94789217558053,0.6835181499719641,0.048623239697774503
2017-06-19,214.99658203125,0.008290686580529416,0.008325149497093953,0.0002184344201210959,-0.00192618833205942,-0.00020539745142095076,212.4038833618164,209.4498553466797,198.42920875549316,213.15062226110194,211.84173256914937,74.75343993459535,1.3088896919525723,1.2855861220601288,0.023303569892443532,215.27990170333933,209.5278650202935,0.9507444601449744,0.05143781183211104
2017-06-20,213.546615600586,-0.006766981586683259,-0.006744137125181182,0.008290686580529416,0.0002184344201210959,0.00487797681041037,212.60829849243163,209.60717712402345,198.56080451965332,213.21154431333025,211.96802020110763,63.256666828989246,1.243524112222616,1.2771737200926263,-0.03364960787001037,215.1663931106675,210.05020387419574,0.6834015640909812,0.057525379152252254
2017-06-21,213.493881225586,-0.00024697599248779103,-0.0002469454964280082,-0.006766981586683259,0.008290686580529416,-0.0012684871432880219,212.78690338134766,209.76099639892578,198.6879164123535,213.2549807613696,212.0810469436616,54.54050881186602,1.1739338177080185,1.2565257396157048,-0.08259192190768627,215.03527954030235,210.53852722239296,0.6572196541540944,0.057481990807515065
2017-06-22,213.397216796875,-0.00045287629941650115,-0.00045277376642405276,-0.00024697599248779103,-0.006766981586683259,-0.00192618833205942,212.93618927001953,209.91777954101562,198.81170272827148,213.27686322837042,212.1785410068626,49.06941616279536,1.0983222215078285,1.2248850359941295,-0.1265628144863009,214.8988077675861,210.97357077245294,0.617452150641374,0.057376233329587537
2017-06-23,213.652084350586,0.001193621360746844,0.001194334010239606,-0.00045287629941650115,-0.00024697599248779103,0.0002184344201210959,213.04793472290038,210.09767395019531,198.93684967041017,213.33458955486512,212.2876923656569,52.04988072382883,1.0468971892082095,1.1892874666369455,-0.142390277428736,214.89764311370539,211.19822633209537,0.6633094250663709,0.05538692158350029
2017-06-26,213.7926788330078,0.0006578369866779345,0.0006580534088826973,0.001193621360746844,-0.00045287629941650115,0.008290686580529416,213.168896484375,210.30696441650392,199.0648528289795,213.40506482842554,212.39917284471994,58.64545762081936,1.0058919837055953,1.1526083700506755,-0.14671638634508022,214.86780255334875,211.46999041540127,0.6835835306096733,0.05532022363484146
2017-06-27,212.07032775878903,-0.008088800569575425,-0.008056174250775427,0.0006578369866779345,0.001193621360746844,-0.006766981586683259,213.2129234313965,210.44578033447266,199.20676582336426,213.19972066386606,212.37481394946582,43.48074855231844,0.8249067144002424,1.087068038920589,-0.26216132452034646,214.7319991440069,211.6938477187861,0.12391747062955703,0.06318625579876096
2017-06-28,213.96841430664065,0.008910453058958146,0.008950269318254378,-0.008088800569575425,0.0006578369866779345,-0.00024697599248779103,213.35447616577147,210.63480041503905,199.34499221801758,213.3179812242929,212.49285842036767,54.11861746428352,0.8251228039252396,1.0346789919215191,-0.2095561879962795,214.55299412248698,212.15595820905597,0.7561238809269305,0.07027488656674027
2017-06-29,212.0879364013672,-0.008827424415755136,-0.008788577096143446,0.008910453058958146,-0.008088800569575425,-0.00045287629941650115,213.31805419921875,210.79373077392577,199.4872085571289,213.12874355922742,212.46286419673802,46.516766382982055,0.6658793624893917,0.9609190660350937,-0.29503970354570197,214.62481031508653,212.01129808335097,0.029323879599877978,0.07245555520470082
2017-06-30,212.4833068847656,0.0018624464277120067,0.0018641818582749714,-0.008827424415755136,0.008910453058958146,0.001193621360746844,213.26598510742187,210.92733856201173,199.6317460632324,213.0294456093102,212.46437846992524,48.543712638770174,0.5650671393849507,0.8817486807050652,-0.3166815413201145,214.62020162531238,211.91176858953136,0.21102175600565404,0.07170302503751123
2017-07-03,212.84364318847656,0.0016943971683844876,0.001695833470374053,0.0018624464277120067,-0.008827424415755136,0.0006578369866779345,213.23980255126952,211.08127014160155,199.76891334533693,213.00086062148964,212.4924721527809,45.28888920416249,0.5083884687087448,0.8070766383058011,-0.29868816959705635,214.60596774965165,211.87363735288739,0.3550104470300866,0.07200025871652663
2017-07-05,213.3357086181641,0.002309195160480266,0.0023118634050620646,0.0016943971683844876,0.0018624464277120067,-0.008088800569575425,213.27232818603517,211.19991973876952,199.9121241760254,213.0523756979011,212.55493411317963,48.86019885005088,0.4974415847214857,0.7451496275889381,-0.2477080428674524,214.61364615784137,211.93101021422896,0.5236261771858525,0.07153041787219537
2017-07-06,211.3848876953125,-0.009186437667572569,-0.009144371261087136,0.002309195160480266,0.0016943971683844876,0.008910453058958146,213.18763732910156,211.25541595458984,200.04540771484375,212.79583908211825,212.46826400815243,42.84906168736576,0.32757507396581786,0.6616347168643141,-0.3340596428984962,214.77225927044412,211.603015387759,-0.06882641428708655,0.0784506983423909
2017-07-07,212.75567626953125,0.006463863461702893,0.006484799311645251,-0.009186437667572569,0.002309195160480266,-0.008827424415755136,213.1662384033203,211.3409521484375,200.18550224304198,212.78966018787412,212.48955380529162,48.31720565844906,0.30010638258249855,0.589329050007951,-0.28922266742545244,214.76260223380058,211.56987457284004,0.37140709218351,0.0821280339461016
2017-07-10,212.98419189453125,0.001073498932249569,0.0010740753384670398,0.006463863461702893,-0.009186437667572569,0.0018624464277120067,213.17244338989258,211.42755950927733,200.3163520050049,212.81958814274446,212.52619366375382,41.815320302454204,0.2933944789906491,0.5301421358044907,-0.23674765681384158,214.7647563980201,211.58013038176506,0.4408874089452103,0.08204969020757122
2017-07-11,212.82601928710932,-0.0007429254186184293,-0.0007426495178584069,0.001073498932249569,0.006463863461702893,0.0016943971683844876,213.17292556762695,211.52009918212892,200.44052490234375,212.82057754956983,212.54840296918755,46.72511189056526,0.27217458038228415,0.4785486247200494,-0.20637404433776524,214.7647903617191,211.5810607735348,0.3910377684696919,0.08209224369079898
2017-07-12,214.4253387451172,0.007486585579895495,0.007514680128703377,-0.0007429254186184293,0.001073498932249569,0.002309195160480266,213.2013412475586,211.63413177490236,200.5778444671631,213.06746388734638,212.68743524888603,53.71145002152272,0.3800286384603453,0.4588446274681086,-0.07881598900776332,214.86336643887577,211.5393160562414,0.868224712824166,0.08463014219075239
2017-07-13,214.78565979003903,0.001678992993178301,0.0016804032910968658,0.007486585579895495,-0.0007429254186184293,-0.009186437667572569,213.261328125,211.7537969970703,200.72453979492187,213.33180171852987,212.84285928897143,55.41848835173557,0.488942429558449,0.4648641878861767,0.024078241672272294,215.06257044148387,211.46008580851614,0.9231334260496991,0.08462962013655652
2017-07-14,215.7873992919922,0.004653060790540808,0.004663903088001353,0.001678992993178301,0.007486585579895495,0.006463863461702893,213.39195251464844,211.89856781005858,200.8704875946045,213.709585960601,213.06097336326926,57.874184109835355,0.6486125973317485,0.5016138697752911,0.14699872755645738,215.51667238605847,211.2672326432384,1.0637088468876723,0.0855718375157011
2017-07-17,215.76109313964844,-0.00012191516289677185,-0.00012190773154530099,0.004653060790540808,0.001678992993178301,0.001073498932249569,213.51893310546876,212.03791595458983,201.0116729736328,214.0252024496852,213.26098223559364,57.3204253725413,0.7642202140915515,0.5541351386385432,0.21008507545300825,215.89002432624312,211.1478418846944,0.9728118459836022,0.085600965757508
2017-07-18,215.87535095214844,0.0005294169050489789,0.000529557070912956,-0.00012191516289677185,0.004653060790540808,-0.0007429254186184293,213.56287155151367,212.16310852050782,201.16191215515136,214.30984068083336,213.45463917756067,66.07315507359573,0.8552015032726956,0.6143484115653737,0.24085309170732194,216.07748134530212,211.04826175772521,0.9598087954534775,0.08063206035681796
2017-07-19,217.0440368652344,0.00539910563000094,0.005413707067209339,0.0005294169050489789,-0.00012191516289677185,0.007486585579895495,213.73774261474608,212.31237396240235,201.3109836578369,214.7304862476643,213.72052048775873,63.84520276953483,1.0099657599055547,0.69347188123341,0.31649387867214474,216.69505812509175,210.78042710440042,1.059002622297454,0.07821017639430701
2017-07-20,217.14068603515625,0.00044519839791946295,0.00044529751343436175,0.00539910563000094,0.0005294169050489789,0.001678992993178301,213.92008285522462,212.46741973876954,201.4627890777588,215.10128621497074,213.97386608386225,77.09728893725963,1.1274201311084937,0.7802615312084267,0.34715859990006703,217.2413933974863,210.59877231296295,0.9848392131586913,0.07812438822221777
2017-07-21,216.94741821289065,-0.0008904544176380606,-0.000890058080751821,0.00044519839791946295,0.00539910563000094,0.004653060790540808,214.09759292602538,212.61107971191407,201.61838859558105,215.38530652234303,214.194129204531,74.47095036552506,1.19117731781202,0.8624446885291454,0.3287326292828746,217.67114833115423,210.52403752089654,0.8987380862732866,0.0782363032384907
2017-07-24,216.8946990966797,-0.00024303364918730943,-0.00024300411890232354,-0.0008904544176380606,0.00044519839791946295,-0.00012191516289677185,214.25972366333008,212.762255859375,201.76961334228517,215.6175207645487,214.39417141876424,72.9817697062027,1.2233493457844418,0.9346256199802047,0.2887237258042371,218.03662058314447,210.4828267435157,0.8488280841775132,0.07831268650524853
2017-07-25,217.4219512939453,0.0024279633571695236,0.0024309132471265205,-0.00024303364918730943,-0.0008904544176380606,0.0005294169050489789,214.44118728637696,212.93097259521485,201.92282508850099,215.89512546137894,214.6184514095184,73.08920602294072,1.2766740518605388,1.0030353063562716,0.27363874550426726,218.46431740877517,210.41805716397874,0.8704533431535518,0.07853586115408011
2017-07-26,217.4307403564453,4.04231716623403e-05,4.042398868975283e-05,0.0024279633571695236,-0.00024303364918730943,0.00539910563000094,214.70920791625977,213.07677856445312,202.07928344726562,216.13137390677377,214.82676910929078,93.76749447135971,1.3046047974829946,1.0633492045816162,0.24125559290137844,218.781223773215,210.63719205930454,0.8341750788540043,0.07123758633342507
2017-07-27,217.2285919189453,-0.0009301466093743666,-0.0009297141571086298,4.04231716623403e-05,0.0024279633571695236,0.00044519839791946295,214.872216796875,213.2223907470703,202.22988372802735,216.30017667787706,215.00468191000593,88.97528287085589,1.2954947678711335,1.1097783172395197,0.1857164506316138,219.07818549033902,210.66624810341096,0.780122760510803,0.06553479312603833
2017-07-28,216.9737701416016,-0.0011737467543461238,-0.001173058183053577,-0.0009301466093743666,4.04231716623403e-05,-0.0008904544176380606,215.11650848388672,213.437412109375,202.39102523803712,216.40380644152697,215.15054029753153,84.60502039552199,1.2532661439954325,1.1384758825907024,0.11479026140473003,219.2075528921023,211.02546407567112,0.7269911387401635,0.05556275246500299
2017-07-31,216.85076904296875,-0.0005670546076529847,-0.000566893862574136,-0.0011737467543461238,-0.0009301466093743666,-0.00024303364918730943,215.3348815917969,213.63335876464845,202.5503399658203,216.47256991867184,215.27648316756392,85.12440275491792,1.196086751107913,1.1499980562941445,0.04608869481376843,219.29837907448274,211.37138410911103,0.6912310349374344,0.055811764818319655
2017-08-01,217.33404541015625,0.0022261329769257994,0.0022286126506276815,-0.0005670546076529847,-0.0011737467543461238,0.0024279633571695236,215.55940170288085,213.8120361328125,202.71510055541992,216.60510460966944,215.42889518553372,81.52566871628304,1.1762094241357204,1.1552403298624598,0.020969094273260547,219.43649869031356,211.68230471544814,0.7288624340618463,0.05592911685936358
2017-08-02,217.43955993652344,0.00048537688185815105,0.00048549469627756636,0.0022261329769257994,-0.0005670546076529847,4.04231716623403e-05,215.76459426879882,213.97166107177733,202.87991287231446,216.73348235226237,215.57783331523666,80.44560521506557,1.1556490370257109,1.15532207129511,0.00032696573060087,219.58006248877055,211.94912604882708,0.7194967394771052,0.05575628257153186
2017-08-03,217.01768493652344,-0.001942078939072904,-0.0019401943239912844,0.00048537688185815105,0.0022261329769257994,-0.0009301466093743666,216.04623413085938,214.1135791015625,203.0458184814453,216.7772058267641,215.68448899088753,66.27980228726497,1.0927168358765584,1.1428010242113997,-0.050084188334841295,219.2890894538357,212.80337880788306,0.6497832479267776,0.04268046601086346
2017-08-04,217.41311645507807,0.001820458524097514,0.0018221165646952198,-0.001942078939072904,0.00048537688185815105,-0.0011737467543461238,216.27910614013672,214.2536114501953,203.20794494628908,216.87503823112007,215.81253546971647,69.9149814401279,1.062502761403607,1.1267413716498413,-0.06423861024623423,219.1776551187868,213.38055716148665,0.6956168971602971,0.0381979674977206
2017-08-07,217.8173675537109,0.0018576420068726763,0.0018593684926841991,0.001820458524097514,-0.001942078939072904,-0.0005670546076529847,216.5207649230957,214.38161529541014,203.36962570190428,217.0200119730571,215.96104155001234,71.88097432159196,1.0589704230447694,1.113187181928827,-0.054216758884057636,219.04431060352377,213.99721924266763,0.7569009629330878,0.03829673529730417
2017-08-08,217.28131103515625,-0.0024640699508522807,-0.0024610366224468994,0.0018576420068726763,0.001820458524097514,0.0022261329769257994,216.74352951049804,214.49977264404296,203.53035751342773,217.06021182876466,216.0588392896526,53.117882005710136,1.0013725391120545,1.0908242533654726,-0.08945171425341814,218.58938672979554,214.89767229120054,0.6456725685594698,0.03986361063788765
2017-08-09,217.2725067138672,-4.0521200968242855e-05,-4.052037999546787e-05,-0.0024640699508522807,0.0018576420068726763,0.00048537688185815105,216.88588790893556,214.62142700195312,203.69061241149902,217.0928725803189,216.14874058033516,51.77311369355245,0.944131999983739,1.061485802689126,-0.11735380270538709,218.38568700681714,215.38608881105398,0.6288901978530714,0.031859115263335534
2017-08-10,214.20567321777344,-0.014215713728778896,-0.014115147574251363,-4.0521200968242855e-05,-0.0024640699508522807,-0.001942078939072904,216.85688858032228,214.68279327392577,203.83159477233886,216.64868806300422,216.00480966458983,29.200130575806583,0.6438783984143868,0.9779643218341783,-0.3340859234197915,218.53901823016295,215.1747589304816,-0.28805321658766087,0.061387764939213864
2017-08-11,214.5220184326172,0.0014757398619976395,0.0014768293019118417,-0.014215713728778896,-4.0521200968242855e-05,0.001820458524097514,216.79361953735352,214.7169061279297,203.97727500915528,216.32150811986776,215.89497327703629,32.692282006188506,0.42653484283147236,0.8676784260336371,-0.44114358320216474,218.72224940757496,214.86498966713208,-0.0889157737859551,0.05909392821450794
2017-08-14,216.64859008789065,0.009864257242056513,0.00991306939404657,0.0014757398619976395,-0.014215713728778896,0.0018576420068726763,216.83799438476564,214.77938415527345,204.13544929504394,216.37182842264053,215.950796744507,45.42591192062439,0.42103167813354503,0.7783490764536187,-0.3573173983200737,218.70649802616157,214.9694907433697,0.44931658342033476,0.06924024676554193
2017-08-15,216.62225341796875,-0.00012157139280930531,-0.00012156400330698425,0.009864257242056513,0.0014757398619976395,-0.0024640699508522807,216.87533950805664,214.84448333740235,204.29595863342286,216.41035534499872,216.00053427587451,45.228064044901316,0.4098210691242059,0.7046434749877363,-0.29482240586353037,218.69196862739267,215.0587103887206,0.4303418382447836,0.06923838215886756
2017-08-16,217.0001220703125,0.0017428470916278555,0.0017443667323258083,-0.00012157139280930531,0.009864257242056513,-4.0521200968242855e-05,216.87314376831054,214.93078186035157,204.461083984375,216.50108868735467,216.07457781620326,48.67890500786145,0.4265108711514074,0.6490169542204706,-0.22250608306906317,218.68902035296784,215.05726718365324,0.5349633623437913,0.06674952437701713
2017-08-17,213.6169586181641,-0.015713417862028418,-0.015590606216581704,0.0017428470916278555,-0.00012157139280930531,-0.014215713728778896,216.69695739746095,214.94154693603517,204.6092502593994,216.05737636901765,215.89253194968182,35.74642222187666,0.1648444193358216,0.5521824472435408,-0.3873380279077192,219.0172576063893,214.3766571885326,-0.16370695641995603,0.0868919366316813
2017-08-18,213.28302001953125,-0.0015644820026037072,-0.0015632588385913193,-0.015713417862028418,0.0017428470916278555,0.0014757398619976395,216.51373748779298,214.94353424072267,204.76241172790526,215.6305523152505,215.69923476967068,35.1173472245561,-0.06868245442018406,0.42800946691079583,-0.4966919213309799,219.2855453389316,213.74192963665436,-0.08278164320347794,0.08693231607898662
2017-08-21,213.449935913086,0.0007822967490406107,0.0007826028229507287,-0.0015644820026037072,-0.015713417862028418,0.009864257242056513,216.34149932861328,214.95533111572266,204.92190437316896,215.29507286876364,215.53262003955328,33.35843796866922,-0.2375471707896395,0.2948981393707088,-0.5324453101603484,219.4242968551069,213.25870180211967,0.031016326781576068,0.08710355902920847
2017-08-22,215.68199157714844,0.010402748665091407,0.010457045369979934,0.0007822967490406107,-0.0015644820026037072,-0.00012157139280930531,216.25450134277344,215.01264343261718,205.09671257019042,215.35459882389975,215.54368459789367,43.630359094146634,-0.18908577399392357,0.19810135669778234,-0.3871871306917059,219.3069720877855,213.20203059776136,0.4062219078494828,0.09524340252369806
2017-08-23,214.90875244140625,-0.003591530833660315,-0.003585089001116759,0.010402748665091407,0.0007822967490406107,0.0017428470916278555,216.12840194702147,215.0336779785156,205.26864990234375,215.28600707274688,215.49665258630202,42.546789172888865,-0.21064551355513572,0.11635198264719873,-0.3269974962023344,219.1846457568587,213.07215813718423,0.30046593441114,0.09589011434577333
2017-08-24,214.40782165527344,-0.002333620659844867,-0.002330899883983939,-0.003591530833660315,0.010402748665091407,-0.015713417862028418,215.98736343383788,215.05011596679688,205.41817352294922,215.15090162390482,215.41599844326288,39.45755562811485,-0.26509681935806384,0.04006222224614622,-0.30515904160421004,219.08982818885403,212.88489867882174,0.2454375950587989,0.0960866481076923
2017-08-25,214.90875244140625,0.0023336206598449814,0.0023363456718394904,-0.002333620659844867,-0.003591530833660315,-0.0015644820026037072,215.8841125488281,215.08479278564454,205.56604675292968,215.11364790352042,215.37842466534758,39.86544610454044,-0.26477676182716436,-0.020905574568515897,-0.24387118725864848,218.98580324114496,212.78242185651126,0.34276960468077733,0.0966397609213962
2017-08-28,214.91748046875,4.061188767302511e-05,4.0612712346899116e-05,0.0023336206598449814,-0.002333620659844867,0.0007822967490406107,215.78744812011718,215.1187127685547,205.70413932800292,215.0834682981711,215.34428065078478,41.44943822705389,-0.2608123526136694,-0.0688869301775466,-0.19192542243612282,218.88278849018906,212.6921077500453,0.3594714074454155,0.0966564169311966
2017-08-29,215.1635284423828,0.0011441937466579494,0.0011448485860534596,4.061188767302511e-05,0.0023336206598449814,0.010402748665091407,215.6789222717285,215.12205169677733,205.84112510681152,215.09578524343445,215.3308915983106,42.500027131740914,-0.2351063548761374,-0.10213081511726477,-0.13297553975887264,218.697187106911,212.66065743654602,0.41462084053427084,0.09633520610153314
2017-08-30,216.1828765869141,0.004726363916359639,0.004737550791765521,0.0011441937466579494,4.061188767302511e-05,-0.003591530833660315,215.61608810424804,215.1747769165039,205.98537147521972,215.26303006550825,215.3940015974664,58.22982904962369,-0.1309715319581528,-0.10789895848544238,-0.023072573472710425,218.5305635824055,212.70161262609057,0.5972367904471748,0.09807220392767482
2017-08-31,217.4834442138672,0.005998028731807996,0.00601605292466445,0.004726363916359639,0.0011441937466579494,-0.002333620659844867,215.63937606811524,215.25456817626954,206.13538490295412,215.60463224217887,215.54877512460718,61.39304113423214,0.05585711757169065,-0.07514774327401579,0.13100486084570645,218.60794805550074,212.67080408072974,0.8105985223851798,0.10032210374271795
2017-09-01,217.791015625,0.001413229999468857,0.0014142290795724488,0.005998028731807996,0.004726363916359639,0.0023336206598449814,215.65827102661132,215.34244415283203,206.27962203979493,215.94099891645902,215.71486701352518,55.11031509628155,0.22613190293384378,-0.014891814032443877,0.24102371696628766,218.67873633561166,212.63780571761097,0.8530490140101193,0.10024024576930589
2017-09-05,216.2268218994141,-0.007208000974547016,-0.007182085638827274,0.001413229999468857,0.005998028731807996,4.061188767302511e-05,215.5787437438965,215.3939389038086,206.4178125,215.9849716830675,215.7527895976651,48.44508071900102,0.2321820854023997,0.03452296585452484,0.19765911954787485,218.4393771390277,212.7181103487653,0.6132752901194232,0.10323666067754503
2017-09-06,216.9649810791016,0.0034080049024826043,0.0034138187538588216,-0.007208000974547016,0.001413229999468857,0.0011441937466579494,215.56292724609375,215.45738494873046,206.554846572876,216.13574235938046,215.84258155925298,49.865625747577226,0.293160800127481,0.08625053270911608,0.20691026741836493,218.38719153175745,212.73866296043005,0.7482157636813296,0.10375710673224432
2017-09-07,216.9386138916016,-0.00012153477333712889,-0.00012152738828574705,0.0034080049024826043,-0.007208000974547016,0.004726363916359639,215.54623260498047,215.55475067138673,206.69386940002443,216.25926105664524,215.92376913942695,67.0884724559773,0.33549191721829175,0.13609880961095122,0.19939310760734053,218.3316269985502,212.76083821141074,0.7499432916637445,0.10375717049219538
2017-09-08,216.683822631836,-0.0011751757641113598,-0.001174485515487378,-0.00012153477333712889,0.0034080049024826043,0.005998028731807996,215.6701400756836,215.60905883789061,206.82447731018067,216.3245782220592,215.98006939812393,67.63929802123324,0.34450882393525717,0.17778081247581243,0.16672801145944474,218.42475169333093,212.91552845803628,0.6839973645755114,0.0895398685396641
2017-09-11,218.99493408203125,0.010609345038833743,0.01066582369705582,-0.0011751757641113598,-0.00012153477333712889,0.001413229999468857,215.8937858581543,215.7471987915039,206.96477951049803,216.73540220051643,216.203392708043,73.52757228928934,0.5320094924734349,0.24862654847533694,0.28338294399809794,218.9641253794588,212.8234463368498,1.0050171491391535,0.09636760388634763
2017-09-12,219.7330474853516,0.003364791537035424,0.0033704588026857163,0.010609345038833743,-0.0011751757641113598,-0.007208000974547016,216.04800872802736,215.89219360351564,207.10825256347655,217.19657839818336,216.46484861747325,69.68423955917535,0.7317297807101113,0.34524719492229183,0.38648258578781947,219.55657521386732,212.5394422421874,1.0251487711856804,0.09108349476790834
2017-09-13,219.8385009765625,0.0004798012683166088,0.0004799163913564719,0.003364791537035424,0.010609345038833743,0.0034080049024826043,216.20882110595704,216.03209075927734,207.2487042236328,217.60302802562632,216.7147487922206,75.61623068530719,0.8882792334057115,0.4538536026189758,0.4344256307867357,220.10196072208828,212.3156814898258,0.9661635888378967,0.09103595362995107
2017-09-14,219.7682037353516,-0.00031981878827876234,-0.00031976765170171895,0.0004798012683166088,0.003364791537035424,-0.00012153477333712889,216.34722518920898,216.1607406616211,207.39330574035645,217.93613198096867,216.94093063985994,79.15887819438095,0.995201341108725,0.5621231503169257,0.4330781907917993,220.54380224091526,212.1506481375027,0.9075915328126387,0.0910280874497073
2017-09-15,220.0640563964844,0.0013452978899925055,0.0013462032091280385,-0.00031981878827876234,0.0004798012683166088,-0.0011751757641113598,216.669580078125,216.33432403564453,207.53752532958984,218.26350496797107,217.1722732884988,78.68327486730593,1.091231679472287,0.667944856147998,0.4232868233242889,220.9722281049511,212.36693205129887,0.8944636299780452,0.06749463992991676
2017-09-18,220.53211975097656,0.002124682672761654,0.0021269414104085893,0.0013452978899925055,-0.00031981878827876234,0.010609345038833743,217.03203506469725,216.48985290527344,207.68637893676757,218.61252262689501,217.4211508042379,79.71986062492684,1.1913718226571177,0.7726302494498221,0.41874157320729566,221.35476949537124,212.70930063402326,0.9048461387591632,0.06654639183025315
2017-09-19,220.75289916992188,0.0010006205871494766,0.0010011213749481218,0.002124682672761654,0.0013452978899925055,0.003364791537035424,217.39718322753907,216.64522705078124,207.8398422241211,218.94181132582224,217.66794697947375,79.66546429907746,1.273864346348489,0.8728770688295555,0.4009872775189336,221.67946958911799,213.11489686596016,0.8918135849683723,0.06651221775906851
2017-09-20,220.83238220214844,0.00035998950344514393,0.0003600543074424589,0.0010006205871494766,0.002124682672761654,0.0004798012683166088,217.65470275878906,216.80535430908202,207.99322708129884,219.2326683837186,217.90234958856075,77.4119374305058,1.3303187951578366,0.9643654140952118,0.36595338106262476,222.11830460177285,213.19110091580527,0.8559546253385351,0.05806471205291805
2017-09-21,220.24069213867188,-0.0026829586879199177,-0.002679362770877214,0.00035998950344514393,0.0010006205871494766,-0.00031981878827876234,217.92129974365236,216.92166137695312,208.13794021606446,219.3877489614037,218.07556014782824,67.73850917165552,1.3121888135754602,1.0339300939912615,0.2782587195841988,222.3309396762221,213.5116598110826,0.7629911319843159,0.05715692824403051
2017-09-22,220.28482055664065,0.00020034443792549763,0.00020036450821270257,-0.0026829586879199177,0.00035998950344514393,0.0013452978899925055,218.21514968872071,217.03164459228515,208.27984436035158,219.52575997605555,218.23920906699954,66.6065810972294,1.286550909056018,1.0844542570042128,0.20209665205180527,222.4173580590753,214.01294131836613,0.7462599049729297,0.05575477310133948
2017-09-25,219.83447265625,-0.0020464817812360847,-0.002044389165139271,0.00020034443792549763,-0.0026829586879199177,0.002124682672761654,218.4614356994629,217.1125860595703,208.40694557189943,219.57325423454702,218.35737674027735,78.20840462060868,1.2158774942696766,1.1107389044573057,0.1051385898123709,222.41790795260104,214.50496344632475,0.67351782963953,0.05688835822318733
2017-09-26,219.9669647216797,0.0006025085785424119,0.0006026901232949466,-0.0020464817812360847,0.00020034443792549763,0.0010006205871494766,218.7139099121094,217.19670349121094,208.5323287963867,219.6338250787213,218.47660547964048,75.92847390256902,1.157219599080804,1.1200350433820054,0.03718455569879864,222.34961239762745,215.07820742659132,0.67232636809001,0.056780105487534725
2017-09-27,220.82354736328125,0.0038865796625649294,0.003894142207605533,0.0006025085785424119,-0.0020464817812360847,0.00035998950344514393,218.9969108581543,217.29566741943358,208.65610885620117,219.8168592763459,218.65045302657683,79.3460044491063,1.166406249769068,1.129309284659418,0.03709696510964999,222.3382201055122,215.65560161079642,0.7733414314420823,0.05759780048129236
2017-09-28,221.08848571777344,0.0011990548634196476,0.0011997740171085791,0.0038865796625649294,0.0006025085785424119,-0.0026829586879199177,219.24219131469727,217.37655639648438,208.78233879089356,220.0124941134886,218.83104804073952,83.221009989412,1.1814460727490825,1.139736642277351,0.04170943047173159,222.43043607275914,216.0539465566354,0.7895471557520151,0.056156218698293
2017-09-29,221.86561584472656,0.0035088553037501743,0.0035150185430514735,0.0011990548634196476,0.0038865796625649294,0.00020034443792549763,219.46129989624023,217.4710549926758,208.90591926574706,220.29758976444828,219.05583084103486,78.16961090531221,1.241758923413414,1.1601410985045635,0.08161782490885061,222.74161729157632,216.18098250090415,0.8664761147663266,0.05394096185294737
2017-10-02,222.8282012939453,0.004329212215345158,0.0043385967922691115,0.0035088553037501743,0.0011990548634196476,-0.0020464817812360847,219.7131591796875,217.58867065429686,209.04244926452637,220.68691461514013,219.33526568939862,79.09075263882504,1.3516489257415003,1.1984426639519508,0.15320626178954955,223.21923823182217,216.2070801275528,0.9442344379487424,0.05521706922333534
2017-10-03,223.3050994873047,0.002137918752850928,0.0021402057306483258,0.004329212215345158,0.0035088553037501743,0.0006025085785424119,220.06707305908202,217.71687866210937,209.17733879089354,221.0897122877808,219.62932745220647,80.45540949587514,1.460384835574331,1.2508310982764268,0.20955373729790416,223.51998002294633,216.6141660952177,0.9688841115775159,0.04559718661819668
2017-10-04,223.5699920654297,0.001185533112753566,0.0011862361349255224,0.002137918752850928,0.004329212215345158,0.0038865796625649294,220.39732360839844,217.83983947753907,209.31547248840332,221.47129379203446,219.92122853466745,82.2959225999125,1.5500652573670095,1.3106779300945433,0.23938732727246625,223.86441246116172,216.93023475563515,0.9575406907300085,0.045115103910817106
2017-10-05,224.89471435546875,0.005907827858345645,0.005925313490423134,0.001185533112753566,0.002137918752850928,0.0011990548634196476,220.7951286315918,217.98911895751954,209.45809646606446,221.99797387871666,220.28963489176385,84.93017980245527,1.7083389869528105,1.390210141466197,0.3181288454866136,224.41371291957122,217.1765443436124,1.0664626546762175,0.047267023252473964
2017-10-06,224.6385803222656,-0.001139555463203063,-0.00113890641644121,0.005907827858345645,0.001185533112753566,0.0035088553037501743,221.19286651611327,218.13731872558594,209.59565254211427,222.40422102387805,220.61177899772693,80.63240566843034,1.7924420261511216,1.470656518403182,0.3217855077479397,224.654007142311,217.73172588991554,0.9977714254184533,0.04723743702681376
2017-10-09,224.2677154541016,-0.0016523045278202817,-0.001650940224212416,-0.001139555463203063,0.005907827858345645,0.004329212215345158,221.4565055847168,218.28319763183595,209.73409698486327,222.69091247468168,220.88258910560654,75.64477378643598,1.80832336907514,1.5381898885375735,0.27013348053756636,225.01463272068926,217.89837844874435,0.8950406719540199,0.03551529228713195
2017-10-10,224.8594207763672,0.00263491388906622,0.0026383883256111407,-0.0016523045278202817,-0.001139555463203063,0.002137918752850928,221.71282424926758,218.4433706665039,209.87719779968262,223.02452913647946,221.1771692293666,77.33860943067872,1.8473599071128604,1.600023892252631,0.24733601486022927,225.48060497886763,217.94504351966754,0.917566301348117,0.0350133456084352
2017-10-11,225.21267700195312,0.0015697764863489342,0.0015710092304173084,0.00263491388906622,-0.0016523045278202817,0.001185533112753566,221.9815330505371,218.60094329833984,210.0206282043457,223.36116726962925,221.47609573103966,84.88290433226136,1.8850715385895853,1.657033421520022,0.22803811706956334,225.94780157098558,218.01526453008864,0.907327937425007,0.03494905742409923
2017-10-12,224.8770904541016,-0.0014911985754953944,-0.0014900872913500285,0.0015697764863489342,0.00263491388906622,0.005907827858345645,222.23697738647462,218.7496939086914,210.15994247436524,223.59438622108652,221.7280212660813,80.95298824449016,1.8663649550052241,1.6988997282170626,0.16746522678816156,226.260696489155,218.21325828379423,0.8280687593063177,0.035863435524727184
2017-10-13,225.1508026123047,0.0012164232314077802,0.001217163374225283,-0.0014911985754953944,0.0015697764863489342,-0.001139555463203063,222.49131469726564,218.91235626220703,210.30876663208008,223.83383489665854,221.9815606250608,86.70737643258609,1.8522742715977358,1.7295746368931972,0.1226996347045386,226.57926980817368,218.4033595863576,0.8252834048914385,0.0358569982617481
2017-10-16,225.4510803222656,0.001332785173707417,0.0013336737265732257,0.0012164232314077802,-0.0014911985754953944,-0.0016523045278202817,222.73726272583008,219.07311553955077,210.45930992126466,224.08264188521346,222.238562084113,87.00839211244453,1.844079801100463,1.7524756697346506,0.09160413136581247,226.91970723287872,218.55481821878143,0.8244295999459098,0.03567906647765515
2017-10-17,225.6100311279297,0.0007047861507396268,0.0007050345708563555,0.001332785173707417,0.0012164232314077802,0.00263491388906622,222.98011932373046,219.22896881103514,210.61421798706056,224.31762484563134,222.48830053180313,85.65800093212596,1.8293243138282094,1.7678453985533626,0.061478915274846724,227.24074721880302,218.7194914286579,0.8086296044816226,0.035705767919082386
2017-10-18,225.83078002929688,0.0009779750235502968,0.000978453397056711,0.0007047861507396268,0.001332785173707417,0.0015697764863489342,223.23003921508788,219.39995819091797,210.76278511047363,224.55041795081067,222.73589160569156,85.5629475534324,1.8145263451191056,1.7771815878665111,0.03734475725259445,227.54624626000236,218.9138321701734,0.8012761884619604,0.035605847899498916
2017-10-19,225.89263916015625,0.0002738805588474673,0.00027391806755194814,0.0009779750235502968,0.0007047861507396268,-0.0014911985754953944,223.51263656616212,219.57236083984375,210.90582778930664,224.75691352147922,222.96972475787413,83.82805710579608,1.7871887636050872,1.7791830230142265,0.008005740590860677,227.74401864040905,219.28125449191518,0.7812322962371232,0.032859185521739505
2017-10-20,227.058349609375,0.005147192750541234,0.005160462304361735,0.0002738805588474673,0.0009779750235502968,0.0012164232314077802,223.85131301879883,219.82941436767578,211.055482711792,225.11098061192473,223.2725858579853,84.36172981816893,1.8383947539394399,1.7910253691992692,0.047369384740170606,228.07919223653303,219.62343380106464,0.8792724940111792,0.03532851379219811
2017-10-23,226.1752014160156,-0.003897104744739349,-0.0038895208869382802,0.005147192750541234,0.0002738805588474673,0.001332785173707417,224.1683494567871,220.06247802734376,211.19719543457032,225.27470688947716,223.48759441783938,71.87054525497717,1.7871124716377835,1.7902427896869724,-0.0031303180491888405,228.06602167581278,220.27067723776142,0.7574423715560876,0.03828910000397949
2017-10-24,226.5726776123047,0.0017558394718909384,0.0017573818606133607,-0.003897104744739349,0.005147192750541234,0.0007047861507396268,224.49863510131837,220.26095977783203,211.34416053771972,225.47439469298908,223.7161190989109,72.42767398816544,1.7582755940781851,1.783849350565215,-0.025573756487029975,227.99626345569732,221.00100674693942,0.7964926945982791,0.03818051460683451
2017-10-25,225.4510803222656,-0.004962569210829997,-0.004950276007940735,0.0017558394718909384,-0.003897104744739349,0.0009779750235502968,224.7300117492676,220.43753631591798,211.48551765441894,225.47080786672393,223.8446347450853,54.2856538378356,1.6261731216386295,1.7523141047798982,-0.12614098314126876,227.78869562353194,221.67132787500324,0.6178723599168013,0.04335181536606276
2017-10-26,225.7425079345703,0.0012918075984089256,0.0012926423412482624,-0.004962569210829997,0.0017558394718909384,0.0002738805588474673,224.96271286010742,220.6123840332031,211.62554588317872,225.51260787716183,223.9852179443064,58.45750264782857,1.5273899328554137,1.7073292703950016,-0.1799393375395879,227.52232997786618,222.40309574234865,0.6523265079477387,0.043357664896979335
2017-10-27,227.58822631835932,0.008142966903093917,0.008176211032101977,0.0012918075984089256,-0.004962569210829997,0.005147192750541234,225.24884338378905,220.89180938720702,211.7772843170166,225.8319337911922,224.2521074534955,70.75014541397644,1.5798263376966872,1.6818286838553387,-0.10200234615865145,227.6234541093552,222.8742326582229,0.9925824071674967,0.049535458122355686
2017-10-30,226.7404022216797,-0.0037322106843396354,-0.003725254642538811,0.008142966903093917,0.0012918075984089256,-0.003897104744739349,225.44445343017577,221.16095703125,211.9225196838379,225.97169816511337,224.43642558447212,61.38981798022737,1.535272580641248,1.6525174632125206,-0.11724488257127264,227.61527235400186,223.27363450634968,0.7984930657458511,0.051177312716567835
2017-10-31,227.0937042236328,0.0015569657207632956,0.0015581784211871064,-0.0037322106843396354,0.008142966903093917,0.0017558394718909384,225.63388366699218,221.43383239746095,212.07300430297852,226.14431448180866,224.63326103922478,61.390032024215046,1.5110534425838864,1.6242246590867937,-0.11317121650290729,227.6760536632479,223.59171367073645,0.8574189610358559,0.05102777880335706
2017-11-01,227.39393615722656,0.0013211887435020317,0.0013220618978415644,0.0015569657207632956,-0.0037322106843396354,-0.004962569210829997,225.82508087158203,221.6680712890625,212.22281326293944,226.3365639703345,224.8377554924101,65.30558463057393,1.498808477924399,1.5991414228543148,-0.10033294492991573,227.76722757855387,223.8829341646102,0.9038972133291263,0.051042190317257645
2017-11-02,227.4822540283203,0.00038831609175889463,0.00038839149621239244,0.0013211887435020317,0.0015569657207632956,0.0012918075984089256,225.9544578552246,221.9195413208008,212.37672073364257,226.51282397925542,225.0336442728479,64.5052270233118,1.479179706407507,1.5751490795649534,-0.09596937315744647,227.9786566512835,223.9302590591657,0.8773829369107221,0.047416650368905904
2017-11-03,228.2417755126953,0.0033332549453991512,0.003338816417215673,0.00038831609175889463,0.0013211887435020317,0.008142966903093917,226.1346176147461,222.19622039794922,212.53081253051758,226.77881652286158,225.2712836239477,66.42390302864861,1.5075328989138654,1.561625843434736,-0.054092944520870656,228.30201703844344,223.96721819104877,0.9861028094107914,0.047930619231637904
2017-11-06,228.5950164794922,0.0015464649230899831,0.0015476613166165443,0.0033332549453991512,0.00038831609175889463,-0.0037322106843396354,226.35098266601562,222.46994567871093,212.68923904418946,227.05823190080474,225.51748605769174,67.17458333040688,1.540745843113001,1.5574498433703892,-0.016704000257388163,228.59624239459788,224.10572293743337,0.9997269992664799,0.04710156687871874
2017-11-07,228.4360198974609,-0.000695780267817409,-0.0006955382688561551,0.0015464649230899831,0.0033332549453991512,0.0015569657207632956,226.52981262207032,222.74031646728517,212.84055801391602,227.2701992849057,225.73367374952647,65.09693723263322,1.5365255353792122,1.5532649817721538,-0.01673944639294156,228.84355548882752,224.21606975531313,0.9119315293799721,0.04701025901197013
2017-11-08,228.82460021972656,0.001699601490744044,0.0017010466319631323,-0.000695780267817409,0.0015464649230899831,0.0013211887435020317,226.71040878295898,223.01353790283204,212.98524345397948,227.50933789026277,225.9626312658376,66.37035446708947,1.546706624425184,1.5519533103027598,-0.0052466858775759295,229.15161569602927,224.2692018698887,0.9330217617867917,0.047041104475517785
2017-11-09,227.99444580078125,-0.0036345040339810053,-0.0036279072186651273,0.001699601490744044,-0.000695780267817409,0.00038831609175889463,226.86627655029298,223.2497692871094,213.1268231201172,227.58396987649638,226.11313604620378,55.43008373311614,1.4708338302926052,1.535729414300729,-0.06489558400812379,229.21078336250196,224.521769738084,0.7405984159682004,0.048997515074226825
2017-11-10,227.9237823486328,-0.0003099830116514885,-0.00030993497188169794,-0.0036345040339810053,0.001699601490744044,0.0033332549453991512,227.0049255371094,223.4585760498047,213.26961662292481,227.63624871836353,226.24725799453185,61.19872645575152,1.3889907238316823,1.5063816762069198,-0.11739095237523745,229.2480614888309,224.76178958538787,0.7048152299503385,0.04907883802121144
2017-11-13,228.1357421875,0.0009295271460200252,0.0009299592902638487,-0.0003099830116514885,-0.0036345040339810053,0.0015464649230899831,227.1391586303711,223.66547058105468,213.41965187072753,227.71309386746145,226.38714571252947,60.254261889746445,1.3259481549319787,1.4702949719519316,-0.1443468170199529,229.31095491061225,224.96736235012995,0.7294376240984816,0.049021134019987866
2017-11-14,227.6059417724609,-0.002325004151891491,-0.0023223034232122686,0.0009295271460200252,-0.0003099830116514885,-0.000695780267817409,227.23895416259765,223.8930529785156,213.56712532043457,227.69660892976907,226.47742690215404,65.32675205827641,1.2191820276150338,1.4200723830845523,-0.2008903554695185,229.29525606863135,225.18265225656396,0.5892348562208756,0.05009651482829322
2017-11-15,226.4667053222656,-0.005017870368931114,-0.005005301888534208,-0.002325004151891491,0.0009295271460200252,0.001699601490744044,227.2707504272461,224.08308746337892,213.70851066589356,227.50739299015316,226.4766327110512,54.59659127227773,1.030760279101969,1.3422099622880357,-0.3114496831860667,229.25372995546726,225.28777089902493,0.2972633873578683,0.053638898053583316
2017-11-16,228.39187622070312,0.008464971190334375,0.00850090036722162,-0.005017870368931114,-0.002325004151891491,-0.0036345040339810053,227.39571228027344,224.31215270996094,213.85886878967284,227.6434673333147,226.61850260065506,55.04995493508767,1.0249647326596403,1.2787609163623566,-0.2537961837027163,229.32735516872611,225.46406939182077,0.757854064637085,0.06124928325096041
2017-11-17,227.72067260742188,-0.0029431512003368593,-0.0029388243767157762,0.008464971190334375,-0.005017870368931114,-0.0003099830116514885,227.42882843017577,224.53288970947267,213.99903602600097,227.65534506779272,226.70014482337854,56.29963031604537,0.9552002444141863,1.2140487819727226,-0.2588485375585363,229.35882773397927,225.49882912637227,0.5756073270780359,0.05991355438279878
2017-11-20,228.1092529296875,0.0017049359623991095,0.0017063901920557623,-0.0029431512003368593,0.008464971190334375,0.0009295271460200252,227.52553100585936,224.71517608642577,214.14293098449707,227.72517704654578,226.80452320162365,56.49688504842759,0.9206538449221284,1.1553697945626038,-0.23471594964047537,229.3835226369814,225.66753937473732,0.6570841100817082,0.058174742327795806
2017-11-21,229.6017303466797,0.006521507069375978,0.006542818398744377,0.0017049359623991095,-0.0029431512003368593,-0.002325004151891491,227.67698364257814,224.91254974365233,214.29424476623535,228.0138775542587,227.01172373088707,62.25476079967191,1.0021538233716285,1.1247266003244087,-0.12257277695278024,229.69487975231868,225.6590875328376,0.9769191770603658,0.06195653463427127
2017-11-22,229.39862060546875,-0.0008850091467102351,-0.0008846176416190676,0.006521507069375978,0.0017049359623991095,-0.005017870368931114,227.87436065673828,225.10375213623047,214.44323684692384,228.22691494675257,227.18853090678203,60.5032908767028,1.0383840399705377,1.1074580882536347,-0.06907404828309693,229.74219260552664,226.0065287079499,0.908029199232629,0.05864741315225013
2017-11-24,229.92849731445312,0.002307187724659063,0.0023098513303430046,-0.0008850091467102351,0.006521507069375978,0.008464971190334375,228.08366012573242,225.3069580078125,214.5889575958252,228.48869684947573,227.39149138142432,59.48336950833443,1.0972054680514134,1.1054075642131904,-0.008202096161777028,229.88250992915076,226.2848103223141,1.0127824416510425,0.05885513815984504
2017-11-27,229.8136749267578,-0.0004995077546311545,-0.0004993830214019557,0.002307187724659063,-0.0008850091467102351,-0.0029431512003368593,228.19493255615234,225.50195037841797,214.73014266967775,228.69253963059603,227.57091238478236,57.040497893122144,1.12162724581367,1.1086515005332864,0.012975745280383588,230.13455831502688,226.2553067972778,0.9172821388866124,0.05242956243174514
2017-11-28,232.14508056640625,0.01009365189371147,0.010144764624609337,-0.0004995077546311545,0.002307187724659063,0.0017049359623991095,228.46516647338868,225.73420959472656,214.87749938964845,229.22369977456682,227.90973965749527,67.1286894290977,1.3139601170715594,1.149713223840941,0.16424689323061825,230.97400083514,225.95633211163735,1.2333912013323904,0.06008477468426062
2017-11-29,232.0038299560547,-0.0006086435258591847,-0.0006084583399610377,0.01009365189371147,-0.0004995077546311545,0.006521507069375978,228.71067276000977,225.95922821044923,215.0201008605957,229.65141211018033,228.2130056055367,65.02512432357582,1.4384065046436376,1.2074518800014804,0.2309546246421572,231.58829789983704,225.8330476201825,1.0722005188352268,0.06039447991132627
2017-11-30,234.0349884033203,0.008716747310033048,0.00875484877835997,-0.0006086435258591847,0.01009365189371147,-0.0008850091467102351,229.04272537231446,226.22328033447266,215.1675469970703,230.3258084629711,228.6442635905577,75.63741725070935,1.6815448724134114,1.3022704784838668,0.37927439392954465,232.70599436561938,225.37945637900955,1.1813945468009368,0.06622692368017877
2017-12-01,233.5492248535156,-0.0020777593031983646,-0.002075602255537934,0.008716747310033048,-0.0006086435258591847,0.002307187724659063,229.34607391357423,226.48945098876953,215.31343490600585,230.821718676901,229.0075940544805,73.0630016327498,1.8141246224205076,1.404641307271195,0.4094833151493127,233.44423457072597,225.2479132564225,1.0128094395965674,0.06731557066159104
2017-12-04,233.2666778564453,-0.0012105287327755987,-0.0012097963384271049,-0.0020777593031983646,0.008716747310033048,-0.0004995077546311545,229.59731903076172,226.74908813476563,215.45629936218262,231.19786624298476,229.32308174351493,70.91458916693921,1.8747844994698255,1.4986699457109212,0.37611455375890435,234.01415409212555,225.1804839693979,0.9153832749813581,0.06744175040637952
2017-12-05,232.4277191162109,-0.0036030480645609683,-0.0035965648756343116,-0.0012105287327755987,-0.0020777593031983646,0.01009365189371147,229.78895416259766,227.00095306396486,215.58887413024902,231.38707437732725,229.55305488223314,69.17122084275707,1.834019495094111,1.5657398555875592,0.26827963950655187,234.3528196888005,225.22508863639482,0.789093197253854,0.06942621903958492
2017-12-06,232.47186279296875,0.00018990628775883745,0.0001899243210994328,-0.0036030480645609683,-0.0012105287327755987,-0.0006086435258591847,229.99074630737306,227.25105102539064,215.72258361816407,231.55396490281058,229.76926287562097,76.15379912385157,1.78470202718961,1.6095322899079694,0.17516973728164054,234.6584470096862,225.32304560505992,0.7657750189902002,0.06923875390653564
2017-12-07,233.2048797607422,0.003148182016424283,0.003153142745822235,0.00018990628775883745,-0.0036030480645609683,0.008716747310033048,230.20976028442382,227.49867767333984,215.85926177978516,231.80795180403084,230.02375301525956,73.39063114103702,1.7841987887712776,1.644465589680631,0.13973319909064652,235.0547621905827,225.36475837826495,0.809093735599054,0.06965705564093612
2017-12-08,234.4764862060547,0.005437931341347234,0.0054527437273916846,0.003148182016424283,0.00018990628775883745,-0.0020777593031983646,230.5338623046875,227.76643768310547,216.00099227905272,232.21849555818835,230.3535851034666,81.02208090492877,1.8649104547217519,1.6885545626888554,0.17635589203289648,235.61630257899108,225.4514220303839,0.8878672142298244,0.06918354536018465
2017-12-11,235.1829833984375,0.0030085530943356528,0.003013083332210842,0.005437931341347234,0.003148182016424283,-0.0012105287327755987,230.89682235717774,228.03278503417968,216.14464401245118,232.67457061053437,230.71131831050147,81.56045847300913,1.9632523000329059,1.7434941101576655,0.21975818987524032,236.22530007989576,225.56834463445972,0.9021937656777346,0.06909736320365317
2017-12-12,235.59811401367188,0.001763582799361095,0.0017651388260990775,0.0030085530943356528,0.005437931341347234,-0.0036030480645609683,231.26994094848632,228.28818328857423,216.29315757751465,233.1243465187094,231.07330317740298,79.59923655497677,2.0510433413064106,1.8050039563874147,0.2460393849189959,236.82463427688364,225.715247620089,0.8895960415184926,0.06905862105911133
2017-12-13,235.5715789794922,-0.0001126347241868556,-0.00011262838113446083,0.001763582799361095,0.0030085530943356528,0.00018990628775883745,231.6682228088379,228.53351287841798,216.42712852478027,233.5008438203683,231.40650879237256,81.01143560629853,2.094335027995726,1.8628701707090771,0.23146485728664867,237.25893063243157,226.07751498524422,0.8490932001652374,0.06782237357043552
2017-12-14,234.6090087890625,-0.004094475868376203,-0.004086104930822287,-0.0001126347241868556,0.001763582799361095,0.003148182016424283,232.07533798217773,228.75429321289062,216.56286018371583,233.67133073862894,231.6437310143496,72.5340793220278,2.0275997242793267,1.895816081423127,0.1317836428561996,237.2408847577988,226.90979120655666,0.7452471071254738,0.06667518242153152
2017-12-15,236.56268310546875,0.008292881539748284,0.008327362732105437,-0.004094475868376203,-0.0001126347241868556,0.005437931341347234,232.483878326416,228.98765258789064,216.70770736694337,234.11615417968122,232.008097835914,77.60497997201436,2.108056343767231,1.938264133891948,0.1697922098752831,237.71483719057008,227.25291946226193,0.889871616751124,0.06644827674422553
2017-12-18,238.06277465820312,0.006321180304019353,0.0063412011270838065,0.008292881539748284,-0.004094475868376203,0.0030085530943356528,233.00098342895507,229.25613647460938,216.86314605712892,234.7233265609923,232.4565924153428,75.97087248609773,2.2667341456494796,2.0039581362434546,0.26277600940602497,238.29371772082672,227.7082491370834,0.9781830099634637,0.06589098632263214
2017-12-19,237.14854431152344,-0.003847683916991515,-0.003840291066052992,0.006321180304019353,0.008292881539748284,0.001763582799361095,233.45294799804688,229.51375305175782,217.01710441589356,235.09643698415096,232.8041444076525,71.14395225923286,2.292292576498454,2.0616250242944547,0.23066755220399937,238.52609125525103,228.37980474084273,0.864231416905939,0.06932583908079287
2017-12-20,237.02426147460932,-0.000524209057303921,-0.0005240716837412451,-0.003847683916991515,0.006321180304019353,-0.0001126347241868556,233.82407455444337,229.75704986572265,217.17235717773437,235.3930253672984,233.1167456718715,64.56895872159305,2.2762796954268936,2.1045559585209426,0.171723736905951,238.7959411116139,228.85220799727284,0.8218295265337091,0.06764519765613483
2017-12-21,237.51239013671875,0.002057286123699762,0.0020594037887624594,-0.000524209057303921,-0.003847683916991515,-0.004094475868376203,234.22976303100586,230.00304412841797,217.32874420166016,235.71908148567076,233.4423489655639,69.31101039120155,2.2767325201068616,2.1389912708381265,0.1377412492687351,239.0012747064138,229.45825135559792,0.8439818792261726,0.06702028407325704
2017-12-22,237.4503326416016,-0.00026131522536039536,-0.0002612810855107117,0.002057286123699762,-0.000524209057303921,0.008292881539748284,234.6058547973633,230.25450897216797,217.4812075805664,235.98542781735242,233.73923664527038,70.83301673753331,2.2461911720820353,2.160431251086908,0.08575992099512719,239.12917609559685,230.08253349912974,0.8144235901779874,0.06735026427260138
2017-12-26,237.16629028320312,-0.0011969340245995216,-0.0011962179847825327,-0.00026131522536039536,0.002057286123699762,0.006321180304019353,234.97348556518554,230.49481872558593,217.63172874450683,236.16709896594483,233.99309247030243,74.97663570193407,2.174006495642402,2.163146299998007,0.010860195644394999,239.0277195645972,230.9192515657739,0.7704339116015261,0.06768459077560819
2017-12-27,237.2816925048828,0.0004864694471979742,0.0004865877926492068,-0.0011969340245995216,-0.00026131522536039536,-0.003847683916991515,235.23031616210938,230.7314309692383,217.78678848266603,236.33857489501221,234.23669247286392,75.16320877471651,2.101882422148293,2.1508935244280645,-0.04901110227977146,239.17956175584942,231.28107056836933,0.7597174946558245,0.05977578548850281
2017-12-28,237.7698516845703,0.002055184779342844,0.0020572981191013806,0.0004864694471979742,-0.0011969340245995216,-0.000524209057303921,235.51861724853515,230.9746273803711,217.9353642272949,236.55877132417498,234.49840797002736,74.51015733297474,2.0603633541476256,2.132787490371977,-0.07242413622435118,239.31502124544303,231.72221325162727,0.7964956361162774,0.059516578139521596
2017-12-29,236.87332153320312,-0.003777706151306403,-0.003770579596258261,0.002055184779342844,0.0004864694471979742,0.002057286123699762,235.6605339050293,231.1954782104492,218.08150337219237,236.60716366402548,234.67432749322555,63.409120787001065,1.9328361707999306,2.0927972264575674,-0.15996105565763674,239.4355628867931,231.8855049232655,0.6606328897119064,0.05501854338401238
2018-01-02,238.5687255859375,0.007131936476073866,0.007157429303395579,-0.003777706151306403,0.002055184779342844,-0.00026131522536039536,235.9115089416504,231.44899993896485,218.23794303894044,236.9089424212427,234.96280142601904,67.05450666076356,1.946140995223658,2.0634659802107858,-0.11732498498712784,239.76218739654664,232.06083048675416,0.8450322683926493,0.058659255919624
2018-01-03,240.0776824951172,0.006305121620859782,0.006325040742342081,0.007131936476073866,-0.003777706151306403,-0.0011969340245995216,236.25205917358397,231.70938659667968,218.40306427001954,237.39644089414645,235.3416815052115,70.32460042840646,2.05475938893494,2.0617246619556164,-0.006965273020676399,240.3166449444954,232.18747340267254,0.9706043293404735,0.060822014629749815
2018-01-04,241.0896148681641,0.004206162266224388,0.004215020582212903,0.006305121620859782,0.007131936476073866,0.0004864694471979742,236.68515396118164,232.00767486572266,218.58653739929198,237.96462150553378,235.7674543469117,72.98135461813175,2.1971671586220793,2.088813161288909,0.10835399733317042,240.87785487175077,232.4924530506125,1.0252534107404976,0.058508568749348004
2018-01-05,242.6962280273437,0.006641860604183954,0.0066639666750396565,0.004206162266224388,0.006305121620859782,0.002055184779342844,237.19637222290038,232.33014587402343,218.77563873291015,238.69256097042762,236.28069684175853,81.96654274196041,2.4118641286690945,2.1534233547649464,0.2584407739041481,241.70725557983835,232.6854888659624,1.1096207072151685,0.0605570469716416
2018-01-08,243.1400604248047,0.001827086742917005,0.001828756882908733,0.006641860604183954,0.004206162266224388,-0.003777706151306403,237.69313125610353,232.68392547607422,218.96805221557617,239.3767916557164,236.78879784791008,79.52233343241315,2.5879938078063276,2.2403374453732225,0.34765636243310505,242.52968837779653,232.85657413441052,1.0630998488853265,0.06045030222387154
2018-01-09,243.6903533935547,0.0022607182604134834,0.0022632756107263674,0.001827086742917005,0.006641860604183954,0.007131936476073866,238.15382461547853,233.0428823852539,219.16396057128907,240.04041653846076,237.3000241846245,77.61360760583554,2.7403923538362562,2.3403484270658295,0.40004392677042677,243.43514130377037,232.8725079271867,1.0241617862407402,0.059151781510176214
2018-01-10,243.31756591796875,-0.0015309301291153478,-0.0015297588533752515,0.0022607182604134834,0.001827086742917005,0.006305121620859782,238.56055374145507,233.3574691772461,219.3590544128418,240.54459336607738,237.74576801672407,81.96906940958561,2.798825349353308,2.432043811523325,0.3667815378299828,244.12393416750373,232.9971733154064,0.9275289313526508,0.06023589217642984
2018-01-11,245.0928955078125,0.0072698582402423,0.007296347812563164,-0.0015309301291153478,0.0022607182604134834,0.004206162266224388,239.0352928161621,233.72451904296875,219.55559173583984,241.24433215711355,238.2899996827306,85.70359827256996,2.9543324743829373,2.536501544095248,0.4178309302876895,245.1293987592095,232.9411868731147,0.9970050363631568,0.063400660880303
2018-01-12,246.69061279296875,0.006497667690943484,0.006518823329602963,0.0072698582402423,-0.0015309301291153478,0.006641860604183954,239.59124450683595,234.11645721435548,219.75915573120116,242.08222148570667,238.912267320526,86.98194874821701,3.1699541651806555,2.6631920683123296,0.506762096868326,246.34762268907565,232.83486632459625,1.0253826898555434,0.06483878307543905
2018-01-16,245.84727478027344,-0.0034244628002063943,-0.003418606014826686,0.006497667690943484,0.0072698582402423,0.001827086742917005,240.15315780639648,234.48552398681642,219.95522369384764,242.66146045410156,239.4259715768036,81.82989720536467,3.2354888772979677,2.777651430109457,0.4578374471885107,247.03305040167385,233.2732652111191,0.9138231007985231,0.06399975383659973
2018-01-17,248.1906890869141,0.009486849407032356,0.009531992204245832,-0.0034244628002063943,0.006497667690943484,0.0022607182604134834,240.73455810546875,234.89969268798828,220.16541328430176,243.5121110129958,240.07520991088586,86.14625702292867,3.4369011021099425,2.9095013645095547,0.5273997376003878,248.27087375471646,233.19824245622104,0.9946801148243853,0.06559331670734234
2018-01-18,247.77349853515625,-0.001682341832603092,-0.0016809274888299752,0.009486849407032356,-0.0034244628002063943,-0.0015309301291153478,241.2200942993164,235.2903271484375,220.3753098297119,244.1677090933282,240.64545351268367,83.73246021568244,3.5222555806445257,3.032052207736549,0.49020337290797666,249.265682853328,233.1745057453048,0.9072669259585904,0.06539834077722209
2018-01-19,248.9008178710937,0.004539478827777482,0.0045497978702411235,-0.001682341832603092,0.009486849407032356,0.0072698582402423,241.8077079772949,235.69644317626953,220.5901870727539,244.8958796745229,241.256961983677,84.37465541891147,3.6389176908458865,3.1534253043584166,0.48549238648746984,250.30519739846946,233.31021855612036,0.9173650323190606,0.062149042309194415
2018-01-22,250.9245147705078,0.008097660624279274,0.008130535354295976,0.004539478827777482,-0.001682341832603092,0.006497667690943484,242.50272064208986,236.14621307373048,220.81824348449706,245.82336199698213,241.97307700492374,90.56858462246042,3.8502849920583913,3.2927972418984117,0.5574877501599795,251.60516397255253,233.40027731162718,0.9626117308653367,0.06423514574949653
2018-01-23,251.4571990966797,0.0021206366039850117,0.002122886744083452,0.008097660624279274,0.004539478827777482,-0.0034244628002063943,243.1999610900879,236.59886505126954,221.04607749938964,246.69010616616637,242.67560456727603,89.88978418706733,4.014501598890348,3.437138113296799,0.577363485593549,252.81480876679416,233.58511341338163,0.9294003547553057,0.06422517626687013
2018-01-24,251.35955810546875,-0.00038837604769401357,-0.00038830063947936644,0.0021206366039850117,0.008097660624279274,0.009486849407032356,243.89542236328126,237.06616729736328,221.27447265625,247.40848338759753,243.31886038491996,88.25975499069065,4.08962300267757,3.5676350911729533,0.5219879115046164,253.76790004277305,234.02294468378946,0.8780274812721444,0.06430841444217919
2018-01-25,251.46597290039065,0.0004232672764160036,0.00042335686664940475,-0.00038837604769401357,0.0021206366039850117,-0.001682341832603092,244.61040649414062,237.53701110839845,221.50278793334962,248.03271254341186,243.92235020088074,87.49152336793806,4.110362342531118,3.6761805414445865,0.4341818010865319,254.50214248688778,234.71867050139346,0.8465299928787368,0.06320504693486408
2018-01-26,254.37744140625,0.011511470048993989,0.01157798199207094,0.0004232672764160036,-0.00038837604769401357,0.004539478827777482,245.46519393920897,238.06184509277344,221.74688484191896,249.0088246761562,244.69680140127846,88.56935571632968,4.312023274877731,3.803349088131216,0.5086741867465152,255.6409368731786,235.28945100523936,0.937916303746694,0.06937280856223652
2018-01-29,252.69094848632807,-0.006651959271273845,-0.006629883965333816,0.011511470048993989,0.0004232672764160036,0.008097660624279274,246.21124877929688,238.56354522705078,221.98705276489258,249.57530526233649,245.28896044461547,79.1438168325633,4.286344817721016,3.899948234049176,0.38639658367184015,256.1975927717849,236.22490478680882,0.8244280245055337,0.07808073757945212
2018-01-30,250.09912109375,-0.010309870887289792,-0.010256906343910077,-0.006651959271273845,0.011511470048993989,0.0021206366039850117,246.8725387573242,239.03619354248048,222.22090759277344,249.6558923133232,245.64526864084766,67.38930802142663,4.010623672475532,3.9220833217344473,0.08854035074108468,255.96708474902266,237.77799276562575,0.6773910615973042,0.08840882695771221
2018-01-31,250.22332763671875,0.000496505986631271,0.0004966292661308103,-0.010309870887289792,-0.006651959271273845,-0.00038837604769401357,247.45526885986328,239.4728225708008,222.44637657165526,249.74319005538405,245.9843841220233,68.99405890065314,3.7588059333607475,3.8894278440597074,-0.1306219106989599,255.76960812541373,239.14092959431284,0.6664629436234709,0.08714198128015524
2018-02-01,249.9392547607422,-0.0011359222641577286,-0.0011352773486770218,0.000496505986631271,-0.010309870887289792,0.0004232672764160036,247.94834747314454,239.9171942138672,222.67348579406737,249.77335385620836,246.27733750266916,64.5209398782587,3.496016353539204,3.8107455459556068,-0.3147291924164026,255.56049846269556,240.3361964835935,0.6307716629853053,0.08670394020347146
2018-02-02,244.49810791015625,-0.022010337104344045,-0.021769877067908117,-0.0011359222641577286,0.000496505986631271,0.011511470048993989,248.11877212524413,240.24497131347655,222.875269241333,248.96177755681575,246.14554271803857,44.66047919233841,2.816234838777177,3.611843404519921,-0.7956085657427439,255.2198328558112,241.01771139467706,0.24506173426299163,0.1210465542448737
2018-02-05,234.2725982666016,-0.04272218308879979,-0.04182244897908227,-0.022010337104344045,-0.0011359222641577286,-0.006651959271273845,247.69759063720704,240.338388671875,223.01761764526367,246.70190381985972,245.26606535126544,30.65282107995175,1.4358384685942838,3.1766424173347936,-1.7408039487405098,256.85451175541306,238.540669519001,-0.23305165553482374,0.19385060405188942
2018-02-06,238.8882598876953,0.019510523566354573,0.019702097706882027,-0.04272218308879979,-0.022010337104344045,-0.010309870887289792,247.48500061035156,240.52818145751954,223.18632362365722,245.49980475337287,244.79363531692692,35.54865173152389,0.706169436445947,2.6825478211570246,-1.9763783847110776,257.26374293569484,237.70625828500826,0.060437301820689765,0.20785494987272676
2018-02-07,237.5923767089844,-0.0054394083381475245,-0.0054246415429545225,0.019510523566354573,-0.04272218308879979,0.000496505986631271,247.18010177612305,240.68145904541015,223.33726936340332,244.2832773619285,244.26020875337562,34.60392895974127,0.023068608552875958,2.150651978636195,-2.127583370083319,257.801019083445,236.55918446880113,0.04863950119783902,0.2081077170180436
2018-02-08,228.6805419921875,-0.03823048593263354,-0.037508925329336584,-0.0054394083381475245,0.019510523566354573,-0.0011359222641577286,246.448250579834,240.65879638671876,223.43762168884277,241.8828565358145,243.10615936365798,25.249696494275483,-1.2233028278434688,1.4758610173402624,-2.6991638451837314,259.844407582625,233.052093577043,-0.1631643905018696,0.24604079117064256
2018-02-09,232.1156616210937,0.014909772423040788,0.01502147755546046,-0.03823048593263354,-0.0054394083381475245,-0.022010337104344045,245.79938888549805,240.6582080078125,223.5558056640625,240.380211164319,242.29204841976434,27.746250382282327,-1.9118372554453344,0.7983213627831431,-2.7101586182284776,260.65013081647794,230.94864695451815,0.03929146004958342,0.25174088650589876
2018-02-12,235.52420043945312,0.014577881221763223,0.01468465675497388,0.014909772423040788,-0.03823048593263354,-0.04272218308879979,245.24106826782227,240.72861541748046,223.69015754699706,239.63313259126272,241.7907263471487,32.349939368246524,-2.1575937558859835,0.20713833904931778,-2.3647320949353015,260.77464700506266,229.70748953058188,0.18723022579871407,0.25723888018487534
2018-02-13,236.11001586914065,0.002484195211870723,0.002487283381471972,0.014577881221763223,0.014909772423040788,0.019510523566354573,244.75420532226562,240.77011596679688,223.82971244812012,239.09111463401317,241.36993297840735,33.28780400359332,-2.278818344394182,-0.2900529976393822,-1.9887653467547997,260.80940776390963,228.6990028806216,0.2307978680261405,0.2577557197408783
2018-02-14,239.29656982421875,0.013405795264734878,0.013496055825281905,0.002484195211870723,0.014577881221763223,-0.0054394083381475245,244.30949935913085,240.88506286621094,223.982576751709,239.12272312481403,241.21635052254152,37.50680634636575,-2.093627397727488,-0.6507678776570034,-1.4428595200704846,260.4563670204466,228.16263169781513,0.34477083605131786,0.26043768175387744
2018-02-15,242.35011291503903,0.012679767604100613,0.012760496705253033,0.013405795264734878,0.002484195211870723,-0.03823048593263354,244.038330078125,241.06673156738282,224.15031532287597,239.6192446310025,241.30033292198578,37.688574699681475,-1.681088290983297,-0.8568319603222622,-0.8242563306610348,260.12229130734016,227.95436884890984,0.4475186137597913,0.2654826160418583
2018-02-16,242.4210662841797,0.00029272932340781944,0.0002927721728172017,0.012679767604100613,0.013405795264734878,0.014909772423040788,243.7143424987793,241.2665985107422,224.319676361084,240.05029411610667,241.38335020807423,39.127951361237315,-1.3330560919675634,-0.9520767866513224,-0.3809793053162409,259.6462237272422,227.7824612703164,0.45941231935971477,0.2647115920636435
2018-02-20,240.90328979492188,-0.006280591736491066,-0.006260910045988277,0.00029272932340781944,0.012679767604100613,0.014577881221763223,243.21328125,241.43522705078124,224.48022438049315,240.18152422053979,241.34779017747036,40.03844729777976,-1.1662659569305731,-0.9949146207071726,-0.17135133622340049,258.81734396749744,227.60921853250255,0.42598108912726185,0.26284134960552274
2018-02-21,239.70486450195312,-0.004987130435205462,-0.004974715347345171,-0.006280591736491066,0.00029272932340781944,0.002484195211870723,242.62566452026368,241.56522674560546,224.6306700897217,240.1081919561418,241.2260919792839,38.864834653606074,-1.1179000231420844,-1.019511701194155,-0.09838832194792935,257.80184468822085,227.4494843523065,0.40377025094636443,0.26256062605277486
2018-02-22,240.01551818847656,0.0012951450101220487,0.0012959840726174399,-0.004987130435205462,-0.006280591736491066,0.013405795264734878,242.05846252441407,241.6760073852539,224.78284385681152,240.09393445342408,241.1364198466315,39.500339353877955,-1.0424853932074143,-1.024106439596807,-0.018378953610607374,256.698715009745,227.41821003908314,0.4302285142286832,0.26279902066617644
2018-02-23,243.8412475585937,0.015813808414867202,0.015939508407589287,0.0012951450101220487,-0.004987130435205462,0.012679767604100613,241.6772262573242,241.84917266845704,224.9551081085205,240.67044416191172,241.33677745492497,49.280421129488694,-0.6663332930132526,-0.9525518102800961,0.28621851726684344,255.66873469817745,227.68571781647097,0.577333380829434,0.2704872430927966
2018-02-26,246.6727752685547,0.011545273040516583,0.011612176931963036,0.015813808414867202,0.0012951450101220487,0.00029272932340781944,241.29199295043946,242.0706658935547,225.13964988708497,241.59387971677987,241.73203655223088,66.21022236300485,-0.13815683545101365,-0.7896728153142797,0.651515979863266,254.19293470488145,228.39105119599748,0.7085422297276297,0.2705089009339135
2018-02-27,243.5927276611328,-0.012564980043431834,-0.012486370269554903,0.011545273040516583,0.015813808414867202,-0.006280591736491066,240.8370819091797,242.2310888671875,225.31093406677246,241.90139478514186,241.86986552326064,56.4071914027691,0.03152926188121796,-0.6254323998751802,0.6569616617563981,252.64057138439986,229.0335924339595,0.6167301312776289,0.27279619669015254
2018-02-28,241.1250762939453,-0.010181894148166866,-0.010130234144839934,-0.012564980043431834,0.011545273040516583,-0.004987130435205462,240.38837966918945,242.36141021728517,225.47162887573242,241.78196117111162,241.81469595071874,54.66250090120857,-0.03273477960712512,-0.5068928758215693,0.47415809621444416,251.36253231520698,229.41422702317192,0.5335650800803836,0.2727438285963342
2018-03-01,237.61900329589844,-0.014647223142281295,-0.014540474395839165,-0.010181894148166866,-0.012564980043431834,0.0012951450101220487,239.75816345214844,242.38253662109375,225.60902168273927,241.14150611338653,241.50390390221355,63.76062071735796,-0.36239778882702467,-0.4779938584226604,0.11559606959563573,249.75870995599863,229.75761694829825,0.3930478371643776,0.27630668771524397
2018-03-02,238.84390258789065,0.005141646811839026,0.005154887761509963,-0.014647223142281295,-0.010181894148166866,0.015813808414867202,239.20339584350586,242.3981591796875,225.7535012817383,240.78802864792561,241.30686676781926,61.114376686280394,-0.518838119893644,-0.4861627107168571,-0.03267540917678691,247.98229194946637,230.42449973754535,0.4795251446607778,0.2776384406990963
2018-03-05,241.6044311523437,0.011491595451142284,0.011557877486268353,0.005141646811839026,-0.014647223142281295,0.011545273040516583,239.05871200561523,242.4872769165039,225.93040992736817,240.9136290332207,241.32890857408032,60.26366328248468,-0.4152795408596148,-0.4719860767454087,0.056706535885793885,247.5612213121676,230.55620269906288,0.6497039906070218,0.27144525846387424
2018-03-06,242.21690368652344,0.002531814193561136,0.0025350219416859776,0.011491595451142284,0.005141646811839026,-0.012564980043431834,239.45592727661133,242.59112976074218,226.1062272644043,241.11413282603652,241.39468598981685,60.299392414053955,-0.2805531637803256,-0.43369949415239206,0.15314633037206649,247.75687011403568,231.154984439187,0.6663049887215458,0.22117036458641207
2018-03-07,242.12811279296875,-0.00036664316356444274,-0.0003665759581734651,0.002531814193561136,0.011491595451142284,-0.010181894148166866,239.617919921875,242.68344421386718,226.27486694335937,241.27012974402612,241.44901390116144,55.332658972826344,-0.17888415713531458,-0.38273642674897657,0.20385226961366198,247.9982897639887,231.2375500797613,0.6497662345687494,0.21091825518036808
2018-03-08,243.29981994628903,0.00482753195625442,0.0048392032622917025,-0.00036664316356444274,0.002531814193561136,-0.014647223142281295,239.90329208374024,242.80043395996094,226.44407447814942,241.5823897751435,241.58611064524496,51.92503736255036,-0.003720870101460605,-0.30693331541947344,0.30321244531801284,248.38137728026203,231.42520688721845,0.7003122039834095,0.21011865245577435
2018-03-09,247.5338134765625,0.017252683043322038,0.017402370175235493,0.00482753195625442,-0.00036664316356444274,0.005141646811839026,240.845955657959,243.00778442382813,226.6321346282959,242.49799342151564,242.02668122534254,58.866975650212424,0.47131219617310194,-0.15128421310095835,0.6225964092740603,248.1861493406647,233.50576197525328,0.9555641245789477,0.15787453646982338
2018-03-12,247.22317504882807,-0.0012557213976061316,-0.0012549333093995196,0.017252683043322038,0.00482753195625442,0.011491595451142284,241.6013313293457,243.20661407470703,226.81619300842286,243.22494444110217,242.4116066937489,61.439477216609184,0.8133377473532732,0.04164017898988796,0.7716975683633853,248.23397231741558,234.96869034127582,0.9238012979742437,0.15336920388525552
2018-03-13,245.6254272460937,-0.006483749340472183,-0.006462775192571657,-0.0012557213976061316,0.017252683043322038,0.002531814193561136,242.10639266967775,243.3637255859375,226.98723426818847,243.59424948802393,242.64966747540407,60.56395931346912,0.9445820126198612,0.2222285457158826,0.7223534669039786,248.3154139453501,235.8973713940054,0.7833807793672675,0.15075913550082756
2018-03-14,244.3649444580078,-0.0051449401512068125,-0.005131727615573789,-0.006483749340472183,-0.0012557213976061316,-0.00036664316356444274,242.5191390991211,243.51355804443358,227.15219177246092,243.71281794494453,242.776725029671,57.50618308678231,0.9360929152735196,0.36500141962741006,0.5710914956461095,248.11724157565658,236.92103662258563,0.6648599116060689,0.152917862820136
2018-03-15,244.09873962402344,-0.0010899678687048462,-0.0010893740694877252,-0.0051449401512068125,-0.006483749340472183,0.00482753195625442,242.75924758911134,243.6241583251953,227.31673652648925,243.77219051095668,242.87465203666005,50.50661952828404,0.8975384742966241,0.47150883056125287,0.4260296437353713,248.18465006657914,237.33384511164354,0.6234463286802346,0.14675621893583177
2018-03-16,244.36338806152344,0.0010835987004745677,0.0010841860056616248,-0.0010899678687048462,-0.0051449401512068125,0.017252683043322038,242.85991134643555,243.70987243652343,227.48286666870118,243.86314398027466,242.98492877924252,44.945726368996574,0.878215201032134,0.5528501046554292,0.32536509637670485,248.327893247512,237.3919294453591,0.6374800376343512,0.14013198286493678
2018-03-19,241.0570678710937,-0.013622711122385988,-0.013530341908654986,0.0010835987004745677,-0.0010899678687048462,-0.0012557213976061316,242.79171142578124,243.70922149658202,227.62407012939454,243.4314399634776,242.8421242675278,44.50493599116954,0.5893156959498072,0.5601432229143049,0.0291724730355023,248.3164702223117,237.2669526292508,0.34301182924249035,0.14873286357900434
2018-03-20,241.4670562744141,0.0016993492406612728,0.0017007939528230764,-0.013622711122385988,0.0010835987004745677,-0.006483749340472183,242.81989974975585,243.68463806152343,227.76378196716308,243.12922708823706,242.740267379149,50.81367638537741,0.38895970908805566,0.525906520149055,-0.13694681106099937,248.30973230862932,237.33006719088237,0.3767864537912825,0.14715325129098047
2018-03-21,241.0035400390625,-0.0019214285036121578,-0.0019195837415801886,0.0016993492406612728,-0.013622711122385988,-0.0051449401512068125,242.88483352661132,243.6419076538086,227.9019631958008,242.80219831144097,242.61162090951296,59.41617019397873,0.1905774019280102,0.4588406965048461,-0.2682632945768359,248.24880951339503,237.5208575398276,0.3246362873189467,0.146141828675642
2018-03-22,234.9792022705078,-0.025314613090384862,-0.024996884973466527,-0.0019214285036121578,0.0016993492406612728,-0.0010899678687048462,242.63301773071288,243.46768463134765,228.01343322753905,241.59866045898974,242.04625656588294,41.514127095276216,-0.44759610689320084,0.2775533358252367,-0.7251494427184375,248.95201071317294,236.31402474825282,-0.10561987340784676,0.171917820897151
2018-03-23,229.97071838378903,-0.021545019807569874,-0.021314583751769756,-0.025314613090384862,-0.0019214285036121578,0.0010835987004745677,241.93949127197266,243.20074768066405,228.0978932952881,239.80974629357422,241.15177225609818,26.750553618509414,-1.3420259625239623,-0.0463625238446031,-1.2956634386793593,250.3864822645776,233.4925002793677,-0.2084636942706502,0.17441099424577133
2018-03-26,236.2624969482422,0.026991472666680574,0.027359042093146213,-0.021545019807569874,-0.025314613090384862,-0.013622711122385988,241.41897735595703,243.02413970947265,228.2132875061035,239.2640156250616,240.7896037147755,40.30183918809709,-1.5255880897138923,-0.34220763701846096,-1.1833804526954312,249.92069188721788,232.91726282469617,0.19673879376010414,0.19838251653140537
2018-03-27,232.24322509765625,-0.017158255573087946,-0.017011891021648018,0.026991472666680574,-0.021545019807569874,0.0016993492406612728,240.85150222778321,242.7351919555664,228.31020317077636,238.1838940054608,240.15653863202593,35.727492163313386,-1.9726446265651418,-0.6682950349277972,-1.3043495916373447,250.2138528217091,231.48915163385732,0.04027158864826955,0.20221207383689588
2018-03-28,231.55702209472656,-0.0029590475976711043,-0.0029546739313542902,-0.017158255573087946,0.026991472666680574,-0.0019214285036121578,240.37309951782225,242.44938690185546,228.4039064025879,237.16437524996323,239.5195374070408,32.80381617027987,-2.355162157077558,-1.0056684593577494,-1.3494936977198086,250.61326580114695,230.13293323449756,0.06953445973567939,0.20013327627190314
2018-03-29,234.51573181152344,0.012696513312926734,0.012777456239640772,-0.0029590475976711043,-0.017158255573087946,-0.025314613090384862,240.21793594360352,242.17588775634766,228.5071999359131,236.7568916440494,239.14888514070617,30.19661949835185,-2.3919934966567666,-1.282933466817553,-1.1090600298392137,250.72439482849956,229.7114770587075,0.2286333961541739,0.20079457135324763
2018-04-02,229.4538116455078,-0.021820919453217784,-0.021584565465671224,0.012696513312926734,-0.0029590475976711043,-0.021545019807569874,239.74843139648436,241.8094940185547,228.58653938293457,235.63334087504302,238.43073154846925,26.382847030488477,-2.7973906734262357,-1.5858249081392897,-1.211565765286946,251.3006167515724,228.19624604139634,0.054429770881298946,0.21291055156128344
2018-04-03,232.394775390625,0.012735790818372101,0.01281723639292065,-0.021820919453217784,0.012696513312926734,0.026991472666680574,239.28794860839844,241.4793731689453,228.68263870239258,235.1351000312864,237.98362368492525,33.021443777639035,-2.8485236536388356,-1.838364657239199,-1.0101589963996367,251.2553809001006,227.32051631669628,0.2120028319461247,0.2139996788522711
2018-04-04,234.8811187744141,0.010641964971667096,0.010698792086052178,0.012735790818372101,-0.021820919453217784,-0.017158255573087946,238.92115936279296,241.15850524902345,228.79093688964844,235.0960259917676,237.75380850636887,38.20087736150661,-2.65778251460128,-2.0022482287116152,-0.6555342858896647,250.9600699944899,226.882248731096,0.33220904648374294,0.21814523898153862
2018-04-05,236.7348022460937,0.007861028158142373,0.007892007162397352,0.010641964971667096,0.012735790818372101,-0.0029590475976711043,238.65149383544923,240.8640573120117,228.89962799072265,235.34814541551006,237.67832656116332,41.18643764452524,-2.330181145653256,-2.0678348120999432,-0.26234633355331294,250.62940526832915,226.6735824025693,0.4199905759824651,0.22067143244095222
2018-04-06,231.458984375,-0.022537852244289263,-0.022285772184899577,0.007861028158142373,0.010641964971667096,0.012696513312926734,238.05945205688477,240.46604583740233,228.98918983459473,234.7498129477393,237.21763454737342,36.20951290743924,-2.467821599634135,-2.1478321696067817,-0.31998943002735336,250.23880653161788,225.88009758215165,0.2290304795883117,0.23196907389580385
2018-04-09,232.5997314453125,0.004916401003458104,0.004928506332959159,-0.022537852244289263,0.007861028158142373,-0.021820919453217784,237.31274795532227,240.08872100830078,229.08471908569337,234.41903117813516,236.87556765092447,40.523305835315625,-2.4565364727893098,-2.209573030243287,-0.24696344254602254,248.86120780060153,225.764288110043,0.295946101335048,0.22195753315556246
2018-04-10,236.2981109619141,0.015775104417838852,0.01590018824880346,0.004916401003458104,-0.022537852244289263,0.012735790818372101,236.76649475097656,239.72713439941407,229.19922355651855,234.70812037563962,236.83279308136815,44.605584997961685,-2.1246727057285284,-2.1925929653403355,0.06792025961180714,247.33295573874008,226.20003376321304,0.4778362978103604,0.23185792516550147
2018-04-11,235.0593414306641,-0.00525619093099714,-0.005242401330282531,0.015775104417838852,0.004916401003458104,0.010641964971667096,236.2381904602051,239.3745022583008,229.30625984191894,234.76215438410492,236.7014262924271,43.89529772488153,-1.9392719083221834,-2.141928753936705,0.20265684561452169,245.96270688559216,226.51367403481802,0.4393877814600906,0.23160212370072647
2018-04-12,236.9932098388672,0.008193491262377107,0.008227149776021792,-0.00525619093099714,0.015775104417838852,0.007861028158142373,235.86960372924804,239.1123840332031,229.42226249694824,235.10539368483757,236.72303988845968,52.25811219835665,-1.6176462036221153,-2.037072243873787,0.41942604025167185,244.82561721937444,226.91359023912165,0.5627291434329499,0.2341767372523125
2018-04-13,236.2981109619141,-0.0029373003313798406,-0.002932990685369008,0.008193491262377107,-0.00525619093099714,-0.022537852244289263,235.47957229614258,238.83387969970704,229.54340141296387,235.28888865054165,236.69156367167852,57.85395766190444,-1.4026750211368721,-1.9101927993264043,0.5075177781895321,243.56361498288825,227.3955296093969,0.5506268149173409,0.23422233874869378
2018-04-16,238.24090576171875,0.008188180891738657,0.008221795730384729,-0.0029373003313798406,0.008193491262377107,0.004916401003458104,235.17344818115234,238.59991271972658,229.66476387023926,235.74304512918428,236.80632975242224,52.752946332228824,-1.063284623237962,-1.740811164108716,0.677526540870754,242.24078348997244,228.10611287233223,0.7170165590373357,0.23665660102362973
2018-04-17,240.78973388671875,0.010641708348893122,0.01069853271775778,0.008188180891738657,-0.0029373003313798406,0.015775104417838852,235.1600814819336,238.52574523925782,229.80827285766603,236.51945878418957,237.1013967253331,62.39985654258788,-0.5819379411435364,-1.5090365195156803,0.9270985783721439,242.1814240712316,228.1387388926356,0.9008957213799774,0.23552737517168976
2018-04-18,240.9679412841797,0.0007398217600830463,0.0007400954957024197,0.010641708348893122,0.008188180891738657,-0.00525619093099714,235.13512573242187,238.6596520996094,229.95069602966308,237.20384070726496,237.38780743339584,63.85828264916074,-0.18396672613087617,-1.2440225608387196,1.0600558347078435,242.06503489113786,228.20521657370588,0.9208435794877401,0.23545717225283463
2018-04-19,239.631103515625,-0.005563228769974283,-0.005547782669471868,0.0007398217600830463,0.010641708348893122,0.008193491262377107,235.06650390625,238.67450897216796,230.08463333129882,237.57726575470497,237.55397751356094,57.910631182669384,0.023288241144030053,-0.9905604004421698,1.0138486415861998,241.77539267070023,228.35761514179978,0.840190437614824,0.23618385326483826
2018-04-20,237.5992431640625,-0.00851527000816521,-0.00847911778459931,-0.005563228769974283,0.0007398217600830463,-0.0029373003313798406,235.19750595092773,238.67464630126952,230.20595100402832,237.5806468946061,237.5573305247092,63.8990100236989,0.023316369896917877,-0.7877850463743522,0.8111014162712701,242.00087293490452,228.39413896695095,0.6765109260452442,0.21951125051836118
2018-04-23,237.5636444091797,-0.00014983811185774278,-0.00014982688668851996,-0.00851527000816521,-0.005563228769974283,0.008188180891738657,235.57715225219727,238.8523083496094,230.33684478759767,237.57803112761744,237.55779821985516,59.790698306244835,0.02023290776227782,-0.6261814555470263,0.6464143633093041,241.98856046706484,229.1657440373297,0.6549185522437875,0.2034961276407384
2018-04-24,234.36431884765625,-0.013558741265589976,-0.013467235567462987,-0.00014983811185774278,-0.00851527000816521,0.010641708348893122,235.48224334716798,238.89728149414063,230.44488800048828,237.08361385377725,237.32124419228487,49.04683990096068,-0.23763033850761417,-0.5484712321391438,0.31084089363152967,241.90711854437706,229.0573681499589,0.4130002945428925,0.18666234398946177
2018-04-25,234.9435272216797,0.0024683528006457485,0.0024714016914832992,-0.013558741265589976,-0.00014983811185774278,0.0007398217600830463,235.61725845336915,238.88566802978517,230.55468467712402,236.75436975653145,237.14511700927707,46.53328569023926,-0.3907472527456264,-0.5169264362604403,0.12617918351481394,241.86663308210353,229.36788382463476,0.4460961078736048,0.1759926778661006
2018-04-26,237.33187866210932,0.010114317922219365,0.010165640520822361,0.0024683528006457485,-0.013558741265589976,-0.005563228769974283,235.90600128173827,238.91010528564453,230.67721397399902,236.8432172804665,237.15895120578318,62.79616094558718,-0.3157339253166924,-0.47668793407169074,0.16095400875499832,241.89364997572352,229.91835258775302,0.6190682230408223,0.17860660434308
2018-04-27,237.55470275878903,0.000938430866442111,0.0009388713304585572,0.010114317922219365,0.0024683528006457485,-0.00851527000816521,236.05794982910157,238.87526794433595,230.7928607940674,236.95267658482382,237.18826613563547,61.245987026884734,-0.23558955081165323,-0.42846825741968325,0.19287870660803003,242.05128472945415,230.064614928749,0.6248681205516655,0.17339674437247357
2018-04-30,235.72775268554688,-0.007720375546180599,-0.0076906499935605055,0.000938430866442111,0.010114317922219365,-0.00014983811185774278,236.37164688110352,238.7428207397461,230.89757125854493,236.76422675416583,237.08007995414744,48.58531733566261,-0.31585319998160344,-0.40594524593206727,0.09009204595046383,241.50454536521454,231.2387483969925,0.43727771964029427,0.15546395748250322
2018-05-01,236.14659118652344,0.0017752124751387102,0.0017767890976132517,-0.007720375546180599,0.000938430866442111,-0.013558741265589976,236.55923767089843,238.61733123779297,230.99936721801757,236.66920589760548,237.01093263802713,52.81108812394758,-0.34172674042164886,-0.3931015448299836,0.05137480440833475,241.34249596700334,231.7759793747935,0.4568655444855431,0.1495728399681488
2018-05-02,234.56036376953125,-0.0067397917315244246,-0.006717130274979444,0.0017752124751387102,-0.007720375546180599,0.0024683528006457485,236.5431999206543,238.49047271728514,231.093363571167,236.34476864713253,236.82940901813856,43.594723085736554,-0.4846403710060372,-0.4114093100651943,-0.07323106094084286,241.352230445749,231.7341693955596,0.29384242408359357,0.14710979680862105
2018-05-03,234.04345703125,-0.0022061576324850693,-0.0022037258553586625,-0.0067397917315244246,0.0017752124751387102,0.010114317922219365,236.40863265991212,238.3772445678711,231.1842041015625,235.99072070622753,236.62304220429496,44.007646930480796,-0.6323214980674265,-0.4555917476656408,-0.17672975040178573,241.34404743835142,231.4732178814728,0.26038734991489026,0.14422476419143987
2018-05-04,237.073471069336,0.012863285681839656,0.012946373620183804,-0.0022061576324850693,-0.0067397917315244246,0.000938430866442111,236.6893569946289,238.3184036254883,231.284351272583,236.1572976851673,236.65640730540912,47.06674385526386,-0.4991096202418248,-0.46429532218087766,-0.03481429806094716,241.04387997513044,232.33483401412735,0.5441051840152258,0.12634883121643806
2018-05-07,237.87550354003903,0.00337734483467415,0.0033830544897555104,0.012863285681839656,-0.0022061576324850693,-0.007720375546180599,236.95314559936523,238.1990887451172,231.38802536010743,236.42163704745525,236.74671073019653,41.973224890244126,-0.32507368274127657,-0.4364509942929574,0.11137731155168085,240.88303383335784,233.02325736537261,0.6173516758944472,0.12586533391748278
2018-05-08,237.87550354003903,0.0,0.0,0.00337734483467415,0.012863285681839656,0.0017752124751387102,237.0320152282715,238.02314331054689,231.49266578674317,236.64530881554504,236.8303250124071,41.39793617700377,-0.18501619686205117,-0.3861640348067762,0.20114783794472502,240.9698577501191,233.09417270642388,0.6071003102698713,0.11333899315948681
2018-05-09,240.17477416992188,0.009619441582015824,0.009665857121331722,0.0,0.00337734483467415,-0.0067397917315244246,237.28778686523438,237.95478424072266,231.60906616210937,237.18830348544918,237.0780619870378,51.4354410103442,0.11024149841136932,-0.28688292816314714,0.39712442657451646,241.34872989677422,233.22684383369455,0.855457744945612,0.11588172255963795
2018-05-10,242.4206085205078,0.009307385207921366,0.009350833610015208,0.009619441582015824,0.0,-0.0022061576324850693,237.5591567993164,237.9806948852539,231.7340594482422,237.99327349084282,237.47380617470228,62.58751259854757,0.519467316140549,-0.12561287930240791,0.6450801954429569,242.21849324741197,232.89982035122085,1.0216892765040024,0.11685246322019978
2018-05-11,243.16021728515625,0.003046287239110163,0.003050931887194963,0.009307385207921366,0.009619441582015824,0.012863285681839656,237.90226211547852,238.09151916503907,231.86270683288575,238.7881879207372,237.89502181251368,64.09333229842548,0.893166108223511,0.07814291820277586,0.8150231900207351,243.14473930115406,232.65978492980298,1.001476208999486,0.1160159828776499
2018-05-14,243.2761688232422,0.0004767387621213184,0.0004768524201059776,0.003046287239110163,0.009307385207921366,0.00337734483467415,238.15402526855468,238.1801644897461,231.99294471740723,239.47864652112258,238.29362529478985,76.56761322851503,1.1850212263327364,0.29951857982876795,0.8855026465039685,243.92224023518065,232.3858103019287,0.9439972837631281,0.11325557989422527
2018-05-15,241.60073852539065,-0.0069107723650904855,-0.006886947891179829,0.0004767387621213184,0.003046287239110163,0.0,238.19457550048827,238.18009063720703,232.11607955932618,239.8051222140869,238.53859664520473,68.62861471221942,1.266525568882173,0.49291997763944895,0.7736055912427241,244.0515269162178,232.33762408475874,0.7907795184842011,0.1106383736077058
2018-05-16,242.6166534423828,0.00419611696927303,0.00420493299479463,-0.0069107723650904855,0.0004767387621213184,0.009619441582015824,238.27701110839843,238.18808563232423,232.24490898132325,240.2376654799786,238.8406749264772,66.01854275721553,1.3969905535014107,0.6737340928118414,0.7232564606895693,244.3410679826029,232.21295423419394,0.8578167573299422,0.11155171009312723
2018-05-17,242.41165161132807,-0.0008453190922096816,-0.0008449619106770667,0.00419611696927303,-0.0069107723650904855,0.009307385207921366,238.4160385131836,238.1937564086914,232.3702970123291,240.5721248848016,239.1051917179476,64.73769354783443,1.4669331668540053,0.8323739076202742,0.6345592592337311,244.7330305668695,232.09904645949769,0.8162591518389729,0.10947759706285455
2018-05-18,241.8056640625,-0.0025029582610058046,-0.0024998284727653086,-0.0008453190922096816,0.00419611696927303,0.003046287239110163,238.62635955810546,238.16387329101562,232.492127532959,240.76190014290907,239.305226706433,69.9184105356222,1.4566734364760805,0.9572338133914355,0.49943962308464496,245.1068331237051,232.14588599250584,0.7452987788786978,0.10483681831822236
2018-05-21,243.62368774414065,0.0074904089547550975,0.007518532242366094,-0.0025029582610058046,-0.0008453190922096816,0.0004767387621213184,238.92936172485352,238.08567077636718,232.62515754699706,241.20217515848316,239.62511270922613,72.44537968323023,1.5770624492570278,1.081199540564554,0.49586290869247374,245.75795906889795,232.1007643808091,0.8437254960845874,0.10732225017358657
2018-05-22,242.94639587402344,-0.0027839455418975133,-0.002780073959099294,0.0074904089547550975,-0.0025029582610058046,-0.0069107723650904855,239.35846557617188,238.00013519287108,232.7528239440918,241.47051680702782,239.8711336843963,76.6269417148815,1.599383122631508,1.184836256977945,0.41454686565356313,246.05655041783902,232.66038073450474,0.767832550845872,0.09351793462453191
2018-05-23,243.61476135253903,0.0027473047898419947,0.002751082089985646,-0.0027839455418975133,0.0074904089547550975,0.00419611696927303,239.79202728271486,237.959921875,232.88181091308593,241.8004005832603,240.14843943759206,80.10085043366259,1.6519611456682526,1.2782612347160065,0.3736999109522461,246.4089191526691,233.1751354127606,0.7888617605482047,0.09354968410394283
2018-05-24,243.1156768798828,-0.0020507640713101865,-0.0020486626913956973,0.0027473047898419947,-0.0027839455418975133,-0.0008453190922096816,240.08121719360352,237.9349365234375,233.01098274230958,242.0027507827407,240.36823480368767,72.59985480645425,1.6345159790530204,1.3495121835834094,0.28500379546961097,246.7507421495705,233.41169223763654,0.7274869429466991,0.08909063009578354
2018-05-25,242.53634643554688,-0.002385785259063941,-0.0023829415353670003,-0.0020507640713101865,0.0027473047898419947,-0.0025029582610058046,240.3302993774414,237.90368865966798,233.13730194091798,242.08484242163394,240.52883566530687,67.7284477705152,1.556006756327065,1.3908110981321407,0.16519565819492432,246.9745801888014,233.6860185660814,0.6660109740044173,0.08999879927509771
2018-05-29,239.7469940185547,-0.011567405652903996,-0.011500760434409507,-0.002385785259063941,-0.0020507640713101865,0.0074904089547550975,240.5312614440918,237.8113607788086,233.26500854492187,241.72517343654482,240.47092146925115,55.87246715440313,1.2542519672936692,1.3634992719644463,-0.10924730467077715,246.82319135757663,234.23933153060696,0.43767671951842063,0.09581230410440811
2018-05-30,242.94639587402344,0.013256650193436298,0.013344909155445617,-0.011567405652903996,-0.002385785259063941,-0.0027839455418975133,240.8712516784668,237.8491473388672,233.4071304321289,241.91305381154152,240.65428994367872,58.23193032355607,1.2587638678627968,1.3425521911441165,-0.08378832328131969,246.89472311207527,234.8477802448583,0.6722548382962522,0.10547121613393833
2018-05-31,241.4580841064453,-0.006144932643400277,-0.006126091157778957,0.013256650193436298,-0.011567405652903996,0.0027473047898419947,241.2161376953125,237.84896789550783,233.53117790222169,241.84305847229595,240.7138302520318,47.006527933061626,1.1292282202641388,1.299887396968121,-0.17065917670398223,246.45724298928056,235.97503240134446,0.5230816209141281,0.10488035407475381
2018-06-01,243.82872009277344,0.009770118714333895,0.009818002139381887,-0.006144932643400277,0.013256650193436298,-0.0020507640713101865,241.70540084838868,237.90547149658204,233.6672102355957,242.14854487544633,240.9445628328275,51.88756390470799,1.2039820426188328,1.2807063260982634,-0.07672428347943061,245.83665011917302,237.57415157760434,0.7569827073133302,0.10791608358332686
2018-06-04,244.98719787597656,0.004739943645790837,0.004751194948496407,0.009770118714333895,-0.006144932643400277,-0.002385785259063941,242.1010871887207,238.1056314086914,233.80714561462403,242.58526072168175,241.24401728046817,54.56259561863222,1.341243441213578,1.2928137491213265,0.048429692092251564,245.8638790471307,238.3382953303107,0.8835065552198014,0.10073145930730505
2018-06-05,245.1654663085937,0.0007273996593450424,0.0007276642786346876,0.004739943645790837,0.009770118714333895,-0.011567405652903996,242.46558532714843,238.4095263671875,233.96488815307617,242.9822154273605,241.53449498625525,60.33047910980752,1.447720441105247,1.3237950875181106,0.1239253535871363,245.90318077091044,239.02798988338643,0.8926990574682907,0.10056494961233514
2018-06-06,247.21522521972656,0.008325959110229373,0.008360716303138727,0.0007273996593450424,0.004739943645790837,0.013256650193436298,242.9325714111328,238.62858093261718,234.13454917907714,243.6334477031091,241.95528981836424,62.57313454754205,1.678157884744877,1.394667646963464,0.283490237781413,246.28109048081905,239.58405234144658,1.1394847572116482,0.10321541866526927
2018-06-07,247.1884307861328,-0.00010839092023085671,-0.00010838504614729683,0.008325959110229373,0.0007273996593450424,-0.006144932643400277,243.28325424194335,238.92748504638672,234.30324165344237,244.18036817742043,242.3429298900508,63.18890256716206,1.837438287369622,1.4832217750446959,0.3542165123249261,246.87585128674172,239.690657197145,1.0435032784770097,0.09929965703548668
2018-06-08,247.91925048828125,0.0029521668136620795,0.0029565287494410786,-0.00010839092023085671,0.008325959110229373,0.009770118714333895,243.55818634033204,239.25472961425783,234.46442794799805,244.7555808406298,242.75599067510493,66.76432536833315,1.9995901655248645,1.5864954531407298,0.41309471238413464,247.6760199463045,239.44035273435958,1.0295337992317082,0.09509415480240554
2018-06-11,248.2489318847656,0.0013289100620105863,0.0013297934542599865,0.0029521668136620795,-0.00010839092023085671,0.004739943645790837,243.81262207031244,239.52939361572265,234.63112884521485,245.29301946280452,243.16287520915387,63.810347372698835,2.1301442536506556,1.695225213242715,0.4349190404079406,248.42595727692475,239.19928686370014,0.9808137297387993,0.09482812254669004
2018-06-12,248.56982421875,0.0012917885030120757,0.0012926232211680766,0.0013289100620105863,0.0029521668136620795,0.0007273996593450424,244.07730484008783,239.9117138671875,234.80193885803223,245.7971432714115,243.56338995060545,67.15592213250218,2.233753320806045,1.8029308347553812,0.43082248605066376,249.14600433140745,239.0086053487682,0.9431629243710158,0.09480854895236422
2018-06-13,247.776611328125,-0.003196209377521784,-0.003191106937932009,0.0012917885030120757,0.0013289100620105863,0.008325959110229373,244.38609848022458,240.2193505859375,234.96627815246583,246.10167681859818,243.8754804230143,62.6009574382568,2.2261963955838837,1.8875839469210818,0.33861244866280193,249.57069228902637,239.20150467142278,0.8269796027361306,0.09151785338650482
2018-06-14,248.40045166015625,0.0025145888727467853,0.0025177531030364797,-0.003196209377521784,0.0012917885030120757,-0.00010839092023085671,244.67528839111324,240.48973724365234,235.13369300842285,246.45533448653018,244.2106634776174,65.88089751008539,2.244671008912775,1.9590013593194207,0.28566964959335417,250.08466701465332,239.26590976757316,0.8443245082561014,0.09099599588862925
2018-06-15,248.08352661132807,-0.0012766780228360142,-0.001275863416149381,0.0025145888727467853,-0.003196209377521784,0.0029521668136620795,244.95888214111324,240.71671173095703,235.29829299926757,246.70582558265295,244.49754222826266,66.93653435105945,2.2082833543902893,2.0088577583335945,0.19942559605669485,250.46247081119733,239.45529347102914,0.7838733649554415,0.09113598103163069
2018-06-18,247.57325744628903,-0.0020589624180193,-0.002056844208920272,-0.0012766780228360142,0.0025145888727467853,0.0013289100620105863,245.2472618103027,241.03899719238282,235.45524490356445,246.83927663859697,244.7253729851535,77.75804216997864,2.113903653443458,2.029866937355567,0.08403671608789098,250.65882810750858,239.8356955130968,0.7149096498353263,0.0909128838137778
2018-06-19,246.62451171875,-0.0038395434066131433,-0.0038321817845970996,-0.0020589624180193,-0.0012766780228360142,0.0012917885030120757,245.39730300903315,241.31949279785155,235.60095024108887,246.80623588169743,244.8660499283829,65.52388582409925,1.9401859533145398,2.0119307405473617,-0.07174478723282185,250.78568356515746,240.00892245290885,0.6138754674929217,0.08936233237911739
2018-06-20,247.0452117919922,0.001704379081996809,0.0017058323615535276,-0.0038395434066131433,-0.0020589624180193,-0.003196209377521784,245.6022438049316,241.53443481445314,235.74722122192384,246.84300140635816,245.0274693256873,75.91667209313519,1.815532080670863,1.972651008572062,-0.15711892790119908,250.909303786141,240.29518382372217,0.6359479629182334,0.08851623629042848
2018-06-21,245.4965209960937,-0.006288587530977664,-0.006268855747758706,0.001704379081996809,-0.0038395434066131433,0.0025145888727467853,245.69633178710933,241.7431784057617,235.89356971740722,246.63585057400977,245.06221389386553,58.374952302285934,1.573636680144233,1.8928481428864963,-0.3192114627422633,250.92111577469996,240.4715477995187,0.4808785596217751,0.09168363201606103
2018-06-22,245.9440155029297,0.0018211547370678507,0.0018228140464895404,-0.006288587530977664,0.001704379081996809,-0.0012766780228360142,245.83774871826168,241.92219451904296,236.03846488952638,246.5294144092282,245.127532531574,55.174172211660256,1.4018818776542048,1.794654889840038,-0.39277301218583327,250.91958094400226,240.7559164925211,0.5104555581478806,0.09134900201244507
2018-06-25,242.59603881835932,-0.01370626243568629,-0.013612759301030786,0.0018211547370678507,-0.006288587530977664,-0.0020589624180193,245.8407333374023,242.04815307617187,236.16675201416015,245.92427970294068,244.94001447874328,39.6525915529656,0.9842652241974008,1.6325769567115107,-0.6483117325141099,250.91446521513896,240.76700145966564,0.18024576414053597,0.1041607690231968
2018-06-26,243.1331329345703,0.0022114971319130467,0.00221394429532773,-0.01370626243568629,0.0018211547370678507,-0.0038395434066131433,246.01004028320307,242.1459976196289,236.29899856567383,245.49487250780678,244.80617140139714,31.28019391279561,0.6887011064096384,1.4438017866511363,-0.7551006802414979,250.40865803885117,241.61142252755496,0.17297597694882394,0.09491708909593291
2018-06-27,241.11903381347656,-0.008318437679446618,-0.008283935211889748,0.0022114971319130467,-0.01370626243568629,0.001704379081996809,245.91867218017575,242.15258361816407,236.40961906433105,244.82166655483292,244.5330500985882,26.45776218412236,0.28861645624471066,1.212764720569851,-0.9241482643251404,250.64867264478968,241.1886717155618,-0.007361299708765611,0.08768583855294056
2018-06-28,242.4975433349609,0.00570085195607147,0.0057171327359859525,-0.008318437679446618,0.0022114971319130467,-0.006288587530977664,245.97064514160152,242.18317565917968,236.5234415435791,244.46410913639107,244.38227181980102,29.976161896228362,0.08183731659005389,0.9865792397738916,-0.9047419231838377,250.51341380156157,241.42787648164148,0.11773292163735677,0.08743340945926216
2018-06-29,242.84664916992188,0.00143859100638129,0.001439626274806205,0.00570085195607147,-0.008318437679446618,0.0018211547370678507,245.92154159545893,242.24748657226561,236.6384822845459,244.21526914154967,244.26852199388406,30.07648777501207,-0.053252852334395584,0.7786128213522342,-0.8318656736866298,250.58151298607575,241.26157020484212,0.17007389447405494,0.08004653524626257
2018-07-02,243.36582946777344,0.0021356115607354008,0.0021378936033342733,0.00143859100638129,0.00570085195607147,-0.01370626243568629,245.84047317504877,242.36281829833985,236.756470413208,244.08458611481487,244.2016558808388,31.084422348012467,-0.11706976602394548,0.5994763038769982,-0.7165460699009437,250.62366871523116,241.05727763486638,0.24131898994234177,0.07843160265351289
2018-07-03,242.5064849853516,-0.0035373300882523685,-0.0035310811065841774,0.0021356115607354008,0.00143859100638129,0.0022114971319130467,245.70752410888673,242.46167510986328,236.86868255615235,243.84180132566667,244.07608766635826,30.9356981443685,-0.2342863406915967,0.43272377496327924,-0.667010115654876,250.71239314612612,240.70265507164734,0.18020750396090432,0.07912544342533996
2018-07-05,244.48487854003903,0.00812500831274064,0.008158105771097102,-0.0035373300882523685,0.0021356115607354008,-0.008318437679446618,245.57100677490234,242.66408630371095,236.98844635009766,243.94073628172396,244.1063684718161,37.09990559104133,-0.1656321900921398,0.31305258195219543,-0.47868477204433524,250.55160812894397,240.59040542086072,0.39096414693158027,0.07882928888119126
2018-07-06,246.5528259277344,0.008422813949050662,0.00845838564758794,0.00812500831274064,-0.0035373300882523685,0.00570085195607147,245.53922653198242,242.89627227783203,237.1174459838867,244.34259622726404,244.28758754262486,45.47867066174882,0.05500868463917641,0.26144380248959165,-0.20643511785041524,250.4843583330549,240.59409473090994,0.6024845683114206,0.08504256375310347
2018-07-09,248.7728576660156,0.008963987442301527,0.009004284294562792,0.008422813949050662,0.00812500831274064,0.00143859100638129,245.58190689086913,243.12509185791015,237.25714836120605,245.02417491014887,244.61982977398714,53.21827552469879,0.4043451361617372,0.2900240692240208,0.11432106693771638,250.6272483489322,240.53656543280607,0.8162274349188932,0.0904375042201261
2018-07-10,249.6680145263672,0.0035918315398221407,0.003598289896855844,0.008963987442301527,0.008422813949050662,0.0021356115607354008,245.65286102294922,243.3673580932617,237.40428497314454,245.73861177418246,244.99376938527456,58.18862421719949,0.7448423889078981,0.38098773316079626,0.36385465574710185,250.89230751940406,240.4134145264944,0.8831658082714212,0.09117520888500576
2018-07-11,247.84181213378903,-0.007341405121377887,-0.007314522831619263,0.0035918315398221407,0.008963987442301527,-0.0035373300882523685,245.61646041870117,243.60963928222657,237.54206993103028,246.06218106027578,245.20473551479415,51.99257412516192,0.8574455454816245,0.47627929562496196,0.3811662498566626,250.78014699749264,240.4527738399097,0.715480905079322,0.09498137687448151
2018-07-12,250.0886993408203,0.009024963949682637,0.009065811727596573,-0.007341405121377887,0.0035918315398221407,0.00812500831274064,245.73206481933593,243.8884814453125,237.69334106445314,246.68164541112878,245.56651061301832,61.09896140277382,1.1151347981104607,0.6040503961220618,0.5110844019883989,251.19427493931042,240.26985469936145,0.8987977783528337,0.09957282940790628
2018-07-13,250.2857208251953,0.0007874962692598688,0.0007878064258572959,0.009024963949682637,-0.007341405121377887,0.008422813949050662,245.8263282775879,244.2029885864258,237.8449348449707,247.2361185517544,245.91608173984625,60.6221945472301,1.3200368119081531,0.7472476792792802,0.572789132628873,251.54163634261496,240.11102021256082,0.8901270497469062,0.09928950744213742
2018-07-16,250.0618896484375,-0.0008947027506624893,-0.0008943026234969897,0.0007874962692598688,0.009024963949682637,0.008963987442301527,245.92524642944335,244.52335723876953,237.9911265563965,247.67085256662875,246.22317862196414,71.5616439804974,1.447673944664615,0.8873329323563472,0.5603410123082677,251.86896287472965,239.98152998415705,0.847984569677339,0.099214305126513
2018-07-17,251.07345581054688,0.004037103130592247,0.004045263208766192,-0.0008947027506624893,0.0007874962692598688,0.0035918315398221407,246.10025634765626,244.80335693359376,238.14105140686036,248.19432998877,246.582458413711,72.32023141321105,1.6118715750589843,1.0322406608968746,0.5796309141621097,252.44114180309003,239.75937089222248,0.8921533907089325,0.09957184132810952
2018-07-18,251.6016845703125,0.0021016712853497333,0.002103881344446945,0.004037103130592247,-0.0008947027506624893,-0.007341405121377887,246.34911499023437,245.07788055419923,238.28973175048827,248.71853838593037,246.95425294382963,82.15259531473919,1.7642854421007428,1.1786496171376484,0.5856358249630944,253.1505806375494,239.54764934291933,0.8861351253131481,0.09820170011699166
2018-07-19,250.6527557373047,-0.003778682221418436,-0.0037715519855456847,0.0021016712853497333,0.004037103130592247,0.009024963949682637,246.5294921875,245.33342559814454,238.42885452270508,249.0161102861418,247.22821611371666,75.69084462629405,1.7878941724251547,1.3004985281951498,0.4873956442300049,253.59491198397046,239.46407239102956,0.791791830392333,0.09959812939188563
2018-07-20,250.3662567138672,-0.0011436654000954532,-0.001143011664063942,-0.003778682221418436,0.0021016712853497333,0.0007874962692598688,246.77297897338866,245.53725524902345,238.5641603088379,249.22382512117647,247.46066356557964,73.78234931322407,1.763161555596838,1.3930311336754875,0.3701304219213506,254.02177214375652,239.5241858030208,0.7478535154767132,0.09641652506058658
2018-07-23,250.831787109375,0.001857670975062699,0.0018593975147371822,-0.0011436654000954532,-0.003778682221418436,-0.0008947027506624893,247.01736755371093,245.70547882080078,238.70046928405762,249.47120388859162,247.7103764206756,73.6930745711859,1.760827467916016,1.4665904005235932,0.29423706739242284,254.47505153189533,239.55968357552652,0.7557375431046828,0.09642082681873564
2018-07-24,252.0940093994141,0.0050195275287528915,0.0050321464619182965,0.001857670975062699,-0.0011436654000954532,0.004037103130592247,247.49226608276368,245.88415466308595,238.83646575927733,249.87471242871814,248.03508997465624,79.66722066933585,1.839622454061896,1.541196811231254,0.298425642830642,254.97409756974886,240.0104345957785,0.8075278643107139,0.08011384049749211
2018-07-25,254.24246215820312,0.008486316010476868,0.008522426867292321,0.0050195275287528915,0.001857670975062699,0.0021016712853497333,248.0477325439453,246.10348052978514,238.98448516845704,250.54667392556198,248.49489532158563,79.87898383803451,2.051778603976345,1.6433131697802723,0.40846543419607273,255.81116649469783,240.28429859319277,0.8989683981054127,0.08344347845410502
2018-07-26,253.642578125,-0.002362283842162095,-0.0023594958454652426,0.008486316010476868,0.0050195275287528915,-0.003778682221418436,248.67390975952148,246.34431732177734,239.13135948181153,251.02296687932167,248.8762051588756,73.85444411814824,2.1467617204460794,1.744002879913434,0.40275884053264543,256.09706385909664,241.25075565994635,0.8346736642421908,0.0757798420596963
2018-07-27,251.9238739013672,-0.006799149104225062,-0.006776087186693869,-0.002362283842162095,0.008486316010476868,-0.0011436654000954532,249.1452262878418,246.53046173095703,239.26668174743654,251.1615679596364,249.10195839906015,60.9721807491507,2.0596095605762343,1.8071242160459942,0.2524853445302402,256.099395942754,242.19105663292964,0.6997828462210903,0.08161209127343172
2018-07-30,250.60809326171875,-0.0052366167026944984,-0.0052229295273682474,-0.006799149104225062,-0.002362283842162095,0.001857670975062699,249.53329849243164,246.69439056396484,239.39365882873534,251.0764180061106,249.21352394444227,53.18029537324295,1.862894061668328,1.818278185170461,0.044615876497867024,255.8439939149923,243.22260306987098,0.5851566029826707,0.08546852555513122
2018-07-31,251.8431854248047,0.004916276276464826,0.004928380991255921,-0.0052366167026944984,-0.006799149104225062,0.0050195275287528915,249.9571662902832,246.89514099121095,239.52848930358886,251.19438222437122,249.40831368372838,64.10063385477054,1.7860685406428445,1.8118362562649377,-0.025767715622093235,255.63023822654833,244.28409435401807,0.6662255613634217,0.08627740916347647
2018-08-01,251.422592163086,-0.0016714562299645045,-0.0016700601249513003,0.004916276276464826,-0.0052366167026944984,0.008486316010476868,250.40297164916993,247.05111907958985,239.65984825134277,251.22949144571194,249.55751949701414,55.394987274401686,1.6719719486978022,1.7838633947515108,-0.1118914460537086,254.88762999777114,245.9183133005687,0.6136787280834994,0.0850167140035702
2018-08-02,252.7921905517578,0.005432612466221965,0.005447395864025761,-0.0016714562299645045,0.004916276276464826,-0.002362283842162095,250.81833724975587,247.24803497314454,239.79655380249022,251.46990669279592,249.79712476032847,59.259275960966185,1.6727819324674442,1.7616471022946976,-0.08886516982725334,254.45345055909152,247.18322394042022,0.771498180941529,0.08287238447349302
2018-08-03,253.8753967285156,0.004275812600873702,0.004284966930321321,0.005432612466221965,-0.0016714562299645045,-0.006799149104225062,251.18446578979493,247.45324768066405,239.93788063049317,251.83998208290666,250.0992189801942,63.246599331739034,1.7407631027124637,1.757470302378251,-0.016707199665787265,254.46877474786828,247.90015683172157,0.9096647077166619,0.07963516670320903
2018-08-06,254.806396484375,0.0036604447330676805,0.0036671523426705654,0.004275812600873702,0.005432612466221965,-0.0052366167026944984,251.48614273071288,247.68706207275392,240.08275871276857,252.2963535292864,250.44789879531868,63.03972863258807,1.8484547339677135,1.7756671886961437,0.07278754527156983,254.94169825791283,248.03058720351294,0.9804225728001152,0.07510628284361746
2018-08-07,255.6478729248047,0.003296973903826982,0.003302414900252737,0.0036604447330676805,0.004275812600873702,0.004916276276464826,251.78513565063477,247.94929260253906,240.23153488159178,252.81197189782768,250.8330820641695,63.831261025273605,1.9788898336581724,1.8163117176885497,0.16257811596962268,255.59497268887185,247.9752986123977,1.0069425851292209,0.07498884803988008
2018-08-08,255.54042053222656,-0.0004204024056733775,-0.0004203140489642543,0.003296973903826982,0.0036604447330676805,-0.0016714562299645045,252.17006607055663,248.2651611328125,240.37394523620605,253.23173322619675,251.1817738025441,67.72756755799476,2.049959423652666,1.8630412588813732,0.18691816477129297,255.85601413384325,248.48411800727,0.9571896298865263,0.06827740905363623
2018-08-09,255.1913452148437,-0.0013669616622676935,-0.001366027795743019,-0.0004204024056733775,0.003296973903826982,0.005432612466221965,252.42519836425782,248.51006011962892,240.5190259552002,253.53321199368088,251.47877909234404,67.42152197076281,2.0544329013368383,1.9013195873724662,0.1531133139643721,256.20961802506355,248.64077870345213,0.8654651305237296,0.06289919070235672
2018-08-10,253.48150634765625,-0.006722770054276945,-0.006700222790659072,-0.0013669616622676935,-0.0004204024056733775,0.004275812600873702,252.58498764038086,248.75052856445313,240.65357009887694,253.52525727890784,251.6271292594042,58.77833653828662,1.8981280195036447,1.900681273798702,-0.002553254295057261,256.2572584985128,248.91271678224896,0.6220659834078031,0.06863896056197824
2018-08-13,252.5326385498047,-0.0037503651610948604,-0.003743341325067595,-0.006722770054276945,-0.0013669616622676935,0.0036604447330676805,252.70852508544922,248.92460693359374,240.78897789001465,253.37254670519968,251.6942040216561,51.48395862715493,1.6783426835435762,1.856213555747677,-0.17787087220410092,256.18439559079593,249.23265458010255,0.4746989228491112,0.07021314878919489
2018-08-14,254.1439971923828,0.006360522516197496,0.006380793594964684,-0.0037503651610948604,-0.006722770054276945,0.003296973903826982,252.862052154541,249.10774291992186,240.9309853363037,253.49123139553552,251.87567018245068,49.654313077818934,1.6155612130848453,1.8080830872151108,-0.19252187413026545,256.304929694115,249.41917461496703,0.6861734875996228,0.07222478780336805
2018-08-15,252.2461700439453,-0.007495548518623597,-0.007467526950876158,0.006360522516197496,-0.0037503651610948604,-0.0004204024056733775,252.89427642822267,249.2493569946289,241.05427505493165,253.29968349529088,251.90311461663546,45.50701527168034,1.3965688786554153,1.7257802455031719,-0.32921136684775654,256.2993405693569,249.48921228708844,0.4048319859165017,0.07743803152157676
2018-08-16,254.2871856689453,0.008058804609810927,0.00809136418065104,-0.007495548518623597,0.006360522516197496,-0.0013669616622676935,253.07599792480468,249.3907962036133,241.19200897216797,253.45160690662235,252.07971247236213,57.449516326389315,1.3718944342602128,1.6550030832545803,-0.2831086489943675,256.3632626868046,249.78873316280473,0.6842242459660858,0.08084273305531009
2018-08-17,255.182357788086,0.003514137603928606,0.003520319424613394,0.008058804609810927,-0.007495548518623597,-0.006722770054276945,253.31680297851562,249.55067474365234,241.33245223999023,253.71787627300137,252.30953805130463,64.81152276875335,1.408338221696738,1.6056701109430118,-0.19733188924627387,256.47119285660114,250.16241310043011,0.7957077092040741,0.08110899111084698
2018-08-20,255.72848510742188,0.002137858434337545,0.002140145283042738,0.003514137603928606,0.008058804609810927,-0.0037503651610948604,253.56163787841797,249.70685943603516,241.47412498474122,254.02720070906608,252.56279338879477,63.16817796772339,1.464407320271306,1.5774175528086707,-0.11301023253736475,256.66360187074025,250.45967388609566,0.8492702098359469,0.08115653900926871
2018-08-21,256.3282470703125,0.0023425616712849455,0.002345307612637182,0.002137858434337545,0.003514137603928606,0.006360522516197496,253.7733497619629,249.8684457397461,241.61835494995117,254.38120784156553,252.841715883722,66.42689478207451,1.5394919578435236,1.5698324338156415,-0.030340475972117975,257.02779166679056,250.51890785713522,0.8925246452486444,0.07993050022578789
2018-08-22,256.17596435546875,-0.0005942691432787423,-0.0005940926003444869,0.0023425616712849455,0.002137858434337545,-0.007495548518623597,253.87002487182616,250.02056854248048,241.75802589416503,254.65732422831988,253.08869725199955,62.336516498273795,1.5686269763203313,1.5695913423165795,-0.0009643659962481621,257.2936173659853,250.44643237766704,0.8367718978787124,0.07472828135898121
2018-08-23,255.83590698242188,-0.0013283185101115428,-0.00132743668557056,-0.0005942691432787423,0.0023425616712849455,0.008058804609810927,253.97969131469728,250.18175445556642,241.89423034667968,254.83864465202788,253.29219426906786,57.55709997082664,1.5464503829600176,1.5649631504452672,-0.01851276748524966,257.5114154296625,250.44796719973206,0.7627917140893179,0.07431423648004803
2018-08-24,257.3756408691406,0.0060004047570114,0.00601844324700096,-0.0013283185101115428,-0.0005942691432787423,0.003514137603928606,254.25227966308594,250.3612582397461,242.03892845153808,255.22895176235292,253.5946717949992,59.45962952059705,1.6342799673537343,1.5788265138269608,0.055453453526773444,257.95340629954933,250.55115302662256,0.9219473572294749,0.07163935141320624
2018-08-27,259.4076232910156,0.007864004253633114,0.007895006749718547,0.0060004047570114,-0.0013283185101115428,0.002137858434337545,254.69225616455077,250.58774017333985,242.19184356689453,255.8718243052241,254.02526079470408,62.72718163063544,1.8465635105200136,1.6323739131655715,0.2141895973544421,258.6523995499989,250.7321127791026,1.0953530803697473,0.07143457923357036
2018-08-28,259.53302001953125,0.0004832796681960135,0.0004833964666295376,0.007864004253633114,0.0060004047570114,0.0023425616712849455,255.0767478942871,250.82693542480467,242.3495364379883,256.4350851843483,254.43324295950612,63.49900276419526,2.0018422248421643,1.70626757550089,0.2955746493412743,259.35280380138846,250.80069198718576,1.0210727153781478,0.0705358249187677
2018-08-29,260.9295349121094,0.005366450403929009,0.005380875591371792,0.0004832796681960135,0.007864004253633114,-0.0005942691432787423,255.55209503173828,251.11303588867187,242.51456520080566,257.12653898861925,254.91444977081005,68.11761917242254,2.2120892178091935,1.8074319039625508,0.4046573138466427,260.21404110877256,250.890148954704,1.0767376747300321,0.07075738349167582
2018-08-30,259.8731384277344,-0.004056806876277485,-0.004048589151591564,0.005366450403929009,0.0004832796681960135,-0.0013283185101115428,255.9061424255371,251.36959442138672,242.67325218200685,257.54909274848313,255.28176004169333,71.04934673366834,2.2673327067898015,1.899412064528001,0.36792064226180043,260.7572437214435,251.05504112963067,0.9088758160487006,0.0723938063890984
2018-08-31,259.882080078125,3.440715965192396e-05,3.440775158503051e-05,-0.004056806876277485,0.005366450403929009,0.0060004047570114,256.20647659301756,251.65730560302734,242.83463287353516,257.9080138761203,255.6225244888364,75.80096871548241,2.285489387283917,1.9766275290791842,0.3088618582047329,261.26742642810655,251.14552675792856,0.8631337599538579,0.07170684619119191
2018-09-04,259.4345092773437,-0.0017236919473422546,-0.0017222072435574276,3.440715965192396e-05,-0.004056806876277485,0.007864004253633114,256.437882232666,251.92711547851562,242.99947189331056,258.14285932246236,255.90489373242954,70.22555478684092,2.2379655900328146,2.0288951412699103,0.20907044876290426,261.65025137089174,251.22551309444032,0.7874534559248155,0.07177278282280518
2018-09-05,258.7362670898437,-0.00269502890539999,-0.0026914005752163295,-0.0017236919473422546,3.440715965192396e-05,0.0004832796681960135,256.592301940918,252.2499200439453,243.15119384765626,258.2341528251364,256.114625092238,77.31707160427186,2.119527732898405,2.047021659595609,0.07250607330279557,261.88844376356633,251.29616011826965,0.7024082077784702,0.07226850835789199
2018-09-06,257.9574890136719,-0.0030144690416848206,-0.0030099300918698946,-0.00269502890539999,-0.0017236919473422546,0.005366450403929009,256.71315536499026,252.54640716552734,243.3023779296875,258.19158916183414,256.2511335308627,67.2850977230297,1.940455630971428,2.025708453870773,-0.08525282289934477,262.01853459584424,251.4077761341363,0.6172709428050925,0.07333326923907854
2018-09-07,257.4561767578125,-0.0019452818085237407,-0.001943390974133763,-0.0030144690416848206,-0.00269502890539999,-0.004056806876277485,256.8263969421387,252.87315002441406,243.4491125488281,258.07844879198467,256.34039599211826,61.12098701306434,1.7380527998664093,1.9681773230699002,-0.23012452320349097,262.09153918105886,251.5612547032185,0.5598065339069525,0.0735538828066473
2018-09-10,257.9037780761719,0.0017370438921666116,0.0017385534268243852,-0.0019452818085237407,-0.0030144690416848206,3.440715965192396e-05,257.04751052856443,253.18127471923827,243.59062278747558,258.0515763741673,256.45620207241853,60.74264080877256,1.595374301748791,1.8936167188056785,-0.2982424170568876,262.0878283117408,252.0071927453881,0.5849418215717959,0.06858682704876663
2018-09-11,258.7541809082031,0.0032919403842275666,0.0032973647705931697,0.0017370438921666116,-0.0019452818085237407,-0.0017236919473422546,257.35858764648435,253.4994253540039,243.73740058898926,258.1596693794036,256.62642272692113,61.691006691668505,1.5332466524824895,1.8215427055410407,-0.2882960530585512,261.9758570895632,252.74131820340548,0.6511275526502724,0.06683485959420862
2018-09-12,258.81689453125,0.00024233820756143468,0.00024236757383699903,0.0032919403842275666,0.0017370438921666116,-0.00269502890539999,257.59223251342775,253.80844665527343,243.88184257507325,258.26078094122613,256.78867989761216,62.83794208402563,1.472101043613975,1.7516543731556276,-0.2795533295416526,261.99240858593424,253.19205644092122,0.6391605696729147,0.06406067875067363
2018-09-13,260.3475646972656,0.005896684852111378,0.005914104520834629,0.00024233820756143468,0.0032919403842275666,-0.0030144690416848206,257.99730224609374,254.1652682495117,244.03451202392577,258.5818245960014,257.0523009938828,69.65648550474134,1.5295236021186156,1.7072282189482253,-0.1777046168296097,261.7724899856506,254.22211450653683,0.8112775593310965,0.05811376836771923
2018-09-14,260.3923645019531,0.00017206210734363946,0.00017207691087706145,0.005896684852111378,0.00024233820756143468,-0.0019452818085237407,258.3025611877441,254.48341796875,244.1757484436035,258.8603691969171,257.2997131055917,65.11184218572285,1.5606560913253702,1.6779137934236545,-0.11725770209828434,261.7910354279436,254.8140869475446,0.7995297041507625,0.052968469795965346
2018-09-17,259.0138244628906,-0.0053081511357198135,-0.005294087795927549,0.00017206210734363946,0.005896684852111378,0.0017370438921666116,258.4941345214844,254.73263793945313,244.3107984161377,258.88397769937455,257.4266843172435,47.88913026408773,1.4572933821310698,1.6337897111651376,-0.17649632903406776,261.667746736673,255.32052230629577,0.5818767237722136,0.05693484506138441
2018-09-18,260.4192199707031,0.005411280442265355,0.005425947864855507,-0.0053081511357198135,0.00017206210734363946,0.0032919403842275666,258.7286712646484,254.96556518554686,244.4427195739746,259.1201688180405,257.64835362490714,54.177083363300824,1.4718151931333523,1.6013948075587807,-0.12957961442542842,261.73035873624053,255.72698379305635,0.7815997204995527,0.05913983930616857
2018-09-19,260.6967163085937,0.0010650081672838134,0.0010655754898651892,0.005411280442265355,-0.0053081511357198135,0.00024233820756143468,258.9470947265625,255.1861392211914,244.57845703125,259.3627145858179,257.87415826814316,48.77320048499476,1.4885563176747496,1.5788271095819746,-0.09027079190722498,261.84737040399455,256.0468190491305,0.8016302201279593,0.058902443886602374
2018-09-20,262.8093566894531,0.008071164628580008,0.00810382428583667,0.0010650081672838134,0.005411280442265355,0.005896684852111378,259.27876434326174,255.4854901123047,244.72617042541503,259.8929672171464,258.2397285215735,63.92218601501409,1.6532386955728953,1.5937094267801588,0.059529268792736456,262.3564567295802,256.2010719569433,1.073577847137394,0.06391250356969518
2018-09-21,262.5693054199219,-0.000913821986117298,-0.0009134045779614075,0.008071164628580008,0.0010650081672838134,0.00017206210734363946,259.61543426513674,255.73510223388672,244.8768783569336,260.30471155603493,258.5604379214512,62.46831768687255,1.7442736345837488,1.6238222683408767,0.12045136624287212,262.57837610203535,256.65249242823813,0.9984693114794705,0.06370489672579611
2018-09-24,261.6969909667969,-0.0033277563869165694,-0.0033222255424332214,-0.000913821986117298,0.008071164628580008,-0.0053081511357198135,259.83150177001954,255.96332763671876,245.02300399780273,260.51890838845986,258.7927751840694,60.09950058986552,1.7261332043904645,1.6442844555507943,0.0818487488396702,262.73641108372914,256.92659245630995,0.821092501575391,0.06317720521905193
2018-09-25,261.4542236328125,-0.0009280962927556456,-0.0009276657445983494,-0.0033277563869165694,-0.000913821986117298,0.005411280442265355,259.9338317871094,256.19117431640626,245.1642507171631,260.6628030414372,258.9899195136059,62.646971951787854,1.6728835278312886,1.6500042700068933,0.02287925782439526,262.918952456635,256.9487111175838,0.7546617061789876,0.05766678574650534
2018-09-26,260.671875,-0.0029967826560081587,-0.0029922967850434246,-0.0009280962927556456,-0.0033277563869165694,0.0010650081672838134,259.9907745361328,256.3831427001953,245.2952276611328,260.6641987273699,259.11450880889436,62.6261622542409,1.5496899184755648,1.6299413997006278,-0.08025148122506298,262.98713017811826,256.9944188941473,0.613654810250744,0.05890427835753251
2018-09-27,261.4002685546875,0.002790396064240397,0.0027942928430138014,-0.0029967826560081587,-0.0009280962927556456,0.008071164628580008,260.0143112182617,256.5791143798828,245.42631408691406,260.77744023926493,259.2838243456198,67.9666690763097,1.493615893645142,1.6026762984895306,-0.10906040484438861,263.048867345335,256.9797550911884,0.7283624488044155,0.056582517164825125
2018-09-28,261.4273376464844,0.00010354882374237803,0.00010355418510687997,0.002790396064240397,-0.0029967826560081587,-0.000913821986117298,260.0920211791992,256.7946060180664,245.55546020507813,260.8774244557602,259.4426031086468,66.69047027055157,1.4348213471134272,1.56910530821431,-0.1342839611008828,263.1902875497665,256.99375480863193,0.715494135683479,0.05442442979404829
2018-10-01,262.3355407714844,0.0034679969607234063,0.003474017419816011,0.00010354882374237803,0.002790396064240397,-0.0033277563869165694,260.2146942138672,257.03399169921875,245.68928001403808,261.1017500427947,259.65689478737545,66.87187302317557,1.4448552554192702,1.5442552976553023,-0.09940004223603216,263.46834933470876,256.9610390930256,0.8259175417873766,0.055556690487543095
2018-10-02,262.1826477050781,-0.0005829848195756688,-0.0005828149169442298,0.0034679969607234063,0.00010354882374237803,-0.0009280962927556456,260.3521011352539,257.2610089111328,245.82714820861815,261.2680419908383,259.84398759609417,65.72255406503487,1.4240543947441324,1.5202151170730684,-0.09616072232893602,263.69783933506767,257.00636293544017,0.7735639282724077,0.05510506524964182
2018-10-03,262.3264465332031,0.0005483177825034573,0.0005484681361780375,-0.0005829848195756688,0.0034679969607234063,-0.0029967826560081587,260.5316101074219,257.4656576538086,245.95596702575685,261.43087345889444,260.02787344328743,60.62006616659569,1.403000015607006,1.4967720967798561,-0.09377208117285019,263.8975065673288,257.165713647515,0.7666208612119465,0.05377657222634837
2018-10-04,260.2762451171875,-0.007846159105845898,-0.007815458346309478,0.0005483177825034573,-0.0005829848195756688,0.002790396064240397,260.64754791259764,257.5863333129883,246.06703437805174,261.2532383294011,260.0462713450578,49.487200912122006,1.2069669843432962,1.4388110742925442,-0.231844089949248,263.79261122980597,257.5024845953893,0.4409705373213715,0.060504005599362476
2018-10-05,258.8194274902344,-0.005612920810424805,-0.00559719780150203,-0.007846159105845898,0.0005483177825034573,0.00010354882374237803,260.71571044921876,257.68987030029297,246.1753887939453,260.8788058926062,259.9553940224783,49.14741091314031,0.923411870127893,1.3357312334596139,-0.4123193633317208,263.6193746436654,257.8120462547721,0.1734672413891593,0.06374174213311234
2018-10-08,258.8194274902344,0.0,0.0,-0.005612920810424805,-0.007846159105845898,0.0034679969607234063,260.76149291992186,257.8277813720703,246.28436462402342,260.56197844608744,259.8712483534232,41.99703220606016,0.6907300926642392,1.206731005300539,-0.5160009126362997,263.502814807337,258.0201710325067,0.14577938865860438,0.06350713739862764
2018-10-09,258.44171142578125,-0.001460446583637431,-0.0014593806505015516,0.0,-0.005612920810424805,-0.0005829848195756688,260.7458694458008,257.98445373535156,246.38901123046875,260.23578351988647,259.76535672915344,38.831318016929,0.47042679073302907,1.059470162387037,-0.589043371654008,263.5384430499308,257.9532958416708,0.08744900821738692,0.0626504245610251
2018-10-10,250.25863647460932,-0.03217525182085153,-0.03166313559071876,-0.001460446583637431,0.0,0.0005483177825034573,260.3179565429688,257.9527627563477,246.4530527496338,258.70083782061306,259.06115522881686,11.180896933451095,-0.3603174082037981,0.7755126482688701,-1.1358300564726682,265.73997096686907,254.8959421190685,-0.4276367860640422,0.1300233566043997
2018-10-11,244.74636840820312,-0.02227248565078064,-0.02202628506275528,-0.03217525182085153,-0.001460446583637431,-0.007846159105845898,259.53789672851565,257.81923828125,246.4909531402588,256.55399637255,258.00080064951214,8.431177719950583,-1.4468042769621547,0.33104926322266515,-1.77785354018482,268.363043288505,250.7127501685263,-0.3380330128098385,0.1457454950981082
2018-10-12,248.1455078125,0.013792855823444118,0.013888416103595036,-0.02227248565078064,-0.03217525182085153,-0.005612920810424805,258.925553894043,257.72630462646487,246.5452722167969,255.2603827479269,257.27077895788165,21.72614689121646,-2.0103962099547346,-0.13723983141281476,-1.8731563785419199,269.0977801801454,248.75332760794063,-0.029876438959633485,0.1573464404409545
2018-10-15,246.75164794921875,-0.005632942249329333,-0.005617106977146902,0.013792855823444118,-0.02227248565078064,0.0,258.31244506835935,257.5838296508789,246.59018119812012,253.95134662504873,256.4915840683511,20.730406297008244,-2.5402374433023454,-0.617839353790721,-1.9223980895116244,269.84893670683476,246.77595342988394,-0.001053417339814554,0.1574300213267178
2018-10-16,252.1470489501953,0.021630087995337312,0.021865714153556315,-0.005632942249329333,0.013792855823444118,-0.001460446583637431,257.89883651733396,257.5306427001953,246.66654983520507,253.67376236737897,256.16976665219136,35.662361565850176,-2.4960042848123862,-0.993472339995054,-1.5025319448173322,269.70724302266564,246.0904300120023,0.2564536940466256,0.17739781192464024
2018-10-17,252.1920166015625,0.0001783230947503531,0.00017833899525854235,0.021630087995337312,-0.005632942249329333,-0.03217525182085153,257.4736015319824,257.46152557373046,246.7346662902832,253.4458014803303,255.87511850029293,34.148524838194504,-2.429317019962639,-1.280641275988571,-1.1486757439740678,269.46882752354713,245.4783755404177,0.27984637662791745,0.17724806917652575
2018-10-18,248.55014038085932,-0.014546170660502532,-0.0144408862333536,0.0001783230947503531,0.021630087995337312,-0.02227248565078064,256.76064071655276,257.3217199707031,246.77702857971192,252.69262284964245,255.33252752848304,30.286112071462554,-2.639904678840594,-1.5524939565589757,-1.0874107222816183,269.11034759246667,244.41093384063885,0.1675831896987498,0.17895548342061549
2018-10-19,248.4151763916016,-0.0005431525622443357,-0.0005430050815941057,-0.014546170660502532,0.0001783230947503531,0.013792855823444118,256.05293426513674,257.18619659423825,246.8136563873291,252.03455416379,254.8201311479733,28.172336816214454,-2.785576984183308,-1.7991105620838423,-0.9864664220994657,268.6213718045076,243.4844967257659,0.1961532469883491,0.1790118320694974
2018-10-22,247.30018615722656,-0.0044985174917634985,-0.004488414317398104,-0.0005431525622443357,-0.014546170660502532,-0.005632942249329333,255.3330940246582,257.0625701904297,246.83667617797852,251.30618985508795,254.26309818569578,27.34721388036121,-2.956908330607831,-2.03067011578864,-0.926238214819191,268.1863428813136,242.47984516800284,0.18751449703425632,0.17910836698838312
2018-10-23,246.04119873046875,-0.0051039308616148615,-0.0050909279379085515,-0.0044985174917634985,-0.0005431525622443357,0.021630087995337312,254.56244277954102,256.932741394043,246.85118186950683,250.49619122053116,253.6540685964197,26.025907932226417,-3.157877375888546,-2.2561115678086217,-0.9017658080799245,267.71516155359257,241.40972400548947,0.17606529891434033,0.17913384483949069
2018-10-24,238.5865173339844,-0.030766995758534362,-0.03029850868451811,-0.0051039308616148615,-0.0044985174917634985,0.0001783230947503531,253.45817489624022,256.621591796875,246.825662689209,248.66393369952397,252.53795368809116,22.453111737278462,-3.8740199885671984,-2.5796932519603373,-1.2943267366068612,268.07783313677675,238.8385166557037,-0.008618509323992518,0.2043905369082087
2018-10-25,242.8668975830078,0.0177815460349703,0.017940578943241414,-0.030766995758534362,-0.0051039308616148615,-0.014546170660502532,252.53150634765626,256.43400634765624,246.82340934753418,247.7720819892907,251.8215791617887,31.09545172623922,-4.049497172497979,-2.8736540360678657,-1.1758431364301134,267.37924191876505,237.6837707765475,0.17454266954167114,0.2178922361418189
2018-10-26,238.5955810546875,-0.017743557515556983,-0.01758706752887329,0.0177815460349703,-0.030766995758534362,-0.0005431525622443357,251.3899185180664,256.12017425537107,246.79092277526854,246.3603126147364,250.8418755982997,28.23690329191075,-4.481562983563322,-3.1952358255669573,-1.2863271579963644,266.85582117602627,235.92401586010652,0.08636952054027049,0.22293632670900143
2018-10-29,237.27362060546875,-0.005555996669879413,-0.005540590665489953,-0.017743557515556983,0.0177815460349703,-0.0044985174917634985,250.13682250976564,255.76199951171876,246.74383781433104,244.96235999792597,249.83681967290482,27.674495851521186,-4.874459674978851,-3.5310805954493363,-1.343379079529515,265.9264287979365,234.34721622159472,0.09266869390107603,0.22091341243773172
2018-10-30,240.7896728515625,0.014709833170768122,0.014818555206944639,-0.005555996669879413,-0.017743557515556983,-0.0051039308616148615,249.06717376708986,255.46322326660157,246.7185498046875,244.32040812925467,249.1666606491017,38.922816472597596,-4.846252519847013,-3.794114980328872,-1.0521375395181414,264.3098752159871,233.8244723181926,0.22847657801084229,0.23140795342094705
2018-10-31,243.3615264892578,0.01062427536149185,0.01068091337654975,0.014709833170768122,-0.005555996669879413,-0.030766995758534362,248.1189277648926,255.20388885498048,246.69440399169923,244.17288787694747,248.73665071133547,48.260267654668965,-4.563762834388001,-3.948044551140698,-0.6157182832473032,262.2042126387577,234.03364289102743,0.33112158120202495,0.236881639138911
2018-11-01,245.9513397216797,0.010585609309309624,0.010641835091119933,0.01062427536149185,0.014709833170768122,0.0177815460349703,247.40268249511718,254.99939636230468,246.68529319763184,244.44649585306013,248.53033137876838,47.186322188093,-4.083835525708253,-3.975202746054209,-0.10863277965404361,260.2909910639537,234.51437392628065,0.4436953745448497,0.24164396281432846
2018-11-02,244.49449157714844,-0.005940931032420553,-0.005923318597003124,0.010585609309309624,0.01062427536149185,-0.017743557515556983,246.6864356994629,254.7725680541992,246.6632615661621,244.45387981061216,248.2313802823521,47.11021786329792,-3.777500471739927,-3.935662291191353,0.15816181945142604,258.4460515459673,234.92681985295846,0.40680205242563255,0.24169685569091973
2018-11-05,245.8434600830078,0.005502212931110523,0.005517377905561949,-0.005940931032420553,0.010585609309309624,-0.005555996669879413,246.03763732910156,254.54192443847657,246.63785629272462,244.66766139098075,248.05449730462288,40.99684342939035,-3.3868359136421304,-3.8258970156815084,0.439061102039378,256.3174388289236,235.7578358292795,0.4905553990465134,0.2433399690926467
2018-11-06,247.3991241455078,0.006307927460261464,0.006327864332753563,0.005502212931110523,-0.005940931032420553,0.014709833170768122,245.4855079650879,254.3017544555664,246.61756591796876,245.08788643013875,248.00595114468842,43.437694164504,-2.918064714549672,-3.6443305554551415,0.7262658409054694,253.99369189058584,236.97732403958994,0.6124573820439552,0.24536448304035138
2018-11-07,252.6956024169922,0.02118269214077229,0.02140863792375125,0.006307927460261464,0.005502212931110523,0.01062427536149185,245.60735626220702,254.16500610351562,246.62424613952638,246.25830427427005,248.35333272041464,55.42984119217997,-2.095028446144596,-3.3344701335930327,1.2394416874484366,254.46594633904314,236.7487661853709,0.9000775571114789,0.23157418739589164
2018-11-08,252.23703002929688,-0.0018163710733077685,-0.0018147224696795083,0.02118269214077229,0.006307927460261464,0.010585609309309624,245.9818893432617,253.99115600585938,246.6281014251709,247.17810823658186,248.64101400255407,54.96388893623275,-1.4629057659722093,-2.960157260068868,1.4972514940966586,255.30825502349668,236.65552366302674,0.8353471706182106,0.2157558142402159
2018-11-09,249.77310180664065,-0.009816327806041908,-0.009768304924816285,-0.0018163710733077685,0.02118269214077229,-0.005940931032420553,246.06326904296876,253.7891552734375,246.60507972717286,247.5773380165909,248.7248723584123,53.10313003218688,-1.1475343418214266,-2.5976326764193796,1.450098334597953,255.4969132431986,236.6296248427389,0.6966277657356161,0.214195578043142
2018-11-12,245.1060485839844,-0.01886194472231428,-0.01868517141717363,-0.009816327806041908,-0.0018163710733077685,0.005502212931110523,245.98098907470703,253.49363464355469,246.56715522766115,247.19713964234373,248.45681133808432,48.91899080879373,-1.2596716957405931,-2.3300404802836225,1.0703687845430294,255.41805830512413,236.54391984428992,0.45364342099438265,0.22400051119629405
2018-11-13,244.6473999023437,-0.0018729784022485762,-0.0018712254727714095,-0.01886194472231428,-0.009816327806041908,0.006307927460261464,245.60600662231445,253.1978924560547,246.5398966217041,246.80487199003605,248.17463271321463,58.35810003812839,-1.3697607231785867,-2.1379845288626154,0.7682238056840287,254.5969112461287,236.6151019985002,0.4466901963662426,0.20842872792660494
2018-11-14,242.974838256836,-0.006860098141454071,-0.006836621383163433,-0.0018729784022485762,-0.01886194472231428,0.02118269214077229,245.14514770507813,252.88266387939453,246.5036541748047,246.2156360310822,247.7894627534829,50.16038866931375,-1.573826722400696,-2.0251529675702313,0.45132624516953523,253.64619951582551,236.64409589433075,0.3723505339951969,0.20916875210819103
2018-11-15,245.5107269287109,0.010382748779547299,0.010436836546813044,-0.006860098141454071,-0.0018729784022485762,-0.0018163710733077685,244.9931770324707,252.6337286376953,246.48151153564453,246.10718847687124,247.62066750720348,60.83393297267318,-1.5134790303322347,-1.9228181801226323,0.40933914979039754,253.34529885948064,236.64105520546076,0.5309831385939862,0.2078314759395263
2018-11-16,246.1491851806641,0.002597155452809625,0.0026005309826586664,0.010382748779547299,-0.006860098141454071,-0.009816327806041908,244.87987747192383,252.40758880615235,246.48976692199707,246.113649508224,247.5116688163487,64.20963864016022,-1.3980193081247023,-1.8178584057230465,0.41983909759834415,253.09692969954196,236.6628252443057,0.5772361957536316,0.2081446111592625
2018-11-19,241.98573303222656,-0.017059025936936013,-0.016914344629585965,0.002597155452809625,0.010382748779547299,-0.01886194472231428,244.61415481567383,252.08922790527345,246.5283325958252,245.47858543499362,247.10234023974706,51.87598514050324,-1.623754804753446,-1.7790376855291266,0.15528288077568053,252.845363168918,236.38294646242966,0.34033803600589674,0.2160051168253459
2018-11-20,237.5074615478516,-0.018679729981743224,-0.01850634509836402,-0.017059025936936013,0.002597155452809625,-0.0018729784022485762,244.18746795654297,251.66429351806642,246.521428604126,244.2522586831256,246.39160848479185,41.336194982358606,-2.139349801666242,-1.8511001087565497,-0.28824969290969227,252.9732598165742,235.40167609651175,0.11984039030787813,0.22456016080521637
2018-11-21,238.31674194335932,0.003401597354271762,0.0034073893520381038,-0.018679729981743224,-0.017059025936936013,-0.006860098141454071,244.17397918701172,251.2542904663086,246.52505043029785,243.33910226162308,245.79347022246353,38.07245953240611,-2.454367960840443,-1.9717536791733286,-0.4826142816671146,252.99672843623247,235.35122993779098,0.16806053996322434,0.19710713795702328
2018-11-23,236.7250823974609,-0.006701159437051991,-0.006678756737437674,0.003401597354271762,-0.018679729981743224,0.010382748779547299,243.86688842773438,250.7818408203125,246.56527313232422,242.32156074405967,245.12173779098185,37.91275886004241,-2.8001770469221867,-2.1374383527231005,-0.6627386941990863,253.28842927688092,234.44534757858784,0.12098524303907143,0.18659846420223658
2018-11-26,240.54690551757807,0.016015625924413884,0.016144563480182228,-0.006701159437051991,0.003401597354271762,0.002597155452809625,243.9644546508789,250.384931640625,246.60742935180664,242.04853686306248,244.78286132628529,42.348615602330234,-2.734324463222805,-2.2568155748230416,-0.47750888839976335,253.19462284929241,234.7342864524654,0.3148707011705242,0.1855704415946649
2018-11-27,241.356185913086,0.0033586883781213345,0.003364335092012949,0.016015625924413884,-0.006701159437051991,-0.017059025936936013,244.16858291625977,250.0317788696289,246.6365892791748,241.94202133229686,244.52903351790016,41.077994052446655,-2.5870121856032995,-2.322854896979093,-0.2641572886242063,252.94514815045682,235.39201768206271,0.3397780379837243,0.1844656564534175
2018-11-28,246.9134979248047,0.02276427221456125,0.0230253556199298,0.0033586883781213345,0.016015625924413884,-0.018679729981743224,244.4747741699219,249.76166442871093,246.69060668945312,242.70686388499036,244.7056605110042,41.528347493889946,-1.9987966260138421,-2.258043242786043,0.25924661677220096,253.18201164016824,235.76753669967553,0.6400400392900851,0.19443654199347327
2018-11-29,246.3739776611328,-0.002187448518378027,-0.0021850577963792306,0.02276427221456125,0.0033586883781213345,0.003401597354271762,244.62539672851562,249.47520965576172,246.7259937286377,243.27103523516612,244.8292395591619,41.43007468555383,-1.558204323995767,-2.1180754590279878,0.5598711350322207,253.3557411013565,235.89505235567475,0.6001438693562208,0.19154594818787068
2018-11-30,247.8756866455078,0.006076741023528843,0.006095241870228918,-0.002187448518378027,0.02276427221456125,-0.006701159437051991,244.72161407470702,249.17653625488282,246.75362159729005,243.97944314444948,245.05490230629863,47.14630802496301,-1.0754591618491531,-1.9095521995922211,0.834093037743068,253.55529293275802,235.88793521665602,0.6785254264663569,0.1890859607573836
2018-12-03,251.1578369140625,0.013154216862282164,0.013241114176916202,0.006076741023528843,-0.002187448518378027,0.016015625924413884,245.05478134155274,248.94830688476563,246.79730545043947,245.08381141669764,245.50697153650339,59.497465969469026,-0.4231601198057433,-1.6122737836349257,1.1891136638291824,254.3433063680696,235.7662563150359,0.8285266258683041,0.19272043047040807
2018-12-04,243.0198211669922,-0.03293856522406854,-0.03240199807045985,0.013154216862282164,0.006076741023528843,0.0033586883781213345,244.91359939575196,248.57476348876952,246.80788810729982,244.7662744552045,245.32273817579886,47.94182582711922,-0.5564637205943654,-1.4011117710268137,0.8446480504324483,254.2374196368279,235.58977915467602,0.39844408301563117,0.22698117209362512
2018-12-06,242.6511383056641,-0.0015182416199972884,-0.0015170896742400242,-0.03293856522406854,0.013154216862282164,0.02276427221456125,244.67620010375975,248.19870178222655,246.82261947631835,244.44086889373673,245.1248418891222,49.57670238909535,-0.6839729953854601,-1.257684015898543,0.5737110205130829,253.975305232107,235.37709497541252,0.391115232587139,0.225527731077581
2018-12-07,237.0128631591797,-0.023510352386912098,-0.023236137220926434,-0.0015182416199972884,-0.03293856522406854,-0.002187448518378027,243.89206314086914,247.72552154541015,246.80760620117186,243.29809878072797,244.52395457579314,39.72145936687931,-1.225855795065172,-1.2513183717318688,0.025462576666696712,252.98650269162886,234.79762359010942,0.12179087874003243,0.22309013742707587
2018-12-10,237.4624786376953,0.0018952117148650829,0.0018970087636704935,-0.023510352386912098,-0.0015182416199972884,0.006076741023528843,243.15333557128906,247.2467657470703,246.7757123565674,242.40031106641524,244.0008822840822,39.44482679853922,-1.6005712176669533,-1.3211689409188856,-0.2794022767480677,251.78197408193114,234.524697060647,0.1702343639396315,0.22378418225601435
2018-12-11,237.5164337158203,0.00022718936337493885,0.00022721517283286197,0.0018952117148650829,-0.023510352386912098,0.013154216862282164,242.54050216674804,246.76854766845702,246.7299306488037,241.64894532016987,243.52055276050723,43.96685539897437,-1.8716074403373568,-1.43125664080258,-0.44035079953477685,250.92715477020886,234.15384956328722,0.20047236433434074,0.22257392418509322
2018-12-12,238.71241760253903,0.00502273811321348,0.005035373207689986,0.00022718936337493885,0.0018952117148650829,-0.03293856522406854,242.22082061767577,246.29608520507813,246.70552909851074,241.19717182514972,243.16439460065772,51.78473599612344,-1.9672227755079916,-1.5384498677436624,-0.4287729077643292,250.68279750674952,233.75884372860202,0.29269601766066955,0.2153385903356825
2018-12-13,238.63150024414065,-0.000339031696637024,-0.0003389742318856692,0.00502273811321348,0.00022718936337493885,-0.0015182416199972884,241.92002563476564,245.82506225585936,246.69306121826173,240.8024531203791,242.8286246483231,50.47648922517155,-2.026171527944001,-1.6359941997837302,-0.39017732816027095,250.4462623244751,233.39378894505617,0.3071525861700515,0.21535533297255646
2018-12-14,234.22515869140625,-0.018637652736398,-0.01846504568016516,-0.000339031696637024,0.00502273811321348,-0.023510352386912098,241.48254165649413,245.26303649902343,246.67609199523926,239.7905616697679,242.19133087373666,46.512731769719224,-2.400769203968764,-1.788949200620737,-0.611820003348027,250.65435070041192,232.31073261257634,0.10436469346793918,0.22333821125537773
2018-12-17,229.630126953125,-0.01981299856384912,-0.01961801099400784,-0.018637652736398,-0.000339031696637024,0.0018952117148650829,240.68851165771486,244.6501141357422,246.63002311706543,238.22741786720746,241.26087132406172,35.09320678513066,-3.033453456854261,-2.037850051867442,-0.9956034049868188,251.06280854285652,230.3142147725732,-0.03297032208650029,0.22711941513863462
2018-12-18,229.3783416748047,-0.001097083477901221,-0.0010964819018356442,-0.01981299856384912,-0.018637652736398,0.00022718936337493885,239.84996948242187,244.06129241943358,246.56889266967772,236.86602152991472,240.38068394263527,33.391461173959385,-3.514662412720554,-2.3332125240380646,-1.1814498886824896,251.04453207666666,228.65540688817708,0.03228955041973998,0.2262145671015128
2018-12-19,225.94320678710932,-0.01508911702258457,-0.014975846728220943,-0.001097083477901221,-0.01981299856384912,0.00502273811321348,239.047843170166,243.4037680053711,246.48752418518066,235.18558849256004,239.3112411903741,19.104196163576873,-4.125652697814047,-2.6917005587932614,-1.4339521390207857,251.79006499385946,226.30562134647255,-0.01422101123248933,0.22475516074305446
2018-12-20,222.26531982421875,-0.016411867678561592,-0.0162779267196822,-0.01508911702258457,-0.001097083477901221,-0.000339031696637024,238.28573608398438,242.68024017333985,246.3882102203369,233.19785485127676,238.04858034843664,17.48706363829791,-4.850725497159885,-3.1235055464665864,-1.727219950693299,253.07473769342175,223.496734474547,-0.041632785053672544,0.2228503491479874
2018-12-21,217.7112579345703,-0.020702122641173853,-0.02048930482384781,-0.016411867678561592,-0.01508911702258457,-0.018637652736398,237.2554618835449,242.02929260253907,246.26026741027832,230.81530147947575,236.5421120214836,12.414585343928692,-5.726810542007854,-3.64416654557484,-2.082643996433014,254.67277385250443,219.8381499145854,-0.06105683769704363,0.22953735065265743
2018-12-24,211.9586181640625,-0.026778621690691798,-0.026423253556491222,-0.020702122641173853,-0.016411867678561592,-0.01981299856384912,236.017138671875,241.37353759765625,246.08239143371583,227.91427327710448,234.72111247648945,3.9897210469229236,-6.806839199384967,-4.276701076336866,-2.5301381230481015,256.7913798287131,215.24289751503684,-0.07904691502758641,0.24274952494275617
2018-12-26,222.66783142089844,0.04929005750782881,0.050525019221189016,-0.026778621690691798,-0.020702122641173853,-0.001097083477901221,235.12318496704103,240.86398406982423,245.95961471557618,227.10712837614972,233.82827684274196,27.471547818919447,-6.72114846659224,-4.765590554387941,-1.9555579122042985,256.6034346773338,213.64293525674827,0.21007428418827176,0.30313538525973327
2018-12-27,224.37730407714844,0.0076479122702993695,0.007677232249227117,0.04929005750782881,-0.026778621690691798,-0.01508911702258457,234.27424087524415,240.41649719238282,245.85337409973144,226.6871554070726,233.12820478603132,30.355073652439174,-6.4410493789587235,-5.1006823193020985,-1.340367059656625,256.0572129312474,212.49126881924087,0.27282859353051037,0.3048678169983248
2018-12-28,224.0878753662109,-0.0012907523900969066,-0.0012899197275229035,0.0076479122702993695,0.04929005750782881,-0.016411867678561592,233.13295974731446,239.85531372070312,245.75198875427247,226.28726617001695,232.45855075493353,34.299651759109494,-6.171284584916577,-5.314802772424994,-0.856481812491583,254.51581397717922,211.7501055174497,0.28849679551968876,0.2887600232825019
2018-12-31,226.0506134033203,0.008720651643332208,0.008758787301195392,-0.0012907523900969066,0.0076479122702993695,-0.020702122641173853,232.11679153442384,239.33248565673827,245.66174812316893,226.25085805206362,231.9838887288881,36.6292037606884,-5.733030676824484,-5.398448353304893,-0.33458232351959083,252.76934982595273,211.46423324289495,0.3531373681295526,0.2926636184983645
2019-01-02,226.28575134277344,0.0010396597707328942,0.0010402004042944224,0.008720651643332208,-0.0012907523900969066,-0.026778621690691798,231.03729476928712,238.88719787597657,245.5713599395752,226.25622625063437,231.5618044780648,36.897118702725486,-5.305578227430431,-5.3798743281300005,0.07429610069956993,250.44082547461258,211.63376406396165,0.3775598240682667,0.29083428304789705
2019-01-03,220.88595581054688,-0.024152055812842382,-0.023862728873489947,0.0010396597707328942,0.008720651643332208,0.04929005750782881,229.52370071411133,238.33661346435548,245.47050437927246,225.43003079831323,230.77100087306346,31.059691053815797,-5.340970074750231,-5.372093477454047,0.031123402703816083,246.93969394104397,212.1077074871787,0.25201687348480445,0.2908509965067799
2019-01-04,228.28472900390625,0.03294712999022044,0.03349589685867249,-0.024152055812842382,0.0010396597707328942,0.0076479122702993695,228.78694610595704,237.95630432128905,245.40459274291993,225.86921513763522,230.58683258645922,40.48615476137025,-4.717617448824001,-5.241198271728038,0.5235808229040373,245.0044709476049,212.5694212643092,0.48451622220546686,0.30487111158672126
2019-01-07,230.08465576171875,0.00785364847312393,0.007884569264296593,0.03294712999022044,-0.024152055812842382,-0.0012907523900969066,228.15862197875975,237.63717346191407,245.3499983215332,226.5177444644173,230.54963430314513,46.001138860184874,-4.031889838727835,-4.999336585127997,0.9674467464001619,243.03255490129112,213.2846890562284,0.5647452759465318,0.30733229287518055
2019-01-08,232.24636840820312,0.0093514312767199,0.009395292525387289,0.00785364847312393,0.03294712999022044,0.008720651643332208,227.92029724121093,237.51037048339845,245.33633415222167,227.39907122499972,230.6753183109272,52.65136098393144,-3.27624708592748,-4.654718685287894,1.378471599360414,242.34277270690902,213.49782177551285,0.6499767213083902,0.29980587182525836
2019-01-09,233.3318023681641,0.004662744065950201,0.004673631572370551,0.0093514312767199,0.00785364847312393,0.0010396597707328942,227.71376342773436,237.31966857910157,245.35313957214356,228.31179909317885,230.87209490775956,53.93995796875335,-2.560295814580712,-4.235834111146458,1.6755382965657457,241.67170838857706,213.75581846689167,0.701248785411837,0.30032277704521004
2019-01-10,234.1548767089844,0.003521277624054189,0.0035274846054702547,0.004662744065950201,0.0093514312767199,-0.024152055812842382,227.5456855773926,237.2308544921875,245.34260147094727,229.21073411099508,231.1152639300725,58.633086139000866,-1.9045298190774247,-3.7695732527326515,1.8650434336552268,241.0811802256094,214.0101909291758,0.7441429479809416,0.30071084598995085
2019-01-11,234.245346069336,0.0003862908558838151,0.00038636547580450653,0.003521277624054189,0.004662744065950201,0.03294712999022044,227.32233200073242,237.17028900146485,245.35261207580567,229.98528979689365,231.34712186631424,63.62237272537681,-1.3618320694205863,-3.2880250160702387,1.9261929466496523,240.2140876951229,214.43057630634192,0.7685054787229618,0.29998746805659815
2019-01-14,232.8162078857422,-0.006119718618263363,-0.006101031280129621,0.0003862908558838151,0.003521277624054189,0.00785364847312393,227.0315673828125,237.01081970214844,245.35890800476074,230.4208156567165,231.45594305293855,68.4896893699013,-1.0351273962220375,-2.8374454921005987,1.8023180958785612,239.08436341413176,214.97877135149326,0.7399708950478486,0.30053399200163117
2019-01-15,235.48443603515625,0.0113954873136582,0.011460663214321931,-0.006119718618263363,0.0003862908558838151,0.0093514312767199,227.09453125,236.8532778930664,245.3637515258789,231.1998341764765,231.75434994051025,81.14967395424112,-0.5545157640337663,-2.3808595464872324,1.826343782453466,239.31751160313254,214.87155089686743,0.8432020891290258,0.29634516042017395
2019-01-16,236.05430603027344,0.0024170666022593707,0.0024199900626642457,0.0113954873136582,-0.006119718618263363,0.004662744065950201,227.4157402038574,236.65533721923828,245.39675399780273,231.94667600013756,232.07286520641864,74.23049261067402,-0.126189206281083,-1.9299254784460027,1.8037362721649197,240.24203512024172,214.5894452874731,0.8367521908209486,0.28671521345313067
2019-01-17,237.8451995849609,0.007558151291384095,0.007586786213752861,0.0024170666022593707,0.0113954873136582,0.003521277624054189,227.83908309936524,236.52235137939454,245.4240061187744,232.85414116703345,232.5004455307551,74.30622642029007,0.35369563627835987,-1.4732012555011305,1.8268968917794903,241.47169245993197,214.2064737387985,0.8669919756719155,0.28736891426644756
2019-01-18,241.01089477539065,0.013222098862311736,0.013309897344801813,0.007558151291384095,0.0024170666022593707,0.0003862908558838151,228.59246749877929,236.42570007324218,245.4546549987793,234.10902633754995,233.13084917850588,77.66927508882816,0.9781771590440655,-0.9829255725920913,1.961102731636157,243.3987868833942,213.78614811416438,0.9193624004057087,0.2828201317110748
2019-01-22,237.7547149658203,-0.013602606164622003,-0.013510508778472152,0.013222098862311736,0.007558151291384095,-0.006119718618263363,229.36693725585937,236.23281188964845,245.45975456237792,234.66990151113,233.47335775534398,68.35976171373085,1.1965437557860241,-0.5470317069164683,1.7435754627024924,244.39845927863252,214.33541523308622,0.7790062675374204,0.28039814701261745
2019-01-23,238.2522125244141,0.0020902962163237247,0.0020924824084573856,-0.013602606164622003,0.013222098862311736,0.0113954873136582,230.39398498535155,235.94394409179688,245.493720703125,235.2210262824045,233.82734699749733,68.61806838199327,1.393679284907165,-0.1588895085517416,1.5525687934589067,244.86896029418943,215.91900967651367,0.771441828790706,0.2657362346192169
2019-01-24,238.3788299560547,0.0005313016708275686,0.0005314428365597035,0.0020902962163237247,-0.013602606164622003,0.0024170666022593707,231.71499557495116,235.66678009033203,245.52261619567872,235.70684223219683,234.1644938833164,82.55880199508422,1.542348348880438,0.18135806293469428,1.3609902859457437,243.71707384431306,219.71291730558926,0.7776116865574237,0.23947485064572333
2019-01-25,240.3958740234375,0.0084259088214066,0.008461506702397426,0.0005313016708275686,0.0020902962163237247,0.007558151291384095,232.6013977050781,235.47923553466796,245.54310501098632,236.42823173854154,234.62607759739944,78.18934104259725,1.802154141142097,0.5055172785761749,1.2966368625659221,244.4070987355984,220.79569667455783,0.8301149291435123,0.176992097248119
2019-01-28,238.5687561035156,-0.007629485218263728,-0.007600454572459836,0.0084259088214066,0.0005313016708275686,0.013222098862311736,233.31097030639648,235.34848968505858,245.56065208435058,236.7575431793068,234.91812785711176,69.72223562228447,1.8394153221950376,0.7722968872999475,1.06711843489509,244.73516461983547,221.8867759929575,0.7301162625942931,0.1808865049216057
2019-01-29,238.2522125244141,-0.0013277252739704207,-0.0013268442367371236,-0.007629485218263728,0.0084259088214066,-0.013602606164622003,234.01918716430663,235.2205859375,245.56694709777832,236.9874923093233,235.16509709172675,65.27131879191762,1.8223952175965508,0.9823165533592682,0.8400786642372826,244.77241920380987,223.26595512480338,0.6968257238640881,0.18089836430724385
2019-01-30,242.02394104003903,0.015706822123498772,0.01583082262137836,-0.0013277252739704207,-0.007629485218263728,0.0020902962163237247,234.81785354614257,235.20156799316408,245.59557624816895,237.76233057558727,235.67315960641653,69.44541541957031,2.0891709691707376,1.203687436521562,0.8854835326491757,245.4511929106174,224.18451418166774,0.8388440473352822,0.18543826415484826
2019-01-31,244.14942932128903,0.008743801913732406,0.008782140610206657,0.015706822123498772,-0.0013277252739704207,0.0005313016708275686,235.71103744506837,235.17434204101562,245.62511886596678,238.74496115184908,236.30103143714783,71.12788862073242,2.4439297147012553,1.4517358921575008,0.9921938225437545,246.32779225287345,225.0942826372633,0.8974091908959337,0.18614511786652765
2019-02-01,244.26705932617188,0.0004816790992576786,0.0004817951252633623,0.008743801913732406,0.015706822123498772,0.0084259088214066,236.8800926208496,235.13669952392578,245.64250549316407,239.59451471712953,236.89110757707553,71.1610050062149,2.703407140053997,1.7020701417368,1.0013369983171971,245.6037713169079,228.1564139247913,0.9233859913169421,0.15502092421995659
2019-02-04,245.98556518554688,0.007010723909250535,0.007035356564718986,0.0004816790992576786,0.008743801913732406,-0.007629485218263728,237.76513442993163,235.2166961669922,245.66759361267088,240.5777532507322,237.56477110362897,77.47159949962918,3.01298214710323,1.964252542810086,1.048729604293144,246.40836216894115,229.12190669092212,0.9755417191261739,0.1153303855513683
2019-02-05,247.0167694091797,0.004183370565050919,0.004192133074373494,0.007010723909250535,0.0004816790992576786,-0.0013277252739704207,238.6117401123047,235.40688232421874,245.70452194213868,241.5683711212626,238.26491912626236,75.82017982291016,3.303451995000245,2.232092433248118,1.0713595617521268,247.4031085572796,229.82037166732977,0.9780273599884924,0.11432297713883323
2019-02-06,246.6910858154297,-0.0013193374889432555,-0.0013184675458632888,0.004183370565050919,0.007010723909250535,0.015706822123498772,239.333975982666,235.57436920166015,245.74998115539552,242.3564810742114,238.88907962175622,74.07837253065183,3.4674014524551637,2.4791542370895274,0.9882472153656363,248.29522745662976,230.37272450870225,0.9104956687210047,0.11341270286227763
2019-02-07,244.3394470214844,-0.009578454357776713,-0.009532727079180847,-0.0013193374889432555,0.004183370565050919,0.008743801913732406,239.88435821533204,235.72665649414063,245.78386016845704,242.66155275840725,239.2928105402546,64.33698916052528,3.368742218152647,2.6570718333021515,0.7116703848504957,248.64328596855472,231.12543046210936,0.7543170198266105,0.12163933164542802
2019-02-08,244.6378936767578,0.0012206974331650244,0.0012214427875298917,-0.009578454357776713,-0.0013193374889432555,0.0004816790992576786,240.40850906372071,235.80847625732423,245.83522804260255,242.96560520738427,239.68874262444,59.16773437602445,3.2768625829442612,2.7810299832305736,0.49583259971368765,248.97636615499604,231.8406519724454,0.7468169443059391,0.12160830921909901
2019-02-11,244.7736358642578,0.0005547159508403641,0.0005548698341859559,0.0012206974331650244,-0.009578454357776713,0.007010723909250535,240.9349235534668,235.87682525634764,245.88437858581543,243.2437637699802,240.06540138294503,71.06406517884632,3.178362387035179,2.8604964639914945,0.31786592304368444,249.19664685385172,232.6732002530819,0.7323191040912834,0.12157664529044987
2019-02-12,247.92117309570312,0.012776997013740297,0.012858971597704327,0.0005547159508403641,0.0012206974331650244,0.004183370565050919,241.69017181396484,235.89697875976563,245.9373250579834,243.9633652047068,240.6473103987049,75.03494497697079,3.3160548060019153,2.951608132393579,0.36444667360833627,249.5802386052361,233.80010502269357,0.8948636587355386,0.12292559003753015
2019-02-13,248.72622680664065,0.003241955625689907,0.003247216447409995,0.012776997013740297,0.0005547159508403641,-0.0013193374889432555,242.35226135253907,235.94402374267577,245.99318267822267,244.69611314346585,241.2457486511446,75.8822555023845,3.450364492321256,3.0513594043791143,0.39900508794214185,250.27199212311882,234.43253058195933,0.9024104883577366,0.11901047016869494
2019-02-14,248.1745147705078,-0.0022206135619564343,-0.002218149823668303,0.003241955625689907,0.012776997013740297,-0.009578454357776713,242.9582717895508,235.9500003051758,246.05541648864747,245.23125185531845,241.75899058591224,70.9960782246327,3.4722612694062036,3.1355397773845324,0.33672149202167123,250.70178607604183,235.21475750305976,0.8368136732217972,0.12030650525946596
2019-02-15,250.8789520263672,0.010838372679486908,0.010897320614730477,-0.0022206135619564343,0.003241955625689907,0.0012206974331650244,243.6099594116211,235.94442260742187,246.12907829284669,246.10012880471055,242.4345432852052,81.72509825110305,3.665585519505356,3.2415489258086976,0.4240365936966586,251.72647016127004,235.49344866197217,0.9477904877450256,0.1226745463391866
2019-02-19,251.3130645751953,0.0017288711990919926,0.0017303665585406414,0.010838372679486908,-0.0022206135619564343,0.0005547159508403641,244.12506790161132,236.11028747558595,246.212841796875,246.90211892324666,243.09221152890817,83.4569009187049,3.809907394338495,3.3552206195146574,0.4546867748238377,252.8331434531914,235.41699235003122,0.9127201602126501,0.1161706852970392
2019-02-20,251.8196258544922,0.002013629645202521,0.002015658358840655,0.0017288711990919926,0.010838372679486908,0.012776997013740297,244.82831344604492,236.2936572265625,246.30172264099122,247.65865845113058,243.73868666413662,80.13360795939943,3.9199717869939548,3.468170853010517,0.4518009339834377,253.6413300603075,236.01529683178234,0.896646954978665,0.10033264363214336
2019-02-21,250.92416381835932,-0.0035623035091769104,-0.003555966033601754,0.002013629645202521,0.0017288711990919926,0.003241955625689907,245.4619110107422,236.5718832397461,246.37097610473631,248.16104389224267,244.2709442311161,72.54678319512061,3.890099661126584,3.5525566146337306,0.33754304649285327,254.10469765572628,236.8191243657581,0.8160006738559944,0.10289166734525818
2019-02-22,252.4798583984375,0.006180719517045014,0.006199859576713873,-0.0035623035091769104,0.002013629645202521,-0.0022206135619564343,246.16696243286134,236.87223083496093,246.44399787902833,248.82547689319574,244.87901194721397,74.94503355455842,3.9464649459817736,3.631338280903339,0.31512666507843434,254.67644893921286,237.65747592650982,0.8709328383601164,0.10334488908891434
2019-02-25,252.82359313964844,0.0013605083962329985,0.0013614343076369106,0.006180719517045014,-0.0035623035091769104,0.010838372679486908,246.78834838867186,237.1783740234375,246.51873832702637,249.4405717003423,245.46749944294987,72.66195563457828,3.973072257392431,3.699685076201158,0.27338718119127314,255.3383477567733,238.23834902057044,0.8529383156151469,0.10133376892732292
2019-02-26,252.6426544189453,-0.0007159280339902,-0.000715671818662833,0.0013605083962329985,0.006180719517045014,0.0017288711990919926,247.49204330444337,237.45697875976563,246.58107772827148,249.9331998108966,245.99899240413473,69.75831171893405,3.9342074067618853,3.7465895423133033,0.18761786444858197,255.49262610882366,239.49146050006308,0.8218897448122157,0.09491789467648008
2019-02-27,252.5342254638672,-0.0004292712555187675,-0.00042917913179585376,-0.0007159280339902,0.0013605083962329985,0.002013629645202521,248.206143951416,237.73503326416017,246.63164581298827,250.3333576036613,246.4830837418927,70.8393285893714,3.8502738617686134,3.7673264062043654,0.08294745556424798,255.22333529465752,241.1889526081745,0.8083912993636477,0.09444380228246053
2019-02-28,252.06381225585932,-0.0018645072280179566,-0.0018627701142044373,-0.0004292712555187675,-0.0007159280339902,-0.0035623035091769104,248.70813751220703,238.0918063354492,246.6761637878418,250.59958139630717,246.89647103922357,81.81821610219474,3.7031103570836024,3.754483196380213,-0.05137283929661063,255.2858774753757,242.13039754903835,0.7550780938773812,0.08273853310137817
2019-03-01,253.6376190185547,0.006224272846944436,0.006243683885483131,-0.0018645072280179566,-0.0004292712555187675,0.006180719517045014,249.18254699707032,238.57195617675782,246.72797103881837,251.06697179972986,247.39581533398885,83.54692882071559,3.6711564657410065,3.7378178502523722,-0.06666138451136572,255.74453209024523,242.6205619038954,0.8394606935421164,0.080480391501546
2019-03-04,252.71499633789065,-0.0036441944752744876,-0.0036375624571548526,0.006224272846944436,-0.0018645072280179566,0.0013605083962329985,249.60494384765624,239.03868927001952,246.78354232788087,251.32051403636996,247.78982874168526,77.96152131048856,3.5306852946847016,3.696391339138838,-0.1657060444541365,255.91752321936363,243.29236447594886,0.746337693920609,0.08274961134977106
2019-03-05,252.37136840820312,-0.0013606702009348283,-0.0013597449089569613,-0.0036441944752744876,0.006224272846944436,-0.0007159280339902,249.92423400878906,239.56725250244142,246.83231590270995,251.4821839397289,248.1292020503162,69.52421246559007,3.3529818894127175,3.627709449193614,-0.2747275597808967,256.1107287368925,243.73773928068562,0.6977803673134522,0.08093948618436043
2019-03-06,250.84274291992188,-0.006075466310773909,-0.0060570479841783875,-0.0013606702009348283,-0.0036441944752744876,-0.0004292712555187675,250.11553268432618,240.13880096435548,246.87447135925294,251.38380839822014,248.3302050776944,58.73137372404629,3.0536033205257525,3.5128882234600423,-0.4592849029342898,256.15842865102525,244.07263671762712,0.5601706731013716,0.0841877188379473
2019-03-07,248.74432373046875,-0.008400663948983037,-0.008365476971853303,-0.006075466310773909,-0.0013606702009348283,-0.0018645072280179566,250.21819458007812,240.75946228027342,246.90916465759278,250.9777338339507,248.36088053345546,52.084633566044715,2.616853300495251,3.333681238867084,-0.716827938371833,256.08328126667413,244.35310789348208,0.37435216831682006,0.09006433144807889
2019-03-08,248.24691772460932,-0.002001669769801559,-0.001999667764874924,-0.008400663948983037,-0.006075466310773909,0.006224272846944436,250.41356811523437,241.48522827148437,246.93228080749512,250.55760827866743,248.3524388439113,38.51628357209341,2.2051694347561295,3.107978878044893,-0.9028094432887634,255.68432641411036,245.14280981635838,0.29446502118233175,0.08262268466816597
2019-03-11,251.8467254638672,0.014396783342341995,0.014500916153373122,-0.002001669769801559,-0.008400663948983037,-0.0036441944752744876,250.77400970458984,242.06880615234374,246.97678245544432,250.7559339994674,248.61127488983396,51.82441314553986,2.1446591096334373,2.915314924362602,-0.7706558147291647,255.3175164408012,246.2305029683785,0.6180493197828774,0.09572551899328856
2019-03-12,252.79638671875,0.003763698950750241,0.0037707905597488267,0.014396783342341995,-0.002001669769801559,-0.0013606702009348283,251.17514724731444,242.63718780517578,247.0226905822754,251.06984980243396,248.92128317345737,53.24103655653086,2.148566628976596,2.7619652652854008,-0.6133986363088049,254.8148030998858,247.53549139474308,0.7227187867625143,0.09600384777989522
2019-03-13,254.4697265625,0.006597507184375446,0.00661931867567267,0.003763698950750241,0.014396783342341995,-0.006075466310773909,251.5025749206543,243.24482482910156,247.07946083068848,251.59290776552103,249.33227898005313,61.187191748241226,2.260628785467901,2.661697969321901,-0.40106918385400014,255.08749736432304,247.91765247698555,0.9138376336545196,0.08870069651461343
2019-03-14,254.30691528320312,-0.0006400108474466464,-0.0006398060841901199,0.006597507184375446,0.003763698950750241,-0.008400663948983037,251.78160934448243,243.8099508666992,247.13831367492676,252.01044738362597,249.70077055806422,56.32040235042229,2.309676825561752,2.5912937405698715,-0.2816169150081196,255.32515616203935,248.23806252692552,0.856324618911308,0.08864584357660098
2019-03-15,255.56329345703125,0.004928237402969327,0.00494040113863603,-0.0006400108474466464,0.006597507184375446,-0.002001669769801559,252.1510482788086,244.39550170898437,247.21739517211915,252.55703908722677,250.13503151354325,58.91464631669873,2.4220075736835156,2.5574365071926004,-0.1354289335090848,255.65156674165993,248.65052981595724,0.987391398507754,0.08871602212837372
2019-03-18,256.4900207519531,0.003619655535977846,0.0036262144002996433,0.004928237402969327,-0.0006400108474466464,0.014396783342341995,252.43160171508788,245.1075830078125,247.2851132965088,253.16211318949237,250.60577145712918,61.93938751099734,2.556341732363194,2.557217552226719,-0.0008758198635252512,256.3743228913875,248.48888053878824,1.0146723361090155,0.08205248738035517
2019-03-19,256.5535888671875,0.000247807844665936,0.00024783855156629286,0.003619655535977846,0.004928237402969327,0.003763698950750241,252.6936279296875,245.6729602050781,247.3605908203125,253.68387867836853,251.04635052454088,62.50796548085845,2.6375281538276454,2.5732796725469047,0.06424848128074068,257.0028710384067,248.3843848209683,0.9478699437599474,0.08207177947989094
2019-03-20,255.781478881836,-0.003014084408769178,-0.0030095466165986906,0.000247807844665936,0.003619655535977846,0.006597507184375446,252.8917205810547,246.18689666748048,247.4203546142578,254.00658640197892,251.3971007732294,61.355875956534526,2.6094856287495247,2.580520863787429,0.028964764962095657,257.39181687739125,248.39162428471812,0.82107738484772,0.0832066671791328
2019-03-21,258.6704406738281,0.01123133980313508,0.011294648090320658,-0.003014084408769178,0.000247807844665936,-0.0006400108474466464,253.27903442382814,246.71537811279296,247.48877082824708,254.72410244380188,251.93586669179226,64.2298197581762,2.7882357520096264,2.622063841431869,0.1661719105777575,258.36179585216416,248.1962729954921,1.0303619229444145,0.08931219546204436
2019-03-22,253.6918487548828,-0.019434485017865998,-0.01924685289117778,0.01123133980313508,-0.003014084408769178,0.004928237402969327,253.3396339416504,247.12257904052734,247.5314027404785,254.56529418396818,252.06593943720637,52.24666697081245,2.49935474676181,2.5975220224978575,-0.09816727573604744,258.41116418043316,248.26810370286765,0.5347247079923696,0.11435603292270849
2019-03-25,253.5011444091797,-0.0007519991689965195,-0.0007517164884843774,-0.019434485017865998,0.01123133980313508,0.003619655535977846,253.37351150512694,247.50950439453126,247.56283233642577,254.4015788340007,252.1722509166118,52.616783520282624,2.2293279173889005,2.523883201476066,-0.2945552840871657,258.43957659934097,248.30744641091292,0.5125968480150912,0.11432721000357626
2019-03-26,255.39073181152344,0.007426316570921293,0.007453960047193009,-0.0007519991689965195,-0.019434485017865998,0.000247807844665936,253.51091537475585,247.932412109375,247.60384384155273,254.55375621515805,252.4106569088275,60.360792525526826,2.143099306330555,2.4477264224469644,-0.30462711611640936,258.6421664384922,248.3796643110195,0.6831733054393544,0.11714312250149553
2019-03-27,254.05532836914065,-0.00524258250422642,-0.0052288641522367785,0.007426316570921293,-0.0007519991689965195,-0.003014084408769178,253.58697052001952,248.35719451904296,247.63452423095703,254.47707500807846,252.53248442440625,62.53478864636881,1.944590583672209,2.3470992546920133,-0.40250867101980425,258.7023349439303,248.47160609610876,0.5457795193370669,0.1189045929241425
2019-03-28,255.0183563232422,0.0037834566265536815,0.0037906229335298303,-0.00524258250422642,0.007426316570921293,0.01123133980313508,253.73469772338868,248.74787292480468,247.6683713531494,254.5603490565652,252.7166230835793,65.63793476491301,1.843725972985908,2.2464245983507922,-0.4026986253648843,258.8354802296609,248.63391521711645,0.6258295759792784,0.11923049318584236
2019-03-29,256.6263122558594,0.0062854606923757874,0.006305255652181652,0.0037834566265536815,-0.00524258250422642,-0.019434485017865998,253.8841323852539,249.1593130493164,247.70865379333497,254.87818954876428,253.00622968893336,62.156336616833435,1.8719598598309233,2.1715316506468185,-0.29957179081589524,259.14552726341117,248.62273750709667,0.7605943798278334,0.11926908446811169
2019-04-01,259.66973876953125,0.011789599239477925,0.011859370486676957,0.0062854606923757874,0.0037834566265536815,-0.0007519991689965195,254.23186950683595,249.5958038330078,247.768119430542,255.61535096734383,253.49982295416285,65.79892506758674,2.1155280131809775,2.1603309231536505,-0.044802909972673,260.05701917874273,248.4067198349292,0.9667579005669811,0.12447780799443275
2019-04-02,259.79693603515625,0.0004897225340392318,0.0004898424676966773,0.011789599239477925,0.0062854606923757874,0.007426316570921293,254.6031478881836,249.97152465820312,247.825101852417,256.25867174700727,253.9662757749772,63.18195204832935,2.2923959720300786,2.186743932928936,0.1056520391011424,260.8596022350422,248.346693541325,0.9150744062873638,0.12411467234916203
2019-04-03,260.2057189941406,0.0015722344462566925,0.0015734710548283015,0.0004897225340392318,0.011789599239477925,-0.00524258250422642,255.07129669189453,250.42054473876954,247.88571281433104,256.8659097850278,254.42845675417448,64.42079425830192,2.4374530308533053,2.23688575251381,0.2005672783394954,261.5405794333413,248.60201395044774,0.8968308781243542,0.1208914802583285
2019-04-04,260.89605712890625,0.002649534391347857,0.002653047509617368,0.0015722344462566925,0.0004897225340392318,0.0037834566265536815,255.67888336181642,250.87342163085938,247.95232681274413,257.48593245331676,254.90753826341387,63.40807842403067,2.5783941899028946,2.305187439991627,0.2732067499112678,261.92487925327146,249.4328874703614,0.9176414664495129,0.11468999445796536
2019-04-05,262.1588439941406,0.004828515385155719,0.004840191450691256,0.002649534391347857,0.0015722344462566925,0.0062854606923757874,256.37447967529295,251.3490219116211,248.0299984741211,258.2048419211358,255.44467202124548,64.01616843909835,2.760169899890343,2.39618393197137,0.363985967918973,262.2214383835942,250.5275209669917,0.994647269411642,0.11378426539111594
2019-04-08,262.3587341308594,0.0007621866443832284,0.0007624771824337184,0.004828515385155719,0.002649534391347857,0.011789599239477925,256.90008010864256,251.78827911376953,248.10656608581542,258.8439022610933,255.95682477010578,64.2571157040156,2.8870774909875365,2.4943626437746036,0.3927148472129329,262.9206330825093,250.87952713477577,0.9533349383280112,0.10520603901038608
2019-04-09,261.0142517089844,-0.0051377714010487786,-0.005124595627925221,0.0007621866443832284,0.004828515385155719,0.0004897225340392318,257.3109733581543,252.2371890258789,248.1841547393799,259.1778021761535,256.33144898780046,62.49997266251762,2.846353188353021,2.564760752690287,0.28159243566273373,263.2737167976834,251.34822991862518,0.8105347721553611,0.10798503872034212
2019-04-10,261.9045715332031,0.003405196542732627,0.0034110008108345635,-0.0051377714010487786,0.0007621866443832284,0.0015722344462566925,257.68271560668944,252.71023620605467,248.26395751953126,259.5973051541611,256.7442728800525,58.54121667365166,2.853032274108614,2.6224150569739524,0.23061721713466143,263.8239924180426,251.54143879533626,0.8437278644327573,0.10661117918672705
2019-04-11,261.8318786621094,-0.0002775933259311746,-0.00027755480046876,0.003405196542732627,-0.0051377714010487786,0.002649534391347857,258.05896377563477,253.10639495849608,248.36013671875,259.9410856938455,257.1211325676123,79.01641234619217,2.8199531262332016,2.661922670825802,0.15803045540739946,264.251248562599,251.86667898867054,0.8046464282793641,0.1065251280210707
2019-04-12,263.6034851074219,0.006743410439826176,0.00676619842612336,-0.0002775933259311746,0.003405196542732627,0.004828515385155719,258.4609733581543,253.49547607421874,248.46248847961425,260.5045317574726,257.6013068298204,82.36374141738854,2.903224927652218,2.7101831221910855,0.19304180546113248,265.00502600664225,251.9169207096664,0.8929149126310726,0.10749980311945172
2019-04-15,263.43072509765625,-0.000655593176337158,-0.0006553783220856202,0.006743410439826176,-0.0002775933259311746,0.0007621866443832284,258.80800857543943,253.87874938964845,248.57404693603516,260.95471534827004,258.0331155904008,78.9402629130468,2.9215997578692168,2.752466449326712,0.16913330854250486,265.64170339788524,251.9743137529936,0.8382296577711628,0.10747864072223053
2019-04-16,263.6034851074219,0.0006555931763371075,0.0006558081245138236,-0.000655593176337158,0.006743410439826176,-0.0051377714010487786,259.1605033874512,254.23110778808595,248.67957664489745,261.3622183881396,258.4457355546246,87.50839183642151,2.9164828335149764,2.785269726164365,0.1312131073506113,266.22786667897014,252.0931400959322,0.8143309277239505,0.1074336673677137
2019-04-17,262.9584045410156,-0.00245016170674331,-0.0024471625105539907,0.0006555931763371075,-0.000655593176337158,0.003405196542732627,259.5193496704102,254.54994049072266,248.78013542175293,261.60778548858207,258.7800073313943,81.99031853900188,2.8277781571877654,2.793771412369045,0.034006744818720236,266.59312699775097,252.4455723430694,0.7430847559558587,0.1071477356081768
2019-04-18,263.4761962890625,0.0019671652061129716,0.0019691013449472106,-0.00245016170674331,0.0006555931763371075,-0.0002775933259311746,259.7596374511719,254.88564270019532,248.88068725585939,261.8952333040406,259.12787318011044,80.25589664924205,2.767360123930132,2.7884891546812627,-0.021129030751130706,267.0356003470033,252.48367455534046,0.7553997932026235,0.10070754158756941
2019-04-22,263.70330810546875,0.0008616110018056927,0.0008619822951940748,0.0019671652061129716,-0.00245016170674331,0.006743410439826176,260.26021041870115,255.272919921875,248.98667137145995,262.17339865810646,259.4667942856925,73.71683067404521,2.706604372413949,2.7721121982278003,-0.06550782581385128,267.1455309431752,253.37488989422712,0.7500317650085448,0.06613368427988157
2019-04-23,266.07440185546875,0.008951337656051663,0.008991520686769894,0.0008616110018056927,0.0019671652061129716,-0.000655593176337158,260.8888732910156,255.70165008544922,249.0946189880371,262.7735529961622,259.95624669826856,79.20431377671265,2.8173062978936514,2.7811510181609704,0.036155279732680956,267.4647749509333,254.31297163109795,0.894282703166066,0.0697735033185971
2019-04-24,265.48394775390625,-0.0022215974778498817,-0.0022191315566059133,0.008951337656051663,0.0008616110018056927,0.0006555931763371075,261.39353408813474,256.1158563232422,249.18927459716798,263.1905368050459,260.3657060357232,74.14743931622021,2.824830769322716,2.78988696839332,0.03494380092939631,267.73791895288485,255.04914922338463,0.8223648748437503,0.06899305159146474
2019-04-25,265.3204345703125,-0.0006160958507911284,-0.000615906102712116,-0.0022215974778498817,0.008951337656051663,-0.00245016170674331,261.95678939819334,256.4638415527344,249.27201248168944,263.5182133843177,260.7327229642113,71.26625281637251,2.7854904201063846,2.7890076587359327,-0.003517238629548114,267.50882923326964,256.40474956311704,0.8029197621087437,0.06440893390151396
2019-04-26,266.55596923828125,0.004645954893009219,0.004656764074616904,-0.0006160958507911284,-0.0022215974778498817,0.0019671652061129716,262.53367004394534,256.8204364013672,249.35645225524902,263.98556043877363,261.1640745400683,71.1907780369502,2.821485898705305,2.7955033067298074,0.02598259197549746,267.4062403403967,257.66109974749395,0.912749221623882,0.06476738250273534
2019-04-29,266.9737548828125,0.0015661197906544368,0.001567346796716329,0.004645954893009219,-0.0006160958507911284,0.0008616110018056927,263.051042175293,257.1964212036133,249.45211196899413,264.44528266093346,261.59442123212347,71.78337765152934,2.850861428809992,2.8065749311458443,0.04428649766414772,267.4576931303791,258.6443912202069,0.9450900181907952,0.06297264952730867
2019-04-30,267.11004638671875,0.0005103749881226344,0.0005105052515970154,0.0015661197906544368,0.004645954893009219,0.008951337656051663,263.42305755615234,257.5210430908203,249.53721870422362,264.85524631105426,262.0029860583898,82.47696905251999,2.8522602526644505,2.8157119954495657,0.03654825721488475,267.88370687481614,258.96240823748855,0.9132793868304868,0.05130775616034355
2019-05-01,265.10235595703125,-0.0075447319321401505,-0.0075163418854743425,0.0005103749881226344,0.0015661197906544368,-0.0022215974778498817,263.6883285522461,257.79682891845704,249.6113018798828,264.89326317966606,262.23256901384474,65.22440321385503,2.660694165821326,2.784708429523918,-0.12401426370259205,267.8628509123491,259.51380619214314,0.669363975421402,0.06035325029015415
2019-05-02,264.5299377441406,-0.0021615692342705755,-0.002159234725863435,-0.0075447319321401505,0.0005103749881226344,-0.0006160958507911284,263.90453948974607,258.05103515625,249.68364212036133,264.837366958816,262.40274447534813,62.261795789298496,2.4346224834678765,2.71469124031271,-0.28006875684483346,267.754934377192,260.05414460230014,0.581212222729887,0.06133976518095845
2019-05-03,267.119140625,0.009740347371684605,0.009787938949139763,-0.0021615692342705755,-0.0075447319321401505,0.004645954893009219,264.21569366455077,258.3749346923828,249.7638705444336,265.18840906130583,262.7521071531001,64.87228279813375,2.436301908205735,2.659013373891315,-0.2227114656855802,268.0481773908143,260.3832099382872,0.8787944278213446,0.06884361176468017
2019-05-06,266.0199584960937,-0.004123440536046133,-0.004114950828062902,0.009740347371684605,-0.0021615692342705755,0.0015661197906544368,264.40874938964845,258.64573669433594,249.8359619140625,265.3163397435809,262.99417021554405,60.15711419390958,2.322169528036852,2.5916446047204227,-0.2694750766835705,268.19367810171224,260.62382067758466,0.7128453702852845,0.06987464607510299
2019-05-07,261.5774841308594,-0.016840791864487403,-0.016699778431472634,-0.004123440536046133,0.009740347371684605,0.0005103749881226344,264.36968688964845,258.82081451416013,249.89058555603026,264.74113118777757,262.8892305055674,44.046645431588615,1.8519006822101574,2.4436958202183696,-0.5917951380082123,268.2584016892328,260.4809720900641,0.1409864309041753,0.09366012114758095
2019-05-08,261.214111328125,-0.001390125106858072,-0.0013891593305201955,-0.016840791864487403,-0.004123440536046133,-0.0075447319321401505,264.37967987060546,258.99224365234375,249.94482482910155,264.19851274783105,262.7651476035346,44.788150352794,1.433365144296431,2.241629685033982,-0.808264540737551,268.23295470320625,260.52640503800467,0.08923660003459453,0.09194158228509357
2019-05-09,260.4237060546875,-0.0030304776686363153,-0.0030258904062216985,-0.001390125106858072,-0.016840791864487403,-0.0021615692342705755,264.3056365966797,259.15003326416013,249.9927844238281,263.6177732565782,262.5917074888052,41.02553519837781,1.026065767772991,1.998516901581784,-0.9724511338087931,268.4080267181361,260.20324647522324,0.026869650732533633,0.0916533484070071
2019-05-10,261.73199462890625,0.005011115689202445,0.005023692328316676,-0.0030304776686363153,-0.001390125106858072,0.009740347371684605,264.3006423950195,259.3433969116211,250.04097434997558,263.32765346770555,262.5280250547386,44.55068179747528,0.7996284129669675,1.7587392038588208,-0.9591107908918532,268.41593552097095,260.18534926906807,0.1879143614442534,0.09356064531104966
2019-05-13,255.1545562744141,-0.025451594367282192,-0.025130432998143437,0.005011115689202445,-0.0030304776686363153,-0.004123440536046133,263.87819595336913,259.3737356567383,250.04553482055664,262.0702538995069,261.9818421821219,25.509509172431336,0.08841171738498588,1.424673706564054,-1.3362619891790681,269.6827299580572,258.07366194868104,-0.2514504757754281,0.12664304149880987
2019-05-14,257.46209716796875,0.009003049216191949,0.009043698561560953,-0.025451594367282192,0.005011115689202445,-0.016840791864487403,263.57976455688475,259.46867767333987,250.06463241577148,261.3613067100395,261.6470462551476,33.29556416712312,-0.285739545108072,1.0825910562296288,-1.3683306013377008,270.05603360617306,257.10349550759645,0.027685821700976793,0.13214861629196056
2019-05-15,258.9701232910156,0.0058401871517240935,0.005857274292545789,0.009003049216191949,-0.025451594367282192,-0.001390125106858072,263.3480964660645,259.6006527709961,250.0998636627197,260.993432337882,261.4487556652119,37.477523126806844,-0.4553233273298929,0.7750081795177245,-1.2303315068476173,270.1443743427842,256.55181858934475,0.17791390710749522,0.13434917369684413
2019-05-16,261.36846923828125,0.009218470303764695,0.00926109126715935,0.0058401871517240935,0.009003049216191949,-0.0030304776686363153,263.2685997009277,259.8111672973633,250.15366554260254,261.0511303225588,261.4428085224763,40.219078734620915,-0.3916781999175214,0.5416709036306753,-0.9333491035481967,270.12103355352025,256.4161658483352,0.3613536078186596,0.1388572507612122
2019-05-17,259.6788024902344,-0.006485678987578618,-0.006464692366952907,0.009218470303764695,0.0058401871517240935,0.005011115689202445,263.0787300109863,260.0298568725586,250.19284362792968,260.84000296373966,261.3121414089769,36.87502333539049,-0.472138445237249,0.3389090338570904,-0.8110474790943394,270.11491952673185,256.04254049524076,0.25839710448790565,0.1402588247239393
2019-05-20,257.9618530273437,-0.006633774766580532,-0.006611819857553658,-0.006485678987578618,0.009218470303764695,-0.025451594367282192,262.7916572570801,260.2241555786133,250.22553993225097,260.3972106658326,261.0639718992263,34.42648756427738,-0.6667612333937427,0.1377749804069238,-0.8045362138006665,270.18022510820884,255.40308940595133,0.1731569414363201,0.14165021668672034
2019-05-21,260.28741455078125,0.008974743539321131,0.009015137300905751,-0.006633774766580532,-0.006485678987578618,0.009003049216191949,262.5023078918457,260.3929693603516,250.2630160522461,260.3803189558247,261.00644913267485,41.89100010793088,-0.6261301768501539,-0.015006051044491764,-0.6111241258056621,269.8023049943909,255.2023107893005,0.3482949164259112,0.14167226893023688
2019-05-22,259.4879150390625,-0.00307632970143131,-0.003071602647782945,0.008974743539321131,-0.006633774766580532,0.0058401871517240935,262.2025062561035,260.5267999267578,250.29107864379884,260.24302604555356,260.8939651257406,41.573020526662646,-0.6509390801870154,-0.1421926568729965,-0.5087464233140189,269.47937757121883,254.92563494098815,0.3134781350741832,0.1417944945356686
2019-05-23,256.31744384765625,-0.012293440018689449,-0.012218184384151343,-0.00307632970143131,0.008974743539321131,0.009218470303764695,261.7523567199707,260.5637542724609,250.29863388061523,259.63909032280014,260.55496354958615,32.29068788882188,-0.9158732267860046,-0.29692877085559816,-0.6189444559304065,269.32496465745743,254.17974878248398,0.14114655629997844,0.1471762585322797
2019-05-24,256.8988647460937,0.0022657937304180137,0.002268362580827743,-0.012293440018689449,-0.00307632970143131,-0.006485678987578618,261.26950149536134,260.61559326171874,250.30488883972168,259.217517157153,260.2841414159941,34.78776261824753,-1.0666242588411023,-0.450867868452699,-0.6157563903884034,268.7837625317819,253.75524045894076,0.20917720797269498,0.14604766905826755
2019-05-28,254.509506225586,-0.009344297206906346,-0.009300774928955868,0.0022657937304180137,-0.012293440018689449,-0.006633774766580532,260.6462890625,260.59451751708986,250.29973426818847,258.49320778306577,259.8563906611491,37.34532267573541,-1.3631828780833075,-0.6333308703788207,-0.7298520077044868,268.2356960776293,253.05688204737064,0.09570076919840906,0.14779222579886409
2019-05-29,252.8016357421875,-0.006733055098389896,-0.0067104388701485496,-0.009344297206906346,0.0022657937304180137,0.008974743539321131,259.9308685302734,260.5207498168945,250.28778572082518,257.61758131523834,259.33381622270747,35.62993993621413,-1.7162349074691292,-0.8499116777968825,-0.8663232296722467,267.65121234191145,252.21052471863536,0.03828268779047596,0.1481426014820873
2019-05-30,253.49200439453125,0.0027271489329113584,0.0027308709863247405,-0.006733055098389896,-0.009344297206906346,-0.00307632970143131,259.35035095214846,260.4595181274414,250.28783821105958,256.9828771735911,258.90108942062034,38.118769412963466,-1.9182122470292597,-1.063571791643358,-0.8546404553859017,267.17867054988164,251.52203135441528,0.12582349350468594,0.1482227643738689
2019-05-31,250.076171875,-0.013566722729402977,-0.013475109511599803,0.0027271489329113584,-0.006733055098389896,-0.012293440018689449,258.6276626586914,260.3454119873047,250.27555587768555,255.92030712765398,258.24739182464845,31.36758741337202,-2.3270846969944614,-1.3162743727135786,-1.0108103242808828,267.08596910258603,250.16935621479678,-0.005508451391238047,0.1535756582592963
2019-06-03,249.4402313232422,-0.0025462262751219005,-0.0025429873905606915,-0.013566722729402977,0.0027271489329113584,0.0022657937304180137,257.7437171936035,260.16080780029296,250.25203704833984,254.9233723885137,257.595009565285,38.72329380249994,-2.6716371767712985,-1.5873469335251227,-1.0842902432461758,266.160561299083,249.32687308812402,0.006734010615948816,0.14627843497792165
2019-06-04,254.85476684570312,0.021474508447026152,0.021706745113799997,-0.0025462262751219005,-0.013566722729402977,-0.009344297206906346,257.18545761108396,260.1840661621094,250.26508003234864,254.91281768961977,257.3920286230938,45.416706006557604,-2.4792109334740076,-1.7657197335148997,-0.7134911999591078,264.7265352402299,249.644379981938,0.34546699556753024,0.1708171689610156
2019-06-05,257.0622863769531,0.008624573847970883,0.008661872636608337,0.021474508447026152,-0.0025462262751219005,-0.006733055098389896,256.9596977233887,260.25528900146486,250.27895553588868,255.24350517997877,257.3676032715278,46.7268047444472,-2.1240980915490297,-1.8373954051217258,-0.2867026864273039,264.2119673464499,249.70742810032743,0.5070728653853571,0.16559472395079128
2019-06-06,258.73394775390625,0.006481890014788729,0.006502942926843058,0.008624573847970883,0.021474508447026152,0.0027271489329113584,256.83568954467773,260.3221533203125,250.29671348571776,255.7804963451984,257.4688139739262,45.36447666720005,-1.688317628727816,-1.807579849842944,0.11926222111512796,263.8629835097433,249.8083955796122,0.6350632418869357,0.16761245085414503
2019-06-07,261.3231201171875,0.009957344745276871,0.01000708405587325,0.006481890014788729,0.008624573847970883,-0.013566722729402977,256.8806602478027,260.46750915527343,250.3246866607666,256.6332076947352,257.7543181326863,52.804455816587414,-1.1211104379511312,-1.6702859674645816,0.5491755295134504,264.01532448765937,249.7459960079461,0.8113292875485077,0.17128813851480518
2019-06-10,262.5223388671875,0.004578529122892265,0.004589026602247248,0.009957344745276871,0.006481890014788729,-0.0025462262751219005,256.9201774597168,260.61758880615236,250.355657119751,257.5392278751125,258.1075048537605,57.91794139246164,-0.5682769786479867,-1.4498841697012628,0.8816071910532761,264.17571140270735,249.66464351672622,0.8860612776047212,0.1711328728394847
2019-06-11,262.458740234375,-0.0002422892391949381,-0.00024225988952764066,0.004578529122892265,0.009957344745276871,0.021474508447026152,257.28538665771487,260.73423736572266,250.38707099914552,258.2960759303836,258.4298185856578,54.09121071086441,-0.13374265527420448,-1.1866558668158513,1.0529132115416469,264.89346927200376,249.67730404342598,0.8399906283183595,0.14203283763034916
2019-06-12,261.9954528808594,-0.0017667414241518812,-0.0017651816552266553,-0.0002422892391949381,0.004578529122892265,0.008624573847970883,257.5120544433594,260.7807516479492,250.4178687286377,258.86521084584143,258.6939396445616,54.78533073975285,0.17127120127980788,-0.9150704531967195,1.0863416544765274,265.4070202822076,249.61708860451114,0.7839403316629211,0.13952034081884174
2019-06-13,263.0765075683594,0.004117744981427218,0.0041262345419086355,-0.0017667414241518812,-0.0002422892391949381,0.006481890014788729,257.7173736572266,260.8463430786133,250.4463730621338,259.5131026493057,259.0185743055837,64.0166492841087,0.49452834372203824,-0.6331506938129681,1.1276790375350063,265.9771539628039,249.45759335164922,0.824411407620254,0.1388392740144267
2019-06-14,262.7858581542969,-0.0011054202110841872,-0.0011048094592291946,0.004117744981427218,-0.0017667414241518812,0.009957344745276871,257.78824310302736,260.8979458618164,250.4632642364502,260.01660349622745,259.29763236845133,62.357213504566246,0.7189711277761148,-0.36272632949515154,1.0816974572712663,266.20279750403864,249.37368870201604,0.7969625492390243,0.13531511692202164
2019-06-17,262.8856811523437,0.00037979229150721284,0.00037986442173076895,-0.0011054202110841872,0.004117744981427218,0.004578529122892265,257.94858703613284,260.9377383422852,250.48002754211427,260.4580000587069,259.5634137598508,69.45185237681801,0.8945862988560975,-0.1112638038249017,1.0058501026809992,266.6327274957158,249.2644465765499,0.7842592274496638,0.1329424217852657
2019-06-18,265.6383972167969,0.010416709731909089,0.01047115252678199,0.00037979229150721284,-0.0011054202110841872,-0.0002422892391949381,258.3324142456055,261.0073294067383,250.5035718536377,261.2549842368746,260.0134125344394,78.43088881378844,1.2415717024351807,0.1593032974271148,1.0822684050080658,267.6728125445836,248.99201594662733,0.8910959006957275,0.1343830981128084
2019-06-19,266.2380065917969,0.002254695356753681,0.002257239093754304,0.010416709731909089,0.00037979229150721284,-0.0017667414241518812,258.62994384765625,261.08491485595704,250.535396194458,262.02160306070874,260.47449357572515,78.34382498887044,1.5471094849835936,0.4368645349384106,1.110244950045183,268.5910294859196,248.6688582093929,0.8818892347896252,0.13148902804384657
2019-06-20,268.78173828125,0.009508998054893924,0.0095543522204673,0.002254695356753681,0.010416709731909089,0.004117744981427218,259.0946350097656,261.24026458740235,250.57989448547363,263.06162386386893,261.08984503539364,93.27484224066964,1.9717788284752942,0.7438473936457874,1.2279314348295067,270.04249600560155,248.14677401392973,0.9424199062798163,0.13371897062004734
2019-06-21,268.3910217285156,-0.0014547149473103796,-0.0014536573624117644,0.009508998054893924,0.002254695356753681,-0.0011054202110841872,259.6983139038086,261.36999359130857,250.6246770477295,263.88153122766073,261.63067293858785,94.34532077150551,2.2508582890728803,1.0452495727312061,1.2056087163416742,271.3126049006442,248.084022906973,0.8742246438924002,0.12377645572711096
2019-06-24,268.0623779296875,-0.0012252465550657789,-0.0012244962469741827,-0.0014547149473103796,0.009508998054893924,0.00037979229150721284,260.2564895629883,261.49460357666015,250.6713076019287,264.5247384125879,262.1070955305211,90.56042166111537,2.4176428820667866,1.3197282345983221,1.0979146474684645,272.3667313187433,248.1462478072333,0.8222845804457088,0.12440848150058466
2019-06-25,265.43328857421875,-0.00985616492825595,-0.009807752120136626,-0.0012252465550657789,-0.0014547149473103796,0.010416709731909089,260.80267868041994,261.5311996459961,250.70868659973144,264.6645153605311,262.35348020042466,75.05842071318034,2.311035160106428,1.5179896196999434,0.7930455404064847,272.80645236381883,248.79890499702103,0.6928814227896892,0.12504609774401387
2019-06-26,265.16851806640625,-0.0009980008604377302,-0.0009975030232067805,-0.00985616492825595,-0.0012252465550657789,0.002254695356753681,261.42102279663084,261.5659555053711,250.7472483062744,264.74205423835804,262.5620015238307,71.0333943841252,2.180052714527335,1.6504022386654218,0.5296504758619132,272.95428950029225,249.88775609296943,0.6624646063454734,0.12127236678275609
2019-06-27,266.1087951660156,0.0035396884374634596,0.003545960532818304,-0.0009980008604377302,-0.00985616492825595,0.009508998054893924,262.0518623352051,261.61606170654295,250.78827339172364,264.9523220733823,262.82472697880735,67.53355948576782,2.1275950945749287,1.7458408098473233,0.3817542847276054,273.13027995518036,250.97344471522985,0.6831007355913157,0.12133678415894994
2019-06-28,267.47808837890625,0.005132420833097966,0.0051456142666626015,0.0035396884374634596,-0.0009980008604377302,-0.0014547149473103796,262.9219581604004,261.7064553833008,250.83189292907716,265.34090150500134,263.16942041585173,67.93318373368908,2.1714810891496086,1.8309688657077803,0.3405122234418283,272.6968915455604,253.1470247752404,0.733051727258972,0.10580308089354604
2019-07-01,269.9064025878906,0.009037591438211048,0.009078553775008436,0.005132420833097966,0.0035396884374634596,-0.0012252465550657789,263.9452667236328,261.83505950927736,250.88734046936034,266.0432862869843,263.66845613229907,73.01221496989162,2.3748301546852417,1.9397411235032727,0.43508903118196907,271.8916870350588,255.99884641220686,0.87508309594991,0.10520965543732116
2019-07-02,270.6093444824219,0.0026010057787893386,0.0026043913289621745,0.009037591438211048,0.005132420833097966,-0.00985616492825595,264.7329956054688,261.9731802368164,250.93864936828612,266.74575677859013,264.18259601008594,76.22727205149934,2.56316076850419,2.064425052503456,0.49873571600073374,271.9776522702729,257.4883389406646,0.9055643454783346,0.08234167082199646
2019-07-03,272.7728271484375,0.007963066185220993,0.007994855721459304,0.0026010057787893386,0.009037591438211048,-0.0009980008604377302,265.51852264404295,262.1071487426758,251.00055168151854,267.67299837395126,264.8189094277416,77.69734628373372,2.8540889462096857,2.222357831244702,0.6317311149649836,272.6674945246481,258.3695507634378,1.0073669770666733,0.081773788912868
2019-07-05,272.46246337890625,-0.0011384582342518596,-0.0011378104365298292,0.007963066185220993,0.0026010057787893386,0.0035396884374634596,266.20494842529297,262.2467190551758,251.06779487609865,268.40983914394434,265.3850986093093,77.6099362786672,3.0247405346350433,2.3828343719227707,0.6419061627122726,273.2465734536081,259.16332339697783,0.9443232157670377,0.08190200713643848
2019-07-08,270.9653625488281,-0.00550985630888665,-0.005494704890765645,-0.0011384582342518596,0.007963066185220993,0.005132420833097966,266.687060546875,262.35961761474607,251.12052558898927,268.80299659084955,265.7984514937181,71.35103749163322,3.0045450971314267,2.5071765169645017,0.497368580166925,273.6411498016998,259.7329712920502,0.8076105184431464,0.08183837002566384
2019-07-09,271.3031921386719,0.0012459864420669598,0.0012467630056696155,-0.00550985630888665,-0.0011384582342518596,0.009037591438211048,267.12610321044923,262.4545620727539,251.17355796813965,269.18764205974526,266.206210060011,67.15963422164866,2.981431999734241,2.6020276135184495,0.3794043862157914,274.08183605956225,260.1703703613362,0.8002623173455619,0.08119643841824133
2019-07-10,272.5993957519531,0.004766316969414453,0.004777693926353521,0.0012459864420669598,-0.00550985630888665,0.0026010057787893386,267.6331359863281,262.5670748901367,251.22250816345215,269.71252724316184,266.67977937052524,68.48944474010999,3.0327478726366053,2.6881716653420806,0.34457620729452465,274.6345877433379,260.63168422931835,0.8546592862439463,0.08159777303780885
2019-07-11,273.2384948730469,0.0023417187561362287,0.0023444627209492364,0.004766316969414453,0.0012459864420669598,0.007963066185220993,268.1952880859375,262.6896438598633,251.27585411071777,270.2549838016057,267.1656101484898,64.56634795497209,3.0893736531158993,2.7684120628968443,0.320961590219055,275.09552194378324,261.2950542280917,0.8654373816167932,0.08044725745977585
2019-07-12,274.4617004394531,0.004466704998836354,0.004476695595086566,0.0023417187561362287,0.004766316969414453,-0.0011384582342518596,268.76454772949216,262.8768307495117,251.33967765808106,270.90217097665914,267.7060612811538,68.81725719301963,3.1961096955053563,2.8539515894185468,0.3421581060868095,275.76451327231143,261.7645821866729,0.9069414824338126,0.08057272992368252
2019-07-15,274.552978515625,0.0003325159800339717,0.0003325712696005123,0.004466704998836354,0.0023417187561362287,-0.00550985630888665,269.35290374755857,263.0772915649414,251.4051714324951,271.46383367496156,268.213240335559,70.41936289099253,3.250593339402542,2.933279939415346,0.31731339998719577,276.213710121103,262.4920973740141,0.8789696491157462,0.07996907463825437
2019-07-16,273.6674499511719,-0.0032305594196194477,-0.0032253467772986877,0.0003325159800339717,0.004466704998836354,0.0012459864420669598,269.8919921875,263.2082577514648,251.47014930725098,271.8028515636093,268.61725586264146,79.09661668000267,3.1855957009678377,2.9837430917258447,0.201852609241993,276.2920525223803,263.49193185261976,0.7949548571515526,0.08205287668820758
2019-07-17,271.8052673339844,-0.006827801987442212,-0.0068045455077677675,-0.0032305594196194477,0.0003325159800339717,0.004766316969414453,270.20033569335936,263.32396392822267,251.52217430114746,271.8032232205901,268.8534048605187,71.07292427727853,2.94981836007139,2.976958145394954,-0.02713978532356398,276.3258596131604,264.07481177355834,0.6310036220279052,0.08144899945225473
2019-07-18,272.8002624511719,0.003654007055926871,0.003660691078384737,-0.006827801987442212,-0.0032305594196194477,0.0023417187561362287,270.5284484863281,263.5484194946289,251.5790389251709,271.95661387144884,269.1457646820486,71.17309200183857,2.810849189400244,2.943736354196012,-0.1328871647957679,276.46027367408425,264.59662329857196,0.6914936712508836,0.0818517497237691
2019-07-19,271.2848815917969,-0.0055703957161833285,-0.005554909829480925,0.003654007055926871,-0.006827801987442212,0.004466704998836354,270.65360565185546,263.74983489990234,251.62378562927245,271.85327044381006,269.3042177864744,61.93508757494054,2.5490526573356647,2.8647996148239425,-0.31574695748827786,276.5356751222094,264.7715361815015,0.5536610408227151,0.07904541746384627
2019-07-22,271.9512634277344,0.0024533793500187725,0.0024563913478237165,-0.0055703957161833285,0.003654007055926871,0.0003325159800339717,270.8316177368164,263.98038604736325,251.67262870788574,271.86834628749074,269.50029524138256,57.207333181311654,2.368051046108178,2.76544990108079,-0.39739885497261174,276.6404111544609,265.0228243191719,0.5963750653893986,0.07900484175044069
2019-07-23,273.89569091796875,0.007124472159706948,0.007149911589769298,0.0024533793500187725,-0.0055703957161833285,-0.0032305594196194477,271.12328338623047,264.22365997314455,251.73047492980956,272.18024546141044,269.82588010631486,60.650964241276924,2.354365355095581,2.683232991883748,-0.3288676367881669,276.93241164642745,265.3141551260335,0.7386250920585002,0.0818712144272146
2019-07-24,275.1829528808594,0.004688815840129118,0.004699825537876512,0.007124472159706948,0.0024533793500187725,-0.006827801987442212,271.6107666015625,264.6242279052734,251.80500846862793,272.642200449018,270.22270031183666,58.28151379465831,2.4195001371813305,2.6304864209432646,-0.21098628376193407,277.0328547732335,266.18867842989147,0.8294105671280501,0.07176670578039353
2019-07-25,273.8683776855469,-0.004788542105541774,-0.004777095316226387,0.004688815840129118,0.007124472159706948,0.003654007055926871,272.0457595825195,264.952353515625,251.8802532196045,272.8308431007917,270.492750487667,54.519040808599215,2.3380926131246724,2.5720076593795467,-0.23391504625487425,276.6215610232728,267.4699581417662,0.6991583470815236,0.07492129836995996
2019-07-26,275.70330810546875,0.0066776993280737084,0.006700044873485522,-0.004788542105541774,0.004688815840129118,-0.0055703957161833285,272.5254852294922,265.2870172119141,251.96467262268067,273.272760793819,270.8787177186153,64.90549951900091,2.394043075203683,2.536414742544374,-0.14237166734069095,276.4452780598752,268.60569239910916,0.9053559733239853,0.07679557261904682
2019-07-29,275.2011413574219,-0.001823063464520006,-0.001821402693705676,0.0066776993280737084,-0.004788542105541774,0.0024533793500187725,272.911637878418,265.56367065429686,252.04846977233888,273.569434726681,271.19889724741574,62.13738368910783,2.370537479265238,2.503239289888547,-0.13270181062330932,276.2102286010881,269.6130471557479,0.8470426723856495,0.076726395046995
2019-07-30,274.52569580078125,-0.00245738738183619,-0.002454370477204426,-0.001823063464520006,0.0066776993280737084,0.007124472159706948,273.1426025390625,265.8606085205078,252.16980506896974,273.7165518150041,271.44532676988723,56.239287514703406,2.2712250451168643,2.456836440934211,-0.18561139581734665,276.19271656369506,270.09248851443,0.7267281240224055,0.07231920983584102
2019-07-31,271.52215576171875,-0.011001124983084157,-0.010940833900088265,-0.00245738738183619,-0.001823063464520006,0.004688815840129118,273.18824310302733,266.13181457519534,252.3036840057373,273.378952422191,271.4510178063192,45.179174816950756,1.9279346158717772,2.3510560759217243,-0.4231214600499471,276.1030679720311,270.27341823402355,0.21420455495873197,0.08324036457665217
2019-08-01,269.1578674316406,-0.008745665822113367,-0.008707533731254546,-0.011001124983084157,-0.00245738738183619,-0.004788542105541774,273.0074951171875,266.3092236328125,252.408745803833,272.7295547313371,271.2811548156023,36.00009022013714,1.4483999157347967,2.1705248438843388,-0.7221249281495421,276.43416850877907,269.5808217255959,-0.06171499959598386,0.08361744001359499
2019-08-02,267.13116455078125,-0.007558284463728223,-0.007529792460456708,-0.008745665822113367,-0.011001124983084157,0.0066776993280737084,272.7409301757813,266.4620886230469,252.51064338684083,271.8682639343285,270.97374812931923,32.225590682390916,0.8945158050092914,1.9153230361093294,-1.020807231100038,277.0595067931465,268.42235355841603,-0.14949242794985287,0.08712893275778993
2019-08-05,259.09771728515625,-0.030534513414140027,-0.03007304400119082,-0.007558284463728223,-0.008745665822113367,-0.001823063464520006,272.14754791259764,266.5176940917969,252.5453967285156,269.9035644498405,270.0940421408627,24.00650298852176,-0.1904776910222381,1.494162890683016,-1.684640581705254,279.61016437736555,264.68493144782974,-0.37434686540917245,0.1359544758551536
2019-08-06,262.73101806640625,0.013925486462537188,0.014022897690184166,-0.030534513414140027,-0.007558284463728223,-0.00245738738183619,271.71893920898435,266.63433715820315,252.59809173583983,268.800095775466,269.54863295016224,34.773137180798926,-0.7485371746962528,1.045622877607162,-1.794160052303415,280.2883407188984,263.1495376990703,-0.024419420199875242,0.14724658237412777
2019-08-07,262.88623046875,0.0005905909948267092,0.0005907654280261632,0.013925486462537188,-0.030534513414140027,-0.011001124983084157,271.23328094482423,266.8018716430664,252.6697721862793,267.89027034366353,269.05512165524283,32.88149526012657,-1.164851311579298,0.6035280397698701,-1.7683793513491681,280.65150305446355,261.8150588351849,0.05686697664885014,0.14558672515254717
2019-08-08,268.0440673828125,0.01943004270911794,0.019620034510235085,0.0005905909948267092,0.013925486462537188,-0.008745665822113367,270.9735595703125,267.1067202758789,252.76791664123536,267.91393142660957,268.9802287461739,45.029352540345116,-1.0662973195643417,0.2695629679030278,-1.3358602874673695,280.44528934068967,261.5018297999353,0.3453560089593154,0.16358062804324944
2019-08-09,266.2182922363281,-0.006834777786880757,-0.006811473815896307,0.01943004270911794,0.0005905909948267092,-0.007558284463728223,270.56138916015624,267.36124603271486,252.86250717163085,267.65306385887396,268.7756408565557,41.50895126793056,-1.1225769976817332,-0.008865025213924405,-1.1137119724678088,280.11112224828634,261.01165607202614,0.2726063711023298,0.16352730573293248
2019-08-12,262.9775390625,-0.012247994013085111,-0.012173292626155185,-0.006834777786880757,0.01943004270911794,-0.030534513414140027,269.9826171875,267.61927337646483,252.94718887329103,266.9337523517395,268.34615183477376,34.42721709077297,-1.412399483034278,-0.28957191677799515,-1.122827566256283,279.90940303031607,260.05583134468395,0.1471628261191142,0.16767699162872002
2019-08-13,267.0673217773437,0.015432142379550432,0.015551832789307829,-0.012247994013085111,-0.006834777786880757,0.013925486462537188,269.6526107788086,267.97181518554686,253.08959289550782,266.9543014941401,268.2514236823715,39.281415983419805,-1.2971221882314126,-0.4910819710686787,-0.8060402171627339,279.5021417512387,259.8030798063785,0.36876080654493076,0.1788044923270848
2019-08-14,259.1707763671875,-0.030013555481198943,-0.029567621218516638,0.015432142379550432,-0.012247994013085111,0.0005905909948267092,269.02088623046876,268.0581353759766,253.17111228942872,265.75683608999356,267.57878314050606,33.46344357681387,-1.821947050512506,-0.7572549869574441,-1.0646920635550619,279.8600587671397,258.1817136937978,0.04562445472860182,0.2054096588440493
2019-08-15,259.8554077148437,0.0026381395225393576,0.0026416224747740635,-0.030013555481198943,0.015432142379550432,0.01943004270911794,268.37364349365237,268.1139978027344,253.2774114227295,264.8489240322782,267.00668125712366,31.695415182712978,-2.1577572248454544,-1.0373554345350462,-1.1204017903104082,279.7930198216699,256.95426716563486,0.12702710138779066,0.20504519755709
2019-08-16,263.68963623046875,0.014647439076066191,0.014755238497220713,0.0026381395225393576,-0.030013555481198943,-0.006834777786880757,267.99388122558594,268.21311157226563,253.4094915008545,264.67057206276905,266.7609742181122,37.65429310731931,-2.090402155343156,-1.247964778696668,-0.8424373766464881,279.5103725484146,256.4773899027573,0.31312689453492365,0.21333096485446904
2019-08-19,266.866455078125,0.01197557380415282,0.01204756809205687,0.014647439076066191,0.0026381395225393576,-0.012247994013085111,267.7396408081055,268.32397827148435,253.5398754119873,265.00840021897767,266.7687876151502,42.20399612837011,-1.7603873961725185,-1.3504493021918382,-0.40993809398068026,279.11188699528117,256.3673946209298,0.46160891544164906,0.21824504681604295
2019-08-20,264.8215637207031,-0.007692110289808351,-0.007662601718988027,0.01197557380415282,0.014647439076066191,0.015432142379550432,267.2859344482422,268.3699627685547,253.64717559814454,264.97965614232004,266.62454880815415,43.04401407892943,-1.6448926658341065,-1.409337974920292,-0.23555469091381465,278.3437647539957,256.2281041424887,0.38856897513353833,0.21731533342019344
2019-08-21,266.9760437011719,0.008102675671308915,0.008135591189020408,-0.007692110289808351,0.01197557380415282,-0.030013555481198943,266.87558898925784,268.46030883789064,253.752299118042,265.2867926898357,266.6505854668962,47.72510611759165,-1.363792777060496,-1.4002289353483328,0.03643615828783675,277.28989713084167,256.461280847674,0.5048229181693275,0.21897477972122978
2019-08-22,266.89385986328125,-0.00030787964629991387,-0.0003078322562252156,0.008102675671308915,-0.007692110289808351,0.0026381395225393576,266.52686309814453,268.55827697753904,253.86429595947266,265.5340337934427,266.66860579255433,49.74211555451789,-1.1345719991116425,-1.347097548100995,0.2125255489893525,276.4087301916336,256.64499600465547,0.518569201632884,0.21866344525392836
2019-08-23,260.0380859375,-0.02602294610012603,-0.025687267325269936,-0.00030787964629991387,0.008102675671308915,0.014647439076066191,265.7436019897461,268.49750854492186,253.93526908874512,264.6885033540669,266.1774561736614,51.04876444969647,-1.4889528195945445,-1.375468602399705,-0.11348421719483959,275.0282331928408,256.4589707866514,0.1927440666493921,0.23318669425072344
2019-08-26,262.9136047363281,0.010997374445962304,0.011058067853642273,-0.02602294610012603,-0.00030787964629991387,0.01197557380415282,265.1292251586914,268.5000634765625,254.01284149169922,264.41544202826094,265.93568940052563,50.20713445425282,-1.5202473722646914,-1.4044243563727024,-0.11582301589198907,273.34327531033955,256.9151750070432,0.3651322805766721,0.238373056669589
2019-08-27,261.88214111328125,-0.003930919636435234,-0.003923203685413323,0.010997374445962304,-0.02602294610012603,-0.007692110289808351,264.4970474243164,268.47999267578126,254.05877418518065,264.02570342595635,265.6354265644335,48.88312115056648,-1.6097231384771362,-1.4454841127935891,-0.1642390256835471,271.5269439573428,257.46715089129003,0.31401530600412425,0.23844466036176934
2019-08-28,263.72607421875,0.007016407340699443,0.007041079997399002,-0.003930919636435234,0.010997374445962304,0.008102675671308915,264.107243347168,268.44174621582033,254.11621940612793,263.9796066248477,265.49399305734585,44.81468885641115,-1.5143864324981564,-1.4592645767345025,-0.055121855763653915,270.3132790030393,257.90120769129663,0.4692904496884926,0.23835917556831926
2019-08-29,267.0946960449219,0.012692295542782391,0.012773184586131414,0.007016407340699443,-0.003930919636435234,-0.00030787964629991387,264.004084777832,268.4588800048828,254.20282737731932,264.45885115101294,265.61256364901817,51.01483486582186,-1.153712498005234,-1.3981541609886488,0.24444166298341474,269.91836560948474,258.0898039461793,0.7612837769343967,0.24178674596345295
2019-08-30,266.9760437011719,-0.0004443319465827863,-0.00044423324576259304,0.012692295542782391,0.007016407340699443,-0.02602294610012603,263.99632873535154,268.4227661132812,254.31217735290528,264.8461115433451,265.71356217139993,54.99095310470402,-0.8674506280548258,-1.2920134544018842,0.42456282634705844,269.8937254518535,258.09893201884955,0.7526296863735275,0.24030147269400876
2019-09-03,265.4149475097656,-0.005864489412134184,-0.005847326860359048,-0.0004443319465827863,0.012692295542782391,0.010997374445962304,264.312190246582,268.3632446289063,254.41601509094238,264.9336247689482,265.69144256683444,47.798527336968306,-0.7578177978862186,-1.1851743230987513,0.42735652521253265,269.76480590770603,258.859574585458,0.6011218589131477,0.21319089367760272
2019-09-04,268.4275207519531,0.011286495177660477,0.011350427963657372,-0.005864489412134184,-0.0004443319465827863,-0.003930919636435234,264.5970153808594,268.37054748535155,254.54327850341798,265.47114722787205,265.8941150249914,64.17794779318075,-0.42296779711932686,-1.0327330179028664,0.6097652207835396,270.2916234661763,258.90240729554245,0.8363273919561197,0.21129978816771056
2019-09-05,271.8782043457031,0.01277325169793927,0.012855178128097666,0.011286495177660477,-0.005864489412134184,0.007016407340699443,265.046614074707,268.49944580078125,254.67511589050292,266.456848322923,266.33738090059967,66.97611486239012,0.11946742232333918,-0.8022929298576253,0.9217603521809645,271.5367979814601,258.5564301679539,1.0263017480820376,0.21531818419030324
2019-09-06,272.0882568359375,0.0007722994547071448,0.0007725977547183849,0.01277325169793927,0.011286495177660477,0.012692295542782391,265.24882354736326,268.63784057617187,254.8048112487793,267.3232188633868,266.7633717106247,63.21088568608702,0.5598471527620745,-0.5298649133336854,1.08971206609576,272.3549965044685,258.14265059025803,0.981231833918123,0.20485132196525288
2019-09-09,272.22509765625,0.0005028016383064412,0.0005029280642383505,0.0007722994547071448,0.01277325169793927,-0.0004443319465827863,265.5491638183594,268.7601666259766,254.95600807189942,268.0773540622888,267.16794400289325,59.320427103083524,0.9094100593955545,-0.2420099187878374,1.1514199781833918,273.3058382589631,257.79248937775566,0.9303347967618855,0.2028950424826823
2019-09-10,272.1612548828125,-0.00023454950122247237,-0.00023452199663864803,0.0005028016383064412,0.0007722994547071448,-0.005864489412134184,266.008349609375,268.8538299560547,255.12927703857423,268.70564649621554,267.5378188828873,63.71099321710398,1.1678276133282566,0.0399575876353814,1.127870025692875,274.1992040065471,257.81749521220286,0.8755960596468291,0.19678985394766083
2019-09-11,274.0966186523437,0.007085927585605909,0.00711109217351491,-0.00023454950122247237,0.0005028016383064412,0.011286495177660477,266.359814453125,268.93763427734376,255.30817642211915,269.53502682792754,268.023655902847,63.4114629735859,1.5113709250805414,0.3342402551244134,1.177130669956128,275.3100403035012,257.40958860274884,0.9322127915293618,0.19122590135557707
2019-09-12,275.0460510253906,0.0034578748711191344,0.0034638602173022726,0.007085927585605909,-0.00023454950122247237,0.01277325169793927,267.15357818603513,269.0263684082031,255.49978126525878,270.38287670446033,268.5438333193317,64.8687460828657,1.8390433851286048,0.6352008811252516,1.2038425040033531,276.23419140536015,258.0729649667101,0.9345781858960268,0.15126796140295629
2019-09-13,274.8634338378906,-0.0006641718291455443,-0.000663951315858502,0.0034578748711191344,0.007085927585605909,0.0007722994547071448,267.9039794921875,269.0681805419922,255.67136390686036,271.07219318652653,269.011951876262,85.73976172364121,2.06024131026453,0.9202089669531074,1.1400323433114226,276.92547239729765,258.8824865870773,0.885715225789348,0.15181797525007798
2019-09-16,274.01446533203125,-0.0030934719148467326,-0.003088692060654652,-0.0006641718291455443,0.0034578748711191344,0.0005028016383064412,268.42022094726565,269.0992205810547,255.8346553039551,271.52485043968113,269.3825084285412,79.6590158587794,2.142342011139931,1.1646355757904723,0.9777064353494587,277.6064472602448,259.2339946342865,0.8044908863643786,0.14643261341765892
2019-09-17,274.7082824707031,0.0025288454367902156,0.002532045663469429,-0.0030934719148467326,-0.0006641718291455443,-0.00023454950122247237,268.8123123168945,269.1740789794922,255.97362922668458,272.01460921368454,269.7770102094421,84.89822489334247,2.2375990042424405,1.379228261480866,0.8583707427615745,278.3807681390956,259.24385649469343,0.8080941305141711,0.14158830922649474
2019-09-18,274.87255859375,0.0005978233434093776,0.0005980020753992843,0.0025288454367902156,-0.0030934719148467326,0.007085927585605909,269.3148620605469,269.24546630859373,256.11612213134765,272.4542937336946,270.15445823790935,83.37902698118518,2.29983549578526,1.5633497083417447,0.7364857874435151,279.0550369545019,259.5746871665919,0.7852975738994363,0.13748898473001092
2019-09-19,274.8542785644531,-6.650586461496356e-05,-6.650365314897488e-05,0.0005978233434093776,0.0025288454367902156,0.0034578748711191344,269.7087738037109,269.2905639648437,256.25101509094236,272.82352216919594,270.5025930769126,79.0697355363586,2.320929092283336,1.714865585130063,0.6060635071532732,279.6850511153136,259.7324964921082,0.757887015367838,0.13561661914236697
2019-09-20,273.5556335449219,-0.0047360465894357145,-0.004724849204873149,-6.650586461496356e-05,0.0005978233434093776,-0.0006641718291455443,270.04186248779297,269.2969067382812,256.3630040740967,272.9361546885384,270.7287442226911,72.64686851370996,2.2074104658473175,1.813374561273514,0.39403590457380355,280.06714259347683,260.0165823821091,0.6752455303037749,0.13728038693750208
2019-09-23,273.491455078125,-0.000234635988111612,-0.00023460846324097062,-0.0047360465894357145,-6.650586461496356e-05,-0.0030934719148467326,270.7145309448242,269.2775018310547,256.51536224365236,273.0215855177056,270.93338947124175,80.99298986071067,2.0881960464638496,1.8683388583115812,0.2198571881522684,279.6609107759965,261.7681511136519,0.6551982022731146,0.09263170412100752
2019-09-24,271.3453674316406,-0.00787795045060678,-0.00784700072574962,-0.000234635988111612,-0.0047360465894357145,0.0025288454367902156,271.13611907958983,269.213349609375,256.6588333892822,272.7637058121571,270.96390635719723,61.994680851063826,1.7997994549598957,1.8546309776412442,-0.0548315226813485,279.29465231015115,262.9775858490285,0.512823895309206,0.09394802680226187
2019-09-25,272.95037841796875,0.00589758656254509,0.005915011564487038,-0.00787795045060678,-0.000234635988111612,0.0005978233434093776,271.68953094482424,269.1990081787109,256.83852096557615,272.7924246745897,271.11105243577293,55.195944167226195,1.6813722388167776,1.8199792298763509,-0.1386069910595733,278.61314486495894,264.76591702468954,0.5910541436660566,0.0927741477198465
2019-09-26,272.3817138671875,-0.0020855723143701987,-0.0020833990195480157,0.00589758656254509,-0.00787795045060678,-6.650586461496356e-05,272.12231292724607,269.210537109375,257.0131171417236,272.7292383965278,271.2051755047666,51.374373985227194,1.5240628917612185,1.7607959622533245,-0.236733070492106,277.94449393349805,266.3001319209941,0.5222769559777409,0.09195965000006523
2019-09-27,270.9143371582031,-0.005401770450114905,-0.00538720712250107,-0.0020855723143701987,0.00589758656254509,-0.0047360465894357145,272.3132949829102,269.1728186035156,257.18010665893553,272.4500228214009,271.1836319235397,44.54148249629541,1.2663908978612426,1.6619149493749081,-0.39552405151366554,277.6733283972182,266.95326156860216,0.3695010164514376,0.08523404850444341
2019-09-30,272.1707763671875,0.004627051706438237,0.004637773039861903,-0.005401770450114905,-0.0020855723143701987,-0.000234635988111612,272.5730316162109,269.19053649902344,257.3473984527588,272.407061828445,271.2567537341803,50.036068530207395,1.1503080942647443,1.5595935783528756,-0.40928548408813126,277.31149904332625,267.8345641890956,0.4575542878356019,0.08621843708204474
2019-10-01,268.9334411621094,-0.011965805207380593,-0.011894499653080315,0.004627051706438237,-0.005401770450114905,-0.00787795045060678,272.74895629882815,269.13018005371094,257.49890815734864,271.87265864900877,271.08465650661947,32.19732602652114,0.7880021423893027,1.4052752911601611,-0.6172731487708585,276.53373356737086,268.96417903028544,-0.00406072352414761,0.09490918014783073
2019-10-02,264.1827697753906,-0.017822744995969187,-0.01766485925361405,-0.011965805207380593,0.004627051706438237,0.00589758656254509,272.53671875,268.93592163085935,257.6486962127685,270.68959882229825,270.57340563763955,20.322744159057706,0.1161931846586981,1.1474588698598687,-1.0312656852011706,277.60146607460916,267.4719714253908,-0.3247152759248431,0.10713446264444094
2019-10-03,266.3472595214844,0.008159770931705746,0.008193152596340791,-0.017822744995969187,-0.011965805207380593,-0.0020855723143701987,272.2601715087891,268.7592077636719,257.83228187561036,270.02154662217305,270.26035777718363,29.0079046269299,-0.23881115501058048,0.8702048648857789,-1.1090160198963592,278.0310896649363,266.48925335264187,-0.01230253378366142,0.10042542738790929
2019-10-04,269.95147705078125,0.013441283923590232,0.013532024079287108,0.008159770931705746,-0.017822744995969187,-0.005401770450114905,272.15333251953126,268.68086975097657,258.03514755249023,270.01076668811277,270.23747772337606,41.18255585078905,-0.22671103526329262,0.6508216848559646,-0.8775327201192572,278.01603948881814,266.2906255502444,0.31221511835019794,0.11274974124867793
2019-10-07,268.78662109375,-0.004324393527442203,-0.0043150568011602886,0.013441283923590232,0.008159770931705746,0.004627051706438237,271.9814086914063,268.5425360107422,258.2493646240234,269.82243659667233,270.13000686192225,37.40636272655645,-0.3075702652499217,0.45914329483478733,-0.766713560084709,278.03385093570625,265.9289664471063,0.23607450771917463,0.11353962453251328
2019-10-08,264.6138000488281,-0.015646429993177984,-0.015524660520459643,-0.004324393527442203,0.013441283923590232,-0.011965805207380593,271.60403594970705,268.33078918457034,258.4611070251465,269.02110789700396,269.7213989498412,31.360639648681158,-0.7002910528372581,0.22725642530037823,-0.9275474781376364,278.4926746519375,264.71539724747663,-0.007374258038501145,0.12537993549648818
2019-10-09,267.126708984375,0.00945170661380395,0.009496515053573074,-0.015646429993177984,-0.004324393527442203,-0.017822744995969187,271.2555404663086,268.1828094482422,258.7081842803955,268.72966191044566,269.52919969314,37.12659724714766,-0.7995377826943582,0.02189758370143094,-0.8214353663957891,278.31629763821365,264.1947832944036,0.2076211954744486,0.12776374323689912
2019-10-10,268.9334411621094,0.006740807047489272,0.0067635774221290745,0.00945170661380395,-0.015646429993177984,0.008159770931705746,270.94990997314454,268.13103515625,258.99305839538573,268.76101256454774,269.4850694315822,42.42804492979969,-0.7240568670344487,-0.127293306445745,-0.5967635605887037,277.84710789626644,264.05271205002265,0.3538197081255826,0.12989477269883778
2019-10-11,271.7214050292969,0.010313376819871047,0.010366742994624367,0.006740807047489272,0.00945170661380395,0.013441283923590232,270.79280853271484,268.18230590820315,259.2383262634277,269.21645755912454,269.6507239203018,47.337916322055165,-0.434266361177265,-0.18868791739204901,-0.245578443785216,277.45376751987413,264.13184954555555,0.5697044148126523,0.1361060457892642
2019-10-14,271.41876220703125,-0.00111441897264683,-0.0011137982384309408,0.010313376819871047,0.006740807047489272,-0.004324393527442203,270.6630233764648,268.26805786132815,259.47353355407716,269.5552736588025,269.7816897193188,50.116862733664725,-0.22641606051632834,-0.19623354601690488,-0.03018251449942347,277.1587813642449,264.16726538868477,0.5581717200662447,0.13580127260559063
2019-10-15,274.1058959960937,0.009851637251881548,0.009900324381454384,-0.00111441897264683,0.010313376819871047,-0.015646429993177984,270.6329040527344,268.5682214355469,259.72362365722654,270.2553694030011,270.1020012953762,51.778581118405384,0.1533681076248854,-0.12631321528854683,0.27968132291343223,277.05485241231503,264.2109556931537,0.7704001767764216,0.14036132313451027
2019-10-16,273.6657409667969,-0.0016070752639522376,-0.0016057846099855055,0.009851637251881548,-0.00111441897264683,0.00945170661380395,270.5725631713867,268.7869158935547,259.96169929504396,270.7800419512774,270.36598201177776,51.984233654300525,0.41405993949962294,-0.01823858433091287,0.4322985238305358,276.8477835644672,264.29734277830624,0.7464596939751251,0.14043208965890192
2019-10-17,274.4727783203125,0.0029446496032217544,0.0029489893424896607,-0.0016070752639522376,0.009851637251881548,0.006740807047489272,270.55348815917966,269.0186468505859,260.20263442993166,271.3481552388212,270.6701891457433,55.613497080190086,0.6779660930779414,0.121002351150858,0.5569637419270834,276.7760053608155,264.33097095754385,0.8149280294558696,0.14088178577897553
2019-10-18,273.2713623046875,-0.004386785191030032,-0.004377177303254931,0.0029446496032217544,-0.0016070752639522376,0.010313376819871047,270.53927459716795,269.1231927490234,260.46456146240234,271.6440332489545,270.8628686389984,51.73921095070178,0.781164609956079,0.2530348029119022,0.5281298070441767,276.734155233865,264.3443939604709,0.7205117311974736,0.1407337212925924
2019-10-21,275.12384033203125,0.006756022170197955,0.00677889557003164,-0.004386785191030032,0.0029446496032217544,-0.00111441897264683,270.62089385986326,269.3013037109375,260.69875701904294,272.17938818481247,271.17849617181565,60.230196699054815,1.0008920129968146,0.40260624492888475,0.5982857680679299,277.0192198464117,264.2225678733148,0.8518847337283828,0.1427860759146488
2019-10-22,274.2251281738281,-0.0032719200780808146,-0.0032665731807121068,0.006756022170197955,-0.004386785191030032,0.009851637251881548,270.76488189697267,269.52625549316406,260.91945938110354,272.4941174138918,271.4041726164092,69.0170505506293,1.0899447974825875,0.5400739554396253,0.5498708420429622,277.3584868566497,264.17127693729566,0.7623941150566714,0.14020088569402167
2019-10-23,275.0230407714844,0.0029054740792499277,0.002909699059928883,-0.0032719200780808146,0.006756022170197955,-0.0016070752639522376,270.86851501464844,269.68536987304685,261.1333427429199,272.88318254582913,271.67223692419253,67.32592892351656,1.210945621636597,0.6742482886790198,0.5366973329575773,277.6686690489105,264.0683609803864,0.805472915459244,0.13907874838944564
2019-10-24,275.47235107421875,0.0016323856989989105,0.0016337187657951002,0.0029054740792499277,-0.0032719200780808146,0.0029446496032217544,271.023046875,270.0114013671875,261.34404548645017,273.28151616558137,271.95372686123153,62.61505762643794,1.3277893043498352,0.8049564918131829,0.5228328125366524,278.102712113961,263.94338163603896,0.8142312559309469,0.13883112060830344
2019-10-25,276.6004638671875,0.004086831782330327,0.004095194267481395,0.0016323856989989105,0.0029054740792499277,-0.004386785191030032,271.3073532104492,270.3463024902344,261.5562734222412,273.79212350429003,272.29792960241343,67.88446386562144,1.4941939018765993,0.9428039738258662,0.5513899280507331,278.8125380170312,263.8021684038672,0.852630267818073,0.13750235302093297
2019-10-28,278.1595153808594,0.005620649204748278,0.005636474689429516,0.004086831782330327,0.0016323856989989105,0.006756022170197955,271.60679016113284,270.63570007324216,261.77584426879883,274.46402994683916,272.73212114155757,85.21739820368805,1.7319088052815914,1.1006249401170114,0.63128386516458,279.71098559537455,263.5025947268911,0.904279812406798,0.13789095683741953
2019-10-29,278.0770568847656,-0.00029648714525159933,-0.000296443197281393,0.005620649204748278,0.004086831782330327,-0.0032719200780808146,272.0639709472656,270.859912109375,262.00214851379394,275.0198802449817,273.12804230772116,82.58815451766381,1.8918379372605614,1.2588675395457214,0.63297039771484,280.55554811715655,263.57239377737466,0.8540617848249059,0.12918548898372773
2019-10-30,278.9299011230469,0.0030622414764119874,0.003066934927445919,-0.00029648714525159933,0.005620649204748278,0.0029054740792499277,272.80132751464845,271.1420788574219,262.2193758392334,275.62142191853025,273.5578096273749,81.5400880446465,2.063612291155323,1.4198164898676418,0.6437958012876812,280.9662262579648,264.6364287713321,0.8753000374569959,0.10669970051076588
2019-10-31,278.1871032714844,-0.002666579141727373,-0.0026630269776448667,0.0030622414764119874,-0.00029648714525159933,0.0016323856989989105,273.39331970214846,271.3663000488281,262.43003982543945,276.01614212667704,273.90072026767933,73.42294136636423,2.1154218589977063,1.5589375636936547,0.5564842953040516,281.30073070186006,265.48590870243686,0.8031196664439697,0.10629346710631488
2019-11-01,280.7640991210937,0.009220891189092462,0.009263534575484567,-0.002666579141727373,0.0030622414764119874,0.004086831782330327,273.93395080566404,271.6437048339844,262.6446343231201,276.746597048895,274.4091187012656,79.06536166076947,2.3374783476294283,1.7146457204808094,0.6228326271486189,282.3148868797037,265.5530147316244,0.9074812321135799,0.10129862975131765
2019-11-04,281.8921203613281,0.004009633991262425,0.004017683328337185,0.009220891189092462,-0.002666579141727373,0.005620649204748278,274.58922576904297,272.0807855224609,262.8490404510498,277.53821602003853,274.9634151205295,76.81704761164033,2.574800899509057,1.8866767562864593,0.688124143222598,283.31776551521415,265.8606860228718,0.9183342692280578,0.09872415316697628
2019-11-05,281.5803527832031,-0.0011065939324408566,-0.001105981883159357,0.004009633991262425,0.009220891189092462,-0.00029648714525159933,275.4375534057617,272.4541204833984,263.0681686401367,278.1600832143715,275.45355865109786,77.5024602541697,2.7065245632736605,2.0506463176838996,0.6558782455897609,283.34309739012724,267.5320094213962,0.8885121245033722,0.07387471954452163
2019-11-06,281.6445617675781,0.00022800477391649853,0.0002280307689805916,-0.0011065939324408566,0.004009633991262425,0.0030622414764119874,276.1634460449219,272.84936889648435,263.28513038635253,278.69615683794177,275.91215147454085,76.2778007625991,2.7840053634009223,2.1973181268273043,0.586687236573618,283.501625044,268.8252670458438,0.8734656597600602,0.07054895147212342
2019-11-07,282.6349792480469,0.003510382445354607,0.0035165510537571443,0.00022800477391649853,-0.0011065939324408566,-0.002666579141727373,276.84852294921876,273.2275469970703,263.5064111328125,279.3021295164195,276.4101387170228,84.84761755493014,2.8919907993966945,2.3362526613411827,0.5557381380555118,283.8972750068088,269.7997708916287,0.9104596282825204,0.06897656291460334
2019-11-08,283.3320617675781,0.0024633338039349068,0.0024663703034417672,0.003510382445354607,0.00022800477391649853,0.009220891189092462,277.42905578613284,273.55229431152344,263.7210920715332,279.9221190935208,276.92287375780467,83.4219309559845,2.9992453357161253,2.468851196216171,0.5303941394999541,284.6110782458176,270.24703332644805,0.9109570816981521,0.062482110152516875
2019-11-11,282.7909545898437,-0.0019116246005933546,-0.0019097986100080622,0.0024633338039349068,0.003510382445354607,0.004009633991262425,277.99766540527344,273.86859252929685,263.9422030639648,280.3634784006474,277.35754641202976,85.92418529525406,3.0059319886176468,2.5762673546964665,0.42966463392118026,284.9738936623263,271.02143714822057,0.8435444632795888,0.06308589520037926
2019-11-12,283.3871154785156,0.002105913812326765,0.002108132806215801,-0.0019116246005933546,0.0024633338039349068,-0.0011065939324408566,278.4617263793945,274.22803588867185,264.16787757873533,280.8286533357041,277.8041811576954,85.68188682782505,3.0244721780086934,2.6659083193589117,0.3585638586497817,285.58123426455484,271.3422184942342,0.8459079741583989,0.05597569458519765
2019-11-13,283.4787902832031,0.0003234444144723693,0.00032349672825704445,0.002105913812326765,-0.0019116246005933546,0.00022800477391649853,278.95237884521487,274.52906127929685,264.37515182495116,281.2363667122424,278.22452257439966,85.23123118283867,3.011844137842729,2.7350954830556753,0.2767486547870539,286.0326668529656,271.87209083746416,0.8196488217028212,0.05488786284833336
2019-11-14,283.8914794921875,0.0014547441194910306,0.0014558027730120493,0.0003234444144723693,0.002105913812326765,0.003510382445354607,279.4233139038086,274.7693267822266,264.57386207580566,281.6448456014647,278.64429716090245,84.23887185072623,3.000548440562227,2.788186074556986,0.21236236600524094,286.5020005132579,272.3446272943593,0.8156069646037429,0.05471642213712079
2019-11-15,285.9457702636719,0.007210127705329279,0.007236183259740736,0.0014547441194910306,0.0003234444144723693,0.0024633338039349068,280.0570343017578,275.0464770507813,264.7822556304932,282.3065263187273,279.18514702036686,84.93938945765443,3.1213792983604662,2.854824719317682,0.2665545790427841,287.08593654708346,273.0281320564322,0.9188944273503148,0.05310369882664517
2019-11-18,286.1567687988281,0.0007376249197175449,0.000737897031880097,0.007210127705329279,0.0014547441194910306,-0.0019116246005933546,280.60868072509766,275.32511047363283,264.98311164855954,282.8988713156659,279.70156344840103,85.84274226301645,3.19730786726484,2.923321348907114,0.2739865183577259,287.7384559462132,273.4789055039821,0.8890787508489219,0.050593574769115565
2019-11-19,286.0742492675781,-0.00028841334781482285,-0.00028837176068341464,0.0007376249197175449,0.007210127705329279,0.002105913812326765,281.20113677978514,275.60337036132813,265.17839904785154,283.38739100057546,280.1736142498215,84.01833251958764,3.2137767507539365,2.9814124292764785,0.232364321477458,288.06159038800837,274.3406831715619,0.8551596414814222,0.04751142829329834
2019-11-20,285.0103454589844,-0.0037259104840624115,-0.003718977892339548,-0.00028841334781482285,0.0007376249197175449,0.0003234444144723693,281.7005020141602,275.82164489746094,265.36999534606935,283.6370763018692,280.53189063568544,81.52533769493213,3.105185666183729,3.006167076657929,0.09901858952580023,288.10636364490404,275.2946403834163,0.7583449062448647,0.05169518622168552
2019-11-21,284.5517883300781,-0.0016102096708346934,-0.0016089139787812679,-0.0037259104840624115,-0.00028841334781482285,0.0014547441194910306,282.15447387695315,276.0117596435547,265.57105705261233,283.7778012292859,280.8296608352701,71.75982580217597,2.948140394015809,2.9945617401295053,-0.046421346113696416,287.9607266015435,276.3482211523628,0.7064424825130317,0.05308365638703079
2019-11-22,285.1846618652344,0.0022216370226756394,0.002224106686766314,-0.0016102096708346934,-0.0037259104840624115,0.007210127705329279,282.5836837768555,276.2181842041016,265.7737908935547,283.99424132712414,281.15225350415636,70.05628922399663,2.8419878229677806,2.9640469566971603,-0.12205913372937971,287.91058274887274,277.2567848048382,0.7441362321720475,0.05234240954759083
2019-11-25,287.3948669433594,0.00772020634533345,0.007750083976007849,0.0022216370226756394,-0.0016102096708346934,0.0007376249197175449,283.04545135498046,276.4857922363281,265.9868970489502,284.51741449885265,281.61466931446773,78.76567142546529,2.902745184384912,2.951786602234711,-0.04904141784979865,288.35869066165066,277.73221204831026,0.909299801621837,0.05498360301008085
2019-11-26,288.0459899902344,0.0022630416902644753,0.002265604301844748,0.00772020634533345,0.0022216370226756394,-0.00028841334781482285,283.5438980102539,276.75254638671873,266.1875211334229,285.0602722667575,282.0910634385986,79.9311088787924,2.969208828158912,2.9552710474195516,0.013937780739360583,288.764230593633,278.3235654268748,0.9312073903408566,0.05454109689099718
2019-11-27,289.3299865722656,0.004447703925441813,0.004457609640997839,0.0022630416902644753,0.00772020634533345,-0.0037259104840624115,284.0639022827148,277.04169494628906,266.390539932251,285.71715139068186,282.62727996701835,80.46735253924663,3.08987142366351,2.9821911226683433,0.10768030099516679,289.419237213317,278.70856735211265,0.9916671279940534,0.05519724402273522
2019-11-29,288.2568664550781,-0.0037158787335418966,-0.003708983399546395,0.004447703925441813,0.0022630416902644753,-0.0016102096708346934,284.56739044189453,277.30974670410154,266.5909516906738,286.1078767852044,283.0442863735413,71.66993420169175,3.0635904116630854,2.998470980467292,0.06511943119579344,289.4707154886796,279.66406539510945,0.8762218472139265,0.05644268758428497
2019-12-02,285.80828857421875,-0.008530713660641332,-0.008494430370285633,-0.0037158787335418966,0.004447703925441813,0.0022216370226756394,284.8195999145508,277.5547998046875,266.76559837341307,286.0617862912066,283.2490272772952,61.36841330653523,2.812759013911375,2.9613285871561086,-0.14856957324473363,289.4080280225431,280.2311718065585,0.6077371854149599,0.060427586970690186
2019-12-03,283.8914794921875,-0.0067292157118673274,-0.006706625240273545,-0.008530713660641332,-0.0037158787335418966,0.00772020634533345,284.91956787109376,277.76280029296873,266.92849044799806,285.72789293751134,283.29661633025023,51.72829926651594,2.431276607261111,2.8553181911771093,-0.4240415839159981,289.322828469731,280.5163072724565,0.38325828600464373,0.06493064071303216
2019-12-04,285.6431579589844,0.00615128167798782,0.006170239663163546,-0.0067292157118673274,-0.008530713660641332,0.0022630416902644753,285.1227081298828,278.04875610351564,267.0976081085205,285.71485678696877,283.470434228675,56.65904259714116,2.2444225582937634,2.73313906460044,-0.48871650630667673,289.24311305224194,281.0023032075237,0.5631551800015289,0.06781323003995604
2019-12-05,286.1567687988281,0.0017964709470590138,0.0017980855677190988,0.00615128167798782,-0.0067292157118673274,0.004447703925441813,285.3483184814453,278.3128839111328,267.2737711334228,285.7828432503317,283.66942197461225,56.926530939792585,2.1134212757194746,2.609195506824247,-0.4957742311047726,289.14854086205065,281.5480961008399,0.6063688169288204,0.06789194727329814
2019-12-06,288.7704467773437,0.009092267381316667,0.009133727604930586,0.0017964709470590138,0.00615128167798782,-0.0037158787335418966,285.6550918579101,278.6406585693359,267.4552240753174,286.2424745621797,284.0472756637035,58.35127336640421,2.195198898476235,2.526396185154645,-0.33119728667840986,289.52303248671177,281.7871512291085,0.9027149352081394,0.0735119253021016
2019-12-09,287.862548828125,-0.0031489654819019507,-0.00314401269018616,0.009092267381316667,0.0017964709470590138,-0.008530713660641332,285.88161621093747,278.97962280273435,267.63041885375975,286.49171675694055,284.32988849069767,54.84361270509209,2.1618282662428783,2.4534826013722917,-0.2916543351294134,289.70714580446844,282.0560866174065,0.7589095926139638,0.07479311838084812
2019-12-10,287.5415954589844,-0.0011155755675831666,-0.001114953544485764,-0.0031489654819019507,0.009092267381316667,-0.0067292157118673274,286.11914825439453,279.2870391845703,267.80491355896,286.65323655725496,284.56779271057076,54.11090781621384,2.0854438466842,2.3798748504346734,-0.2944310037504736,289.72001442509423,282.5182820836948,0.6975145891513986,0.07446394999599773
2019-12-11,288.3578186035156,0.0028346050408414205,0.0028386263324036154,-0.0011155755675831666,-0.0031489654819019507,0.00615128167798782,286.36768341064453,279.6755267333984,267.9840315246582,286.91547994898735,284.8485353693074,59.51024286710116,2.066944579679955,2.3172887962837296,-0.2503442166037746,289.8590825862831,282.876284235006,0.7850053936481087,0.07467379405473394
2019-12-12,290.8431701660156,0.008582053086425526,0.008618984477467118,0.0028346050408414205,-0.0011155755675831666,0.0017964709470590138,286.7359024047852,280.2087347412109,268.177928314209,287.51973998237634,285.2925823912858,66.02810103435202,2.2271575910905312,2.29926255524509,-0.0721049641545588,290.48807924974045,282.9837255598299,1.0473179877905523,0.07947293858842705
2019-12-13,291.0174560546875,0.000599064057714904,0.000599243532424687,0.008582053086425526,0.0028346050408414205,0.009092267381316667,287.09220123291016,280.702138671875,268.36482749938966,288.05785014734727,285.71664710709337,65.2153145852208,2.3412030402539017,2.3076506522468527,0.03355238800704896,291.05456178567346,283.12984068014686,0.9953177240571811,0.07950635445017247
2019-12-16,293.0167541503906,0.006846536968321082,0.006870028082877067,0.000599064057714904,0.008582053086425526,-0.0031489654819019507,287.4457504272461,281.16344421386714,268.56633628845213,288.82075845550776,286.2573957769672,64.82830787063132,2.5633626785405568,2.3587930575055935,0.20456962103496323,292.1666449257034,282.72485592878877,1.090036880189234,0.07915391099751612
2019-12-17,293.0809326171875,0.00021900262875069806,0.00021902661157713332,0.006846536968321082,0.000599064057714904,-0.0011155755675831666,287.7919586181641,281.6493304443359,268.76988410949707,289.47616986499696,286.76284295031684,63.704507282323654,2.713326914680124,2.4296998289404996,0.28362708573962436,293.09457198691547,282.4893452494127,0.9987139011672672,0.07921733225434996
2019-12-18,293.0992431640625,6.247412532001515e-05,6.247607686882262e-05,0.00021900262875069806,0.006846536968321082,0.0028346050408414205,288.1432083129883,282.2190393066406,268.98116661071776,290.0335657571609,287.23220592911287,61.01865778829297,2.801359828048021,2.5040318287620043,0.2973279992860167,293.8796721500929,282.40674447588367,0.9319764746896476,0.07913991180524253
2019-12-19,294.3006591796875,0.004090629522171725,0.004099007567046176,6.247412532001515e-05,0.00021900262875069806,0.008582053086425526,288.60772399902345,282.76251831054685,269.2089482879639,290.6900416683188,287.75579505878505,67.53626473656166,2.9342466095337727,2.590074784916358,0.3441718246174146,294.7651706245724,282.4502773734745,0.9622805138937355,0.07751717218249778
2019-12-20,295.5909423828125,0.004374652079969388,0.0043842348390297214,0.004090629522171725,6.247412532001515e-05,0.000599064057714904,289.15968170166013,283.2956683349609,269.44566841125487,291.44402639362556,288.3361763420464,80.43010221904972,3.1078500515791916,2.693629838248925,0.4142202133302666,295.75016585017005,282.5691975531502,0.987920199505104,0.07713610231076977
2019-12-23,296.04254150390625,0.001526618154989088,0.001527784029691004,0.004374652079969388,0.004090629522171725,0.006846536968321082,289.70257568359375,283.7820910644531,269.6666474914551,292.15149025674566,288.9070182058878,91.58825987048289,3.244472050857837,2.8037982807707076,0.4406737700871295,296.69116917322657,282.71398219396093,0.953593833273997,0.07713748387186141
2019-12-24,296.0516967773437,3.092505498696864e-05,3.092553317141089e-05,0.001526618154989088,0.004374652079969388,0.00021900262875069806,290.13541717529296,284.2747497558593,269.882924041748,292.75152202914535,289.4362536556253,90.44902644917856,3.3152683735200412,2.9060922993205747,0.40917607419946656,297.57967839091503,282.6911559596709,0.8973718432686906,0.07417254365770092
2019-12-26,297.6276550292969,0.0053091351381487455,0.00532325357060337,3.092505498696864e-05,0.001526618154989088,6.247412532001515e-05,290.61450042724607,284.7451849365234,270.09871368408204,293.50169633686096,290.0430241277491,91.17748876015564,3.458672209111853,3.01660828127883,0.44206392783302295,298.6983814105588,282.53061944393335,0.9337739890361954,0.07537531242663567
2019-12-27,297.5539245605469,-0.00024775789996040235,-0.0002477272105064765,0.0053091351381487455,3.092505498696864e-05,0.004090629522171725,291.0256973266602,285.2229486083984,270.31494873046876,294.12511606358186,290.5993871227712,88.5624479142945,3.525728940810666,3.1184324131851975,0.4072965276254683,299.65285578402364,282.3985388692967,0.8783532704395104,0.07489356843531057
2019-12-30,295.91339111328125,-0.005528653668532607,-0.005513398788769108,-0.00024775789996040235,0.0053091351381487455,0.004374652079969388,291.4085235595703,285.65176086425777,270.51669921875,294.40023530199716,290.99301704799416,83.20954706815378,3.4072182540029985,3.176189581348758,0.23102867265424054,300.19636632395,282.62068079519065,0.7563124804628283,0.07678881347607182
2019-12-31,296.63232421875,0.002426592378086447,0.002429538936254305,-0.005528653668532607,-0.00024775789996040235,0.001526618154989088,291.94972534179686,286.118980102539,270.717410736084,294.7436335968822,291.4107435050872,86.30698313876816,3.3328900917949795,3.2075296834380027,0.12536040835697682,300.61777716199043,283.2816735216033,0.7701067652851531,0.06744495962539122
2020-01-02,299.4064636230469,0.009308654042974807,0.009352114310546611,0.002426592378086447,-0.005528653668532607,3.092505498696864e-05,292.72547454833983,286.60463256835936,270.9316751098633,295.460992062446,292.00301906938057,88.15884887476075,3.4579729930654253,3.2576183453634875,0.20035464770193778,301.1300311344289,284.32091796225075,0.8974623173913285,0.06431352987964035
2020-01-03,297.13934326171875,-0.007600862331224236,-0.007572048825847721,0.009308654042974807,0.002426592378086447,0.0053091351381487455,293.30028381347654,287.06291687011714,271.1384644317627,295.7191999392572,292.3834875280723,72.07798183791095,3.335712411184886,3.2732371585277673,0.06247525265711884,301.22411368376436,285.3764539431887,0.7422477205522564,0.07242751923991847
2020-01-06,298.2729187011719,0.003807703943890529,0.0038149624583867503,-0.007600862331224236,0.009308654042974807,-0.00024775789996040235,293.9060913085938,287.5279144287109,271.3364768218994,296.1120797487825,292.81974168904264,73.8380615676468,3.2923380597398477,3.2770573387701836,0.015280720969664152,301.369628859169,286.44255375801856,0.7925440759818749,0.07271382976028237
2020-01-07,297.4341735839844,-0.002815966713498533,-0.002812005598228029,0.003807703943890529,-0.007600862331224236,-0.005528653668532607,294.33927764892576,287.96715087890624,271.5551884460449,296.315478800352,293.1615514590384,65.71176748972087,3.153927341313647,3.2524313392788766,-0.09850399796522957,301.5491448253587,287.1294104724928,0.7146291921420524,0.06969177555809933
2020-01-08,299.0194091796875,0.005315549689330503,0.005329702288750404,-0.002815966713498533,0.003807703943890529,0.002426592378086447,294.8971206665039,288.4155297851562,271.78277976989745,296.7314680894806,293.5954668457531,69.05955916346056,3.136001243727492,3.2291453201686,-0.09314407644110823,301.7126944055749,288.0815469274329,0.8024168375988766,0.06870804329894477
2020-01-09,301.046875,0.006757498592761624,0.006780382002206986,0.005315549689330503,-0.002815966713498533,0.009308654042974807,295.5723846435547,288.87327697753904,272.01106048583983,297.39537684494513,294.14742300532697,72.59404497501387,3.2479538396181624,3.232907024058513,0.015046815559649485,301.9836135121346,289.1611557749748,0.9269454786799654,0.06979800226650547
2020-01-10,300.1806335449219,-0.0028815782450706375,-0.0028774304834691122,0.006757498592761624,0.005315549689330503,-0.007600862331224236,296.163525390625,289.3153485107421,272.24168701171874,297.8238778757108,294.59432748974143,67.04072084438131,3.2295503859693895,3.2322356964406884,-0.0026853104712989406,301.9207242939507,290.40632648729934,0.8488769644537001,0.07212233593222606
2020-01-13,302.2450561523437,0.00685372726904293,0.006877267807194665,-0.0028815782450706375,0.006757498592761624,0.003807703943890529,296.7336196899414,289.7816516113281,272.47782051086426,298.50405914903894,295.16104813141567,68.45611338335264,3.343011017623269,3.2543907606772047,0.08862025694606412,302.5305162779369,290.9367231019459,0.9753781940681545,0.07027037196333687
2020-01-14,301.7842712402344,-0.0015257040696416225,-0.0015245407748772921,0.00685372726904293,-0.0028815782450706375,-0.002815966713498533,297.27196044921874,290.2535949707031,272.7036103057861,299.008707163069,295.6516572505874,65.91737802556672,3.3570499124816138,3.2749225910380866,0.08212732144352719,302.8285096748874,291.71541122355006,0.9060353474572723,0.07119980762587597
2020-01-15,302.4661865234375,0.0022570626598074402,0.0022596117431854523,-0.0015257040696416225,0.00685372726904293,0.005315549689330503,297.7444320678711,290.68763671874996,272.91759254455565,299.5406270646642,296.1564371967245,67.14297365630883,3.3841898679397104,3.2967760464184117,0.08741382152129873,303.38387963166934,292.1049845040729,0.9186362584410867,0.06872000343427495
2020-01-16,304.98223876953125,0.00828405023402588,0.008318457924217482,0.0022570626598074402,-0.0015257040696416225,0.006757498592761624,298.3394973754883,291.149439086914,273.1435190582275,300.37779809618223,296.81020027619167,68.715005707807,3.567597819990567,3.350940401132843,0.21665741885772416,304.4027007364955,292.2762940144811,1.04779140649997,0.07245236421952217
2020-01-17,305.9314880371094,0.003107640211268642,0.003112473930966919,0.00828405023402588,0.0022570626598074402,-0.0028815782450706375,298.9811096191406,291.63646179199213,273.3721479034424,301.2322119332479,297.4858512214448,70.40877622876731,3.7463607118031064,3.430024463266896,0.31633624853621045,305.4140233212149,292.5481959170663,1.040220088428016,0.07218355995013331
2020-01-21,305.3323974609375,-0.001960170663463913,-0.001958250783584581,0.003107640211268642,0.00828405023402588,0.00685372726904293,299.53269653320314,292.11021850585934,273.59432960510253,301.86300970673864,298.06707686881464,74.17240741959044,3.795932837923999,3.503206138198317,0.2927266997256823,306.1645745283187,292.90081853808755,0.937259320211098,0.07320583158703838
2020-01-22,305.36932373046875,0.00012093062224938324,0.00012093793465184355,-0.001960170663463913,0.003107640211268642,-0.0015257040696416225,300.02161560058596,292.56490539550776,273.8103820037842,302.40244263346636,298.60798404375197,73.23550895190496,3.794458589714395,3.5614566285015328,0.23300196121286243,306.86822876936384,293.1750024318081,0.8905367513875008,0.07280848954185572
2020-01-23,305.719482421875,0.0011460158530294644,0.001146672780122815,0.00012093062224938324,-0.001960170663463913,0.0022570626598074402,300.5054626464844,293.0126538085937,274.02718574523925,302.9127564470677,299.1347617013907,69.27405844875824,3.777994745677006,3.604764251936628,0.17323049374037813,307.5334072859553,293.47751800701343,0.8709491211774207,0.0728279996804217
2020-01-24,303.0007019042969,-0.008932835369819002,-0.00889305613119662,0.0011460158530294644,0.00012093062224938324,0.00828405023402588,300.85291290283203,293.41684875488284,274.23711799621583,302.92628651741063,299.42112764234673,67.4148276968888,3.5051588750638984,3.584843176562082,-0.07968430149818362,307.6366051553067,294.06922065035735,0.658305309374945,0.08180074429876316
2020-01-27,298.1437683105469,-0.01615930786067693,-0.016029446675288828,-0.008932835369819002,0.0011460158530294644,0.003107640211268642,300.8787185668945,293.71198181152346,274.41831398010254,302.1905144855854,299.32650843258375,49.685796082251336,2.864006053001674,3.4406757518500006,-0.5766696988483266,307.614508914965,294.14292821882407,0.29698371571710924,0.10067677005983934
2020-01-28,301.26812744140625,0.010424842911993882,0.010479370904056706,-0.01615930786067693,-0.008932835369819002,-0.001960170663463913,301.0644287109375,294.0677685546875,274.615495223999,302.04860878648094,299.47033206286693,58.3939450225365,2.5782767236140103,3.2681959462028027,-0.6899192225887925,307.61655587211914,294.5123015497558,0.5155444732266182,0.10712768512052895
2020-01-29,301.0192565917969,-0.0008264189832669503,-0.0008260775931492326,0.010424842911993882,-0.01615930786067693,0.00012093062224938324,301.3197219848633,294.4103240966797,274.8025740814209,301.8902469103757,299.585067213158,54.65053729102001,2.3051796972176817,3.0755926964057787,-0.770412999188097,307.40827238136535,295.23117158836124,0.4753253752125433,0.10482350646609147
2020-01-30,301.9963073730469,0.0032405519679822373,0.0032458082327102566,-0.0008264189832669503,0.010424842911993882,0.0011460158530294644,301.5879211425781,294.7313348388672,274.99540199279784,301.9065639046328,299.76367759537203,52.32125563134483,2.1428863092607457,2.889051418976772,-0.7461651097160265,307.265801999614,295.91004028554227,0.5359629094684762,0.1050249502421235
2020-01-31,296.5125427246094,-0.018325269902989227,-0.01815838311447815,0.0032405519679822373,-0.0008264189832669503,-0.008932835369819002,301.44322509765624,294.93845031738283,275.1599472808838,301.07671449232146,299.52285279013034,42.68382352941173,1.5538617021911136,2.6220134756196405,-1.0681517734285269,307.49065243486757,295.3957977604449,0.0923322350061866,0.12035522592108677
2020-02-03,298.7152709960937,0.007401328621050808,0.007428786152665845,-0.018325269902989227,0.0032405519679822373,-0.01615930786067693,301.522021484375,295.19127075195314,275.33873161315915,300.7134154929018,299.463031916498,42.9983098700682,1.2503835764038058,2.3476874957764737,-1.097303919372668,307.3711455745518,295.6728973941982,0.26007087172291043,0.12037308851425473
2020-02-04,303.2680358886719,0.015126172591977247,0.015241152142629222,0.007401328621050808,-0.018325269902989227,0.010424842911993882,301.77177734375,295.5564245605469,275.53769081115723,301.106434015328,299.7448840625849,52.53213868328788,1.3615499527430757,2.150459987169794,-0.7889100344267184,307.46114947771883,296.08240520978114,0.63149592869733,0.13102536015224456
2020-02-05,306.77020263671875,0.011481920320142074,0.011548090578634262,0.015126172591977247,0.007401328621050808,-0.0008264189832669503,302.2385787963867,296.0007928466797,275.7530252838135,301.9777830340035,300.26527803103926,56.70013073982016,1.7125050029642352,2.062868990328682,-0.35036398736444685,307.96136638881404,296.5157912039594,0.8959280129781945,0.1355009110327647
2020-02-06,307.8023681640625,0.003358973526809821,0.0033646212000779663,0.011481920320142074,0.015126172591977247,0.0032405519679822373,302.67772674560547,296.45314697265627,275.9616651153564,302.87387305401256,300.8235810038558,54.602788469967564,2.05029205015677,2.0603536022943,-0.010061552137529794,308.700483508416,296.6549699827949,0.9254398459274307,0.13495574567775356
2020-02-07,306.1619567871094,-0.005343682731304577,-0.005329430656227929,0.003358973526809821,0.011481920320142074,-0.018325269902989227,302.93348083496096,296.82848876953125,276.16505516052246,303.37973208987364,301.21901624705976,50.36785335744124,2.160715842813886,2.0804260503982173,0.08028979241566869,309.09740941553423,296.7695522543877,0.7618846008634442,0.1354756882813899
2020-02-10,308.447509765625,0.0074374497578038904,0.007465176282841934,-0.005343682731304577,0.003358973526809821,0.007401328621050808,303.3468246459961,297.23651916503906,276.380690536499,304.1593901938354,301.75446021139794,54.718060786238695,2.4049299824374657,2.145326836806067,0.25960314563139875,309.8337484740794,296.8599008179128,0.8931513036693076,0.13666011587521687
2020-02-11,308.98211669921875,0.001731718221087426,0.001733218510987511,0.0074374497578038904,-0.005343682731304577,0.015126172591977247,303.68367767333984,297.62956176757814,276.59282127380374,304.90134811774055,302.28984217345874,55.39056850863245,2.6115059442818165,2.238562658301217,0.37294328598059945,310.6142215426314,296.7531338040483,0.8822527586439263,0.1351292114164112
2020-02-12,310.9727783203125,0.006421978368495272,0.006442643484870558,0.001731718221087426,0.0074374497578038904,0.011481920320142074,304.1431030273437,298.0838800048828,276.8128163909912,305.8354143027516,302.93302262878126,57.47250877305695,2.902391673970328,2.3713284614350396,0.5310632125352885,311.73057042764293,296.5556356270445,0.9500629085206648,0.1360211592327233
2020-02-13,310.6409606933594,-0.0010676007869323226,-0.0010670311039615576,0.006421978368495272,0.001731718221087426,0.003358973526809821,304.55184173583984,298.5805334472656,277.0304709625244,306.5747291320759,303.50398100393517,61.65958461484008,3.0707481281407354,2.511212394776179,0.5595357333645565,312.62420721470306,296.4794762569766,0.8771582799034159,0.13628731115535503
2020-02-14,311.1386413574219,0.001600826944797419,0.0016021089522504361,-0.0010676007869323226,0.006421978368495272,-0.005343682731304577,304.8596618652344,299.1254766845703,277.26065238952634,307.2768694744368,304.0695114004897,72.87459092657414,3.2073580739470913,2.6504415306103613,0.55691654333673,313.4537880603403,296.2655356701285,0.8653064517346266,0.1338088130194673
2020-02-18,310.3369140625,-0.0025800781146578375,-0.0025767525737855346,0.001600826944797419,-0.0010676007869323226,0.0074374497578038904,305.0799331665039,299.6193518066406,277.48968727111816,307.74764556490805,304.5337634495275,67.38516405469348,3.2138821153805566,2.7631296475644005,0.4507524678161561,314.00902654170045,296.15083979130736,0.7943737216702799,0.13414286775633794
2020-02-19,311.82061767578125,0.004769552244493479,0.004780944663845155,-0.0025800781146578375,0.001600826944797419,0.001731718221087426,305.4043441772461,300.1326287841797,277.7131946563721,308.37425665888856,305.07353042925,69.77054396240938,3.300726229638542,2.870648963979229,0.43007726565931303,314.82972541755987,295.97896293693236,0.8403720939738638,0.13448947459451663
2020-02-20,310.53961181640625,-0.004116611594754125,-0.004108149964307195,0.004769552244493479,-0.0025800781146578375,0.006421978368495272,305.662858581543,300.5680120849609,277.93579292297363,308.7073882215836,305.4784253468171,65.46536924482669,3.2289628747664665,2.942311746136677,0.2866511286297895,315.36378374734693,295.96193341573905,0.7513550590027209,0.13571388824982866
2020-02-21,307.34161376953125,-0.01035159014806742,-0.010298196832826845,-0.004116611594754125,0.004769552244493479,-0.0010676007869323226,305.7439651489258,300.95759338378906,278.16461357116697,308.497269075114,305.61643930405523,71.37176770736843,2.8808297710587567,2.930015351121093,-0.04918558006233642,315.47396439500096,296.0139659028506,0.5820991132784474,0.1413874977646107
2020-02-24,297.1485290527344,-0.033727765760386906,-0.03316532568362329,-0.01035159014806742,-0.004116611594754125,0.001600826944797419,305.4513565063477,301.14973205566406,278.34428565979005,306.75130907167096,304.98918669284626,47.64932394998201,1.7621223788246994,2.6964367566618144,-0.934314377837115,315.8572236510848,295.0454893616106,0.10105066987076786,0.18380989669222425
2020-02-25,288.14422607421875,-0.03077097185119292,-0.030302364299833573,-0.033727765760386906,-0.01035159014806742,-0.0025800781146578375,304.9513793945313,301.1454602050781,278.4828882598877,303.8886809182168,303.7414118322072,29.982720359843043,0.14726908600960087,2.186603222531372,-2.039334136521771,317.56278787816126,292.3399709109013,-0.16634719437280726,0.20581902161581658
2020-02-26,287.0843811035156,-0.0036849564043667125,-0.003678175284449914,-0.03077097185119292,-0.033727765760386906,0.004769552244493479,304.24219207763673,301.0702844238281,278.60965019226074,301.3034040236474,302.50755770415594,22.143675783331588,-1.2041536805085684,1.5084518419233839,-2.7126055224319523,319.117679251909,289.36670490336445,-0.07671425389671241,0.20082259459997434
2020-02-27,274.19097900390625,-0.04595131610283463,-0.044911541512808184,-0.0036849564043667125,-0.03077097185119292,-0.004116611594754125,302.90077819824216,300.7337548828125,278.7048323059082,297.13226171291797,300.4100333559893,14.391546913312013,-3.2777716430713326,0.5512071449244406,-3.8289787879957733,322.9416881147207,282.8598682817636,-0.21627983245235344,0.2531591149509331
2020-02-28,273.0388488769531,-0.004210778618371495,-0.004201925720308641,-0.04595131610283463,-0.0036849564043667125,-0.01035159014806742,301.4529052734375,300.3341967773438,278.7827160644531,293.42558281507723,298.38253820939406,14.54199640381782,-4.956955394316822,-0.550425362923812,-4.40653003139301,325.5438333280102,277.36197721886487,-0.08972523458039167,0.25144790385688665
2020-03-02,284.8633117675781,0.042395368747618824,0.04330688815624839,-0.004210778618371495,-0.04595131610283463,-0.033727765760386906,300.8704437255859,300.1698443603516,278.91218200683596,292.10831034623124,297.3811140285188,29.034937656090364,-5.272803682287588,-1.4949010267965672,-3.7779026554910207,326.0049998103726,275.7358876407992,0.18157122202574946,0.29712579539720696
2020-03-03,276.7069091796875,-0.02905060097562668,-0.028632688910622095,0.042395368747618824,-0.004210778618371495,-0.03077097185119292,299.7700256347656,299.84199768066406,278.98887420654296,289.7388640129168,295.8496914471239,24.7329697434197,-6.110827434207124,-2.4180863082786788,-3.6927411259284453,327.13041307149,272.4096381980412,0.07853088688134412,0.3097281938463232
2020-03-04,288.3377380371094,0.04117363816502637,0.042033026540255536,-0.02905060097562668,0.042395368747618824,-0.0036849564043667125,299.0235107421875,299.7227392578125,279.13216888427735,289.5233061704849,295.2932504537895,34.60377137595316,-5.769944283304596,-3.0884579032838624,-2.681486380020734,326.7937020215875,271.25331946278754,0.3076035451544606,0.3428929465858977
2020-03-05,278.7529296875,-0.03380666176758326,-0.03324160207005511,0.04117363816502637,-0.02905060097562668,-0.04595131610283463,297.6226470947266,299.38597900390624,279.23612426757813,287.8663251731026,294.0680415081384,30.734957640790213,-6.201716335035769,-3.711109589634244,-2.490606745401525,326.54999194116994,268.6953022482832,0.17384290699001675,0.3557987363439368
2020-03-06,274.1448059082031,-0.016669377305622575,-0.016531212010804208,-0.03380666176758326,0.04117363816502637,-0.004210778618371495,295.9397689819336,298.94802429199217,279.30541122436523,285.7553222092719,292.5922462785135,28.70780604057589,-6.836924069241604,-4.336272485555717,-2.5006515836858876,326.2563418692047,265.6231960946625,0.14054375217850848,0.35681701302244356
2020-03-09,252.73562622070312,-0.08131246877182913,-0.07809442027024516,-0.016669377305622575,-0.03380666176758326,0.042395368747618824,293.2684524536133,298.0817028808594,279.27164978027344,280.67536898026134,289.63990405200906,23.20353810932282,-8.964535071747719,-5.261925002794117,-3.702610068953602,328.7651846933051,257.77172021392147,-0.07093743107410705,0.44624730692516573
2020-03-10,265.8134460449219,0.050450745344785226,0.05174505873896251,-0.08131246877182913,-0.016669377305622575,-0.02905060097562668,291.1367492675781,297.4454187011719,279.31912979125974,278.38891929790145,287.87498123666927,30.681170752860794,-9.486061938767818,-6.106752389988857,-3.379309548778961,327.89363455200856,254.3798639831477,0.15552980038024672,0.4918077093749965
2020-03-11,252.85546875,-0.04997667634818512,-0.048748389096659905,0.050450745344785226,-0.08131246877182913,0.04117363816502637,288.3304168701172,296.55144958496095,279.2989128112793,274.46069613668584,285.28094327469375,27.94111606030023,-10.820247138007915,-7.049451339592669,-3.7707957984152456,327.8194298494929,248.84140389074145,0.05082508470590306,0.5128224779149717
2020-03-12,228.66290283203125,-0.1005691767238534,-0.09567744782252707,-0.04997667634818512,0.050450745344785226,-0.03380666176758326,284.2149230957031,295.2064398193359,279.16967979431155,267.4148817821236,281.08701435301504,24.075341818341244,-13.67213257089145,-8.373987585852426,-5.298144985039023,330.3630943275408,238.06675186386542,-0.10188755893046571,0.6004560796579658
2020-03-13,248.2104949951172,0.08202827730081967,0.0854865040239825,-0.1005691767238534,-0.04997667634818512,-0.016669377305622575,281.093399810791,294.2380032348633,279.1467240905762,264.46036073796876,278.6517166228004,34.811234106912096,-14.191355884831637,-9.537461245648268,-4.653894639183369,328.15206496862606,234.03473465295596,0.15061796052454568,0.6921571545977467
2020-03-16,221.05039978027344,-0.11588642748294296,-0.10942363744682937,0.08202827730081967,-0.1005691767238534,-0.08131246877182913,276.58898773193357,292.67088195800784,278.9845160675049,257.7819052060156,274.3849524122428,31.285392653573638,-16.60304720622719,-10.950578437764053,-5.652468768463136,328.5314885130313,224.64648695083582,-0.034616038085242,0.7829767024506634
2020-03-17,232.9853363037109,0.05258478844446039,0.053991924625790944,-0.11588642748294296,0.08202827730081967,0.050450745344785226,272.72140884399414,291.38780181884766,278.89906188964846,253.9670484518149,271.3183141819812,35.77316777071262,-17.35126573016629,-12.2307158962445,-5.120549833921789,325.59425262940874,219.84856505857954,0.12422985321583227,0.8201417777726474
2020-03-18,221.1886138916016,-0.05195972321251412,-0.05063289647006608,0.05258478844446039,-0.11588642748294296,-0.04997667634818512,268.18980865478517,289.84611572265624,278.75780380249023,248.92421236562822,267.6050030493605,35.98070599133439,-18.680790683732283,-13.520730853742059,-5.1600598299902245,322.46973896954466,213.90987834002567,0.06704812910930291,0.8273054948224805
2020-03-19,221.6586456298828,0.002122772150796765,0.002125026826704346,-0.05195972321251412,0.05258478844446039,-0.1005691767238534,263.74576034545896,288.3306051635742,278.59182319641116,244.72950979089816,264.20156916643623,36.36055716036389,-19.472059375538066,-14.710996558101261,-4.761062817436805,317.98039379997374,209.51112689094418,0.11199041982210912,0.8289061700304042
2020-03-20,212.1064453125,-0.04405031701231918,-0.04309419237963186,0.002122772150796765,-0.05195972321251412,0.08202827730081967,258.98400192260743,286.5923458862305,278.36704399108885,239.71057679422154,260.3426711031817,30.450035965878158,-20.632094308960177,-15.895216108273043,-4.7368782006871335,313.8218720854593,204.14613175975555,0.07258044057058316,0.8340128147492812
2020-03-23,206.68321228027344,-0.025901003605258415,-0.025568449955570283,-0.04405031701231918,0.002122772150796765,-0.11588642748294296,254.4607360839844,284.70507263183595,278.1067903137207,234.62944379207568,256.36789637555887,30.90395947126487,-21.738452583483195,-17.063863403315075,-4.67458918016812,310.9432528167109,197.97821935125785,0.07705918072141985,0.8325843870906409
2020-03-24,225.409408569336,0.08673109680372271,0.09060337355154346,-0.025901003605258415,-0.04405031701231918,0.05258478844446039,251.32399520874023,283.2096481323242,277.92722175598146,233.21097683473113,254.0746750565794,33.478302986521754,-20.863698221848267,-17.823830367021714,-3.0398678548265536,306.89078588592645,195.75720453155398,0.266815877580961,0.9098518341312456
2020-03-25,228.7838592529297,0.014859369403158483,0.014970318697037577,0.08673109680372271,-0.025901003605258415,-0.05195972321251412,248.40896911621093,281.74042419433596,277.75852935791016,232.5298818221463,252.20128129334609,36.438483055542456,-19.671399471199777,-18.193344187857328,-1.4780552833424494,302.16422161145675,194.65371662096507,0.3174586765728904,0.9145436037675897
2020-03-26,242.1425170898437,0.056748754615520945,0.05838986142001157,0.014859369403158483,0.08673109680372271,0.002122772150796765,246.80654602050782,280.54758911132814,277.6569482421875,234.00874878640747,251.45618764864219,41.708463644970585,-17.44743886223472,-18.044163122732805,0.5967242604980854,299.21974293849576,194.39334910251986,0.4555071126651364,0.935426662365553
2020-03-27,234.9301300048828,-0.03023831560161717,-0.029785711206945176,0.056748754615520945,0.014859369403158483,-0.04405031701231918,244.9011100769043,279.19686798095705,277.52162162780763,234.150499743096,250.23203523058592,45.020412918324,-16.08153548748993,-17.65163759568423,1.5701021081943018,296.0546088501752,193.7476113036334,0.4025386306788501,0.9392417174613823
2020-03-30,242.55963134765625,0.0319594318051384,0.03247561878340122,-0.03023831560161717,0.056748754615520945,-0.025901003605258415,242.7859260559082,277.9484158325195,277.4190372467041,235.44421229764373,249.6637090170356,43.29229323374458,-14.219496719391856,-16.965209420425758,2.745712701033902,290.35472822568124,195.21712388613514,0.49762139576855124,0.9325933518065854
2020-03-31,238.94418334960932,-0.015017600427076871,-0.01490539863521223,0.0319594318051384,-0.03023831560161717,0.08673109680372271,240.8977897644043,276.60866973876955,277.2998288726807,235.9826693825615,248.8696700787077,45.75859975778578,-12.887000696146202,-16.14956767556985,3.262566979423646,285.7157412481571,196.0798382806515,0.47820509025827307,0.9297256802537267
2020-04-01,228.19053649902344,-0.04604901582376179,-0.04500484883053946,-0.015017600427076871,0.0319594318051384,0.014859369403158483,237.8904296875,275.0658325195312,277.12635314941406,234.78387970817104,247.3378824061385,49.84312509685278,-12.554002697967462,-15.430454680049372,2.8764519820819103,277.01539273235375,198.76546664264623,0.3760395865760132,0.9208748262862312
2020-04-02,233.45616149902344,0.022813347934217697,0.023075562557444362,-0.04604901582376179,-0.015017600427076871,0.056748754615520945,235.62559127807617,273.6275692749023,276.96544197082517,234.5796153683022,246.30960678338926,44.58648478814205,-11.729991415087056,-14.69036202705691,2.9603706119698536,269.71047587580364,201.54070668034873,0.4681760726982571,0.9247690326786584
2020-04-03,230.08175659179688,-0.014559605092794744,-0.014454126571599057,0.022813347934217697,-0.04604901582376179,-0.03023831560161717,233.42243881225585,272.1148147583008,276.7846607208252,233.8876370949937,245.10754380623425,54.01438447244207,-11.219906711240554,-13.99627096389364,2.776364252653085,262.3265581407708,204.51831948374087,0.4422109668436902,0.9245632311516023
2020-04-06,245.5354766845703,0.06500673547081248,0.06716621222686037,-0.014559605092794744,0.022813347934217697,0.0319594318051384,233.06243133544922,270.96551025390625,276.6684294128418,235.67961241646702,245.13924253796284,55.40925295925704,-9.45963012149582,-13.088942795414077,3.629312673918257,261.1206899496859,205.00417272121248,0.7222704822955817,0.9181394819714371
2020-04-07,245.78575134277344,0.0010187822775538976,0.0010193014124986188,0.06500673547081248,-0.014559605092794744,-0.015017600427076871,232.0610466003418,269.9183499145508,276.5554030609131,237.23440302051415,245.18713207905992,61.77349691989747,-7.952729058545771,-12.061700048040416,4.108970989494646,256.3778650944392,207.7442281062444,0.782206011978153,0.8976191261305843
2020-04-08,254.0363922119141,0.03301730622831383,0.03356842625768941,0.0010187822775538976,0.06500673547081248,-0.04604901582376179,232.1200927734375,268.9737152099609,276.4852731323242,239.81932443457566,245.84263282964173,64.423394046537,-6.023308395066067,-10.854021717445548,4.830713322379481,256.654277243508,207.58590830336703,0.9466482157826058,0.889441844667063
2020-04-09,257.9022216796875,0.015102994170419153,0.015217620727933312,0.03301730622831383,0.0010187822775538976,0.022813347934217697,233.58205871582032,268.11137451171874,276.44761779785154,242.60130862613136,246.73593570742293,71.4894651734668,-4.134627081291569,-9.510142790214752,5.375515708923183,260.60707093732066,206.55704649432,0.9499565581050643,0.8064728772911544
2020-04-13,255.54747009277344,-0.009172342037630593,-0.009130404428383088,0.015102994170419153,0.03301730622831383,-0.014559605092794744,233.94890747070312,267.1823977661133,276.39951255798337,244.5930257748455,247.38864195818962,73.60922131256316,-2.795616183344123,-8.167237468840627,5.371621285496504,261.99009970930393,205.90771523210228,0.8851220454232019,0.755851128304328
2020-04-14,263.0843505859375,0.029066520104867013,0.02949307418472147,-0.009172342037630593,0.015102994170419153,0.06500673547081248,236.05060501098632,266.51383392333986,276.384390335083,247.43784497655196,248.55128704172648,70.40979710600169,-1.1134420651745245,-6.756478388107406,5.643036322932882,266.23992026667383,205.8612897552988,0.947736978232028,0.620372737023698
2020-04-15,257.49432373046875,-0.021477029322310503,-0.021248040193263984,0.029066520104867013,-0.009172342037630593,0.0010187822775538976,237.27605438232422,265.68941497802734,276.33447151184083,248.9849955540776,249.21373420385552,65.18882614820168,-0.2287386497779096,-5.450930440441507,5.222191790663597,268.89725901390295,205.65484975074548,0.8196947994820131,0.6064387978760323
2020-04-16,258.736572265625,0.0048127725117486165,0.004824372503281049,-0.021477029322310503,0.029066520104867013,0.03301730622831383,239.1534523010254,264.7987857055664,276.2786223602295,250.4852381250849,249.91912961583844,60.06977212759436,0.5661085092464475,-4.2475226505039165,4.813631159750364,271.2086132897004,207.09829131235043,0.8054597038448545,0.5679773357827788
2020-04-17,265.7264404296875,0.026656911550914337,0.027015385196053954,0.0048127725117486165,-0.021477029322310503,0.015102994170419153,241.35684204101562,263.9779104614258,276.25420783996583,252.83003847963914,251.09004152797542,68.7387343390252,1.739996951663727,-3.050018730070388,4.790015681734115,274.39188023173654,208.3218038502947,0.8688447134218383,0.5713684419772436
2020-04-20,261.0447998046875,-0.01777532080398826,-0.01761827169862984,0.026656911550914337,0.0048127725117486165,-0.009172342037630593,243.803759765625,263.0427590942383,276.1955677032471,254.09384791426197,251.82743102995408,61.66624615520917,2.266416884307887,-1.986731607194733,4.253148491502619,274.90976578360284,212.69775374764717,0.7771336189721363,0.546021401608944
2020-04-21,253.1185607910156,-0.030834040667406554,-0.030363520053271587,-0.01777532080398826,0.026656911550914337,0.029066520104867013,246.12552719116212,261.9818911743164,276.0988481903076,253.94380374145484,251.9230702715142,58.4840139977299,2.0207334699406374,-1.1852385917676589,3.2059720617082963,272.0689496100352,220.18210477228908,0.634774693310437,0.5506301631343763
2020-04-22,258.736572265625,0.021952449920480486,0.02219517785283176,-0.030834040667406554,-0.01777532080398826,-0.021477029322310503,247.79188537597656,260.98767242431643,276.0377042388916,254.6811527451733,252.42777412292983,69.48084996729293,2.253378622243474,-0.49751514896543225,2.7508937712089065,272.3785160495935,223.20525470235964,0.7225739475029576,0.4737573812613727
2020-04-23,258.718017578125,-7.171523017529979e-05,-7.171265869965193e-05,0.021952449920480486,-0.030834040667406554,0.0048127725117486165,249.28859329223633,259.98239044189455,275.97477836608886,255.30220887331973,252.8937180825739,67.26643097718244,2.408490790745816,0.08368603897681742,2.3248047517689985,272.61537506998326,225.96181151448937,0.7021158421193805,0.47339253117527597
2020-04-24,262.3241577148437,0.01384224881567155,0.01393849632304689,-7.171523017529979e-05,0.021952449920480486,0.026656911550914337,250.29767532348632,259.00941802978514,275.92340217590333,256.38250869509267,253.59226916644576,71.9680297620384,2.7902395286469073,0.6249967369108353,2.165242791736072,274.0647629484316,226.530587698541,0.7530070697163311,0.43555185757623766
2020-04-27,266.1064758300781,0.01431553157158381,0.014418489506200727,0.01384224881567155,-7.171523017529979e-05,-0.01777532080398826,251.8564926147461,258.11872833251954,275.8877420806885,257.8785036389366,254.51924743782595,66.66655128223829,3.3592562011106395,1.1718486297507962,2.1874075713598433,275.4687648686017,228.24422036089047,0.801749511062096,0.41743171476620244
2020-04-28,264.8827209472656,-0.0046093482010789635,-0.004598741458640476,0.01431553157158381,0.01384224881567155,-0.030834040667406554,252.97264709472657,257.19360992431643,275.83984718322756,258.9560755325257,255.2869121422289,65.2320246411549,3.6691633902967737,1.671311581859992,1.9978518084367818,276.843559292106,229.1017348973471,0.7494683436070481,0.4076038101137487
2020-04-29,271.8170166015625,0.025841941263665395,0.0261787391397168,-0.0046093482010789635,0.01431553157158381,0.021952449920480486,254.6162887573242,256.4232119750977,275.8261673736572,260.934681850839,256.51136432440177,64.48628176015745,4.423317526437245,2.2217127707754427,2.201604755661802,278.942702567713,230.28987494693544,0.8535401473128885,0.40758878963539935
2020-04-30,269.2861328125,-0.009354601790603585,-0.00931098361944116,0.025841941263665395,-0.0046093482010789635,-7.171523017529979e-05,256.671068572998,255.57252227783204,275.80426078796387,262.2195204603253,257.4576434716683,59.480965023710795,4.761876988657036,2.7297456143517618,2.0321313743052745,278.40326628452306,234.93887086147302,0.7902390362667265,0.3633157543461849
2020-05-01,262.1572265625,-0.026830079880611906,-0.026473350764644632,-0.009354601790603585,0.025841941263665395,0.01384224881567155,258.1061218261719,254.6048745727539,275.75602058410647,262.2099367837368,257.8057607376558,55.09935199945942,4.404176046080977,3.0646317006976047,1.3395443453833722,276.98718136805394,239.22506228428983,0.6072795922109651,0.3793572043444821
2020-05-04,262.88037109375,0.0027546407790572025,0.002758438288091858,-0.026830079880611906,-0.009354601790603585,0.01431553157158381,259.74605255126954,253.7156497192383,275.70642112731935,262.31308052373885,258.18165780107023,49.82414358134596,4.131422722668617,3.2779899050918075,0.8534328175768096,273.33389075415,246.1582143483891,0.6153354380469449,0.37194015338948616
2020-05-05,265.3092346191406,0.009197002816864806,0.009239425200462836,0.0027546407790572025,-0.026830079880611906,-0.0046093482010789635,260.73474044799804,253.0788638305664,275.67654289245604,262.7740273076468,258.7096264542606,57.12585894372808,4.064400853386189,3.435272094750684,0.6291287586355052,272.75619365287247,248.7132872431236,0.6902637764828521,0.30201280363519306
2020-05-06,263.5107421875,-0.0068019342863324265,-0.006778853492312109,0.009197002816864806,0.0027546407790572025,0.025841941263665395,261.62098999023436,252.58619415283204,275.6343402862549,262.88736805839346,259.0652646567228,54.30950890771414,3.822103401670688,3.5126383561346852,0.30946504553600285,271.40790926103966,251.83407071942906,0.5965447933601961,0.3042605140515977
2020-05-07,266.6904602050781,0.011994526323035368,0.012066749124465037,-0.0068019342863324265,0.009197002816864806,-0.009354601790603585,262.2536933898926,252.17831573486328,275.5983141326904,263.4724591578834,259.63009395660094,50.93447244565009,3.842365201282462,3.5785837251642407,0.2637814761182211,271.60237896960444,252.90500781018073,0.7372936161642889,0.285783808027485
2020-05-08,271.1031188964844,0.01641060024784079,0.016545993763755318,0.011994526323035368,-0.0068019342863324265,-0.026830079880611906,262.9137382507324,252.11655853271483,275.57791496276855,264.6464068099759,260.47994765585156,59.80114084112499,4.166459154124311,3.696158810956255,0.47030034316805613,272.8164648418769,253.01101165958798,0.913491202164226,0.286589400804988
2020-05-11,271.1588134765625,0.00020541578506255362,0.00020543688432961282,0.01641060024784079,0.011994526323035368,0.0027546407790572025,263.6943054199219,252.07895782470703,275.5643671417236,265.64831552791225,261.270974753682,70.76387664393616,4.37734077423022,3.8323952036110485,0.5449455706191713,273.6133209483464,253.77528989149732,0.8762726268171405,0.2834413305898868
2020-05-12,265.7541809082031,-0.020132927236895616,-0.019931613134995918,0.00020541578506255362,0.01641060024784079,0.009197002816864806,263.82779693603516,251.69677520751952,275.5146215057373,265.66460250949547,261.60306409846135,58.11696036066437,4.061538411034121,3.878223845095663,0.18331456593845807,273.78404089524395,253.87155297682637,0.596742505510133,0.27708042853113285
2020-05-13,261.0540771484375,-0.01784417158351234,-0.017685907118011213,-0.020132927236895616,0.00020541578506255362,-0.0068019342863324265,264.0057846069336,251.38371856689454,275.44388618469236,264.95529091548656,261.56239839845955,52.43798657495818,3.3928925170270077,3.781157579481932,-0.3882650624549244,273.60621570281603,254.4053535110512,0.3462721398124459,0.27353526472411244
2020-05-14,264.1781921386719,0.011896267677634237,0.011967309702112017,-0.01784417158351234,-0.020132927236895616,0.011994526323035368,264.2778656005859,250.9005276489258,275.39214866638184,264.83573725751506,261.75616089773456,51.954595146923666,3.0795763597805035,3.640841335541647,-0.5612649757611434,273.5524361668317,255.00329503434017,0.4946265187588951,0.27609614440953406
2020-05-15,265.392578125,0.004586310964119475,0.004596844184968418,0.011896267677634237,-0.01784417158351234,0.01641060024784079,264.26117248535155,250.6333206176758,275.36150077819826,264.92140508328197,262.02552513679126,49.20429861744631,2.895879946490709,3.4918490577314594,-0.5959691112407506,273.5259617767772,254.9963831939259,0.5610594371906299,0.2595565679080968
2020-05-18,273.4764099121094,0.030005208892791548,0.030459901494690245,0.004586310964119475,0.011896267677634237,0.00020541578506255362,264.8827529907227,250.61995269775392,275.3830934906006,266.23755967233234,262.87373882385185,58.30794122089839,3.3638208484804863,3.466243415881265,-0.1024225674007786,274.87823432808483,254.88727165336053,0.9298770930252469,0.27145099250876686
2020-05-19,270.66748046875,-0.010324307388527187,-0.010271194668169392,0.030005208892791548,0.004586310964119475,-0.020132927236895616,265.76019897460935,250.97858978271483,275.40077507019043,266.91908594870426,263.4510530197702,48.792360981089686,3.468032928934065,3.4666013184918247,0.00143161044224005,274.3959807034883,257.1244172457304,0.7841249146982368,0.24687058891667624
2020-05-20,275.2655639648437,0.0168452606886021,0.016987942135237688,-0.010324307388527187,0.030005208892791548,-0.01784417158351234,266.58664855957034,251.16763214111327,275.48161430358886,268.2031594896488,264.3262019786645,56.02018054335063,3.876957510984255,3.548672556990311,0.32828495399394386,275.54972723586343,257.62356988327724,0.9841481213496801,0.2423918251712832
2020-05-21,273.3652038574219,-0.0069276745642226824,-0.006903733543889734,0.0168452606886021,-0.010324307388527187,0.011896267677634237,267.31900787353516,251.57782684326173,275.5347852325439,268.99732016161386,264.9957576733873,62.61221815394572,4.001562488226568,3.6392505432375626,0.36231194498900576,275.9629124135056,258.6751033335647,0.8497375495025653,0.24479010236500903
2020-05-22,273.8843688964844,0.0018973617181595943,0.0018991628478557399,-0.0069276745642226824,0.0168452606886021,0.004586310964119475,267.8970184326172,252.4822561645508,275.5897759246826,269.7491738131324,265.6541733195426,62.439789773938706,4.095000493589794,3.730400533308009,0.3645999602817849,276.67953300098713,259.11450386424724,0.840867664793322,0.24126013390331208
2020-05-26,277.2586669921875,0.01224488031929684,0.012320155798954957,0.0018973617181595943,-0.0069276745642226824,0.030005208892791548,268.45462799072266,253.0632196044922,275.6358489227295,270.904480456064,266.51376544344225,63.225869212316375,4.39071501262174,3.8624634291707554,0.5282515834509849,278.12928857487174,258.7799674065736,0.9550050580528552,0.2399845957278625
2020-05-27,281.384033203125,0.014769516189959203,0.01487912444971018,0.01224488031929684,0.0018973617181595943,-0.010324307388527187,269.2796936035156,254.26989227294922,275.71167762756346,272.5167193402272,267.6152667589743,68.81345870670808,4.901452581252897,4.070261259587184,0.8311913216657132,280.3810624773734,258.17832472965785,1.045173290661184,0.24269276958446456
2020-05-28,280.8648986816406,-0.0018466363902825216,-0.001844932406344535,0.014769516189959203,0.01224488031929684,0.0168452606886021,269.73208770751955,255.2274835205078,275.8011144256592,273.80105462352157,268.5967209754681,65.80530604855784,5.204333648053478,4.297075737280443,0.9072579107730343,281.95008665512887,257.51408875991024,0.9555906012866131,0.2275933133659032
2020-05-29,282.1163330078125,0.004445748159662906,0.004455645159099575,-0.0018466363902825216,0.014769516189959203,-0.0069276745642226824,270.3735977172852,256.446037902832,275.8763594818115,275.08032822110476,269.5981737186047,63.211776636366004,5.482154502500066,4.534091490324368,0.9480630121756981,283.78229537283147,256.9649000617389,0.9378775475510155,0.22399681741434938
2020-06-01,283.2566833496094,0.004033980594098928,0.004042128045685711,0.004445748159662906,-0.0018466363902825216,0.0018973617181595943,271.42857055664064,257.67799865722657,275.99678901672365,276.33822901010547,270.6099151727532,64.14486008319439,5.728313837352289,4.772935959729952,0.955377877622337,285.42272992106905,257.4344111922122,0.9226089072214826,0.1957187231090884
2020-06-02,285.6020202636719,0.008245809330497235,0.008279899652598122,0.004033980594098928,0.004445748159662906,0.01224488031929684,272.56465301513674,259.14791015625,276.12552207946777,277.7634276645003,271.7204414757842,74.99419699473509,6.0429861887161,5.026946005527181,1.0160401831889185,287.30610658194445,257.82319944832904,0.9422008721680762,0.19627331890762842
2020-06-03,289.4029235839844,0.013220612178833179,0.013308390874838594,0.008245809330497235,0.004033980594098928,0.014769516189959203,273.7693374633789,260.8023043823242,276.25408851623536,279.55411934442094,273.0302549652805,86.52665767526366,6.523864379140434,5.326329680249832,1.1975346988906024,289.88788265206176,257.6507922746961,0.9849564876234027,0.19815753655506446
2020-06-04,288.64276123046875,-0.002630113195849638,-0.002626657478444705,0.013220612178833179,0.008245809330497235,-0.0018466363902825216,275.0259384155273,262.06697143554686,276.3629700469971,280.95237194227445,274.18673691085,83.56668450402523,6.765635031424438,5.614190750484753,1.1514442809396845,291.686542174793,258.36533465626167,0.9086533420905755,0.19558122408523754
2020-06-05,296.0404968261719,0.025306455392118593,0.025629382022840153,-0.002630113195849638,0.013220612178833179,0.004445748159662906,276.49344024658205,263.4121041870117,276.5190647125244,283.2736219244125,275.8055339416146,85.95056055569447,7.468087982797897,5.984970196947382,1.4831177858505153,295.11739140419223,257.8694890889719,1.0247827492181336,0.20763411240615604
2020-06-08,299.618896484375,0.012015063463974204,0.012087534295364577,0.025306455392118593,-0.002630113195849638,0.004033980594098928,277.9192291259766,264.56163177490237,276.68227897644044,285.78827954902215,277.5694867225598,84.29003166267057,8.218792826462334,6.431734722850373,1.7870581036119608,299.00860573727005,256.8298525146831,1.0144691509463144,0.20506246716768442
2020-06-09,297.3846740722656,-0.007484822379166612,-0.007456880852058978,0.012015063463974204,0.025306455392118593,0.008245809330497235,279.2305221557617,265.81072265625,276.8347330474854,287.5723402449058,279.03727837809356,85.58027364658099,8.535061866812214,6.852400151642741,1.6826617151694725,301.76203980879023,256.6990045027332,0.902861276281222,0.2092222846170213
2020-06-10,295.7252502441406,-0.005595685015665477,-0.005580058331189464,-0.007484822379166612,0.012015063463974204,0.013220612178833179,280.7290756225586,266.8740350341797,277.01316886901856,288.8266340909419,280.27342444224524,79.56064442110493,8.55320964869668,7.192562051053529,1.3606475976431502,303.47240384374254,257.9857474013746,0.8296829398877088,0.19207560131138968
2020-06-11,278.67706298828125,-0.059377183542103036,-0.0576487372714537,-0.005595685015665477,-0.007484822379166612,-0.002630113195849638,281.61022491455077,267.66869262695315,277.09198616027834,287.2651616136095,280.1551754456553,55.33810983332955,7.109986167954219,7.176046874433667,-0.0660607064794485,302.4280151690795,260.792434660022,0.42955155445397397,0.29012685537295896
2020-06-12,282.0144348144531,0.01190462581847982,0.011975767902765,-0.059377183542103036,-0.005595685015665477,0.025306455392118593,282.50203704833984,268.7451705932617,277.1926476287842,286.4573574906624,280.2928983618625,57.732267558295455,6.1644591287998765,6.97372932530691,-0.8092701965070335,301.6355727710152,263.3685013256645,0.4872579161281504,0.29013015431744227
2020-06-15,284.64715576171875,0.009292106379398991,0.009335412029521706,0.01190462581847982,-0.059377183542103036,0.012015063463974204,283.46476593017576,269.7689904785156,277.297253036499,286.17886491697874,280.61543594703704,57.12751488174094,5.563428969941697,6.691669254233867,-1.1282402842921702,300.8293936821883,266.1001381781632,0.5340459308552109,0.2908938781334688
2020-06-16,290.1259460449219,0.019064762114845073,0.01924765511372084,0.009292106379398991,0.01190462581847982,-0.007484822379166612,284.29724273681643,270.9698742675781,277.41240928649904,286.78610816743156,281.31991817651,58.2185284199183,5.466189990921578,6.44657340157141,-0.9803834106498321,301.2368420764757,267.3576433971572,0.6720437181314908,0.2800640968494277
2020-06-17,288.9208374023437,-0.004162393840895978,-0.004153743086430461,0.019064762114845073,0.009292106379398991,-0.005595685015665477,285.2099105834961,271.83758148193357,277.52213325500486,287.1145280497257,281.88294923027547,57.47718269198625,5.231578819450249,6.203574485147178,-0.9719956656969293,300.9843774853145,269.43544368167767,0.6176244763751677,0.27702666139479376
2020-06-18,289.0320129394531,0.0003847218277925206,0.0003847958427263265,-0.004162393840895978,0.019064762114845073,-0.059377183542103036,285.8982330322266,272.7025067138672,277.6402185821533,287.4095257250684,282.41250950502933,56.557646975755446,4.997016220039086,5.96226283212556,-0.9652466120864744,301.0341315210417,270.7623345434115,0.6035214364559295,0.27244677578989857
2020-06-19,287.3802185058594,-0.005731311256014338,-0.005714918623701992,0.0003847218277925206,-0.004162393840895978,0.01190462581847982,286.59898376464844,273.36938323974607,277.73498207092285,287.4050169221132,282.78048794953526,53.87249428526228,4.624528972577934,5.694716060216036,-1.0701870876381019,300.5424915043997,272.65547602489715,0.5280142829118863,0.2719338041506386
2020-06-22,289.223876953125,0.00639490681661735,0.006415397889427243,-0.005731311256014338,0.0003847218277925206,0.009292106379398991,287.36595916748047,273.99581634521485,277.82171043395994,287.6848415422688,283.25777602387524,53.43371294424805,4.42706551839359,5.441185951851547,-1.0141204334579568,299.98979039887985,274.7421279360811,0.5735877148382384,0.2722700565962103
2020-06-23,290.5553894042969,0.004593178367616736,0.0046037431805385776,0.00639490681661735,-0.005731311256014338,0.019064762114845073,288.0307952880859,274.6959747314453,277.91404609680177,288.12646429027313,283.79833997798056,51.146269917972674,4.328124312292573,5.218573623939752,-0.8904493116471794,299.7838711661439,276.27771941002794,0.6074014216535502,0.27006736385857144
2020-06-24,283.1436767578125,-0.025839766787628147,-0.025508777041375996,0.004593178367616736,0.00639490681661735,-0.004162393840895978,288.1187774658203,275.0971612548828,277.9686389923096,287.3598815929715,283.74984640611626,45.16961592610822,3.610035186855214,4.896865936522845,-1.2868307496676312,299.6872457615663,276.5503091700743,0.28497150267346727,0.28342246378294794
2020-06-25,286.1791381835937,0.010663511490177637,0.010720569360895826,-0.025839766787628147,0.004593178367616736,0.0003847218277925206,288.38448944091795,275.6708575439453,278.0387284088135,287.1782287607595,283.92979394518864,40.61886892364786,3.2484348155708744,4.567179712332451,-1.3187448967615767,299.4861376345906,277.2828412472453,0.4006746016964766,0.28562913015250985
2020-06-26,279.3819580078125,-0.0240381013467951,-0.023751487333855126,0.010663511490177637,-0.025839766787628147,-0.005731311256014338,288.24777069091795,276.0837652587891,278.0651551055908,285.9788024910754,283.5929172090867,31.859494546282193,2.385885281988692,4.1309208262637,-1.7450355442750078,299.73509333009395,276.76044805174195,0.11410448014797807,0.2985896891593639
2020-06-29,283.4882202148437,0.014590700355637342,0.014697664216800854,-0.0240381013467951,0.010663511490177637,0.00639490681661735,288.2593475341797,276.4390008544922,278.1073659515381,285.59563598703977,283.58516187617977,37.947643491273766,2.0104741108600024,3.7068314831829605,-1.6963573723229581,299.7259392743817,276.79275579397773,0.2919552981637778,0.3030280684201564
2020-06-30,287.1195983886719,0.01272827704647701,0.012809626343825098,0.014590700355637342,-0.0240381013467951,0.004593178367616736,288.33522644042966,276.9604968261719,278.168646774292,285.83009174113704,283.84697198821624,42.783195407287906,1.9831197529207998,3.3620891371305284,-1.3789693842097286,299.74773515372135,276.922717727138,0.4467414184603427,0.3050488037915426
2020-07-01,289.1307373046875,0.006980115956553675,0.007004533745875285,0.01272827704647701,0.014590700355637342,-0.025839766787628147,288.32161712646484,277.6807403564453,278.24422813415526,286.3378833662986,284.2383620116586,61.72323867019857,2.0995213546400464,3.109575580632432,-1.0100542259923855,299.72941310297807,276.9138211499516,0.5354634751484205,0.30232568977956015
2020-07-02,290.7229919433594,0.005491932052506497,0.005507040356605097,0.006980115956553675,0.01272827704647701,0.010663511490177637,288.4256286621094,278.32046875,278.32430168151853,287.0125154550772,284.71870496956234,60.16401360321303,2.293810485514882,2.946422561608922,-0.6526120760940399,299.8835764202383,276.96768090398047,0.6002519530436906,0.3027796204334742
2020-07-06,295.2109375,0.015319247102028597,0.015437188254842305,0.005491932052506497,0.006980115956553675,-0.0240381013467951,288.38415069580077,279.0503271484375,278.4259935760498,288.2738111542961,285.4959073792244,61.81753378788976,2.7779037750717066,2.912718804301479,-0.1348150292297725,299.73150357856855,277.036797813033,0.8008096634840037,0.2938079574704999
2020-07-07,292.1662292480469,-0.010367224654074884,-0.010313670210654435,0.015319247102028597,0.005491932052506497,0.014590700355637342,288.0115173339844,279.64716857910156,278.5125533294678,288.8726447071808,285.99000529543343,52.41389121169714,2.882639411747391,2.9067029257906616,-0.024063514043270562,298.23974427981767,277.7832903881511,0.70310029959567,0.29226429194261666
2020-07-08,294.4009094238281,0.007619557387826096,0.007648660084817793,-0.010367224654074884,0.015319247102028597,0.01272827704647701,287.8623291015625,280.2130572509766,278.6167797088623,289.7231469712804,286.6130352308701,56.32936333099535,3.110111740410332,2.947384688714596,0.16272705169573598,297.5896871258155,278.13497107730956,0.8360923030674482,0.29291418102147276
2020-07-09,292.72491455078125,-0.005709166100242782,-0.005692899781889138,0.007619557387826096,-0.010367224654074884,0.006980115956553675,287.71231231689455,280.76990112304685,278.7129470062256,290.18495736812673,287.065767032345,54.116425629885356,3.1191903357817523,2.981745818128027,0.13744451765372512,297.01224106330983,278.4123835704793,0.7694968085545193,0.2929406190151745
2020-07-10,295.7138366699219,0.010158908870227502,0.01021068576867612,-0.005709166100242782,0.007619557387826096,0.005491932052506497,288.56415100097655,281.2478375244141,278.834789352417,291.03555418378755,287.70636478327657,59.02047110090473,3.329189400510984,3.0512345346046184,0.27795486590636553,297.49307836553953,279.63522363641357,0.9003664369205707,0.19533482837052557
2020-07-13,293.1531677246094,-0.008696989528793653,-0.00865928011400674,0.010158908870227502,-0.005709166100242782,0.015319247102028597,289.1210876464844,281.72517822265627,278.9358032989502,291.36134088237554,288.1098316678197,54.18813238343133,3.251509214555824,3.0912894705948597,0.1602197439609645,297.71305460787056,280.52912068509823,0.7346424338132274,0.1965175644445484
2020-07-14,296.9521484375,0.012875780283364505,0.012959030060556653,-0.008696989528793653,0.010158908870227502,-0.010367224654074884,289.73633728027346,282.42107666015625,279.0586554718018,292.22146512162544,288.76481809520345,56.47743039997035,3.45664702642199,3.1643609817602862,0.29228604466170394,298.73215866843816,280.74051589210876,0.9010646079923275,0.19869618628673788
2020-07-15,299.6803894042969,0.00914552864527534,0.00918747677412779,0.012875780283364505,-0.008696989528793653,0.007619557387826096,290.2140594482422,283.1570770263672,279.20248573303223,293.3689919343441,289.57337893291407,68.5000003414072,3.795613001430013,3.290611385694232,0.5050016157357811,300.25147177872157,280.17664711776285,0.9715523107140595,0.19042148379888288
2020-07-16,298.6933288574219,-0.0032991470448826025,-0.003293710839194608,0.00914552864527534,0.012875780283364505,-0.005709166100242782,290.7026840209961,283.8247589111328,279.3350984954834,294.18812069174066,290.24893077917386,64.67237486627008,3.9391899125668033,3.420327091068746,0.5188628214980571,301.4044922978961,280.0008757440961,0.8733315263026,0.19009818436799802
2020-07-17,299.55938720703125,0.0028952946851662246,0.0028994900988323913,-0.0032991470448826025,0.00914552864527534,0.010158908870227502,291.229052734375,284.5457318115234,279.488228225708,295.0144693864007,290.93859421827443,77.47898265580764,4.075875168126288,3.551436706480255,0.5244384616460329,302.59956025341944,279.85854521533054,0.8663132212306176,0.19008312169310795
2020-07-20,301.9803161621094,0.008049151243945089,0.008081632752857004,0.0028952946851662246,-0.0032991470448826025,-0.008696989528793653,291.9590576171875,285.25152893066405,279.6772159576416,296.08613812112515,291.7564995474474,76.39543869339427,4.329638573677755,3.707077079919755,0.622561493758,304.13529066779967,279.78282456657536,0.9115089824277817,0.18914392222540038
2020-07-21,302.6227111816406,0.0021250150337205898,0.0021272744783351616,0.008049151243945089,0.0028952946851662246,0.012875780283364505,292.6289993286133,285.88192077636717,279.8585932159424,297.09176474581983,292.5614041129432,74.19338861552588,4.530360632876636,3.871733790511132,0.6586268423655044,305.6188249004079,279.6391737568187,0.8846745977377527,0.18857750487713854
2020-07-22,304.34527587890625,0.005675980804938771,0.005692119704233667,0.0021250150337205898,0.008049151243945089,0.00914552864527534,293.31849365234376,286.54565002441404,280.030562210083,298.20768953552545,293.4342835030145,73.958843939525,4.773406032510934,4.052068238911092,0.721337793599842,307.2729849456979,279.36400235898964,0.8950979650477847,0.18879390999609816
2020-07-23,300.7139587402344,-0.012003323082231154,-0.011931570576166006,0.005675980804938771,0.0021250150337205898,-0.0032991470448826025,294.19700775146487,287.2448455810547,280.19019889831543,298.59326941317295,293.97351870577154,64.78370660178497,4.619750707401408,4.165604732609156,0.4541459747922527,307.6579645020807,280.73605100084905,0.7420686400493548,0.16649467047758965
2020-07-24,298.7772216796875,-0.006461292048171299,-0.006440462786165169,-0.012003323082231154,0.005675980804938771,0.0028952946851662246,294.82691192626953,287.9993084716797,280.36101600646975,298.6215697618675,294.32934855569124,55.70801681828129,4.292221206176237,4.190928027322572,0.1012931788536644,307.8810017139782,281.77282213856085,0.6513054459429817,0.16714958468063557
2020-07-27,300.9560241699219,0.00726593728434279,0.007292398255748678,-0.006461292048171299,-0.012003323082231154,0.008049151243945089,295.905615234375,288.7348651123047,280.53016258239745,298.98071659387585,294.8202134160046,64.46958325044159,4.160503177871249,4.184843057432308,-0.024339879561058986,307.0050830707891,284.80614739796084,0.7275068052802482,0.13615004492501112
2020-07-28,299.0472412109375,-0.0063625967006996145,-0.006342398243228575,0.00726593728434279,-0.006461292048171299,0.0021250150337205898,296.6835662841797,289.40795837402345,280.6807315826416,298.99095115034686,295.1333265859996,57.731656163194,3.8576245643472475,4.119399358815296,-0.26177479446804863,306.18442876782854,287.1827038005308,0.6243926501844305,0.13426177889121463
2020-07-29,302.72509765625,0.01222356695960006,0.012298580085272404,-0.0063625967006996145,0.00726593728434279,0.005675980804938771,297.4638412475586,289.99293212890626,280.83575004577636,299.5654352281781,295.6956799986108,65.60124243947774,3.8697552295673177,4.069470532965701,-0.19971530339838317,306.18911466178287,288.73856783333434,0.8014952173369319,0.13377142606074646
2020-07-30,301.6450500488281,-0.0035741300634057204,-0.003567750463320696,0.01222356695960006,-0.0063625967006996145,-0.012003323082231154,298.0895568847656,290.6124835205078,280.98688148498536,299.88537596981655,296.13637407640465,59.83929399519259,3.7490018934119007,4.005376805054941,-0.25637491164304027,306.0609645564091,290.11814921312214,0.7230153889074319,0.13448055978682716
2020-07-31,304.0286560058594,0.007870964973289282,0.007902022448720514,-0.0035741300634057204,0.01222356695960006,-0.006461292048171299,298.7548400878906,291.1877453613281,281.1364952850342,300.5228036676693,296.7209875526605,68.14796708221299,3.801816115008762,3.9646646670457053,-0.16284855203694315,306.34965065408505,291.1600295216962,0.8471986478137619,0.13553307753461807
2020-08-03,306.1424255371094,0.006928476458251739,0.006952533879599931,0.007870964973289282,-0.0035741300634057204,0.00726593728434279,299.3014144897461,291.8432897949219,281.29887870788576,301.38736087835235,297.4188718478049,66.2497747186276,3.9684890305474596,3.965429539746056,0.0030594908014034417,307.3803377176282,291.222491261864,0.9233863136459491,0.12784617466030937
2020-08-04,307.3249206542969,0.003855124772483353,0.0038625653243351543,0.006928476458251739,0.007870964973289282,-0.0063625967006996145,300.0593490600586,292.5121008300781,281.46313941955566,302.3008316131131,298.15265324087835,64.29823920508512,4.1481783722347245,4.00197930624379,0.14619906599093468,308.1639837180315,291.9547144020857,0.9482356022730039,0.11956683990260697
2020-08-05,309.23370361328125,0.0061917520315558135,0.0062109605525011435,0.003855124772483353,0.006928476458251739,0.01222356695960006,300.8009887695313,293.1516015625,281.64295112609864,303.36742730544665,298.97347178698226,69.05749577066581,4.393955518464395,4.080374548687911,0.313580969776484,309.4235356168722,292.17844192219036,0.9889921152675745,0.11886597089412272
2020-08-06,311.3007202148437,0.0066620776133135325,0.006684318615371332,0.0061917520315558135,0.003855124772483353,-0.0035741300634057204,301.7297790527344,293.7499353027344,281.8238355255127,304.5879339068923,299.8866013001572,70.34533232366385,4.701332606735093,4.204566160297348,0.4967664464377455,310.68490519393356,292.7746529115352,1.0343833806023681,0.11566087689422398
2020-08-07,311.5243225097656,0.0007180260560830435,0.0007182838985004825,0.0066620776133135325,0.0061917520315558135,0.007870964973289282,302.5203033447266,294.36312377929687,282.0103314971924,305.65507061502666,300.7486547230912,67.90098016993275,4.906415891935467,4.344936106624972,0.5614797853104951,312.0145209270402,293.02608576241295,0.9741843699586279,0.11281298718677359
2020-08-10,312.4553527832031,0.0029841708030752334,0.0029886278732162985,0.0007180260560830435,0.0066620776133135325,0.006928476458251739,303.48541259765625,294.9699041748047,282.197493057251,306.7012678716692,301.61581754235874,68.24480735690503,5.085450329310447,4.493038951162067,0.5924113781483804,312.8942444603149,294.0765807349976,0.9766766117453101,0.10461476779734033
2020-08-11,309.8761291503906,-0.008288953637018268,-0.008254694982300692,0.0029841708030752334,0.0007180260560830435,0.003855124772483353,304.1316116333008,295.50229309082033,282.36951194763185,307.1897080683956,302.227692476287,59.94647939577477,4.962015592108571,4.586834279351368,0.3751813127572028,313.4256992779058,294.8375239886958,0.8090414969577137,0.10559171487081723
2020-08-12,314.1965026855469,0.01384596066652924,0.013942259918509059,-0.008288953637018268,0.0029841708030752334,0.0061917520315558135,304.85741729736327,296.0741827392578,282.5574921417236,308.2676764710343,303.1142710103063,73.66012231826312,5.153405460727981,4.700148515626691,0.4532569451012902,314.92307631846836,294.7917582762582,0.9639082929692905,0.11091761578456495
2020-08-13,313.6285705566406,-0.0018092054874057398,-0.0018075698617009417,0.01384596066652924,-0.008288953637018268,0.0066620776133135325,305.6041793823242,296.55869567871093,282.73483741760253,309.09242940728143,303.8931080137385,77.37745238681919,5.199321393542903,4.799983091209934,0.39933830233296863,315.9563177908095,295.2520409738389,0.8875716715562401,0.11003100623514993
2020-08-14,313.63775634765625,2.928832817036818e-05,2.9288757077639005e-05,-0.0018092054874057398,0.01384596066652924,0.0007180260560830435,306.30809783935547,297.0585955810547,282.912640914917,309.7917104750314,304.6149338162509,75.41051972463656,5.1767766587804545,4.875341804724038,0.30143485405641623,316.84256236267885,295.7736333160321,0.8478894675696551,0.1103434394523635
2020-08-17,314.6341857910156,0.003171971281810746,0.003177007306017332,2.928832817036818e-05,-0.0018092054874057398,0.0029841708030752334,306.94079132080077,297.43046936035154,283.0911623382568,310.5367066774905,305.35710062919645,82.41694772825649,5.179606048294033,4.936194653438037,0.24341139485599594,317.89254199816634,295.9890406434352,0.851240395113957,0.10831030493409194
2020-08-18,315.3139038085937,0.0021580136287058156,0.0021603438160071597,0.003171971281810746,2.928832817036818e-05,-0.008288953637018268,307.5753509521484,297.74436950683594,283.2767963409424,311.2716600822756,306.09464160544815,79.91179678164114,5.17701847682747,4.984359418115924,0.19265905871154665,318.9366785423034,296.21402336199344,0.8405655190838354,0.10831066153342477
2020-08-19,314.0010070800781,-0.004172469491945909,-0.004163776835266142,0.0021580136287058156,0.003171971281810746,0.01384596066652924,308.05813751220705,298.0766961669922,283.4429808807373,311.69155962039906,306.6802983072726,79.03722743533194,5.011261313126454,4.98973979711803,0.021521516008423447,319.6596156062897,296.4566594181244,0.7561255350256719,0.10957693376153417
2020-08-20,314.9786071777344,0.0031085296334083037,0.003113366121806571,-0.004172469491945909,0.0021580136287058156,-0.0018092054874057398,308.77136993408203,298.4617633056641,283.60841331481936,312.1972592446045,307.2949878532327,77.55390092489364,4.902271391371755,4.972246115968776,-0.06997472459702081,320.2247521065881,297.317987761576,0.7709783516415296,0.09719493781498363
2020-08-21,316.09600830078125,0.0035412683805629277,0.0035475460795861835,0.0031085296334083037,-0.004172469491945909,2.928832817036818e-05,309.6373092651367,299.21014221191405,283.78099159240725,312.79706679170863,307.94691529379185,76.36893991944433,4.850151497916784,4.947827192358378,-0.09767569444159463,320.5134070030375,298.7612115272359,0.7969217081020428,0.09153293619222351
2020-08-24,319.299072265625,0.010082203012279247,0.010133199663172832,0.0035412683805629277,0.0031085296334083037,0.003171971281810746,310.55446166992186,299.9558349609375,283.96926414489747,313.7973753261573,308.7878158102239,78.65417000772659,5.009559515933404,4.960173657073383,0.04938585886002045,321.44179585836866,299.66712748147506,0.9015955808990673,0.09386449254399794
2020-08-25,320.4164123535156,0.003493244265533483,0.0034993527540259084,0.010082203012279247,0.0035412683805629277,0.0021580136287058156,311.62292022705077,300.6712200927734,284.1581713104248,314.81568871498166,309.6491933319492,77.81378988931732,5.166495383032441,5.0014380022651945,0.1650573807672462,321.9343506964992,301.3114897576023,0.9263953557422964,0.08716452866341923
2020-08-26,323.6287841796875,0.009975692647666613,0.010025615737272675,0.003493244265533483,0.010082203012279247,-0.004172469491945909,312.66810455322263,301.3412768554688,284.35965492248533,316.1715495557056,310.68471857992984,79.00970901674683,5.486830975775774,5.098516596967311,0.3883143788084631,323.4107192431193,301.925489863326,1.0101495279716826,0.08448806219171742
2020-08-27,324.3363647460937,0.002184008966643742,0.002186395651424311,0.009975692647666613,0.003493244265533483,0.0031085296334083037,313.80267028808595,302.0495874023438,284.5673819732666,317.4276749696115,311.6959516292753,79.47716603545204,5.731723340336146,5.225157945641079,0.506565394695067,324.4359218724832,303.1694187036887,0.9953185944299666,0.08062341218061009
2020-08-28,326.431396484375,0.006438668602853059,0.006459441388638076,0.002184008966643742,0.009975692647666613,0.0035412683805629277,314.92280731201174,302.7975750732422,284.7826033782959,318.8128628949597,312.78746606298637,80.5205121950896,6.025396831973353,5.385205722907534,0.6401911090658192,325.93402568310387,303.9115889409196,1.022584730613321,0.07977920249596057
2020-08-31,325.2489013671875,-0.0036290690968809273,-0.0036224919842968717,0.006438668602853059,0.002184008966643742,0.010082203012279247,315.8781311035156,303.55494873046877,284.99145393371583,319.8030226599179,313.71053534477903,85.75159724795013,6.09248731513884,5.526662041353796,0.5658252737850438,326.9966614964315,304.7596007105997,0.9214032759960086,0.08260967145634396
2020-09-01,328.312255859375,0.00937441551464048,0.009418492973567894,-0.0036290690968809273,0.006438668602853059,0.003493244265533483,316.92749786376953,304.33671630859374,285.2135578155518,321.11213545983435,314.7921442717861,84.86679541627299,6.3199911880482205,5.685327870692681,0.6346633173555398,328.5950849815888,305.25991074595026,0.9878797081454036,0.08561207153999428
2020-09-02,333.0609130859375,0.01436024034100217,0.014463843922404296,0.00937441551464048,-0.0036290690968809273,0.009975692647666613,318.11885833740234,305.18682678222655,285.4491335296631,322.95040894077334,316.1453864061677,89.78266818443672,6.805022534605655,5.909266803475276,0.8957557311303788,331.2524682525928,304.9852484222119,1.0688479726831632,0.09378747588797508
2020-09-03,321.5989074707031,-0.03502025530138508,-0.034414142173077256,0.01436024034100217,0.00937441551464048,0.002184008966643742,318.63376770019534,305.9559313964844,285.62634422302244,322.7424856376856,316.5493509294666,61.095388415790325,6.19313470821902,5.966040384424025,0.2270943237949954,331.4454130700585,305.82212233033215,0.6157204904173621,0.16560509158127745
2020-09-04,318.9731750488281,-0.008198131637835148,-0.008164618600621898,-0.03502025530138508,0.01436024034100217,0.006438668602853059,319.00621032714844,306.61181213378904,285.7908388519287,322.16259170093826,316.7288934568267,55.784509329748786,5.433698244111554,5.859571956361531,-0.4258737122499774,331.3730031919988,306.63941746229807,0.4986643554767458,0.1692388001245023
2020-09-08,310.2578430175781,-0.027703305057929777,-0.027323087685714786,-0.008198131637835148,-0.03502025530138508,-0.0036290690968809273,318.8963348388672,307.22932983398437,285.9170763397217,320.33109190349825,316.2495563872527,44.44887464375061,4.081535516245538,5.503964668338332,-1.4224291520927945,331.5440488485307,306.2486208292037,0.1584959220816979,0.19758547851806196
2020-09-09,316.3846740722656,0.019555092828445694,0.019747546089722512,-0.027703305057929777,-0.008198131637835148,0.00937441551464048,319.2217620849609,307.8872589111328,286.0762407684326,319.7239506986932,316.259565104661,52.366871794747475,3.464385594032194,5.096048853477105,-1.6316632594449105,331.209988346174,307.23353582374784,0.3816719024617321,0.2072368541479544
2020-09-10,310.8910217285156,-0.01751635794156662,-0.017363838371308726,0.019555092828445694,-0.027703305057929777,0.01436024034100217,319.0564880371094,308.36268737792966,286.20477256774905,318.3650385494351,315.8618952249466,46.27526685087052,2.5031433244885193,4.577467747679388,-2.074324423190869,331.421635533324,306.69134054089477,0.16981929204267562,0.21139113985101216
2020-09-11,311.04931640625,0.000509034939355022,0.0005091645196257932,-0.01751635794156662,0.019555092828445694,-0.03502025530138508,318.92752532958986,308.8010589599609,286.3230448150635,317.2395428350989,315.50540790504317,45.31948737107859,1.7341349300557454,4.00880118415466,-2.274666254098914,331.5814619054882,306.2735887536915,0.18870521532622125,0.21136506844251865
2020-09-14,315.1462707519531,0.013085409379998695,0.013171398005428214,0.000509034939355022,-0.01751635794156662,-0.008198131637835148,319.00295104980466,309.28952453613283,286.4585462188721,316.9175009761534,315.4788051529624,46.211337005831716,1.438695823190983,3.4947801119619246,-2.0560842887709416,331.54158587964037,306.46431621996896,0.346208125916764,0.2167398419304801
2020-09-15,316.7383728027344,0.005039228081102764,0.0050519463453666535,0.013085409379998695,0.000509034939355022,-0.027703305057929777,319.1081604003906,309.7200732421875,286.5955881500244,316.88994279562735,315.5721064603529,46.67328759409703,1.3178363352744213,3.059391356624424,-1.7415550213500026,331.5271890998674,306.6891317009138,0.40459046133953863,0.21717578147648975
2020-09-16,315.4814758300781,-0.003976144157152195,-0.003968249762522635,0.005039228081102764,0.013085409379998695,0.019555092828445694,319.11653900146484,310.18637817382813,286.7317111968994,316.67325557015823,315.56539308033257,42.360693415347,1.1078624898256635,2.669085583264672,-1.5612230934390086,331.52501110386805,306.70806689906163,0.3535249488660776,0.21758335392846
2020-09-17,312.7066955566406,-0.00883429025316694,-0.008795382569251164,-0.003976144157152195,0.005039228081102764,-0.01751635794156662,319.051823425293,310.55249389648435,286.86620323181154,316.06301556807864,315.35363770820726,39.50241558402927,0.7093778598713811,2.2771440385860138,-1.5677661787146326,331.58550032213884,306.5181465284471,0.24687683746462596,0.21939827450848962
2020-09-18,309.106689453125,-0.011579185696363885,-0.011512404929825193,-0.00883429025316694,-0.003976144157152195,0.000509034939355022,318.7582275390625,310.88012939453125,286.9922792816162,314.99281155039347,314.8909008004234,34.775402756055016,0.10191074997004534,1.8420973808628203,-1.740186630892775,331.95138882074076,305.5650662573842,0.1342219321103555,0.22262570837431042
2020-09-21,305.6664733886719,-0.011191939343793148,-0.011129542587834607,-0.011579185696363885,-0.00883429025316694,0.013085409379998695,318.236750793457,311.07918212890627,287.09239585876463,313.55799029474395,314.20760988103444,33.44815400449343,-0.6496195862904983,1.3437539874321567,-1.993373573722655,332.6417974413527,303.83170414556133,0.06368494625383837,0.22482335293732975
2020-09-22,308.77947998046875,0.01013281383029165,0.010184324624436414,-0.011191939343793148,-0.011579185696363885,0.005039228081102764,317.71077117919924,311.39170837402344,287.20550941467286,312.8228348617785,313.80552618469625,33.50396801669267,-0.9826913229177308,0.8784649253621791,-1.8611562482799098,332.70851736521644,302.71302499318205,0.2022455545001363,0.22485853334107672
2020-09-23,301.6185607910156,-0.02346418977771973,-0.023191046211704425,0.01013281383029165,-0.011191939343793148,-0.003976144157152195,316.77087860107423,311.48503662109374,287.2697499847412,311.09910038935345,312.90278800738656,24.48553953652622,-1.8036876180331092,0.34203441668312146,-2.1457220347162305,333.3295439139363,300.2122132882122,0.042465605658176225,0.2366898306594959
2020-09-24,302.42242431640625,0.002661620717044837,0.0026651659741443456,-0.02346418977771973,0.01013281383029165,-0.00883429025316694,315.71056060791017,311.5398773193359,287.34254936218264,309.76422714736157,312.12646477101765,31.184247798104096,-2.3622376236560854,-0.1988199913847199,-2.1634176322713654,333.11450100857843,298.3066202072419,0.11824345563164274,0.23275349973273868
2020-09-25,307.311767578125,0.016037965814782004,0.016167264291894412,0.002661620717044837,-0.02346418977771973,-0.011579185696363885,314.85933074951174,311.71224609375,287.4414002227783,309.3869256751713,311.7698205345071,39.044601874442726,-2.3828948593358064,-0.6356349649749372,-1.747259894360869,332.15188956216355,297.56677193685994,0.2817684689363411,0.2421578933064738
2020-09-28,312.416015625,0.016472921200380988,0.01660934785251067,0.016037965814782004,0.002661620717044837,-0.011191939343793148,314.15856170654297,311.96937866210936,287.56169120788576,309.8529395136065,311.8176868375066,52.175089825221434,-1.9647473239000988,-0.9014574367599696,-1.063289887140129,330.5911374553535,297.72598595773246,0.446978912247853,0.2496807179188848
2020-09-29,310.714599609375,-0.005460878352673537,-0.0054459948611189635,0.016472921200380988,0.016037965814782004,0.01013281383029165,313.43184661865234,312.14406433105466,287.66104835510254,309.98550260526315,311.7359766724598,43.72580868472861,-1.7504740671966488,-1.0712607628473054,-0.6792133043493433,329.06543587569956,297.7982573616051,0.4130958679865381,0.24990490621999656
2020-09-30,313.07037353515625,0.00755319613997226,0.007581793481036492,-0.005460878352673537,0.016472921200380988,-0.02346418977771973,312.6697525024414,312.353017578125,287.7713129425049,310.460098132939,311.8348208845114,52.59151574621704,-1.374722751572392,-1.1319531605923228,-0.24276959098006934,326.6474160509315,298.69208895395127,0.5143307581887726,0.24885929092831954
2020-10-01,315.08026123046875,0.006399403083289963,0.006419923011612649,0.00755319613997226,-0.005460878352673537,0.002661620717044837,311.77071990966795,312.5677172851563,287.8816304779053,311.17089245563585,312.0752238731008,54.5911146085912,-0.9043314174649595,-1.0864288119668501,0.18209739450189066,322.0497486589312,301.4916911604047,0.660985118415882,0.24330036915740932
2020-10-02,312.0887451171875,-0.00953981708488371,-0.00949445738555188,0.006399403083289963,0.00755319613997226,0.016037965814782004,311.2952117919922,312.7952130126953,287.9766695404053,311.31210055741303,312.0762254467369,46.42762144033295,-0.7641248893238526,-1.0219680274382508,0.2578431381143982,320.48173810453085,302.1086854794535,0.5431900643506687,0.21349695260105098
2020-10-05,317.6230773925781,0.017577801706252765,0.01773320045012361,-0.00953981708488371,0.006399403083289963,0.016472921200380988,311.2277069091797,313.1721301269531,288.09928871154784,312.2830200705153,312.48710336865105,50.946487385827304,-0.20408329813574255,-0.8583910815777492,0.6543077834420067,320.1938759219189,302.2615378964405,0.8566389655555141,0.22220078485761252
2020-10-06,313.1076965332031,-0.014318178809058401,-0.014216161169530062,0.017577801706252765,-0.00953981708488371,-0.005460878352673537,311.3701995849609,313.41516357421875,288.19332389831544,312.40989337246725,312.53307323269195,47.62596857820594,-0.1231798602246954,-0.7113488373071385,0.5881689770824431,320.36201491480915,302.3783842551127,0.5966154710981779,0.2046207311597565
2020-10-07,318.5578918457031,0.017257012792278655,0.01740677528162271,-0.014318178809058401,0.017577801706252765,0.00755319613997226,311.47886047363284,313.80537658691406,288.3081586456299,313.35573929142663,312.979356092915,55.55457055879446,0.3763831985116326,-0.49380243014338426,0.8701856286550169,320.7732543784576,302.1844665688081,0.8808226466706746,0.20192073948791844
2020-10-08,321.3811340332031,0.00882352971201486,0.008862571795482221,0.017257012792278655,-0.014318178809058401,0.006399403083289963,312.0033660888672,314.1784973144531,288.43485160827635,314.5904154055461,313.60171001441785,61.82660850920438,0.9887053911282351,-0.19730086588906043,1.1860062570172956,322.2891733286439,301.7175588490905,0.9558595998217193,0.1924471553143202
2020-10-09,324.2510986328125,0.008890459174557653,0.008930096684869104,0.00882352971201486,0.017257012792278655,-0.00953981708488371,312.6634552001953,314.6306182861328,288.57584861755373,316.0766743635871,314.3905536157804,68.10552072091357,1.686120747806683,0.17938345685008827,1.5067372909565948,324.29754380764973,301.02936659274087,0.9980039186392533,0.1940755187104678
2020-10-12,329.46746826171875,0.01595940703298133,0.016087438565052903,0.008890459174557653,0.00882352971201486,0.017577801706252765,313.37951507568357,315.13939453125,288.73504768371583,318.1367965017612,315.50736210807213,69.36118463818018,2.6294343936890527,0.6693936442178812,1.9600407494711716,327.21218221737604,299.5468479339911,1.0815202889378126,0.19649051548077592
2020-10-13,327.3173828125,-0.006547328631076518,-0.006525941576455696,0.01595940703298133,0.008890459174557653,-0.014318178809058401,313.90846557617186,315.5628936767578,288.8838649749756,319.54919439572103,316.3821784565483,76.53980534301344,3.1670159391727566,1.1689181032088563,1.9980978359639003,329.0308727249947,298.786058427349,0.9433459932789837,0.19858044021153598
2020-10-14,325.2607421875,-0.0063031454942767485,-0.006283322343983544,-0.006547328631076518,0.01595940703298133,0.017257012792278655,314.39742889404295,315.9216101074219,289.0306017303467,320.4278940559947,317.03984984402615,72.99079466235422,3.3880442119685767,1.6127433249608005,1.7753008870077762,330.3439336148893,298.4509241731966,0.8406173792823639,0.19962277696974853
2020-10-15,324.8587951660156,-0.0012365328208279937,-0.0012357686291346592,-0.0063031454942767485,-0.006547328631076518,0.00882352971201486,315.0050338745117,316.2341119384766,289.171734085083,321.1095711498441,317.61903097898835,69.4185915348354,3.490540170855752,1.988302694139791,1.502237476715961,331.5934270245062,298.4166407245172,0.797007709016928,0.19618488501816483
2020-10-16,324.6625061035156,-0.0006044114891749539,-0.0006042288693451914,-0.0012365328208279937,-0.0063031454942767485,0.008890459174557653,315.78282470703124,316.50134765625,289.29801429748534,321.65617652733204,318.1407698771015,65.20432806154886,3.5154066502305454,2.2937234853579422,1.2216831648726032,332.6629430093534,298.9027064047091,0.7630218946766157,0.1899479956206645
2020-10-19,319.7265014648437,-0.015320252594363001,-0.015203494539336004,-0.0006044114891749539,-0.0012365328208279937,0.01595940703298133,316.48582611083987,316.66539123535154,289.41095008850095,321.3593034407954,318.2582314761935,60.35669143651555,3.1010719646018856,2.455193181206731,0.6458787833951547,332.7519366602409,300.2197155614388,0.5996143283350289,0.19439506873832463
2020-10-20,321.0072631835937,0.003997802192486248,0.004005804063416996,-0.015320252594363001,-0.0006044114891749539,-0.006547328631076518,317.0972152709961,316.83642944335935,289.52462181091306,321.3051434012259,318.4618634545194,59.35234517042178,2.8432799467065024,2.532810534306685,0.3104694123998173,333.06009894626965,301.1343315957226,0.6224731067436842,0.19230343256689697
2020-10-21,320.39959716796875,-0.0018947916992881077,-0.0018929977147508215,0.003997802192486248,-0.015320252594363001,-0.0063031454942767485,318.03626708984376,317.0468988037109,289.639448928833,321.1658285961094,318.60539928514527,56.48218944963272,2.560429310964139,2.538334289638176,0.02209502132596297,332.2825628422375,303.78997133745,0.5829454238210621,0.1682450693512958
2020-10-22,322.15704345703125,0.005470181335835586,0.005485170095707481,-0.0018947916992881077,0.003997802192486248,-0.0012365328208279937,319.022998046875,317.20610961914065,289.7551371002197,321.3183231900974,318.8684840386183,62.64978382664415,2.4498391514790683,2.520635262006355,-0.07079611052728652,331.31558400016746,306.7304120935825,0.6274770590201499,0.16846088937862042
2020-10-23,323.2508544921875,0.003389521838365004,0.0033952727633042024,0.005470181335835586,-0.0018947916992881077,-0.0006044114891749539,319.8199523925781,317.39855529785154,289.86615699768066,321.61563569811125,319.193104072216,57.95877393855537,2.4225316258952603,2.501014534784136,-0.07848290888887588,330.92500630308894,308.71489848206727,0.6544748061223764,0.1614754712608523
2020-10-26,317.2772216796875,-0.01865275303874923,-0.01847986704283988,0.003389521838365004,0.005470181335835586,-0.015320252594363001,320.0630126953125,317.4713446044922,289.9516399383545,320.9481873875845,319.05118685795463,55.66295262545769,1.8970005296298496,2.3802117337532787,-0.4832112041234291,330.68816844443813,309.4378569461869,0.36890587388075335,0.16919633591076455
2020-10-27,316.18341064453125,-0.0034534494061205273,-0.003447493108284072,-0.01865275303874923,0.003389521838365004,0.003997802192486248,320.3364532470703,317.5023291015625,290.02133171081545,320.2151448117301,318.8387589902937,46.34218807735812,1.376385821436429,2.179446551289909,-0.8030607298534798,330.20302925352314,310.4698772406175,0.2895398261857532,0.16836352257794165
2020-10-28,305.3765563964844,-0.034776832406436614,-0.034179067858169376,-0.0034534494061205273,-0.01865275303874923,-0.0018947916992881077,319.9517623901367,317.3035821533203,290.03929313659665,317.93228505553844,317.84155879815967,30.2125748954859,0.09072625737877615,1.7617024925076823,-1.6709762351289061,331.4724726955859,308.4310520846875,-0.1325654237984954,0.20837882358034
2020-10-29,308.48028564453125,0.01011231115817611,0.01016361335877125,-0.034776832406436614,-0.0034534494061205273,0.005470181335835586,319.6217636108398,317.1931677246094,290.06936363220217,316.4781312999989,317.14813115715015,30.613652051258967,-0.6699998571512538,1.2753620225758953,-1.945361879727149,332.07071122659795,307.1728159950817,0.05251326014877502,0.21059022409983838
2020-10-30,305.2643737792969,-0.010479736965736312,-0.010425015843444019,0.01011231115817611,-0.034776832406436614,0.003389521838365004,319.2805450439453,316.99888305664064,290.070774307251,314.75293783527553,316.2678528328647,18.70930782165709,-1.5149149975891874,0.7173066185428787,-2.2322216161320663,332.91638854133964,305.644701546551,-0.013945883411129165,0.21111806175268352
2020-11-02,308.6859436035156,0.01114619587696735,0.011208546159050092,-0.010479736965736312,0.01011231115817611,-0.01865275303874923,318.8336883544922,316.85068176269533,290.084546585083,313.81955410731246,315.706229926987,26.679261975028908,-1.886675819674565,0.19651013089939,-2.083185950573955,333.26101509453554,304.4063616144489,0.14831514064170592,0.20470600566121638
2020-11-03,314.1361083984375,0.01750196191875021,0.01765601870722766,0.01114619587696735,-0.010479736965736312,-0.0034534494061205273,318.8851089477539,316.74742248535154,290.1285651397705,313.86825476748555,315.58992462857594,37.165740005295206,-1.7216698610903904,-0.18712586749856608,-1.5345439935918244,333.2336224497948,304.53659544571303,0.33451245494381954,0.20923978641464677
2020-11-04,321.1567687988281,0.022103022007485488,0.022349103502249834,0.01750196191875021,0.01114619587696735,-0.034776832406436614,319.01505279541016,316.7622296142578,290.2075023651123,314.9895646184613,316.00228345600203,46.294884528971295,-1.0127188375407172,-0.3522444615069963,-0.660474376033721,333.3981195794185,304.6319860114018,0.5744526892484157,0.2151149488896501
2020-11-05,327.4201965332031,0.019314970440573422,0.019502711270265705,0.022103022007485488,0.01750196191875021,0.01011231115817611,319.31700592041017,316.83805786132814,290.31600593566895,316.9019695284216,316.84805479505394,52.46110504062987,0.05391473336766239,-0.2710126225320646,0.324927355899727,334.1555722086022,304.4784396322181,0.7730449308718308,0.2236154019276137
2020-11-06,327.345458984375,-0.0002282879333175245,-0.00022826187761004757,0.019314970440573422,0.022103022007485488,-0.010479736965736312,319.47172393798826,316.89823974609374,290.43772972106933,318.5086602139529,317.6256402905592,57.44559654719108,0.8830199233937037,-0.04020611334691093,0.9232260367406147,334.5888214001302,304.3546264758463,0.7604248291084018,0.22164437398824313
2020-11-09,331.458740234375,0.012487275290903477,0.012565566856378219,-0.0002282879333175245,0.019314970440573422,0.01114619587696735,319.57128753662107,316.99878662109376,290.60430458068845,320.50098021709476,318.6503143604715,59.677884256716034,1.8506658566232659,0.3379682806471244,1.5126975759761414,334.98882311947375,304.1537519537684,0.8855172778383306,0.21875091362224872
2020-11-10,330.97265625,-0.0014675755835179764,-0.0014664992210834393,0.012487275290903477,-0.0002282879333175245,0.01750196191875021,319.7540512084961,317.11326171875,290.75282722473145,322.1120072990802,319.5630804263625,59.81256160146824,2.5489268727176864,0.7801599990612369,1.7687668736564495,335.6378269872472,303.870275429745,0.8531466698400472,0.21738045001910636
2020-11-11,333.43133544921875,0.007401191002194239,0.0074286475114777595,-0.0014675755835179764,0.012487275290903477,0.022103022007485488,320.162580871582,317.21564331054685,290.91488761901854,323.8534423991015,320.5903585762037,60.328916246076005,3.2630838228977836,1.2767447638285463,1.9863390590692374,337.0323895352187,303.2927722079453,0.8932692670734869,0.21708855516274816
2020-11-12,330.19677734375,-0.00974818172190964,-0.009700822213098093,0.007401191002194239,-0.0014675755835179764,0.019314970440573422,320.4294799804687,317.15836059570313,291.05588996887207,324.82934008289357,321.3019451515775,56.12330549376757,3.527394931316053,1.7268747973260479,1.800520133990005,337.7743447027217,303.08461525821576,0.7815616471989577,0.22045307132675587
2020-11-13,334.7681579589844,0.013749454714534365,0.0138444131769202,-0.00974818172190964,0.007401191002194239,-0.0002282879333175245,320.9347625732422,317.42174560546874,291.24716804504396,326.3583889869075,322.29944239657067,65.81034417124538,4.058946590336859,2.19328915592821,1.8656574344086492,339.3543376534884,302.515187492996,0.8755079942255992,0.22506702374968554
2020-11-16,338.9468994140625,0.012405229771814798,0.012482493796766914,0.013749454714534365,-0.00974818172190964,0.012487275290903477,321.8957824707031,317.82122009277344,291.4483261871338,328.2950828987775,323.5325873608293,69.4893616576542,4.762495537948155,2.7071304323321987,2.055365105615956,341.980285729369,301.8112792120373,0.924484407798394,0.21896643822701822
2020-11-17,337.1239318847656,-0.005392843066071166,-0.005378327792489701,0.012405229771814798,0.013749454714534365,-0.0014675755835179764,322.70161590576174,318.35854187011716,291.6176056671143,329.65336735816027,324.5393536218616,82.12263626594864,5.114013736298659,3.188507093125491,1.9255066431731684,343.8984838745131,301.5047479370104,0.8401992218913052,0.22088155741714782
2020-11-18,333.06671142578125,-0.012107808620554227,-0.012034804044618208,-0.005392843066071166,0.012405229771814798,0.007401191002194239,323.33497161865233,318.6921826171875,291.7490882110596,330.17849721471737,325.1710097554853,74.40612079704138,5.007487459232095,3.552303166346812,1.4551842928852832,344.9941613842784,301.67578185302625,0.7246561370124182,0.22645043633469886
2020-11-19,334.46893310546875,0.0042011951080474005,0.004210032499750271,-0.012107808620554227,-0.005392843066071166,-0.00974818172190964,323.95056610107423,319.1637408447266,291.8824210357666,330.83856427483295,325.85974481844704,80.07325873797117,4.9788194563859065,3.8376064243546315,1.141213032031275,346.16161519353386,301.7395170086146,0.7367823095750432,0.2262326565802281
2020-11-20,332.1786499023437,-0.006871073329194485,-0.0068475214778852544,0.0042011951080474005,-0.012107808620554227,0.013749454714534365,324.396955871582,319.5863275146484,292.0125045013428,331.04473129444995,326.32781186169865,74.7685815278348,4.716919432751297,4.013469026033965,0.7034504067173319,346.9056551192397,301.8882566239243,0.6728597007126358,0.2282445848631163
2020-11-23,334.1697998046875,0.0059763201358336545,0.0059942139656752325,-0.006871073329194485,0.0042011951080474005,0.012405229771814798,325.24158477783203,319.9667980957031,292.1411159515381,331.5255110652557,326.9086998574756,72.78347810514356,4.616811207780131,4.134137462383198,0.48267374539693275,347.8927017594421,302.59046779622196,0.6970811204168007,0.21601502493513547
2020-11-24,339.5545349121094,0.015985320681219307,0.016113769438677927,0.0059763201358336545,-0.006871073329194485,-0.005392843066071166,326.41014099121094,320.4231213378906,292.29397804260253,332.76074550323324,327.845428380041,71.73162938375772,4.91531712319221,4.290373394545001,0.6249437286472093,349.50079427405217,303.3194877083697,0.7846258561828152,0.2197850566372574
2020-11-25,339.03106689453125,-0.0015428211857681532,-0.0015416316489886839,0.015985320681219307,0.0059763201358336545,-0.012107808620554227,328.0928665161133,320.8941131591797,292.43426948547364,333.72541033266367,328.6739941959292,65.86639309737978,5.051416136734474,4.442581942982896,0.6088341937515782,349.5789284059952,306.6068046262314,0.7545417683909982,0.16858350038764103
2020-11-27,339.97528076171875,0.0027811653869267553,0.0027850364152062212,-0.0015428211857681532,0.015985320681219307,0.0042011951080474005,329.66761627197263,321.4394848632812,292.5809410858154,334.68692886021057,329.5111265341358,66.85820102716508,5.175802326074745,4.589226019601266,0.5865763064734786,349.6664755435644,309.6687570003809,0.7577063108891436,0.1677725061198183
2020-11-30,338.4701232910156,-0.004437084933107494,-0.004427255614969372,0.0027811653869267553,-0.0015428211857681532,-0.006871073329194485,331.3279037475586,322.02675354003907,292.7175984954834,335.2689587726421,330.17475592353435,60.05912470566804,5.0942028491077735,4.690221385502568,0.4039814636052057,348.03981606634045,314.61599142877674,0.7136864832467489,0.16170581335089815
2020-12-01,342.1720886230469,0.010877967224702544,0.010937347426816402,-0.004437084933107494,0.0027811653869267553,0.0059763201358336545,333.00221099853513,322.7568658447266,292.87677436828614,336.3309787496275,331.0634472346094,64.71025861592096,5.267531515018106,4.805683411405676,0.46184810361243045,346.5784282412488,319.4259937558215,0.8377184329247975,0.16157693093352374
2020-12-02,342.89190673828125,0.0021014631771930753,0.0021036727984771186,0.010877967224702544,-0.004437084933107494,0.015985320681219307,334.4400009155273,323.4391143798828,293.03213081359866,337.34035228634343,331.9396294200666,63.021088851403526,5.400722866276851,4.9246913023799115,0.4760315638969397,345.45216081696697,323.4278410140877,0.8837533189855421,0.1550783438365037
2020-12-03,342.79840087890625,-0.00027273496187966474,-0.000272697773080921,0.0021014631771930753,0.010877967224702544,-0.0015428211857681532,335.52208251953124,324.2627111816406,293.19342475891114,338.1800520698146,332.74398286146214,68.98588093788672,5.436069208352478,5.026966883574425,0.4091023247780532,345.2122511083407,325.8319139307218,0.8754484915658721,0.14084752797838132
2020-12-04,345.7525939941406,0.008580951198433424,0.008617873092931827,-0.00027273496187966474,0.0021014631771930753,0.0027811653869267553,336.43870239257814,325.12931457519534,293.3854796600342,339.34505851971096,333.70758368610495,67.3971506292086,5.6374748336060065,5.1490684735807415,0.48840636002526505,346.3672997201408,326.51010506501547,0.9690436772829076,0.12930034440356397
2020-12-07,345.0420227050781,-0.002057258474511829,-0.00205514376871041,0.008580951198433424,-0.00027273496187966474,-0.004437084933107494,337.32353057861326,325.88391967773435,293.6249471282959,340.221514548229,334.5471717615844,60.844847414666525,5.674342786644559,5.254123336193505,0.4202194504510537,346.9907577931582,327.6563033640683,0.8992092021408125,0.1300152236151175
2020-12-08,346.0517578125,0.0029221383678701422,0.0029264119758680707,-0.002057258474511829,0.008580951198433424,0.010877967224702544,338.05318145751954,326.5566345214844,293.9144847869873,341.11847505042454,335.3993633209115,66.35837710709569,5.719111729513031,5.34712101485741,0.37199071465562117,348.05371793098703,328.05264498405205,0.8999073637800107,0.12472500416034492
2020-12-09,342.94805908203125,-0.009009348472517083,-0.00896888589755529,0.0029221383678701422,-0.002057258474511829,0.0021014631771930753,338.6519515991211,327.2013037109375,294.1938031768799,341.3999495168256,335.95852596988334,68.76106686938537,5.4414235469422465,5.365981521274377,0.0754420256678694,348.2951269054043,329.0087762928379,0.722753779043659,0.1303746901002354
2020-12-10,342.8358764648437,-0.0003271660719166324,-0.00032711255893336233,-0.009009348472517083,0.0029221383678701422,-0.00027273496187966474,339.12217864990237,327.79661376953123,294.53702766418456,341.62086135498225,336.4679593398804,66.70403478159128,5.1529020151018585,5.3233656200398745,-0.17046360493801593,348.6093951698004,329.63496213000434,0.695721147881067,0.12883001672960542
2020-12-11,342.433837890625,-0.0011733733796311467,-0.0011726852462592419,-0.0003271660719166324,-0.009009348472517083,0.008580951198433424,339.7340316772461,328.3436853027344,294.88400260925295,341.74593466815804,336.9098762695652,72.14328074961459,4.836058398592854,5.225904175750471,-0.3898457771576167,348.334540634801,331.1335227196912,0.6569561886803996,0.12243356984249612
2020-12-14,340.90069580078125,-0.004487244787972727,-0.004477192146920439,-0.0011733733796311467,-0.0003271660719166324,-0.002057258474511829,340.04065856933596,328.91992431640625,295.16418952941893,341.6158979193308,337.20549253113677,64.82679064564616,4.410405388194022,5.062804418239181,-0.6523990300451592,348.3272664771532,331.7540506615187,0.5518932017185201,0.1157985302775621
2020-12-15,345.509521484375,0.01342898118165124,0.01351955493305046,-0.004487244787972727,-0.0011733733796311467,0.0029221383678701422,340.36878967285156,329.4776531982422,295.5082025909424,342.21491692933756,337.82060578693216,63.58189590969393,4.3943111424053996,4.929105763072425,-0.5347946206670251,348.98616670090087,331.75141264480226,0.7982770624280746,0.11719529684908522
2020-12-16,346.0517578125,0.001568151530386636,0.0015693817229565088,0.01342898118165124,-0.004487244787972727,-0.009009348472517083,340.81518096923827,330.13653442382815,295.79677268981936,342.8052001421318,338.43032075178905,65.9988149747139,4.374879390342755,4.818260488526491,-0.4433810981837354,349.6470950912514,331.98326684722514,0.7964576404909672,0.11477125669991207
2020-12-17,347.98681640625,0.005576242242909702,0.005591818420406458,0.001568151530386636,0.01342898118165124,-0.0003271660719166324,341.5611862182617,330.72511291503906,296.1429421234131,343.60237187507306,339.13820931878615,67.46792824443735,4.464162556286908,4.747440902078575,-0.28327834579166655,350.1546470917217,332.9677253448017,0.8738674256278506,0.10401946258770971
2020-12-18,346.59735107421875,-0.004000860516266933,-0.003992867736716588,0.005576242242909702,0.001568151530386636,-0.0011733733796311467,342.16760711669923,331.22943725585935,296.50520484924317,344.06313790571085,339.69073833770705,67.81002850267973,4.3723995680038,4.67243263526362,-0.30003306725981993,350.3559676953913,333.97924653800715,0.7704902840409037,0.10597338399737553
2020-12-21,345.3581237792969,-0.0035818160700676832,-0.003575409018796938,-0.004000860516266933,0.005576242242909702,-0.004487244787972727,342.8265808105469,331.6515777587891,296.9683173370361,344.26236650164714,340.1105446667137,57.82667366369293,4.1518218349334575,4.568310475197588,-0.4164886402641308,349.6352306705587,336.01793095053506,0.6859063853186299,0.10301345409100891
2020-12-22,344.7760009765625,-0.0016869849494733,-0.001685562790196271,-0.0035818160700676832,-0.004000860516266933,0.01342898118165124,343.3568908691406,331.95774841308594,297.3631301116943,344.34138719009565,340.45613402299875,54.659907795144605,3.8852531670968915,4.4316990135774486,-0.546445846480557,348.8520551124112,337.86172662587,0.6291235388605293,0.1026271409972825
2020-12-23,345.0858764648437,0.0008983697150258421,0.0008987733699663547,-0.0016869849494733,-0.0035818160700676832,0.001568151530386636,343.6334579467773,332.3131182861328,297.8242821502686,344.45592400159535,340.79907790757983,55.59767477984477,3.6568460940155205,4.276728429665063,-0.6198823356495424,348.8737198161879,338.3931960773667,0.6385826275729387,0.08733942971612405
2020-12-24,346.4284362792969,0.0038829608485835263,0.0038905093080212616,0.0008983697150258421,-0.0016869849494733,0.005576242242909702,344.00332641601557,332.73647216796877,298.4131098175049,344.759387428934,341.2160674165959,51.79547216069581,3.5433200123381425,4.130046746199679,-0.5867267338615365,348.9094017684034,339.0972510636277,0.7471537521433471,0.08752584512202077
2020-12-28,349.40447998046875,0.008553955347817738,0.008590644963026417,0.0038829608485835263,0.0008983697150258421,-0.004000860516266933,344.4747863769531,333.2273858642578,298.9190797424316,345.47401705224706,341.8226164954013,60.34433601127718,3.651400556845772,4.034317508328898,-0.3829169514831259,349.5600033648,339.38956938910616,0.9847082843561094,0.0913306592077567
2020-12-29,348.7379150390625,-0.001909539224963222,-0.0019077172148551647,0.008553955347817738,0.0038829608485835263,-0.0035818160700676832,344.98817596435543,333.7088940429687,299.55751731872556,345.9761552040648,342.3348608319688,56.4748391956546,3.641294372096013,3.955712881082321,-0.3144185089863081,349.5691253249154,340.4072266037955,0.909275324782102,0.08962467734747068
2020-12-30,349.2354736328125,0.0014257239204451965,0.0014267407479748861,-0.001909539224963222,0.008553955347817738,-0.0016869849494733,345.3413452148437,334.2990734863281,300.1387680053711,346.47758880848755,342.846017335735,67.33320994093992,3.6315714727525688,3.8908845994163705,-0.2593131266638018,350.0940470534072,340.58864337628023,0.9096752279273818,0.08249555976443872
2020-12-31,351.0098571777344,0.005067901961113918,0.005080765497457618,0.0014257239204451965,-0.001909539224963222,0.0008983697150258421,345.74724273681636,334.8991253662109,300.78787422180176,347.17486086529476,343.45074621292014,70.64230082139184,3.724114652374624,3.8575306100080216,-0.13341595763339775,350.98136264365326,340.51312282997947,1.0027219985965452,0.08367415947256593
2021-01-04,346.23126220703125,-0.013707366531370694,-0.013613848366325176,0.005067901961113918,0.0014257239204451965,0.0038829608485835263,345.9188858032226,335.4157586669922,301.4107373046875,347.0296918409465,343.6567103606321,57.85381752816251,3.3729814803144222,3.7606207840693022,-0.38763930375488,350.9677091762185,340.87006243022677,0.5309355646584316,0.09894272499647351
2021-01-05,348.6158447265625,0.00686364484251914,0.006887253635997181,-0.013707366531370694,0.005067901961113918,0.008553955347817738,346.0620483398437,335.9449346923828,302.0932843017578,347.2737153618105,344.0240536469973,65.4135897610988,3.2496617148132145,3.6584289702180848,-0.40876725540487024,351.25143948405514,340.8726571956323,0.7460593464386901,0.09725545147433971
2021-01-06,350.7000732421875,0.005960781481673124,0.005978582290944834,0.00686364484251914,-0.013707366531370694,-0.001909539224963222,346.34495086669915,336.4939190673828,302.8133686065674,347.800847343407,344.5185736170114,61.533276735172144,3.2822737263956014,3.5831979214535883,-0.30092419505798684,351.9039474257412,340.7859543076571,0.8917183910110972,0.09870868202403796
2021-01-07,355.9105834960937,0.014748163356969414,0.014857454136623094,0.005960781481673124,0.00686364484251914,0.0014257239204451965,346.8378921508789,337.26658630371094,303.4658744812012,349.0484990592049,345.3624262006471,68.14233342168981,3.686072858557793,3.6037729088744297,0.0822999496833634,353.84679094976485,339.8289933519929,1.14722659047787,0.1103047278192465
2021-01-08,357.9384460449219,0.005681503846807744,0.00569767419925693,0.014748163356969414,0.005960781481673124,0.005067901961113918,347.5874114990234,338.10168701171875,304.11164741516114,350.41618321085366,346.29398322614895,68.25077543198641,4.122199984704707,3.707458324040485,0.41474166066422224,355.9249999002977,339.24982309774913,1.1207451152371872,0.10405883058032439
2021-01-11,355.525634765625,-0.006763677506667397,-0.0067408553229123536,0.005681503846807744,0.014748163356969414,-0.013707366531370694,348.2218994140625,339.10466857910154,304.67856300354003,351.2022526808185,346.9778092661101,65.78164344604522,4.224443414708389,3.810855342174066,0.4135880725343233,356.9588127774975,339.48498605062747,0.9179814453768936,0.10849573511417185
2021-01-12,355.60076904296875,0.0002113106115056014,0.00021133293916553164,-0.006763677506667397,0.005681503846807744,0.00686364484251914,348.8802459716797,340.0470782470703,305.28191619873047,351.8789475057647,347.61654702735893,68.88196039205141,4.262400478405766,3.9011643694204063,0.36123610898535974,357.7638502523468,339.9966416910126,0.8782543019118128,0.10810011521241607
2021-01-13,356.558349609375,0.0026892336794575194,0.002692852911942323,0.0002113106115056014,-0.006763677506667397,0.005960781481673124,349.6631286621094,341.07295776367187,305.8519097900391,352.59885552170476,348.278902774175,71.42378343824635,4.319952747529783,3.984922045042282,0.3350307024875008,358.34322649354164,340.98303083067714,0.8971856700909946,0.10545717086318378
2021-01-14,355.3097229003906,-0.0035080320011505396,-0.0035018860457265433,0.0026892336794575194,0.0002113106115056014,0.014748163356969414,350.1531387329102,342.00543334960935,306.433737487793,353.0159120415026,348.7997042650058,67.97628310036762,4.216207776496788,4.031179191333184,0.18502858516360376,358.9516295573342,341.3546479084862,0.7930379919909748,0.0985450697944027
2021-01-15,352.71856689453125,-0.0073193899489551045,-0.007292668449114692,-0.0035080320011505396,0.0026892336794575194,0.005681503846807744,350.4864791870117,342.77708251953123,307.0563776397705,352.9701666342762,349.08999038571136,60.5945685327719,3.880176248564851,4.000978602779518,-0.12080235421466679,359.1345896928032,341.8383686812202,0.6290506004765293,0.10327819047543878
2021-01-19,355.4881286621094,0.007821377300416585,0.007852044172107053,-0.0073193899489551045,-0.0035080320011505396,-0.006763677506667397,350.8615447998047,343.46370971679687,307.6665374755859,353.357545407789,349.5639265543335,60.318559628478226,3.7936188534555413,3.9595066529147225,-0.1658877994591812,359.70172010109144,342.0213694985179,0.761679418372578,0.10490552244371679
2021-01-20,360.40765380859375,0.0137439071612651,0.013838788836632032,0.007821377300416585,-0.0073193899489551045,0.0002113106115056014,351.55205993652345,344.1234588623047,308.31816696166993,354.4421774694513,350.3671656102046,67.29766749235978,4.075011859246672,3.9826076941811124,0.0924041650655596,361.11751255404374,341.98660731900316,0.9628946598852103,0.11219383751189242
2021-01-21,360.7361755371094,0.0009111129787796559,0.0009115281682949838,0.0137439071612651,0.007821377300416585,0.0026892336794575194,352.3209625244141,344.79127319335936,308.8941704559326,355.4104848644756,351.13524041960494,67.13296568906023,4.27524444487068,4.041135044319026,0.2341094005516533,362.25520800894026,342.3867170398879,0.9235456545644576,0.11037250642765581
2021-01-22,359.45928955078125,-0.0035459465830092137,-0.003539667138808378,0.0009111129787796559,0.0137439071612651,-0.0035080320011505396,353.055126953125,345.3512841796875,309.46253814697263,356.033377893138,351.7518366515439,62.77677843788562,4.281541241594084,4.089216283774038,0.19232495782004655,362.8102678726234,343.2999860336266,0.8282455194909446,0.11142814963764494
2021-01-25,360.8769836425781,0.003936205838857527,0.003943962871480133,-0.0035459465830092137,0.0009111129787796559,-0.0073193899489551045,353.84468231201174,345.9493707275391,309.996741104126,356.7785480084365,352.4277734656946,74.65221094288565,4.350774542741874,4.141527935567605,0.20924660717426935,363.43884406346484,344.25052056055864,0.8664885746532934,0.11152069346436244
2021-01-26,360.3136596679688,-0.0015622057618185905,-0.0015609861535731406,0.003936205838857527,-0.0035459465830092137,0.007821377300416585,354.5389434814453,346.48701721191406,310.5087982940674,357.3224113406722,353.01191318438157,70.97628939545854,4.310498156290635,4.175321979712211,0.1351761765784234,363.87968283033393,345.19820413255667,0.809114512825507,0.11212822030442637
2021-01-27,351.5074462890625,-0.0247440336162779,-0.024440409467188395,-0.0015622057618185905,0.003936205838857527,0.0137439071612651,354.644091796875,346.9132305908203,310.9885981750488,356.42780133273226,352.9004711921357,51.16654173464439,3.5273301405965753,4.045723611889084,-0.5183934712925087,363.7867142634868,345.5014693302632,0.32846029575937874,0.14395540673437326
2021-01-28,354.53045654296875,0.008563361018324486,0.008600131478922579,-0.0247440336162779,-0.0015622057618185905,0.0009111129787796559,354.9337188720703,347.3084765625,311.44582870483396,356.1359021343071,353.02121084775297,47.87135097479934,3.114691286554148,3.859517146822097,-0.744825860267949,363.6453946872399,346.2220430569007,0.4768550656809708,0.14659915388843456
2021-01-29,347.43292236328125,-0.02022263916441161,-0.020019533015289137,0.008563361018324486,-0.0247440336162779,-0.0035459465830092137,354.8435913085938,347.4781970214844,311.89552169799805,354.79698216953386,352.6072635526069,35.98799407030161,2.189718616926939,3.5255574408430657,-1.3358388239161267,363.8362508130127,345.8509318041748,0.08796010559106829,0.16447065752100531
2021-02-01,353.21612548828125,0.0165085058885585,0.01664552422281096,-0.02022263916441161,0.008563361018324486,0.003936205838857527,354.9539047241211,347.8000408935547,312.3679194641113,354.5537734493411,352.652364436731,47.17373475725893,1.901409012610145,3.2007277551964814,-1.2993187425863364,363.80150791057775,346.1063015376645,0.4017937853214331,0.17411574359449644
2021-02-02,358.2106628417969,0.014041133937306756,0.014140173658864663,0.0165085058885585,-0.02022263916441161,-0.0015622057618185905,355.55287475585936,348.302919921875,312.83034057617186,355.1163718174113,353.06409024451364,52.850637285979715,2.052281572897641,2.9710385187367137,-0.9187569458390725,363.4891614278678,347.6165880838509,0.6674453176768183,0.17233081293386135
2021-02-03,358.4924011230469,0.0007862064777670958,0.0007865156190909328,0.014041133937306756,0.0165085058885585,-0.0247440336162779,356.0467025756836,348.78338928222655,313.31757858276364,355.6357609413552,353.46618734662724,52.14410844672157,2.1695735947279786,2.8107455339349667,-0.6411719392069881,363.37104095772827,348.7223641936389,0.6669569604647719,0.17126285927043242
2021-02-04,362.5669250488281,0.011301614573218363,0.011365719086421366,0.0007862064777670958,0.014041133937306756,0.008563361018324486,356.6400451660156,349.39115478515623,313.86482040405275,356.7020938809664,354.14031606530875,57.5710321518307,2.561777815657649,2.760951990279503,-0.19917417462185405,364.06268376296305,349.2174065690682,0.8992434634531408,0.17417508620042826
2021-02-05,363.9938659667969,0.003927937676423588,0.0039356621340365106,0.011301614573218363,0.0007862064777670958,-0.02022263916441161,357.0442092895508,349.9876361083984,314.39110687255857,357.8239049710942,354.8702086506042,62.055735781358806,2.953696320489996,2.7995008563216017,0.15419546416839447,365.1485748582304,348.9398437208712,0.9287600687772493,0.167501270335212
2021-02-08,366.6226196289063,0.007196018862391408,0.0072219724228792526,0.003927937676423588,0.011301614573218363,0.0165085058885585,357.47841796875,350.52899780273435,314.9306298828125,359.17755337998835,355.74075761195985,61.941137234956905,3.436795768028503,2.926959838662982,0.5098359293655212,366.645396036494,348.31143990100605,0.9987576926976717,0.16813303531528348
2021-02-09,366.3785705566406,-0.0006658900000468266,-0.0006656683445028788,0.007196018862391408,0.003927937676423588,0.014041133937306756,358.0210647583008,351.07594787597657,315.45090194702146,360.2854021763964,356.5287437560103,57.11722736059283,3.7566584203861453,3.0928995550076146,0.6637588653785307,367.95420022378084,348.0879292928207,0.920688201997451,0.1656783344208829
2021-02-10,366.2188720703125,-0.0004359788324815256,-0.0004358838075204652,-0.0006658900000468266,0.007196018862391408,0.0007862064777670958,358.55196990966795,351.60081970214844,315.95146392822267,361.19824369853734,357.24653103855115,56.56168621277807,3.9517126599861854,3.264662176003329,0.6870504839828562,369.0588910733505,348.0450487459854,0.864850085063235,0.16576120373778827
2021-02-11,366.81048583984375,0.0016141615382851222,0.0016154649982582647,-0.0004359788324815256,-0.0006658900000468266,0.011301614573218363,359.06457672119143,352.167626953125,316.4611027526855,362.06166556643063,357.9549721349432,58.94462061743888,4.106693431487429,3.4330684271001495,0.6736250043872793,370.1465807411477,347.98257270123514,0.8494814252324587,0.165700337451543
2021-02-12,368.6223449707031,0.004927337265192524,0.004939496554224654,0.0016141615382851222,-0.0004359788324815256,0.003927937676423588,359.730207824707,352.69663208007813,316.94512939453125,363.0710008593956,358.745147900555,59.334684864275566,4.325852958840585,3.611625333448237,0.7142276253923479,371.44382629205643,348.0165893573576,0.8795640591667763,0.16507893839989865
2021-02-16,368.30316162109375,-0.0008662568108007905,-0.0008658817186861789,0.004927337265192524,0.0016141615382851222,0.007196018862391408,360.50943756103516,353.20485717773437,317.4402145385742,363.87594866888764,359.4531489168912,59.685921598051166,4.422799751996422,3.7738602171578743,0.6489395348385476,372.3320788387761,348.6867962832942,0.8296101047543498,0.16188891059523272
2021-02-17,368.3876953125,0.00022949569953712958,0.000229522035689822,-0.0008662568108007905,0.004927337265192524,-0.0006658900000468266,361.1544158935547,353.7166430664063,317.9713668823242,364.5700635371357,360.11496716841776,75.95270134584013,4.455096368717932,3.910107447469886,0.5449889212480459,373.22843308896773,349.08039869814166,0.7995390557209597,0.16060662711755916
2021-02-18,366.8198547363281,-0.0042650349624957186,-0.004255952617640779,0.00022949569953712958,-0.0008662568108007905,-0.0004359788324815256,361.4750259399414,354.13798828125,318.4910643005371,364.91618526008835,360.6116255067815,69.77949273604054,4.304559753306876,3.988997908637284,0.3155618446695918,373.8034074959041,349.14664438397875,0.7167692803846447,0.15545645453036877
2021-02-19,366.1719970703125,-0.0017677081487891032,-0.0017661466729528286,-0.0042650349624957186,0.00022949569953712958,0.0016141615382851222,361.74681701660154,354.5605877685547,318.995378112793,365.1093870770459,361.0235048818579,88.06227901833293,4.085882195187992,4.008374765947425,0.07750742924056642,374.24511956319503,349.24851447000805,0.6770312423312667,0.15574030230364233
2021-02-22,363.3554992675781,-0.007721468513281156,-0.007691734554440943,-0.0017677081487891032,-0.0042650349624957186,0.004927337265192524,361.9416275024414,354.90666259765624,319.49460189819337,364.8395581832816,361.1962452067261,73.41697032061616,3.643312976555535,3.9353624080690475,-0.2920494315135125,374.4112283930641,349.4720266118187,0.5566927433178703,0.15795665453309768
2021-02-23,363.7967834472656,0.0012137326509187836,0.0012144695224842739,-0.007721468513281156,-0.0017677081487891032,-0.0008662568108007905,362.0876174926758,355.3236370849609,319.9801335144043,364.6791313008176,361.38887766898824,66.33714973206656,3.29025363182933,3.806340652821104,-0.5160870209917738,374.57309428310407,349.60214070224754,0.5684461628209552,0.15747495123994032
2021-02-24,367.8054809570313,0.010958789559469254,0.0110190570454749,0.0012137326509187836,-0.007721468513281156,0.00022949569953712958,362.462208557129,355.8230291748047,320.46364532470704,365.1601081710043,361.8641816162507,72.3621249847949,3.2959265547536347,3.70425783320761,-0.40833127845397543,375.1711323814787,349.75328473277926,0.7102173430949704,0.16162005572532126
2021-02-25,358.9429931640625,-0.024390631598676417,-0.024095583812151378,0.010958789559469254,0.0012137326509187836,-0.0042650349624957186,362.83398590087893,356.15321228027346,320.9025662231445,364.2036289391671,361.64779728645897,42.9251302680669,2.55583165270815,3.474572597107718,-0.918740944399568,374.5931322218341,351.0748395799238,0.3345546253692514,0.1608757542132354
2021-02-26,357.09356689453125,-0.005165742883364141,-0.005152423378511073,-0.024390631598676417,0.010958789559469254,-0.0017677081487891032,362.96214141845707,356.4770697021484,321.3592631530762,363.10977323999236,361.3104468870569,36.747413767839994,1.7993263529354522,3.1395233482732654,-1.3401969953378132,374.3914994082159,351.5327834286982,0.24326753396016246,0.15974510993083132
2021-03-01,365.74951171875,0.023950865304634035,0.02423999093429563,-0.005165742883364141,-0.024390631598676417,-0.007721468513281156,363.8779708862305,356.8818695068359,321.8827403259277,363.5158868521089,361.63926650421934,48.638363408955406,1.8766203478895704,2.8869427481965264,-1.010322400306956,372.7077229924518,355.0482187800092,0.6059792398475621,0.1612040050248231
2021-03-02,362.8955078125,-0.007833769325516724,-0.0078031653216386054,0.023950865304634035,-0.005165742883364141,0.0012137326509187836,364.36194000244143,357.21874450683595,322.3763269042969,363.4204439229383,361.73232141594383,44.97696939609912,1.688122506994489,2.647178699956119,-0.9590561929616301,371.6591960839359,357.06468392094695,0.3995216713265527,0.15637081177085727
2021-03-03,358.08868408203125,-0.013334258937682185,-0.013245751537250605,-0.007833769325516724,0.023950865304634035,0.010958789559469254,364.35584106445316,357.42078186035155,322.83980743408205,362.60017317818335,361.46242235417253,39.66099905772706,1.1377508240108227,2.34529312476706,-1.2075423007562374,371.67491535463665,357.03676677426967,0.07186136293031208,0.15709802130688127
2021-03-04,353.65740966796875,-0.012452001379280337,-0.012374795996199062,-0.013334258937682185,-0.007833769325516724,-0.024390631598676417,364.11409149169924,357.5619830322266,323.2407124328613,361.22436340738113,360.88427326630557,34.7616165273174,0.3400901410755637,1.944252528028761,-1.6041623869531974,372.4915007067137,355.7366822766848,-0.12409997860612265,0.1631130750984382
2021-03-05,360.1635131835937,0.018229456375633203,0.01839662718146684,-0.012452001379280337,-0.013334258937682185,-0.005165742883364141,363.9939208984375,357.8580908203125,323.68819259643556,361.0611556806446,360.8308836305491,41.16145720730626,0.23027205009549334,1.6014564324421077,-1.3711843823466143,372.5321840649372,355.45565773193783,0.27569163422646487,0.17150008747576614
2021-03-08,358.3702697753906,-0.004991406594439735,-0.0049789702248072,0.018229456375633203,-0.012452001379280337,0.023950865304634035,363.7127410888672,358.1299761962891,324.1037161254883,360.64717323368245,360.64861593757445,39.931387136789546,-0.0014427038919961888,1.280876605175287,-1.282319309067283,372.6136980483177,354.81178412941665,0.1998934306830783,0.17148367217448565
2021-03-09,363.4869079589844,0.014176554681548473,0.014277518575412484,-0.004991406594439735,0.018229456375633203,-0.007833769325516724,363.5559555053711,358.49799682617186,324.5543246459961,361.0840554991135,360.8588597910122,45.49212977492228,0.22519570810129608,1.0697404257604888,-0.8445447176591927,372.35093479528285,354.7609762154594,0.49607460437877654,0.1774746424075368
2021-03-10,365.74951171875,0.006205425179736984,0.0062247187181248,0.014176554681548473,-0.004991406594439735,-0.013334258937682185,363.5245025634766,358.8844183349609,325.0136503601074,361.80181799444216,361.22113030417796,49.027895650322925,0.5806876902641989,0.9719298786612308,-0.39124218839703195,372.2813962178907,354.76760890906246,0.6270432897259097,0.17902253531287796
2021-03-11,369.45794677734375,0.01008821786821141,0.010139275487113686,0.006205425179736984,0.014176554681548473,-0.012452001379280337,363.68645629882815,359.2854876708984,325.4746467590332,362.97968396104244,361.8312648577458,52.827184494570595,1.1484191032966464,1.007227723588314,0.1411913797083324,372.7669929014134,354.6059196962429,0.8177945715714885,0.18261134479148328
2021-03-12,369.9555358886719,0.0013459023891404932,0.0013468085222376747,0.01008821786821141,0.006205425179736984,0.018229456375633203,363.84370880126954,359.7098400878906,325.9175042724609,364.0528919499085,362.43306271188845,55.91458838818647,1.6198292380200314,1.1297480264746576,0.4900812115453739,373.25494419248264,354.43247341005645,0.8247090755539228,0.18259095481600074
2021-03-15,372.1616821289063,0.00594556408491328,0.005963274032202426,0.0013459023891404932,0.01008821786821141,-0.004991406594439735,364.02067565917974,360.1683642578125,326.3739881896973,365.30039813129275,363.1537011872231,57.26631628004141,2.1466969440696744,1.333137809993661,0.8135591340760133,373.93017021647853,354.11118110188096,0.9107679974318341,0.1829592219561252
2021-03-16,371.6923828125,-0.001261804971677011,-0.0012610092305089804,0.00594556408491328,0.0013459023891404932,0.014176554681548473,364.19013671875,360.58201477050784,326.8218684387207,366.28378038994003,363.7861961224288,53.597649435520985,2.497584267511229,1.5660271014971747,0.9315571660140542,374.51519010134155,353.8650833361585,0.8633030172221233,0.18300314357629288
2021-03-17,372.959716796875,0.0034038316917604024,0.0034096313052891514,-0.001261804971677011,0.00594556408491328,0.006205425179736984,364.4187377929687,361.1165838623047,327.270383605957,367.3108475294685,364.4657161723878,65.0961380443714,2.8451313570807315,1.8218479526138864,1.023283404466845,375.32139630511716,353.5160792808203,0.8916924938256743,0.18329722234987428
2021-03-18,367.5332946777344,-0.014656503636316045,-0.014549619904650535,0.0034038316917604024,-0.001261804971677011,0.01008821786821141,364.45440979003905,361.49493286132815,327.68003997802737,367.34507016766327,364.6929442098209,60.43933911151989,2.6521259578423724,1.9879035536595837,0.6642224041827887,375.39475015508725,353.51406942499085,0.6407124817401308,0.19053634105192946
2021-03-19,366.8533325195313,-0.001851783045404743,-0.0018500695530163647,-0.014656503636316045,0.0034038316917604024,0.0013459023891404932,364.4884765625,361.817998046875,328.0672920227051,367.2694182217968,364.85297297350314,51.313263195808084,2.4164452482936554,2.073611892586398,0.34283335570725715,375.45554677517936,353.52140634982067,0.6078162130437178,0.19054748839090493
2021-03-22,369.7825622558594,0.007953034047763588,0.007984743429234387,-0.001851783045404743,-0.014656503636316045,0.00594556408491328,364.80982971191406,362.09543762207034,328.47299102783205,367.65605576549876,365.21812773515916,58.17918494834258,2.437928030339606,2.14647512013704,0.2914529102025658,376.01126135755453,353.6083980662736,0.7219686153189476,0.19014444051444404
2021-03-23,366.8720703125,-0.007901958283178016,-0.007870819882916935,0.007953034047763588,-0.001851783045404743,-0.001261804971677011,364.9635940551758,362.27411010742185,328.8271488952637,367.53544261888356,365.34064200014734,60.923312813584054,2.194800618736224,2.156140219856877,0.038660398879347024,376.19087324872464,353.73631486162697,0.5849928208083042,0.1926665845462393
2021-03-24,365.007080078125,-0.005096454162207277,-0.005083489274030573,-0.007901958283178016,0.007953034047763588,0.0034038316917604024,364.8236740112305,362.4637390136719,329.1540898132324,367.1464637664592,365.3159337096272,65.07721322135544,1.8305300568320035,2.091018187251902,-0.2604881304198985,375.97129644760963,353.67605157485133,0.5082262414223858,0.18942116121455876
2021-03-25,367.060546875,0.005610061439576966,0.005625827302953912,-0.005096454162207277,-0.007901958283178016,-0.014656503636316045,365.2295516967773,362.6929345703125,329.5024691772461,367.1332457831578,365.4451643144696,60.391527209927325,1.6880814686882104,2.010430843539164,-0.3223493748509534,376.0623140649408,354.39678932861386,0.5845119239208927,0.16767391462551437
2021-03-26,372.97564697265625,0.01598631558655711,0.01611478037619385,0.005610061439576966,-0.005096454162207277,-0.001851783045404743,366.0236557006836,363.02128051757813,329.8887211608887,368.03207673538833,366.00297784470564,69.57420824066114,2.0290988906826897,2.014164452967869,0.014934437714820614,376.6721271742349,355.3751842271323,0.8264314173747856,0.17385652246842334
2021-03-29,372.7872009277344,-0.000505377948132738,-0.0005052502662076241,0.01598631558655711,0.005610061439576966,0.007953034047763588,366.3755401611328,363.370830078125,330.3592718505859,368.76363430344156,366.50551288789296,64.3613832831297,2.258121415548601,2.062955845484016,0.19516557006458513,377.44276225427393,355.30831806799165,0.7896689301362797,0.1537400407397782
2021-03-30,371.79827880859375,-0.0026563040175667397,-0.0026527791637683817,-0.000505377948132738,0.01598631558655711,-0.007901958283178016,366.8206787109375,363.75242431640623,330.80819107055663,369.23050268884964,366.8975696227597,59.722881731739,2.332933066089936,2.1169512896051996,0.21598177648473627,378.0139913366507,355.6273660852243,0.7223470506050973,0.15088736634807462
2021-03-31,373.3052673339844,0.00404505008203133,0.004053242339420393,-0.0026563040175667397,-0.000505377948132738,-0.005096454162207277,367.58150787353514,364.10876708984375,331.251481628418,369.8573895573319,367.37221389766523,56.65525334718558,2.485175659666652,2.1905961636174904,0.29457949604916145,378.3357346060512,356.8272811410191,0.7661167372984201,0.14094974181097347
2021-04-01,377.3366394042969,0.010741235717656087,0.010799129889334624,0.00404505008203133,-0.0026563040175667397,0.005610061439576966,368.7654693603516,364.4473468017578,331.68753509521486,371.0080433799419,368.1103194907491,61.37718804742345,2.8977238891928323,2.332021708732559,0.5657021804602733,378.197781118258,359.33315760244517,0.9543515027883132,0.13305515454096892
2021-04-05,382.7525634765625,0.014251000308609067,0.014353029912005821,0.010741235717656087,0.00404505008203133,0.01598631558655711,369.894921875,364.8876745605469,332.1566937255859,372.81489262557585,369.1949301563649,64.85482556467181,3.619962469210975,2.5896098608282423,1.0303526083827328,380.34512752705905,359.444716222941,1.115186056124604,0.12775469516476523
2021-04-06,382.5265197753906,-0.0005907484281031547,-0.0005905739706056901,0.014251000308609067,0.010741235717656087,-0.000505377948132738,371.102734375,365.34901916503907,332.6241662597656,374.30898911016277,370.18245531332974,65.30042468975759,4.12653379683303,2.8969946480292,1.22953914880383,381.5283680687885,360.6771006812115,1.047870073700979,0.1250102409239845
2021-04-07,382.96917724609375,0.0011565251686331064,0.001157194201758971,-0.0005907484281031547,0.014251000308609067,-0.0026563040175667397,372.0768478393555,365.7908630371094,333.1021110534668,375.6413257464598,371.12961990094186,64.47289690923634,4.511705845517952,3.2199368875269507,1.291768957991001,383.1282058763264,361.0254898023846,0.9928050186365958,0.11829530459416494
2021-04-08,384.787109375,0.0047357099072715715,0.0047469411036649145,0.0011565251686331064,-0.0005907484281031547,0.00404505008203133,373.02872772216796,366.28033203125,333.57992721557616,377.04836938161986,372.14128578790917,77.8543170341176,4.907083593710695,3.5573662287636996,1.3497173649469953,385.02454719911435,361.03290824522156,0.9901033095500203,0.11781700239299918
2021-04-09,387.5846252441406,0.007243993991876953,0.0072702951865630805,0.0047357099072715715,0.0011565251686331064,0.010741235717656087,373.9350616455078,367.0018756103516,334.06507339477537,378.6693318220077,373.2852368587411,81.32648628607632,5.384094963266591,3.922711975664278,1.4613829876023132,387.43920023834283,360.43092305267277,1.0053844606524902,0.11581479078229986
2021-04-12,387.7258605957031,0.0003643323693005178,0.0003643987463990417,0.007243993991876953,0.0047357099072715715,0.014251000308609067,374.8235778808594,367.66578369140626,334.58798431396485,380.0626439410377,374.3549126911086,79.608341575134,5.707731249929111,4.279715830517245,1.4280154194118664,389.5117660770691,360.1353896846496,0.9392060662108466,0.11598498994385241
2021-04-13,388.87493896484375,0.002959253218250341,0.0029636361303710945,0.0003643323693005178,0.007243993991876953,-0.0005907484281031547,375.65924072265625,368.4946240234375,335.1014633178711,381.4183816370079,375.4304701928668,88.54786417276526,5.987911444141105,4.621354953242017,1.3665564908990877,391.56135614584895,359.75712529946355,0.9155327102868607,0.11523769332732407
2021-04-14,387.54693603515625,-0.0034208315542918863,-0.00341498717614086,0.002959253218250341,0.0003643323693005178,0.0011565251686331064,376.45196838378905,369.181240234375,335.6422882080078,382.36123615979994,376.3279861811845,90.24588270168005,6.0332499786154585,4.903733958316706,1.1295160202987526,393.08535302020164,359.81858374737646,0.833515032986098,0.11634654491836931
2021-04-15,391.7100830078125,0.010685015289082687,0.010742303926455588,-0.0034208315542918863,0.002959253218250341,0.0047357099072715715,377.3894866943359,369.8512286376953,336.18339752197267,383.79952029026344,377.4674007609347,90.92925869697848,6.332119529328736,5.189411072519112,1.1427084568096237,395.26163780499036,359.5173355836815,0.9006399740247103,0.1202437478346527
2021-04-16,393.0193481445313,0.0033368605779076407,0.00334243409479118,0.010685015289082687,-0.0034208315542918863,0.007243993991876953,378.6637893676758,370.541767578125,336.71289627075197,385.2179553447662,378.6193968634234,89.29131201558273,6.59855848134282,5.471240554283854,1.1273179270589662,397.1990279665027,360.1285507688489,0.887250444614295,0.10184215561326916
2021-04-19,391.0885620117188,-0.004924806930776237,-0.004912699952121624,0.0033368605779076407,0.010685015289082687,0.0003643323693005178,379.8755508422852,371.1122003173828,337.2226853942871,386.12112560122046,379.5430387262601,83.58187057546782,6.578086874960377,5.692609818419159,0.8854770565412178,398.32837746339004,361.4227242211803,0.8038290934953316,0.10447499288831903
2021-04-20,388.2250671386719,-0.007348794253794731,-0.00732185788895845,-0.004924806930776237,0.0033368605779076407,0.002959253218250341,380.7976760864258,371.5968243408203,337.7101957702637,386.4448089146745,380.18615194199424,78.202002060112,6.258656972680285,5.805819249271385,0.4528377234088996,398.96790653090426,362.6274456419473,0.704383512772209,0.10924939839683531
2021-04-21,391.8984375,0.009417476818395432,0.00946196078579331,-0.007348794253794731,-0.004924806930776237,-0.0034208315542918863,382.04899444580076,372.1023406982422,338.19363327026366,387.2838286970323,381.0537286499947,79.71120788448304,6.230100047037581,5.890675408824625,0.33942463821295643,399.6183188403602,364.4796700512413,0.7803022709640801,0.10472170921200954
2021-04-22,388.31927490234375,-0.009174843502990932,-0.009132883051252927,0.009417476818395432,-0.007348794253794731,0.010685015289082687,383.21460418701173,372.54115478515627,338.67439849853514,387.443128113234,381.59191726127983,67.80720583243519,5.8512108519541925,5.882782497450538,-0.031571645496345724,399.0290024153975,367.400205958626,0.6613931381267953,0.1099296417102698
2021-04-23,392.5296020507813,0.010784078908064194,0.010842436676614664,-0.009174843502990932,0.009417476818395432,0.0033368605779076407,384.4880569458008,373.06736938476564,339.16504196166994,388.2256625651644,382.40211613457626,66.4974221973219,5.823546430588124,5.8709352840780555,-0.047388853489931826,398.8615276674445,370.1145862241571,0.7797356762577703,0.1129909011632355
2021-04-26,393.3489685058594,0.002085224823963713,0.0020874004171844707,0.010784078908064194,-0.009174843502990932,-0.004924806930776237,385.50672302246096,373.59813903808595,339.6681622314453,389.0138634791175,383.2129940880046,67.90293853945374,5.800869391112883,5.856922105485022,-0.056052714372138546,399.321746854689,371.6916991902329,0.7838303277155343,0.10268284621982085
2021-04-27,393.26416015625,-0.00021562912401984694,-0.00021560587773117312,0.002085224823963713,0.010784078908064194,-0.007348794253794731,386.5305709838867,374.0909753417969,340.15591384887693,389.6677552755994,383.95752490787464,67.23442778058188,5.710230367724762,5.82758375793297,-0.11735339020820845,399.37774550149544,373.683396466278,0.7620649841384977,0.10256949773777983
2021-04-28,393.1511840820313,-0.0002873191013467417,-0.00028727782916659894,-0.00021562912401984694,0.002085224823963713,0.009417476818395432,387.5982162475586,374.58793579101564,340.65590393066407,390.20366739966585,384.6385366985529,64.84964728064764,5.565130701112935,5.775093146568963,-0.2099624454560285,398.72411537417474,376.4723171209424,0.7495514192281558,0.1012732690122259
2021-04-29,395.6566467285156,0.006352551215285951,0.006372771462800797,-0.0002873191013467417,-0.00021562912401984694,-0.009174843502990932,388.71578521728514,375.13331481933596,341.1494264221191,391.04258729641197,385.45469299706866,64.48130871821826,5.587894299343304,5.737653377123832,-0.14975907778052733,398.159830449602,379.2717399849683,0.8674729070271362,0.10198065769312373
2021-04-30,393.0570373535156,-0.006592046876610381,-0.006570367000010902,0.006352551215285951,-0.0002873191013467417,0.010784078908064194,389.5018051147461,375.6580584716797,341.6163096618652,391.3525026898126,386.0178296160648,58.788950872193645,5.334673073747808,5.657057316448627,-0.322384242700819,397.45770222259455,381.54590800689766,0.7234337743799065,0.10287750124942856
2021-05-03,393.90478515625,0.002154483499475671,0.0021568060667285227,-0.006592046876610381,0.006352551215285951,0.002085224823963713,390.05941619873045,376.21271423339846,342.09236694335937,391.745161530803,386.6020485449674,58.375392045466086,5.143112985835614,5.554268450326025,-0.4111554644904105,397.5746328660041,382.5441995314568,0.7558388618564318,0.09224716729164391
2021-05-04,391.47454833984375,-0.00618871536160505,-0.0061696047064832005,0.002154483499475671,-0.006592046876610381,-0.00021562912401984694,390.50681762695314,376.77509521484376,342.55194274902345,391.70352873219383,386.96297445569894,56.30845244397388,4.7405542764948905,5.391525615559798,-0.6509713390649079,397.14843279328517,383.8652024606211,0.572853567141038,0.09594452288149001
2021-05-05,391.5970764160156,0.0003129421965966282,0.0003129911681141184,-0.00618871536160505,0.002154483499475671,-0.0002873191013467417,390.9382125854492,377.33110107421874,343.00002655029294,391.6871514527818,387.30624126757425,49.791417180284725,4.38091018520754,5.189402529489348,-0.8084923442818077,396.5610627073879,385.3153624635105,0.5585880662189202,0.09599119284486973
2021-05-06,394.7243347167969,0.007954189583879574,0.007985908192682745,0.0003129421965966282,-0.00618871536160505,0.006352551215285951,391.43507385253906,377.8694781494141,343.4605346679688,392.1544104164764,387.8557296712204,52.94907567230302,4.298680745256036,5.011258172642686,-0.7125774273866501,396.4976160537131,386.372531651365,0.8248625624784924,0.0982549412979724
2021-05-07,397.5969848632813,0.007251256939963132,0.007277610964992798,0.007954189583879574,0.0003129421965966282,-0.006592046876610381,391.9356918334961,378.64255798339843,343.92679321289063,392.9917295621387,388.57730412989156,60.90224641444772,4.414425432247128,4.891891624563575,-0.47746619231644694,397.36214089769044,386.50924276930175,1.0216388252071187,0.098260796663519
2021-05-10,393.6598815917969,-0.00995159961501908,-0.009902246298065465,0.007251256939963132,0.007954189583879574,0.002154483499475671,392.2323928833008,379.37388427734373,344.39152282714844,393.0945221820861,388.953791349292,58.787768733370704,4.140730832794134,4.741659466209687,-0.6009286334155535,397.3285148533095,387.1362709132921,0.640056371972356,0.10604394896683618
2021-05-11,390.146484375,-0.008965022231951123,-0.00892495624037215,-0.00995159961501908,0.007251256939963132,-0.00618871536160505,392.2959701538086,379.86182373046876,344.848369140625,392.6409779040729,389.0421389808259,47.15246570042559,3.5988389232470013,4.51309535761715,-0.9142564343701487,397.24534240505443,387.34659790256273,0.2828526861898984,0.11109039061202086
2021-05-12,381.8577270507813,-0.021474172607563576,-0.02124524417411311,-0.008965022231951123,-0.00995159961501908,0.0003129421965966282,392.01150970458986,380.2410681152344,345.2528776550293,390.98201623433573,388.5099603193411,40.89210343836738,2.4720559149946553,4.104887469092651,-1.6328315540979954,398.51887550782095,385.50414390135876,-0.28017610818550426,0.13477414243640476
2021-05-13,386.44482421875,0.011941003359963486,0.012012581762837149,-0.021474172607563576,-0.008965022231951123,0.007954189583879574,391.74824676513674,380.8081909179688,345.6898655700684,390.2839866934764,388.3569872748529,41.51332255043829,1.9269994186234953,3.66930985899882,-1.7423104403753245,398.7166503095572,384.77984322071626,0.11946645938486666,0.13625186870184833
2021-05-14,392.3788757324219,0.015238792419334945,0.015355494864417896,0.011941003359963486,-0.021474172607563576,0.007251256939963132,391.7162231445312,381.58262023925784,346.13813446044924,390.6062773148526,388.6549049383765,48.81591122090624,1.9513723764761153,3.325722362494279,-1.3743499860181636,398.6658927577633,384.76655353129917,0.5476751144132785,0.14702570631967132
2021-05-17,391.3804016113281,-0.0025479115593755506,-0.0025446683877412557,0.015238792419334945,0.011941003359963486,-0.00995159961501908,391.7308151245117,382.2069580078125,346.58681121826174,390.72537336046423,388.85679358081734,47.75086227816331,1.8685797796468933,3.0342938459248017,-1.1657140662779084,398.6761599618308,384.7854702871926,0.4747734978326259,0.14622713437245105
2021-05-18,388.0084228515625,-0.008652933409240796,-0.008615604526652443,-0.0025479115593755506,0.015238792419334945,-0.008965022231951123,391.71998291015626,382.79972106933593,347.00671005249023,390.3073809744794,388.79395130457624,44.30308283548378,1.5134296699031324,2.730121010720468,-1.2166913408173357,398.68898509464503,384.7509807256675,0.23370936323891886,0.1471710540290029
2021-05-19,386.99114990234375,-0.0026252234690673213,-0.0026217805833764762,-0.008652933409240796,-0.0025479115593755506,-0.021474172607563576,391.47461853027346,383.2698059082031,347.41095367431643,389.79719157876616,388.66041045996644,40.07346900535076,1.1367811187997177,2.411453032336318,-1.2746719135366003,398.75572821105607,384.19350884949085,0.19211639265899597,0.1430711026428283
2021-05-20,391.1543884277344,0.010700513065521295,0.010757968306100096,-0.0026252234690673213,-0.008652933409240796,0.011941003359963486,391.61637420654296,383.7779034423828,347.8301010131836,390.005991093992,388.84514956869,47.895848801889976,1.1608415253020326,2.161330730929461,-1.0004892056274284,398.7476782409091,384.4850701721768,0.46760860450050606,0.14471256745124975
2021-05-21,390.8341064453125,-0.0008191476023775713,-0.0008188121925699621,0.010700513065521295,-0.0026252234690673213,0.015238792419334945,391.5315994262695,384.2054266357422,348.23810302734375,390.13339345573365,388.99247970769903,46.5640315363307,1.1409137480346203,1.9572473343504928,-0.8163335863158725,398.65750227702694,384.4056965755121,0.4510593257047512,0.139394534740396
2021-05-24,394.818359375,0.010142619692245126,0.010194230401038507,-0.0008191476023775713,0.010700513065521295,-0.0025479115593755506,391.6050689697266,384.70268310546874,348.6556912231445,390.8541574433131,389.4240263497213,53.6158422533129,1.4301310935917968,1.8518240861987536,-0.4216929926069568,398.8393417763831,384.37079616307005,0.7220880032556113,0.14401663088227773
2021-05-25,393.9424133300781,-0.002221069899345124,-0.002218605148728403,0.010142619692245126,-0.0008191476023775713,-0.008652933409240796,391.638981628418,385.1382977294922,349.0677816772461,391.32927373358467,389.7587216815996,52.495476761660086,1.5705520519850893,1.7955696793560207,-0.22501762737093145,398.9122554611876,384.36570779564835,0.658349029241967,0.14426660376707712
2021-05-26,394.7243347167969,0.0019828949169124845,0.0019848621530975663,-0.002221069899345124,0.010142619692245126,-0.0026252234690673213,391.71763916015624,385.59893676757815,349.47912658691405,391.851590807925,390.126544869392,50.0,1.7250459385330146,1.7814649311914197,-0.05641899265840511,399.0930797777724,384.3421985425401,0.7038315886822528,0.1444136444698629
2021-05-27,394.9314270019531,0.0005245128319037844,0.0005246504128124663,0.0019828949169124845,-0.002221069899345124,0.010700513065521295,391.68137817382814,386.0383709716797,349.9044030761719,392.32541176085243,390.4824620643965,46.82527047626933,1.8429496964559462,1.7937618842443253,0.04918781221162094,398.9820298380336,384.38072650962266,0.7225862140539949,0.14259053101305702
2021-05-28,395.6378784179688,0.0017871971482085116,0.0017887951368635857,0.0005245128319037844,0.0019828949169124845,-0.0008191476023775713,391.81042022705077,386.6004626464844,350.311609954834,392.8350220157934,390.86434475725366,52.552239899131166,1.9706772585397516,1.8291449591034106,0.14153229943634105,399.3021857262757,384.31865472782584,0.7554443402769356,0.14061258553168515
2021-06-01,395.2893676757813,-0.0008812713595702137,-0.0008808831540121353,0.0017871971482085116,0.0005245128319037844,0.010142619692245126,391.87964935302733,387.1691833496094,350.7199139404297,393.2126136557916,391.19212423270017,57.22612901565966,2.020489423091419,1.8674138519010124,0.15307557119040682,399.477737358499,384.2815613475557,0.724380022993845,0.1405022222818615
2021-06-02,395.91107177734375,0.0015715467244864611,0.0015727822511846234,-0.0008812713595702137,0.0017871971482085116,-0.002221069899345124,392.10147552490236,387.6917535400391,351.13128051757815,393.62776105910734,391.5416759026738,75.16872060916498,2.086085156433569,1.9111481128075238,0.17493704362604512,399.9060098922336,384.2969411575711,0.744063007037797,0.13852652500929227
2021-06-03,394.4416198730469,-0.003718475594513208,-0.0037115706254441383,0.0015715467244864611,-0.0008812713595702137,0.0019828949169124845,392.2437026977539,388.24314453125,351.53031768798826,393.75297010740576,391.7564865671459,66.12216319845643,1.9964835402598737,1.9282151982979938,0.06826834196187992,400.1129416767647,384.37446371874313,0.639652460749721,0.13935984743498292
2021-06-04,398.0491943359375,0.009104457282880056,0.009146028920710148,-0.003718475594513208,0.0015715467244864611,0.0005245128319037844,392.4099456787109,388.90398681640625,351.943994140625,394.413927681026,392.2226130685379,62.61520056814401,2.1913146124880996,1.9808350811360151,0.21047953135208441,400.63239048596336,384.1875008714585,0.8429180000243113,0.14024798572427383
2021-06-07,397.662841796875,-0.0009710864028181195,-0.0009706150510040423,0.009104457282880056,-0.003718475594513208,0.0017871971482085116,392.4132385253906,389.51603271484373,352.362303314209,394.91376062192586,392.62559297434063,64.36838248124236,2.288167647585226,2.0423015944258576,0.24586605315936838,400.64447771915604,384.1819993316252,0.8188829256389839,0.1379538276130421
2021-06-08,397.7477722167969,0.00021355113635216762,0.00021357394001930707,-0.0009710864028181195,0.009104457282880056,-0.0008812713595702137,392.6176330566406,390.01147521972655,352.7761491394043,395.3497624057522,393.005013658967,76.21630946415516,2.3447487467851715,2.1027910248977206,0.2419577218874509,401.1757410243767,384.05952508890454,0.7997239097413119,0.13284426264389984
2021-06-09,397.1543884277344,-0.0014929734215363088,-0.0014918594911427219,0.00021355113635216762,-0.0009710864028181195,0.0015715467244864611,392.96802825927733,390.4988189697266,353.1814410400391,395.62739717836484,393.3123747529498,77.99621705687025,2.3150224254150658,2.14523730500119,0.16978512041387583,401.67272504918435,384.2633314693703,0.7404655940061619,0.12834240770111005
2021-06-10,399.0004577636719,0.004637471349331086,0.004648241061230074,-0.0014929734215363088,0.00021355113635216762,-0.003718475594513208,393.8251647949219,391.0428625488281,353.5799479675293,396.1463295761044,393.7337142352255,74.77613781353233,2.412615340878915,2.198712912176735,0.21390242870218001,401.1975677658494,386.45276182399436,0.8509909176938889,0.09783728185364166
2021-06-11,399.6597900390625,0.0016510961375362104,0.00165245994725427,0.004637471349331086,-0.0014929734215363088,0.009104457282880056,394.4859130859375,391.5699530029297,353.97616485595705,396.6868619550211,394.17268281328745,77.2852840613183,2.514179141733621,2.2618061580881124,0.2523729836455084,401.42952362975376,387.54230254212126,0.8725638787253609,0.0908088250685981
2021-06-14,400.55462646484375,0.0022364925707807006,0.00223899538578487,0.0016510961375362104,0.004637471349331086,-0.0009710864028181195,394.8947006225586,392.0343127441406,354.3607940673828,397.28190264883995,394.64541938006937,71.9216648550809,2.6364832687705757,2.336741580224605,0.2997416885459705,402.26552126870956,387.52387997640767,0.8839413624343685,0.07550066258559607
2021-06-15,399.8199157714844,-0.0018359177134097948,-0.0018342334473668842,0.0022364925707807006,0.0016510961375362104,0.00021355113635216762,395.3166763305664,392.37565979003904,354.73821182250975,397.67236620616984,395.0287154090631,72.70652261055332,2.643650797106716,2.398123423601027,0.24552737350568865,402.8057408143262,387.8276118468066,0.8006543374465089,0.07509422030998897
2021-06-16,397.5875854492188,-0.0055989845858058825,-0.005583339484122818,-0.0018359177134097948,0.0022364925707807006,-0.0014929734215363088,395.7956344604492,392.6768811035156,355.093992767334,397.65932301279275,395.2182613379635,59.946864113345484,2.441061674829257,2.4067110738466733,0.03435060098258358,402.5009717533866,389.09029716751184,0.633621241593397,0.07049303859151011
2021-06-17,397.4557800292969,-0.0003315678788165688,-0.000331512916262211,-0.0055989845858058825,-0.0018359177134097948,0.004637471349331086,396.31886596679686,392.9666131591797,355.45502716064453,397.62800870763954,395.38400346324744,58.81565541378737,2.244005244392099,2.3741699079557588,-0.13016466356365974,401.6169105871889,391.02082134640483,0.6072956292331004,0.06929386107804579
2021-06-18,392.0939025878906,-0.01358232417521408,-0.013490500606158085,-0.0003315678788165688,-0.0055989845858058825,0.0016510961375362104,396.3658416748047,393.1127490234375,355.7739353942871,396.7766077661397,395.1402922872951,40.660411804350126,1.6363154788446082,2.2265990221335286,-0.5902835432889204,401.4847111584879,391.2469721911215,0.08272631285763449,0.0787278570549235
2021-06-21,397.70703125,0.014214273319466729,0.014315776463397434,-0.01358232417521408,-0.0003315678788165688,0.0022364925707807006,396.70948791503906,393.3151971435547,356.09716598510744,396.91974984057975,395.33042109934735,54.987446708317805,1.589328741232407,2.0991449659533044,-0.5098162247208973,401.141435516288,392.2775403137901,0.6125400641785363,0.09311942708952359
2021-06-22,399.8333740234375,0.005332263538181887,0.005346505357861853,0.014214273319466729,-0.01358232417521408,-0.0018359177134097948,396.9602386474609,393.5573474121094,356.48833831787107,397.36799971486556,395.6639731677985,57.61845034723622,1.7040265470670874,2.0201212821760612,-0.3160947351089738,401.50765055414774,392.4128267407741,0.8159088548534303,0.08820315711574274
2021-06-23,399.3514099121094,-0.00120613950476812,-0.0012054124108705766,0.005332263538181887,0.014214273319466729,-0.0055989845858058825,397.2306884765625,393.7668768310547,356.8902294921875,397.6731397452108,395.93711663034003,59.91690911780659,1.7360231148707612,1.9633016487150015,-0.22727853384424024,401.6643540540689,392.79702289905606,0.7391611859841303,0.08784070074607984
2021-06-24,401.7138671875,0.005898306148284958,0.005915735406845313,-0.00120613950476812,0.005332263538181887,-0.0003315678788165688,397.58016510009764,394.0502154541016,357.3475096130371,398.2947901209476,396.36502407901855,57.79401838101666,1.9297660419290423,1.9565945273578098,-0.02682848542876748,402.27612100031405,392.88420919988124,0.9401342533063248,0.08968991371931744
2021-06-25,403.1407775878906,0.003545762963862039,0.003552056617763144,0.005898306148284958,-0.00120613950476812,-0.01358232417521408,397.99063262939455,394.2788293457031,357.7812901306152,399.04032665432345,396.8669317463424,61.15665598036937,2.1733949079810486,1.9999546034824578,0.17344030449859082,403.1263063053777,392.8549589534114,1.0014088981724654,0.09017202323002328
2021-06-28,403.9534606933594,0.0020138500353036157,0.002015879193197234,0.003545762963862039,0.005898306148284958,0.014214273319466729,398.4064117431641,394.4975115966797,358.2466023254394,399.79619342955976,397.39185981649183,62.27496184975564,2.4043336130679336,2.0808304053995528,0.3235032076683808,404.0603690013285,392.75245448499965,0.9905457095722848,0.09020089488603295
2021-06-29,404.17083740234375,0.0005379784143092947,0.0005381231506502715,0.0020138500353036157,0.003545762963862039,0.005332263538181887,398.85048522949216,394.7591571044922,358.71220993041993,400.4692155792188,397.8940063043327,64.0882224262025,2.575209274886106,2.1797061792968635,0.39550309558924246,404.85772593863413,392.8432445203502,0.9428282826052684,0.089940255812176
2021-06-30,404.5110168457031,0.0008413184038637419,0.0008416724114628238,0.0005379784143092947,0.0020138500353036157,-0.00120613950476812,399.28048248291014,395.08487609863283,359.15903366088867,401.09103115867794,398.3841552333231,61.776744695671226,2.7068759253548365,2.2851401285084583,0.4217357968463782,405.6235928511091,392.9373721147112,0.9123004377328947,0.08992801030227714
2021-07-01,406.7505493164063,0.00552112475938807,0.005536394257359412,0.0008413184038637419,0.0005379784143092947,0.005898306148284958,399.89592895507815,395.3819183349609,359.60909454345705,401.96172625986696,399.0038881283663,64.19506902340865,2.957838131500637,2.419679729106894,0.5381584023937429,406.6382275381034,393.1536303720529,1.0083296354292044,0.08937559532629057
2021-07-02,409.8596801757813,0.007614761046444443,0.0076438270694416666,0.00552112475938807,0.0008413184038637419,0.003545762963862039,400.4864532470703,395.8127264404297,360.08098556518553,403.1767960930846,399.8080208726193,67.11089861006364,3.368775220465295,2.609498827378574,0.7592763930867212,408.4972332762892,392.4756732178514,1.0850383417421687,0.08784588931257022
2021-07-06,409.1130676269531,-0.0018232908425028702,-0.0018216296575158664,0.007614761046444443,0.00552112475938807,0.0020138500353036157,401.05896453857423,396.14439575195314,360.5630174255371,404.09006863675665,400.4972835951625,67.0815355308593,3.5927850415941407,2.8061560702216877,0.786628971372453,409.8214460985585,392.29648297858995,0.9595788894529408,0.08821027253405413
2021-07-07,410.5588684082031,0.003527758404584833,0.0035339882679288337,-0.0018232908425028702,0.007614761046444443,0.0005379784143092947,401.6995193481445,396.48859375,361.0702783203125,405.0852686015946,401.24258617390626,74.55212784761403,3.8426824276883167,3.0134613417150136,0.8292210859733031,411.27787339125615,392.1211653050329,0.962467195312638,0.08839368599083722
2021-07-08,407.2136535644531,-0.008181330169314298,-0.008147954169690386,0.003527758404584833,-0.0018232908425028702,0.0008413184038637419,402.20248260498045,396.76758361816405,361.5780142211914,405.4127124420344,401.68488746209493,66.46664400704502,3.7278249799394416,3.1563340693598994,0.5714909105795423,411.8322187291393,392.5727464808216,0.7601925377218163,0.09446264335111755
2021-07-09,411.5606384277344,0.010618373706194858,0.010674948703784493,-0.008181330169314298,0.003527758404584833,0.00552112475938807,402.8304916381836,397.1357727050781,362.09192001342774,406.35854720906514,402.41642457066087,84.01572468575145,3.942122638404271,3.313491783168774,0.6286308552354973,413.191454254022,392.4695290223452,0.9212999850132328,0.09955517275332593
2021-07-12,413.0347595214844,0.0035753841648135045,0.00358178347516791,0.010618373706194858,-0.008181330169314298,0.007614761046444443,403.4992401123047,397.4833349609375,362.6490010070801,407.38565679559116,403.2029679003515,81.31263193463384,4.182688895239664,3.4873312055829517,0.6953576896567126,414.6917149246907,392.30676529991865,0.9259790425718594,0.09981515394119604
2021-07-13,411.6267700195313,-0.0034147121446620726,-0.0034088886455567735,0.0035753841648135045,0.010618373706194858,-0.0018232908425028702,404.05284729003904,397.8547296142578,363.1950227355957,408.0381357531204,403.826953242513,74.82093034010396,4.211182510607387,3.632101466587839,0.5790810440195475,415.7174222139454,392.3882723661327,0.8246548965093294,0.10137518206279153
2021-07-14,412.2409362792969,0.0014909344518262908,0.0014920464471648298,-0.0034147121446620726,0.0035753841648135045,0.003527758404584833,404.6738983154297,398.22145263671877,363.71966857910155,408.68472044945526,404.4502112452377,76.97777210015329,4.234509204217545,3.7525830141137804,0.4819261901037648,416.70638913925393,392.6414074916055,0.8144418755294,0.1006680264441737
2021-07-15,410.83294677734375,-0.0034212988757072525,-0.003415452901550764,0.0014909344518262908,-0.0034147121446620726,-0.008181330169314298,405.33616638183594,398.60862060546873,364.2117532348633,409.0152168075919,404.9230064698382,69.88053608401063,4.092210337753727,3.82050847884177,0.27170185891195686,417.18304059852244,393.48929216514944,0.731992857143934,0.0989040445366261
2021-07-16,407.610595703125,-0.007874379984288126,-0.007843458270558656,-0.0034212988757072525,0.0014909344518262908,0.010618373706194858,405.84390716552736,398.92889099121095,364.69623321533203,408.7991212530585,405.1220871537854,59.03718978178754,3.6770340992731008,3.7918136029280367,-0.11477950365493594,417.12567225659114,394.56214207446357,0.5782984100155137,0.10436985194047389
2021-07-19,401.591064453125,-0.014877978094659858,-0.01476784782695939,-0.007874379984288126,-0.0034212988757072525,0.0035753841648135045,406.3187652587891,399.0662255859375,365.1388366699219,407.6901894376841,404.8605299166994,46.05438466831468,2.8296595209847055,3.599382786539371,-0.7697232655546653,415.8231775641501,396.81435295342806,0.25128915635333954,0.10688489955192461
2021-07-20,407.3460388183594,0.014228724176470278,0.014330434301548456,-0.014877978094659858,-0.007874379984288126,-0.0034147121446620726,406.800715637207,399.2612066650391,365.6001655578613,407.6372431885572,405.0446416871927,54.475319395301746,2.59260150136447,3.398026529504391,-0.8054250281399211,415.40100459216694,398.2004266822471,0.5317037708853875,0.10690825227120647
2021-07-21,410.64398193359375,0.008063572662828545,0.008096170825181215,0.014228724176470278,-0.014877978094659858,0.0014909344518262908,407.3412460327148,399.600888671875,366.0929417419434,408.0998183801013,405.45940763137054,57.978911359898866,2.640410748730744,3.246503373349662,-0.6060926246189178,415.4421490689193,399.2403429965103,0.7038498600784606,0.10873339188706166
2021-07-22,411.50390625,0.0020918976800983796,0.002094087224551844,0.008063572662828545,0.014228724176470278,-0.0034212988757072525,407.94887084960936,400.028037109375,366.56234588623045,408.62352420623955,405.9071482697875,56.41431329397495,2.716375936452039,3.140477885970138,-0.4241019495180991,415.31626834765865,400.5814733515601,0.7412680598089031,0.10834105130160603
2021-07-23,415.7374572753906,0.010235435925612353,0.010287997175945751,0.0020918976800983796,0.008063572662828545,-0.007874379984288126,408.6500503540039,400.7056317138672,367.0754946899414,409.7179754476474,406.6353193072396,57.69802931920258,3.082656140407778,3.128913536857666,-0.046257396449888244,416.18630444089587,401.1137962671119,0.970220804637815,0.1117181655135434
2021-07-26,416.7580261230469,0.002451831581717663,0.0024548397787986787,0.010235435925612353,0.0020918976800983796,-0.014877978094659858,409.3309127807617,401.3118957519531,367.5664953613281,410.80106016693964,407.38514944174386,59.94114126889141,3.415910725195772,3.1863129745252876,0.2295977506704845,417.2235150288627,401.4383105326607,0.9705110626898851,0.11154784566434564
2021-07-27,414.858642578125,-0.004567938376243237,-0.00455752121342734,0.002451831581717663,0.010235435925612353,0.014228724176470278,409.876171875,401.76149108886716,368.03388290405275,411.4253036148143,407.93874152592025,55.526035256493245,3.486562088894061,3.2463627973990423,0.24019929149501884,417.7111167387474,402.0412270112526,0.8179646308794764,0.11369761831760587
2021-07-28,414.68853759765625,-0.0004101152699161406,-0.0004100311841441773,-0.004567938376243237,0.002451831581717663,0.008063572662828545,410.4020568847656,402.22765380859374,368.48607009887695,411.92733961217465,408.4387264201229,60.46035700772219,3.48861319205173,3.2948128763295803,0.19380031572214973,418.0338758218365,402.77023794769474,0.780829560307664,0.11383514925912866
2021-07-29,416.4083862304688,0.00413874973779559,0.004147326190339973,-0.0004101152699161406,-0.004567938376243237,0.0020918976800983796,410.9969253540039,402.7956530761719,368.9207746887207,412.61673139960453,409.02907159125965,57.322340442204904,3.587659808344881,3.3533822627326404,0.2342775456122408,418.5496370444109,403.44421366359694,0.858246223229879,0.11426581658273051
2021-07-30,414.3861389160156,-0.004868234556515032,-0.004856403908575335,0.00413874973779559,-0.0004101152699161406,0.010235435925612353,411.3787048339844,403.3435528564453,369.35611846923825,412.88894794059087,409.4258913930934,52.00795892122881,3.4630565474974446,3.3753171196856013,0.0877394278118433,418.7983991618065,403.95901050616226,0.7026656321106154,0.11530206544227663
2021-08-02,413.5167541503906,-0.002100210284246797,-0.0020980063857811704,-0.004868234556515032,0.00413874973779559,0.002451831581717663,411.56155853271486,403.7908001708984,369.7973985290527,412.98553351132927,409.7289182640043,52.85392893910018,3.256615247324987,3.3515767452134786,-0.0949614978884914,419.0038482635121,404.1192688019176,0.631357128545056,0.1129648611947981
2021-08-03,416.880859375,0.008102440503502237,0.008135354108012471,-0.002100210284246797,-0.004868234556515032,-0.004567938376243237,411.9499481201172,404.3117352294922,370.2575088500977,413.58481441343247,410.25869167963356,56.46915259083515,3.326122733798911,3.346485942930565,-0.020363209131653903,419.6601517132985,404.2397445269359,0.8197653080940415,0.11578173379985644
2021-08-04,414.8302917480469,-0.004930970996494419,-0.0049188337167299645,0.008102440503502237,-0.002100210284246797,-0.0004101152699161406,412.16351928710935,404.71197387695315,370.70834777832033,413.7764263110655,410.5973287217382,55.47514209829797,3.1790975893272844,3.3130082722099092,-0.13391068288262487,419.9477599276546,404.3792786465641,0.6712930383374381,0.1171597312777285
2021-08-05,417.4573364257813,0.006312849820738298,0.006332817853451189,-0.004930970996494419,0.008102440503502237,0.00413874973779559,412.67570343017576,405.18227233886716,371.197001953125,414.34272017486796,411.10547744055623,63.71061774224254,3.237242734311735,3.297855164630275,-0.0606124303185398,420.43660528307777,404.91480157727375,0.8080591074488056,0.11414429998942699
2021-08-06,418.1471862792969,0.0016511399627382834,0.001652503844876696,0.006312849820738298,-0.004930970996494419,-0.004868234556515032,413.0050308227539,405.6507293701172,371.68270156860353,414.9280226524724,411.62708550268513,77.07062370450346,3.3009371497872735,3.2984715616616747,0.0024655881255988277,421.1177202001598,404.892341445348,0.8169205190367603,0.10868219247857407
2021-08-09,417.8069152832031,-0.0008140901856942297,-0.000813758904182782,0.0016511399627382834,0.006312849820738298,-0.002100210284246797,413.24363861083987,406.10823913574217,372.1697381591797,415.37092921104636,412.0848506716124,70.78474411836032,3.2860785394339587,3.2959929572161317,-0.009914417782173057,421.6359063488181,404.85137087286165,0.7718738733580132,0.10830843758279857
2021-08-10,418.3266906738281,0.0012432832596980608,0.0012440564567310908,-0.0008140901856942297,0.0016511399627382834,0.008102440503502237,413.57863464355466,406.56201538085935,372.65058639526364,415.825661743782,412.54720919029506,67.15914745114603,3.278452553486943,3.292484876470294,-0.014032322983350998,422.2300349789779,404.9272343081314,0.7744096820275723,0.10729030014029184
2021-08-11,419.3662109375,0.0024818660758928112,0.002484948454992031,0.0012432832596980608,-0.0008140901856942297,-0.004930970996494419,413.93489837646484,407.0435522460937,373.13116317749024,416.3703616197386,413.0523204308288,67.42051524781924,3.318041188909831,3.2975961389582014,0.020445049951629546,422.93419755823885,404.93559919469084,0.8017630846208014,0.10743161239122513
2021-08-12,420.62298583984375,0.00299236191358871,0.0029968434975584657,0.0024818660758928112,0.0012432832596980608,0.006312849820738298,414.42440032958984,407.53779052734376,373.647891998291,417.02461149975477,413.6131104611262,62.46979702667201,3.4115010386285576,3.3203771188922726,0.09112391973628498,423.7715783369028,405.0772223222769,0.8315752361517199,0.10645192185922471
2021-08-13,421.3884887695313,0.0018182724670018193,0.0018199265267424547,0.00299236191358871,0.0024818660758928112,0.0016511399627382834,415.11329498291013,408.07672790527346,374.17391738891604,417.69597723356657,414.18906440989696,61.97468546237153,3.5069128236696088,3.3576842598477397,0.1492285638218691,424.3765253705755,405.85006459524476,0.838715195671751,0.10093767961234726
2021-08-16,422.3807067871094,0.002351871768151408,0.00235463958798543,0.0018182724670018193,0.00299236191358871,-0.0008140901856942297,416.15277709960935,408.56335815429685,374.75893814086913,418.41670485718856,414.79585273413494,70.41020298994891,3.6208521230536235,3.4103178324889165,0.21053429056470696,423.49321192372247,408.81234227549623,0.9242207605359735,0.07980838000498115
2021-08-17,419.6119689941406,-0.006576655242131162,-0.006555076376545399,0.002351871768151408,0.0018182724670018193,0.0012432832596980608,416.7660736083984,409.00234069824216,375.31459655761716,418.6005916474889,415.15260208672794,61.7080445589462,3.447989560760959,3.4178521781433253,0.03013738261763388,422.9700475205631,410.5620996962337,0.7293606828489395,0.07323619448823437
2021-08-18,415.0192565917969,-0.011005480306662357,-0.010945141563413974,-0.006576655242131162,0.002351871768151408,0.0024818660758928112,416.9848373413086,409.3477703857422,375.8633709716797,418.04961702353626,415.142724642659,47.09371444478628,2.9068923808772524,3.315660218690111,-0.40876783781285875,422.5561614820632,411.413513200554,0.323598421142527,0.0813436324372861
2021-08-19,415.6618957519531,0.0015472586239618834,0.001548456246184049,-0.011005480306662357,-0.006576655242131162,0.00299236191358871,417.19273681640624,409.7179205322266,376.3982507324219,417.6822752894465,415.18118176186596,52.83261011565158,2.501093527580565,3.152746880468202,-0.6516533528876369,422.1829055768199,412.2025680559926,0.34661429924003084,0.08122781370769032
2021-08-20,418.9692993164063,0.007925466712273399,0.00795695635865279,0.0015472586239618834,-0.011005480306662357,0.0018182724670018193,417.35432891845704,410.11729736328124,376.9224166870117,417.8802789859019,415.4617830622023,60.92382565312831,2.418495923699595,3.005896689114481,-0.5874007654148858,422.35537240636387,412.3532854305502,0.6614633427858079,0.07790260994546716
2021-08-23,422.6547546386719,0.008758016983941679,0.00879648062108318,0.007925466712273399,0.0015472586239618834,0.002351871768151408,417.64916534423827,410.57719665527344,377.4299066162109,418.61481370171265,415.9945957715704,61.420577671807564,2.620217930142246,2.928760937320034,-0.30854300717778793,423.1704149411672,412.1279157473093,0.9533022105374325,0.08315808402363924
2021-08-24,423.32568359375,0.0015861574698950464,0.0015874160830195994,0.008758016983941679,0.007925466712273399,-0.006576655242131162,418.07251739501953,411.0326177978516,377.9094340515137,419.33956291587225,416.53763931395406,67.77365323444644,2.8019236019181903,2.9033934702396653,-0.10146986832147498,423.97793398500164,412.1671008050374,0.9447752430913924,0.08082135292106542
2021-08-25,424.2140197753906,0.002096271132584137,0.002098469845012163,0.0015861574698950464,0.008758016983941679,-0.011005480306662357,418.5487915039063,411.5204998779297,378.39377685546873,420.0894793557982,417.1062600888753,65.2451376657214,2.9832192669229016,2.9193586295763128,0.06386063734658887,424.8296099372349,412.2679730705776,0.9509944310300615,0.08072678660801515
2021-08-26,421.7098083496094,-0.005920671951329054,-0.005903179312902407,0.002096271132584137,0.0015861574698950464,0.0015472586239618834,418.8138626098633,412.0029443359375,378.84503219604494,420.33876073946146,417.4472636637445,57.43002764779862,2.891497075716984,2.9137863188044473,-0.022289243087463273,425.16145510588865,412.46627011383794,0.7281137093755958,0.08360892507530131
2021-08-27,425.480224609375,0.008901051728230327,0.008940783887672499,-0.005920671951329054,0.002096271132584137,0.007925466712273399,419.3685668945312,412.56343322753906,379.3175700378418,421.1297551809866,418.0422978078653,64.00002227183893,3.0874573731213104,2.94852052966782,0.13893684345349033,426.01874897648605,412.7183848125764,0.9595105547130559,0.08584972520280876
2021-08-30,427.3513793945313,0.004388106113489334,0.004397747949094866,0.008901051728230327,-0.005920671951329054,0.008758016983941679,420.06029815673827,413.2685827636719,379.78717025756833,422.0869281369166,418.7318594068776,65.69182947264983,3.3550687300389654,3.0298301697420493,0.3252385602969161,427.01852113648414,413.1020751769924,1.0239183379877346,0.08550896398474579
2021-08-31,426.71826171875,-0.001482590555322912,-0.0014814920608851034,0.004388106113489334,0.008901051728230327,0.0015861574698950464,420.55216827392576,413.8488073730469,380.26977767944334,422.79944099566023,419.32344476331264,62.96675852566306,3.4759962323475975,3.119063382263159,0.3569328500844384,427.94150685272984,413.1628296951217,0.9172290509539882,0.08262958879409647
2021-09-01,426.9449157714844,0.000531015192026245,0.00053115620555233,-0.001482590555322912,0.004388106113489334,0.002096271132584137,421.1578994750977,414.3910382080078,380.73066146850584,423.437206345787,419.88799817132536,61.57036656408304,3.5492081744616257,3.2050923407028526,0.3441158337587731,428.558471086472,413.75732786372333,0.8909844131156242,0.07949940236742295
2021-09-02,428.2585144042969,0.003072016831386244,0.003076740310723247,0.000531015192026245,-0.001482590555322912,-0.005920671951329054,421.6979583740234,414.96918029785155,381.17721954345706,424.1789460470962,420.5080364108047,62.32619515640644,3.6709096362914693,3.298255799820576,0.3726538364708931,429.5255946918029,413.87032205624394,0.9190636715819304,0.07767576458579373
2021-09-03,428.1545104980469,-0.00024288258991191403,-0.00024285309632354757,0.003072016831386244,0.000531015192026245,0.008901051728230327,422.1983245849609,415.4979931640625,381.63237243652344,424.79057134724246,421.0744418987486,60.70040494989023,3.7161294484938594,3.381830529555233,0.3342989189386265,430.3432388521822,414.05341031773963,0.8656383429998934,0.0778456103433146
2021-09-07,426.6237182617188,-0.0035817334165602305,-0.0035753266608061773,-0.00024288258991191403,0.003072016831386244,0.004388106113489334,422.63916473388673,415.96765197753905,382.10015747070315,425.0725939494696,421.4854994071168,63.61958280724849,3.5870945423528156,3.4228833321147496,0.16421121023806595,430.737586513825,414.54074295394844,0.7460080270024191,0.07939166165865463
2021-09-08,426.10400390625,-0.0012189457579684353,-0.0012182031453534803,-0.0035817334165602305,-0.00024288258991191403,-0.001482590555322912,423.0280303955078,416.41066284179686,382.558332824707,425.2312724043589,421.827610851497,75.57810856145704,3.4036615528618768,3.4190389762641753,-0.015377423402298529,431.00047525215524,415.0555855388604,0.6929128119448478,0.07978983763156532
2021-09-09,424.2802429199219,-0.004289269913544779,-0.004280084133472251,-0.0012189457579684353,-0.0035817334165602305,0.000531015192026245,423.2737319946289,416.81285095214844,383.0188407897949,425.08496017598395,422.0092873010099,68.85890049069486,3.075672874974032,3.3503657560061466,-0.27469288103211476,431.0719928622892,415.4754711269686,0.5645343200473709,0.08163186387777778
2021-09-10,420.9349060058594,-0.007915983018778728,-0.007884734134777749,-0.004289269913544779,-0.0012189457579684353,0.003072016831386244,423.28932800292966,417.1413287353516,383.4526663208008,424.4464903036571,421.9297035013691,54.29406501799375,2.5167868022879816,3.183649965262514,-0.6668631629745323,431.06648662058114,415.5121693852782,0.34863225036155493,0.08640452362763941
2021-09-13,422.01220703125,0.002556036067407514,0.002559305512609633,-0.007915983018778728,-0.004289269913544779,-0.00024288258991191403,423.3205139160156,417.4465618896484,383.8649546813965,424.07198518482517,421.9358148739529,48.415757103322285,2.1361703108722736,2.974154034384466,-0.8379837235121923,431.0705336612007,415.5704941708305,0.41559331925712634,0.08664559035094344
2021-09-14,419.7347106933594,-0.005411369730203764,-0.005396754643455126,0.002556036067407514,-0.007915983018778728,-0.0035817334165602305,423.18821411132814,417.6440625,384.26847290039063,423.4047121861381,421.77277011983483,41.79614784489314,1.6319420663032815,2.705711640768229,-1.0737695744649476,431.09454749914573,415.28188072351054,0.28159892528121433,0.08830482320513484
2021-09-15,423.24066162109375,0.008318086762083239,0.008352778167769026,-0.005411369730203764,0.002556036067407514,-0.0012189457579684353,423.3696487426758,417.92661437988284,384.6847998046875,423.3794736376697,421.8815028236318,48.01383929627827,1.497970814037899,2.464163475422163,-0.9661926613842642,431.0949027821818,415.6443947031698,0.4916515935319138,0.09010430071869259
2021-09-16,422.5697326660156,-0.0015864763552965887,-0.0015852185669220642,0.008318086762083239,-0.005411369730203764,-0.004289269913544779,423.7471725463867,418.16683166503907,385.1052978515625,423.2548981035691,421.93248281195656,51.89659396546849,1.322415291612515,2.2358138386602335,-0.9133985470477186,430.42057922931247,417.07376586346095,0.41178119839574434,0.07987066881149493
2021-09-17,418.4533996582031,-0.0097889480554601,-0.009741192256819575,-0.0015864763552965887,0.008318086762083239,-0.007915983018778728,423.8867477416992,418.3916265869141,385.4867044067383,422.51620603505125,421.67477294871554,34.73500814778187,0.8414330863357122,1.9569376881953293,-1.115504601859617,429.93568676020817,417.8378087231902,0.05088420738986413,0.08834225038694343
2021-09-20,411.4760437011719,-0.016814731438743857,-0.01667415287515983,-0.0097889480554601,-0.0015864763552965887,0.002556036067407514,423.5120849609375,418.38993469238284,385.8296250915527,420.8177195221467,420.91931152297155,21.774516474536938,-0.10159200082483721,1.545231750391296,-1.6468237512161332,431.4703674021388,415.5538025197362,-0.25619590965087835,0.10263986964268873
2021-09-21,411.08740234375,-0.000944951755903604,-0.0009445054295897926,-0.016814731438743857,-0.0097889480554601,-0.005411369730203764,422.93371734619143,418.35098754882813,386.17107009887695,419.32074764854724,420.1910219541403,21.96546915058751,-0.8702743055930569,1.0621305391944253,-1.9324048447874822,432.6430213281494,413.22441336423344,-0.11004965054418299,0.09609776589971376
2021-09-22,415.0974426269531,0.009707444521410867,0.009754714594367275,-0.000944951755903604,-0.016814731438743857,0.008318086762083239,422.5223052978516,418.42040100097654,386.51779434204104,418.67100841445586,419.81371978175605,31.290265991695236,-1.142711367300194,0.6211621578955014,-1.7638735251956956,432.83993088743654,412.2046797082666,0.14018549585704043,0.1034718511608133
2021-09-23,420.1408996582031,0.012076836214937627,0.01215005565761218,0.009707444521410867,-0.000944951755903604,-0.0015864763552965887,422.3186492919922,418.5784002685547,386.89328872680665,418.89714552887847,419.8379553281595,38.53156344421297,-0.9408097992810553,0.3087677664601901,-1.2495775657412453,432.6564523687449,411.98084621523947,0.3946705785735894,0.11303249187282999
2021-09-24,420.8330078125,0.0016459685714485359,0.0016473239212366764,0.012076836214937627,0.009707444521410867,-0.0097889480554601,422.2748092651367,418.7784014892578,387.26719497680665,419.1949704955895,419.9116629195922,39.82537255071601,-0.7166924240027015,0.10367572836761177,-0.8203681523703132,432.63090407379923,411.91871445647416,0.4303887479172807,0.1113831296333826
2021-09-27,419.6289367675781,-0.0028652620774666745,-0.0028611611317768126,0.0016459685714485359,0.012076836214937627,-0.016814731438743857,421.98224487304685,419.0187683105469,387.65059936523437,419.2617345374339,419.8907202416652,40.19033418046132,-0.6289857042312974,-0.04285655815217006,-0.5861291460791274,432.2875362965154,411.6769534495783,0.3858203999884238,0.10648930931356615
2021-09-28,411.1727294921875,-0.02035744427539416,-0.020151630486994532,-0.0028652620774666745,0.0016459685714485359,-0.000944951755903604,421.1733123779297,419.2104016113281,387.9922836303711,418.0172722227806,419.2449431491113,32.872653543593756,-1.2276709263306884,-0.2798194317878737,-0.9478514945428147,432.21749141542824,410.1291333404311,0.04724643399084,0.1253818616257085
2021-09-29,411.8647155761719,0.0016815425620909923,0.001682957147569164,-0.02035744427539416,-0.0028652620774666745,0.009707444521410867,420.4306350708008,419.3007751464844,388.33943801879883,417.07072504637927,418.69825962518985,35.37877775046398,-1.6275345788105824,-0.5493624611924155,-1.078172117618167,431.8945197800999,408.9667503615017,0.126395427385948,0.126032864175293
2021-09-30,406.830810546875,-0.012297535061657677,-0.012222229384847294,0.0016815425620909923,-0.02035744427539416,0.012076836214937627,419.4249298095703,419.22451171875,388.6690885925293,415.49535358491704,417.8191893230925,34.02554596427824,-2.3238357381754327,-0.904257116589019,-1.4195786215864137,431.96151721199436,406.88834240714624,-0.0022945582567436063,0.13105102029429527
2021-10-01,411.6656799316406,0.011814163350079683,0.011884226217445226,-0.012297535061657677,0.0016815425620909923,0.0016459685714485359,418.5952880859375,419.2277471923828,388.99986938476565,414.9061730228745,417.36337381261455,39.20062279535477,-2.4572007897400567,-1.2148458512192266,-1.2423549385208301,430.8637435427289,406.3268326291461,0.21758432922944304,0.1393171106293224
2021-10-04,406.3567504882813,-0.012980093905370207,-0.01289621579394451,0.011814163350079683,-0.012297535061657677,-0.0028652620774666745,417.5054000854492,419.0401330566406,389.3013943481445,413.5908772483217,416.5480683811824,36.86755967983822,-2.9571911328607143,-1.5633149075475243,-1.39387622531319,430.0676006887249,404.9431994821735,0.05626207743168877,0.14445741251525743
2021-10-05,410.58489990234375,0.010351258661656535,0.010405018272692246,-0.012980093905370207,0.011814163350079683,-0.02035744427539416,416.70345916748045,418.9166705322266,389.614384765625,413.12841919509435,416.1063521975647,37.75019259217247,-2.9779330024703654,-1.8462385265320926,-1.1316944759382728,428.8558218200496,404.5510965149113,0.24825639095607605,0.15151168137538135
2021-10-06,412.2913208007813,0.004147460581743236,0.004156073199095722,0.010351258661656535,-0.012980093905370207,0.0016815425620909923,416.01282501220703,418.8653240966797,389.94285461425784,412.9996348267385,415.82375727928445,40.24679331436383,-2.8241224525459643,-2.041815311734867,-0.7823071408110973,427.4655821938282,404.56006783058587,0.33752802262332887,0.15302899213064905
2021-10-07,415.85595703125,0.008608754362064848,0.008645916250541452,0.004147460581743236,0.010351258661656535,-0.012297535061657677,415.59161071777345,418.88867248535155,390.29534378051756,413.4390690120479,415.8261424460967,47.50920225290582,-2.387073434048773,-2.110866936197648,-0.27620649785112494,426.36353135584693,404.81969007969997,0.5122701569366477,0.15687639949607154
2021-10-08,415.0974426269531,-0.001825648984132863,-0.0018239835007097804,0.008608754362064848,0.004147460581743236,0.011814163350079683,415.29973754882815,418.8624536132813,390.6469509887695,413.694203414341,415.7721646817157,53.94299461047204,-2.0779612673746897,-2.1042858024330564,0.026324535058366738,425.77429219317645,404.82518290447985,0.49034350725430725,0.15479246335519556
2021-10-11,412.09228515625,-0.0072659768153561285,-0.007239643423686104,-0.001825648984132863,0.008608754362064848,-0.012980093905370207,414.8037414550781,418.81657653808594,390.98198303222654,413.4477544515578,415.4995810131627,51.03514097382723,-2.051826561604912,-2.0937939542674275,0.04196739266251548,424.87153965722257,404.7359432529337,0.3653401546005072,0.1559755644047865
2021-10-12,411.0779113769531,-0.0024645554394799383,-0.002461520916151705,-0.0072659768153561285,-0.001825648984132863,0.010351258661656535,414.3709014892578,418.7677996826172,391.3052304077148,413.08316320931095,415.172049928999,45.587082352215894,-2.0888867196880483,-2.0928125073515518,0.003925787663503488,424.2893373427868,404.4524656357288,0.3339965010141687,0.15526675052964056
2021-10-13,412.5567932128906,0.0035911148887096483,0.0035975706672826124,-0.0024645554394799383,-0.0072659768153561285,0.004147460581743236,413.83670806884766,418.681318359375,391.6209919738769,413.00218320986164,414.9783272092873,40.96661534144357,-1.9761439994256307,-2.0694788057663676,0.09333480634073688,422.8535822884965,404.8198338491988,0.42902668791985904,0.15236681903868438
2021-10-14,419.4962768554688,0.01668077385858918,0.016820674769491006,0.0035911148887096483,-0.0024645554394799383,0.008608754362064848,413.6830352783203,418.77463806152343,391.974783782959,414.00127453995503,415.31299014604144,48.61408531275951,-1.311715606086409,-1.917926165830376,0.6062105597439669,422.16194772094906,405.2041228356915,0.8428058501890958,0.1651389340272985
2021-10-15,422.6910705566406,0.007586931899994556,0.007615785591995827,0.01668077385858918,0.0035911148887096483,-0.001825648984132863,413.89491882324216,418.87931274414063,392.3420617675781,415.3381662348297,415.85951462090065,53.04894353529166,-0.5213483860709403,-1.6386106098784887,1.1172622238075485,423.05980860663,404.73002903985434,0.9798831159618673,0.16349740903133125
2021-10-18,423.9424743652344,0.002956189788227646,0.0029605636261627044,0.007586931899994556,0.01668077385858918,-0.0072659768153561285,414.5182403564453,418.9952185058594,392.70672485351565,416.66190594719967,416.4582523797402,64.84456872103827,0.20365356745946883,-1.2701577744108974,1.4738113418703662,424.63658267294596,404.3998980399446,0.9657004929266102,0.15024615918494075
2021-10-19,427.213134765625,0.0076852609869937465,0.007714868403520425,0.002956189788227646,0.007586931899994556,-0.0024645554394799383,415.32452697753905,419.1833428955078,393.1116342163086,418.2851719192651,417.2549103342502,66.83303221971502,1.0302615850148982,-0.8100739025257383,1.8403354875406364,426.7741583266467,403.8748956284314,1.0191698940163905,0.15150708856657547
2021-10-20,428.8911437988281,0.003920109323323715,0.00392780300194584,0.0076852609869937465,0.002956189788227646,0.0035911148887096483,416.0142120361328,419.39463195800784,393.51301071166995,419.9168599007363,418.11685355384856,76.11661836230519,1.8000063468877556,-0.2880578526430395,2.088064199530795,428.96907286511714,403.05935120714844,0.9969922846984716,0.14893455821912227
2021-10-21,430.009765625,0.0026047765146660433,0.002608171892438449,0.003920109323323715,0.0076852609869937465,0.01668077385858918,416.50765533447264,419.6075030517578,393.909559173584,421.4696146275461,418.9978100035635,73.81233267757872,2.471804623982621,0.2639146426820925,2.207889981300528,430.80643139157,402.2088792773753,0.9721421692532005,0.1438340790702024
2021-10-22,429.5641479492188,-0.0010368339677714986,-0.0010362966411553431,0.0026047765146660433,0.003920109323323715,0.007586931899994556,416.94421234130857,419.7863262939453,394.27782699584964,422.71492744626494,419.78050170324167,84.47866245676917,2.9344257430232688,0.7980168627503278,2.136408880272941,432.2935680240502,401.5948566585669,0.9110900766375396,0.1440291960719961
2021-10-25,431.8678283691406,0.005348503364011889,0.005362832142579377,-0.0010368339677714986,0.0026047765146660433,0.002956189788227646,417.55615692138673,419.9959130859375,394.6474739074707,424.12306604978426,420.67585923404897,83.53727913885928,3.447206815735285,1.3278548533473193,2.1193519623879657,434.2712932457652,400.84102059700825,0.928105136865704,0.1440364020490471
2021-10-26,432.256591796875,0.0008997858291951204,0.0009001907579049284,0.005348503364011889,-0.0010368339677714986,0.0076852609869937465,418.61035003662107,420.1934307861328,395.03112869262696,425.37437770318286,421.5336912757398,82.82401461025938,3.8406864274430745,1.8304211681664704,2.010265259276604,436.26348837951014,400.957211693732,0.886510361364466,0.11895559769294937
2021-10-27,430.3415832519531,-0.004440101420182623,-0.0044302587427557105,0.0008997858291951204,0.005348503364011889,0.003920109323323715,419.53419342041013,420.40802307128905,395.4048327636719,426.1385631722244,422.18612771842226,75.18103352236868,3.9524354538021385,2.2548240252936043,1.6976114285085342,437.62930273321206,401.4390841076082,0.7986273706535992,0.12147249375729754
2021-10-28,434.4938049316406,0.009602413688134047,0.009648664784635663,-0.004440101420182623,0.0008997858291951204,0.0026047765146660433,420.91734313964844,420.7975140380859,395.7945100402832,427.4239849813653,423.097807511994,80.15915194882854,4.326177469371316,2.669094714109147,1.6570827552621696,439.15240847611324,402.68227780318364,0.8722624937581999,0.11126546672649318
2021-10-29,435.3755187988281,0.002027233620262362,0.0020292898475875454,0.009602413688134047,-0.004440101420182623,-0.0010368339677714986,422.1028350830078,421.19178649902346,396.1948390197754,428.64729787635963,424.00726760731504,88.76244882530659,4.640030269044587,3.063281825096235,1.5767484439483521,440.8801808149,403.3254893511156,0.8534227868339637,0.10664759845360053
2021-11-01,436.12445068359375,0.0017187196680506648,0.0017201975132452585,0.002027233620262362,0.009602413688134047,0.005348503364011889,423.5912200927734,421.5348895263672,396.6118684387207,429.79762907747255,424.9048367240764,92.06986450092334,4.892792353396146,3.4291839307562175,1.4636084226399286,441.8245447642395,405.3578954213074,0.8436902160370676,0.0891252654473069
2021-11-02,437.8876953125,0.00403483413611978,0.004042985038198443,0.0017187196680506648,0.002027233620262362,0.0008997858291951204,424.95635986328125,421.83954833984376,397.0238662719727,431.0422546520922,425.8665299528485,92.14490189885967,5.175724699243688,3.7784920844537115,1.397232614789976,443.1778614345656,406.7348582919969,0.8548372618642337,0.08546292556043308
2021-11-03,440.5611572265625,0.006086797564694107,0.006105359759320361,0.00403483413611978,0.0017187196680506648,-0.004440101420182623,426.36985168457034,422.1842578125,397.4246337890625,432.50670120201073,426.9550208620125,90.84536546108707,5.551680339998256,4.133129735562621,1.4185506044356355,444.8389275250175,407.9007758441232,0.884191002965977,0.08601781490248499
2021-11-04,442.6373291015625,0.00470149288399466,0.004712562242368268,0.006086797564694107,0.00403483413611978,0.009602413688134047,427.70892028808595,422.55272399902344,397.8341395568848,434.06525934040326,428.1166733242014,90.43022126548784,5.948586016201887,4.496220991690475,1.452365024511412,446.8399579941895,408.5778825819824,0.8901620247372627,0.08392169678599526
2021-11-05,444.1730651855469,0.0034635083871084674,0.003469513262926771,0.00470149288399466,0.006086797564694107,0.002027233620262362,429.16270141601564,423.0019891357422,398.2577084350586,435.62030639350223,429.30603568430104,90.53927120356369,6.314270709201196,4.859830935192619,1.454439774008577,448.6737399903446,409.6516628416867,0.8846633717715228,0.08186190724748295
2021-11-08,444.55224609375,0.000853314126196084,0.0008536783022732308,0.0034635083871084674,0.00470149288399466,0.0017187196680506648,430.78569946289065,423.3834295654297,398.67608474731446,436.9944509627711,430.4353846035195,89.29924163823868,6.559066359251631,5.199678020004422,1.359388339247209,449.7093104212209,411.8620885045604,0.8637399506144272,0.07237428319895202
2021-11-09,443.0828247070313,-0.0033108712743698684,-0.0033053963839579925,0.000853314126196084,0.0034635083871084674,0.00403483413611978,432.38594512939454,423.6980584716797,399.0899305725098,437.93112384650345,431.37223201859445,82.47260274929198,6.558891827909008,5.4715207815853395,1.0873710463236685,449.63090564270743,415.14098461608165,0.810145087585991,0.07339957017558055
2021-11-10,439.5182800292969,-0.0080774067450462,-0.008044872152495053,-0.0033108712743698684,0.000853314126196084,0.006086797564694107,433.73401947021483,423.9540588378906,399.5299847412109,438.1753017207793,431.9756429823502,69.56669727086737,6.199658738429093,5.61714837295409,0.5825103654750032,448.4876095530685,418.98042938736114,0.6960289165755116,0.08456842076493591
2021-11-11,439.6604919433594,0.0003235108031186098,0.00032356313838199924,-0.0080774067450462,-0.0033108712743698684,0.00470149288399466,434.7422302246094,424.20837036132815,399.95563491821287,438.40379252425316,432.5448910535361,71.03905271257679,5.858901470717058,5.665498992506684,0.19340247821037337,448.08787788325833,421.39658256596044,0.6842646323561,0.06825486133339947
2021-11-12,442.9784851074219,0.0075183826677648015,0.007546716670848719,0.0003235108031186098,-0.0080774067450462,0.0034635083871084674,435.75660095214846,424.5027697753906,400.4333627319336,439.1075913832022,433.31774987234246,72.21366668212359,5.7898415108597305,5.690367496177294,0.09947401468243644,448.3057167941914,423.2074851101055,0.7877447401942904,0.06818546744428686
2021-11-15,443.1302185058594,0.00034247130019561474,0.00034252995018646537,0.0075183826677648015,0.0003235108031186098,0.000853314126196084,436.7159881591797,424.8022839355469,400.8829331970215,439.7264570943802,434.0445994007511,71.94778955667937,5.68185769362907,5.688665535667649,-0.006807842038579537,448.3636184809708,425.0683578373886,0.775344862837875,0.06850466641174781
2021-11-16,444.8840637207031,0.003950043440427513,0.003957855144154587,0.00034247130019561474,0.0075183826677648015,-0.0033108712743698684,437.5995346069336,425.16749084472656,401.316300201416,440.5199350368914,434.8475226837105,79.54538127112696,5.672412353180903,5.685414899170301,-0.013002545989397873,448.8873462618009,426.31172295206636,0.8226723361666144,0.0657762245165913
2021-11-17,443.8033447265625,-0.002432170224565158,-0.0024292148950049164,0.003950043440427513,0.00034247130019561474,-0.0080774067450462,438.3451446533203,425.5214776611328,401.74285491943357,441.0250749891485,435.510916909107,71.61098178345591,5.514158080041511,5.651163535344543,-0.137005455303032,449.1715479487545,427.5187413578861,0.752078179811761,0.06720020661176729
2021-11-18,445.310791015625,0.003390898137532209,0.0033966537363327998,-0.002432170224565158,0.003950043440427513,0.0003235108031186098,439.1101959228516,425.94208862304686,402.1565742492676,441.68441591629875,436.2368335095898,72.41243523601422,5.447582406708932,5.610447309617421,-0.1628649029084892,449.6142092540732,428.60618259162993,0.7951536187765045,0.0673968516961875
2021-11-19,444.5143432617188,-0.001790122431729831,-0.0017885211182278038,0.003390898137532209,-0.002432170224565158,0.0075183826677648015,439.8577056884766,426.4136773681641,402.5591766357422,442.1197893540557,436.8499823801179,68.88581132324349,5.2698069739377615,5.542319242481489,-0.27251226854372756,449.6016945598726,430.11371681708056,0.7389492452578644,0.06786115524372491
2021-11-22,443.2629699707031,-0.002819117139241152,-0.002815147160007192,-0.001790122431729831,0.003390898137532209,0.00034247130019561474,440.4274627685547,426.8386926269531,402.9423783874512,442.2956632950784,437.325018497939,62.38526175157332,4.970644797139357,5.427984353413063,-0.4573395562737055,449.51482227730156,431.3401032598078,0.6560138123411525,0.0682458617575384
2021-11-23,443.8507080078125,0.001325057064712108,0.0013259353407035768,-0.002819117139241152,-0.001790122431729831,0.003950043440427513,441.0071685791016,427.3210125732422,403.32973907470705,442.5349009431913,437.8084029060778,58.38548068395748,4.726498037113515,5.287687090153154,-0.5611890530396391,449.3484393076427,432.66589785056044,0.6704500142275237,0.06822929765359247
2021-11-24,445.0357666015625,0.002666390657777216,0.002669948638966968,0.001325057064712108,-0.002819117139241152,-0.002432170224565158,441.741877746582,427.75691467285156,403.7238235473633,442.91964950601766,438.34376317981736,56.40490277574039,4.575886326200305,5.145326937362585,-0.5694406111622801,448.5809101178535,434.90284537531056,0.7408154162873268,0.06484662354344066
2021-11-26,435.1100158691406,-0.022555744165594423,-0.022303265214430157,0.002666390657777216,0.001325057064712108,0.003390898137532209,441.772688293457,428.0077203369141,404.0653211975098,441.71816740803655,438.1042263419895,33.28681057207238,3.6139410660470617,4.839049763099481,-1.225108697052419,448.47848742661057,435.06688916030345,0.0032156278454538887,0.10235317584058982
2021-11-29,440.4473876953125,0.012192091391562195,0.012266717913882896,-0.022555744165594423,0.002666390657777216,-0.001790122431729831,442.0262817382812,428.4476000976563,404.4244464111328,441.5226628368482,438.27779384964305,43.60048871278989,3.244868987205166,4.520213607920618,-1.275344620715452,448.0637651107284,435.98879836583404,0.369242369248236,0.11093046518341347
2021-11-30,431.8773498535156,-0.01964936499065353,-0.01945757446000651,0.012192091391562195,-0.022555744165594423,-0.002819117139241152,441.81392669677734,428.85562622070313,404.74231735229495,440.0387685317201,437.80368688696694,35.697185331533134,2.2350816447531656,4.063187215287128,-1.8281055705339622,448.92819022451897,434.6996631690357,-0.198355972091465,0.13195723779868757
2021-12-01,427.0803833007813,-0.011169388755780501,-0.011107242726115074,-0.01964936499065353,0.012192091391562195,0.001325057064712108,441.27356109619143,429.17548583984376,405.0357807922363,438.04517080388337,437.00936810280507,34.60835163042374,1.0358027010782962,3.4577103124453616,-2.4219076113670654,450.85679920181514,431.6903229905677,-0.24052098252057288,0.13601763346221782
2021-12-02,433.6216735839844,0.015200187277673898,0.015316297678313662,-0.011169388755780501,-0.01964936499065353,0.002666390657777216,440.9265869140625,429.54597045898436,405.3697898864746,437.3646327700527,436.7584277680776,43.54879093622729,0.6062050019751268,2.8874092503513147,-2.281204248376188,451.1026030031227,430.75057082500234,0.14107204302028578,0.146016399285765
2021-12-03,429.8486022949219,-0.008739375075176059,-0.008701297741593894,0.015200187277673898,-0.011169388755780501,-0.022555744165594423,440.28715057373046,429.74012451171876,405.6881729125977,436.20832038926335,436.24658884414015,36.108546033845215,-0.03826845487679975,2.302273709305692,-2.3405421641824917,451.5587844541349,429.015516693326,0.03695496191746378,0.1470978505331738
2021-12-06,434.93939208984375,0.011773633848510259,0.011843215885180447,-0.008739375075176059,0.015200187277673898,0.012192091391562195,439.8254669189453,430.02225219726563,406.046092376709,436.0131006508911,436.149759454933,42.15406616265818,-0.13665880404192876,1.814487206636168,-1.9511460106780967,451.1830182819505,428.4679155559401,0.2848975244339673,0.15360511572326568
2021-12-07,443.9360656738281,0.020473862981187415,0.020684890234375475,0.011773633848510259,-0.008739375075176059,-0.01964936499065353,439.7946578979492,430.5083947753906,406.4467887878418,437.23201834672756,436.7265228785549,49.20256870220778,0.5054954681726826,1.552688858943471,-1.0471933907707884,451.10145109045976,428.48786470543865,0.6831380350452559,0.17156893710538693
2021-12-08,445.1116027832031,0.002644487660577724,0.0026479874023992434,0.020473862981187415,0.011773633848510259,-0.011169388755780501,439.89609680175784,431.18717224121093,406.8333193969727,438.44426210618536,437.34763990852883,51.098720001066205,1.0966221976565294,1.4614755266860828,-0.3648533290295535,451.36237719107714,428.4298164124385,0.7274279803197323,0.1713788218960083
2021-12-09,442.1064453125,-0.006774363911712598,-0.006751469635732699,0.002644487660577724,0.020473862981187415,0.015200187277673898,440.02550506591797,431.7920068359375,407.24913665771487,439.00767490715685,437.70014401252666,47.374918622477296,1.3075308946301902,1.4306866002749044,-0.12315570564471412,451.5321804592853,428.5188296725506,0.5904231750459182,0.1706018881346368
2021-12-10,446.2681274414063,0.009369274403725763,0.009413303454476107,-0.006774363911712598,0.002644487660577724,-0.008739375075176059,440.3558868408203,432.5807531738281,407.6950094604492,440.1246676047337,438.33480945170294,51.36166542666369,1.7898581530307638,1.5025209108260764,0.28733724220468737,452.1931256332619,428.5186480483787,0.7497305623487607,0.1736179555247558
2021-12-13,442.31494140625,-0.008897788524385088,-0.008858320350640159,0.009369274403725763,-0.006774363911712598,0.011773633848510259,440.32270965576174,433.1937384033203,408.07783660888674,440.46163280496694,438.62963404092864,49.29357364639706,1.8319987640383033,1.568416481468522,0.26358228256978133,452.13268683118673,428.51273248033675,0.5843452836908877,0.17489885415963227
2021-12-14,439.2717590332031,-0.006903902835668487,-0.006880125648416224,-0.008897788524385088,0.009369274403725763,0.020473862981187415,440.1297866821289,433.85203857421874,408.45971786499024,440.2785753016187,438.6771988551712,46.70843272845815,1.6013764464474889,1.5750084744643154,0.026367971983173533,451.8725284044091,428.3870449598487,0.4634656169224184,0.17655310105325964
2021-12-15,446.1354675292969,0.015504382129489703,0.015625198649692695,-0.006903902835668487,-0.008897788524385088,0.002644487660577724,440.1923568725586,434.5630499267578,408.89995178222654,441.17963564433836,439.22966320140273,50.73084974897385,1.949972442935632,1.650001268158579,0.29997117477705304,452.05449186895765,428.33022187615956,0.7505076303103279,0.18492651953174766
2021-12-16,442.20123291015625,-0.008857588208325834,-0.008818475340973131,0.015504382129489703,-0.006903902835668487,-0.006774363911712598,440.1122512817383,435.1612481689453,409.3426708984375,441.3368044544642,439.44977947612523,55.12053808125429,1.8870249783389568,1.6974060101946546,0.18961896814430212,451.8930714054088,428.33143115806774,0.5886602802898542,0.18750067949801585
2021-12-17,437.494873046875,-0.010700069568352486,-0.010643027456772036,-0.008857588208325834,0.015504382129489703,0.009369274403725763,439.7214553833008,435.5940264892578,409.7293276977539,440.74573808406586,439.30497159247705,47.84839392351644,1.4407664915888176,1.6460781064734873,-0.20531161488466965,451.29286395888425,428.15004680771733,0.403789485874518,0.19058661751869174
2021-12-20,432.8427734375,-0.010690434760967349,-0.010633495146985528,-0.010700069568352486,-0.008857588208325834,-0.008897788524385088,439.1378768920898,435.94893310546877,410.10169021606447,439.5298973692096,438.8262902476639,50.746146853776914,0.7036071215457014,1.4575839094879304,-0.753976787942229,450.8676978356506,427.40805594852907,0.2316624232850884,0.19373946268148068
2021-12-21,440.52972412109375,0.01760336902261226,0.017759221489471733,-0.010690434760967349,-0.010700069568352486,-0.006903902835668487,439.0012145996094,436.51768188476564,410.486904296875,439.68371686949945,438.9524705345847,59.950103630920346,0.731246334914772,1.3123163945732987,-0.5810700596585268,450.59153393725563,427.41089526196316,0.5659390598721313,0.20489916438861427
2021-12-22,444.9344482421875,0.009949042753875396,0.009998699020552282,0.01760336902261226,-0.010690434760967349,0.015504382129489703,439.05540161132814,437.1948126220703,410.88282897949216,440.4915216960668,439.3955799944071,58.64265200769007,1.095941701659683,1.2690414559905756,-0.17309975433089253,450.7508400982125,427.35996312444377,0.7513392993966114,0.2080736420784974
2021-12-23,447.702880859375,0.006202836030385804,0.006222113455419898,0.009949042753875396,0.01760336902261226,-0.008857588208325834,439.1887573242187,437.897734375,411.2740536499023,441.60096156734494,440.01093561403434,63.85282851066386,1.590025953310601,1.3332383554545808,0.2567875978560201,451.2271087033747,427.15040594506274,0.8536249801570921,0.2090237169348654
2021-12-27,454.0388488769531,0.014052964569069397,0.014152171648786682,0.006202836030385804,0.009949042753875396,-0.010700069568352486,440.13519897460935,438.58858581542967,411.69447021484376,443.51448269190007,441.0500403001765,64.53803344172087,2.464442391723594,1.5594791627083837,0.9049632290152103,453.7025987175183,426.5677992317004,1.0123918424239902,0.19591715163496606
2021-12-28,453.6677551269531,-0.0008176513623185634,-0.0008173171765321063,0.014052964569069397,0.006202836030385804,-0.010690434760967349,440.7962173461914,439.20811950683594,412.102000579834,445.07652460498514,441.98468584290066,58.52724703687737,3.0918387620844783,1.8659510825836025,1.2258876795008757,455.6544725631695,425.93796212921325,0.9331443225599522,0.19246665018318607
2021-12-29,454.24810791015625,0.0012784287308403076,0.001279246269201284,-0.0008176513623185634,0.014052964569069397,0.01760336902261226,441.9147552490234,439.81423217773437,412.51477920532227,446.4875374211653,442.89308747751215,58.090108981443684,3.59444994365316,2.211650854797514,1.3827990888556458,457.30464547148756,426.52486502655927,0.9006965768712965,0.17559295606958147
2021-12-30,452.9923095703125,-0.0027683932895490827,-0.0027645648225619324,0.0012784287308403076,-0.0008176513623185634,0.009949042753875396,443.2103515625,440.32981567382814,412.91494216918943,447.4882715979572,443.6411780029048,59.94728364655278,3.8470935950523995,2.5387394028484915,1.308354192203908,457.67710944702554,428.7435936779745,0.83808397451221,0.16932327654433132
2021-12-31,451.8507385253906,-0.0025232478781860674,-0.002520067164064499,-0.0027683932895490827,0.0012784287308403076,0.006202836030385804,444.12180480957034,440.78900756835935,413.3365293884277,448.1594203560239,444.249293597163,55.39928773356294,3.9101267588608835,2.81301687405097,1.0971098848099134,458.3397493540791,429.90386026506155,0.7718020770029427,0.16391074334478156
2022-01-03,454.4669189453125,0.005773224574894984,0.005789921752611837,-0.0025232478781860674,-0.0027683932895490827,0.014052964569069397,445.3527206420898,441.2781506347656,413.77459732055667,449.129804754376,445.006154734063,62.064951418539856,4.1236500203129935,3.075143503303375,1.0485065170096184,458.5970342128135,432.1084070713661,0.8440796782163719,0.1592592001992463
2022-01-04,454.3147277832031,-0.000334934500669093,-0.00033487841637092064,0.005773224574894984,-0.0025232478781860674,-0.0008176513623185634,446.3214874267578,441.7731622314453,414.1972581481934,449.92748522034935,445.6956786636289,65.84482277564697,4.231806556720471,3.3064761139867946,0.9253304427336766,459.1877323548198,433.45524249869584,0.8106283302213385,0.15596036166505337
2022-01-05,445.5908508300781,-0.019389034715185258,-0.01920227635078564,-0.000334934500669093,0.005773224574894984,0.0012784287308403076,446.4042266845703,442.04762268066406,414.5908520507812,449.26031069876916,445.68791363892143,49.44798445967682,3.572397059847731,3.3596603031589822,0.21273675668874859,459.2270919962627,433.5813613728779,0.46828416135079826,0.15811571607217423
2022-01-06,445.17230224609375,-0.0009397528699786751,-0.000939311440539381,-0.019389034715185258,-0.000334934500669093,-0.0027683932895490827,446.40726165771486,442.3059368896484,414.9916781616211,448.6313863214345,445.6497202024157,53.2425238369932,2.9816661190187688,3.2840614663309395,-0.30239534731217077,459.22886745548783,433.5856558599419,0.4518406886352874,0.15788827400650718
2022-01-07,443.4122314453125,-0.0039615209040303025,-0.0039536844316254705,-0.0009397528699786751,-0.019389034715185258,-0.0025232478781860674,446.4725509643555,442.5673498535156,415.37343658447264,447.8284394174157,445.48398029448214,56.901859052576576,2.3444591229335856,3.096140997651469,-0.7516818747178835,459.2149989917849,433.7301029369261,0.379916342901484,0.15659637859558548
2022-01-10,442.8604431152344,-0.0012451887939501955,-0.00124441386806029,-0.0039615209040303025,-0.0009397528699786751,0.005773224574894984,446.3021667480469,442.7346826171875,415.72286056518556,447.0641322940032,445.28964420713044,62.92017459961348,1.7744880868727364,2.8318104154957227,-1.0573223286229863,459.1468447919059,433.4574887041879,0.3660253055366387,0.15279237483731367
2022-01-11,446.8942565917969,0.00906731060795623,0.00910854319746246,-0.0012451887939501955,-0.0039615209040303025,-0.000334934500669093,446.53113250732423,442.9650573730469,416.09339584350585,447.03799757058687,445.40850438377237,59.06256491014915,1.6294931868145,2.5913469697594786,-0.9618537829449787,459.23907805181057,433.8231869628379,0.5142872851949777,0.15282184050544692
2022-01-12,448.1023559570313,0.002699675243546804,0.002703322648287987,0.00906731060795623,-0.0012451887939501955,-0.019389034715185258,446.9726623535156,443.2046154785156,416.47491622924804,447.2017450146552,445.60804894475456,54.962605724163986,1.593696069900659,2.3918167897877147,-0.7981207198870557,459.2240442099114,434.7212804971198,0.5461047421734696,0.1504215791602465
2022-01-13,441.92816162109375,-0.013874340838146516,-0.01377853576054311,0.002699675243546804,0.00906731060795623,-0.0009397528699786751,446.76229705810545,443.2854248046875,416.8180307006836,446.39042449256885,445.3354646985575,41.82596360029791,1.0549597940113813,2.1244453906324483,-1.069485596621067,459.21700421242025,434.30758990379064,0.3059313889473122,0.14897874481960716
2022-01-14,442.1089477539063,0.0004090012362955988,0.0004090848887055021,-0.013874340838146516,0.002699675243546804,-0.0039615209040303025,446.75768280029297,443.3163806152344,417.14189224243165,445.73173576354384,445.09646344339814,29.549932045671383,0.6352723201457025,1.8266107765350992,-1.1913384563893967,459.21957119889663,434.2957944016893,0.31348191792074037,0.14565647815685362
2022-01-18,434.2793273925781,-0.01786840126051612,-0.017709707982853207,0.0004090012362955988,-0.013874340838146516,-0.0012451887939501955,446.59690551757814,443.1492205810547,417.3995260620117,443.96982678339526,444.29519410630036,23.532524017030795,-0.3253673229050946,1.3962151566470604,-1.721582479552155,459.63176864157987,433.5620423935764,0.027514097853507485,0.15458294902863823
2022-01-19,429.7699890136719,-0.010437782272907608,-0.010383497658017493,-0.01786840126051612,0.0004090012362955988,0.00906731060795623,446.4432662963867,442.8611590576172,417.6357434082031,441.78523635728396,443.21925298832787,19.821736954779738,-1.434016631043903,0.8301687991088678,-2.2641854301527706,460.2124786248073,432.6740539679661,-0.10545501387541265,0.15436164616714657
2022-01-20,425.0132751464844,-0.011129752226694581,-0.011068045672766091,-0.010437782272907608,-0.01786840126051612,0.002699675243546804,445.6674438476563,442.4703796386719,417.8459638977051,439.2049346325456,441.8706620370802,18.24662851807203,-2.665727404534607,0.1309895583801728,-2.79671696291478,462.29205951476877,429.0428281805438,-0.12119236663109252,0.14332296302513137
2022-01-21,416.6699523925781,-0.019825976736048818,-0.01963073447771868,-0.011129752226694581,-0.010437782272907608,-0.013874340838146516,444.2542190551758,441.94212219238284,418.005378112793,435.7380142879352,440.0039428041541,15.683003500750303,-4.265928516218935,-0.7483940565396489,-3.517534459679286,465.34633736722117,423.1621007431304,-0.15389986568690694,0.14979320291824136
2022-01-24,418.4394836425781,0.00423784912958301,0.004246841510502808,-0.019825976736048818,-0.011129752226694581,0.0004090012362955988,442.7910491943359,441.52054626464843,418.15965240478516,433.07670188095716,438.4065754588522,14.266930686356517,-5.329873577895057,-1.6646899608107306,-3.6651836170843266,466.74213041846775,418.8399679702041,-0.008360464479208319,0.14829796891209565
2022-01-25,413.3307495117188,-0.012284157738806636,-0.012209015474321516,0.00423784912958301,-0.019825976736048818,-0.01786840126051612,440.7556442260742,440.99395141601565,418.28767684936525,430.03886305492045,436.5491068701757,12.989765272034276,-6.510243815255251,-2.633800731699635,-3.876443083555616,467.44448154596625,414.06680690618214,-0.01378961147016177,0.13620995549275536
2022-01-26,412.2938232421875,-0.0025118603514301193,-0.0025087082699660757,-0.012284157738806636,0.00423784912958301,-0.010437782272907608,438.68694763183595,440.38025817871096,418.40477127075195,427.3088569298846,434.75241919402845,15.083904720028684,-7.44356226414385,-3.5957530381884784,-3.8478092259553716,467.4917689091604,409.8821263545115,0.041862729583649755,0.13570183513521936
2022-01-27,410.2578125,-0.004950485323497938,-0.00493825186653718,-0.0025118603514301193,-0.012284157738806636,-0.011129752226694581,436.4874328613281,439.7228100585937,418.51832565307615,424.68561932528695,432.93800388335967,14.58901294270018,-8.25238455807272,-4.527079342165327,-3.725305215907393,466.95905183101803,406.0158138916382,0.06960573070602738,0.13380054822531368
2022-01-28,420.44677734375,0.024532128415543402,0.024835516919619938,-0.004950485323497938,-0.0025118603514301193,-0.019825976736048818,434.86015625,439.2340643310547,418.66200912475585,424.03348978966585,432.01272784338863,30.108858727888148,-7.979238053722781,-5.217511084476818,-2.761726969245963,465.0957191846102,404.6245933153898,0.26164857691881743,0.1702261959167284
2022-01-31,428.01953125,0.017850926831566572,0.018011206921580536,0.024532128415543402,-0.004950485323497938,0.00423784912958301,433.6685958862305,438.91838806152344,418.8370100402832,424.64672693740954,431.7169355031376,38.53962574156726,-7.07020856572808,-5.588050580727072,-1.4821579850010087,462.94807300154423,404.38911877091675,0.4035320095713745,0.18670388847148536
2022-02-01,430.91162109375,0.0067341853077730746,0.00675691091783559,0.017850926831566572,0.024532128415543402,-0.012284157738806636,432.49083099365237,438.6304046630859,419.0361253356934,425.6105568076158,431.65728258392375,37.436434792496435,-6.046725776307937,-5.679785619843245,-0.36694015646469236,460.09481629244954,404.8868456948552,0.4713952553805486,0.18731310564934656
2022-02-02,435.0975036621094,0.00966713871125739,0.009714016432730954,0.0067341853077730746,0.017850926831566572,-0.0025118603514301193,431.5299697875977,438.44206787109374,419.2704875183106,427.07008709292245,431.91211377490043,40.234378759705606,-4.842026681977984,-5.5122338322701925,0.6702071502922085,457.20589423448394,405.8540453407114,0.5694723549660611,0.19225997364769107
2022-02-03,424.8705749511719,-0.02378555930209088,-0.023504912404369027,0.00966713871125739,0.0067341853077730746,-0.004950485323497938,430.4939559936523,438.0742199707031,419.4353482055664,426.7317006095762,431.3905183064761,37.92598717820772,-4.658817696899916,-5.3415506051961374,0.682732908296221,455.4428506183899,405.54506136891473,0.38730200020756245,0.19803192536203001
2022-02-04,426.8683776855469,0.00469112371092841,0.004702144257941576,-0.02378555930209088,0.00966713871125739,0.024532128415543402,429.578759765625,437.7345733642578,419.6280937194824,426.7527278520332,431.055544927148,39.482678956597006,-4.302817075114774,-5.133803899179865,0.8309868240650911,453.58561916204695,405.5719003692031,0.44354984058260216,0.19957804744185362
2022-02-07,425.4984436035156,-0.00321442652949324,-0.0032092657916216183,0.00469112371092841,-0.02378555930209088,0.017850926831566572,428.68307037353514,437.34382690429686,419.7929379272461,426.559761044569,430.6439077920641,43.34730467481949,-4.08414674749514,-4.92387246884292,0.8397257213477802,451.8383949511781,405.5277457958922,0.43123338091545566,0.19950319430280303
2022-02-08,428.99945068359375,0.008194348268708357,0.008228013833442738,-0.00321442652949324,0.00469112371092841,0.0067341853077730746,427.9900207519531,437.22161560058595,419.97119033813476,426.93509791211125,430.5220961543996,49.407156015949425,-3.5869982422883595,-4.656497623532008,1.0694993812436486,450.16776616671757,405.8122753371887,0.5227577220488926,0.20280225472312616
2022-02-09,435.27825927734375,0.014529864613146034,0.01463593620864767,0.008194348268708357,-0.00321442652949324,0.00966713871125739,427.40922088623046,437.11823303222656,420.1812608337402,428.2186611990701,430.87440453387694,57.717023874473064,-2.655743334806857,-4.256346765786978,1.6006034309801205,448.0581692673751,406.7602725050858,0.6905433207993008,0.2074824930017522
2022-02-10,427.4581909179688,-0.01812901851063639,-0.017965676421234478,0.014529864613146034,0.008194348268708357,-0.02378555930209088,426.3770126342773,437.0298498535156,420.3527958679199,428.10166577120833,430.62135167343934,58.174710978715815,-2.5196859022310036,-3.909014593075783,1.3893286908447795,444.5908769915635,408.16314827699114,0.5296800904652333,0.21516539872090454
2022-02-11,419.02935791015625,-0.019915500492944688,-0.01971849688904448,-0.01812901851063639,0.014529864613146034,0.00469112371092841,425.2320724487305,436.86882934570315,420.46965942382815,426.7059261002772,429.76268546875167,50.40599926987766,-3.056759368474445,-3.7385635481555157,0.6818041796810705,442.1636380802387,408.3005068172223,0.3168298586921129,0.22045734765178995
2022-02-14,417.6593627929688,-0.003274805331174604,-0.003269449004766778,-0.019915500492944688,-0.01812901851063639,-0.00321442652949324,424.0095932006836,436.5495831298829,420.5926710510254,425.31414712992205,428.8661430483233,53.14095500621813,-3.5519959184012464,-3.701250022204662,0.14925410380341564,439.2573574627699,408.76182893859726,0.291765195914503,0.2201647165544522
2022-02-15,424.3948974609375,0.015998204971949676,0.016126861428238826,-0.003274805331174604,-0.019915500492944688,0.008194348268708357,423.51537170410154,436.44050903320317,420.7451216125488,425.17272410392445,428.5349396714799,58.110137917831814,-3.362215567555438,-3.6334431312748174,0.2712275637193793,437.98234983733107,409.048393570872,0.5303977011901247,0.22232234672188927
2022-02-16,424.8705749511719,0.0011202092995163864,0.0011208369683053387,0.015998204971949676,-0.003274805331174604,0.014529864613146034,423.27040100097656,436.23913269042976,420.91210174560547,425.1262396188856,428.26350524775336,60.002673891745005,-3.1372656288677376,-3.534207630793402,0.3969420019256642,437.4546030559967,409.0861989459564,0.556406907628229,0.21968895152905668
2022-02-17,415.7947082519531,-0.021592944343081632,-0.02136148567187024,0.0011202092995163864,0.015998204971949676,-0.01812901851063639,422.80947265625,435.67630554199224,421.03308990478513,423.6906194085883,427.3398906554719,46.76630571975625,-3.649271246883586,-3.557220354011439,-0.0920508928721473,437.34986514870866,408.2690801637914,0.2587835263754022,0.22928718205084334
2022-02-18,413.1023864746094,-0.0064961773000185505,-0.006475122756281704,-0.021592944343081632,0.0011202092995163864,-0.019915500492944688,422.63109436035154,435.0361212158204,421.1249801635742,422.0616604956685,426.28526071614874,38.87622836996993,-4.22360022048025,-3.690496327305201,-0.5331038931750491,437.57066916199386,407.6915195587092,0.18109173078022728,0.21951956210965098
2022-02-22,408.6691284179688,-0.010789619704964873,-0.010731620542001052,-0.0064961773000185505,-0.021592944343081632,-0.003274805331174604,422.14257659912107,434.36737487792976,421.18034088134766,420.00127094525317,424.9803620273947,33.78636068374547,-4.979091082141508,-3.948215278272463,-1.030875803869045,438.2524013422758,406.03275185596635,0.08182511616467726,0.22175107185559922
2022-02-23,401.4199523925781,-0.017897709537358444,-0.017738496796793846,-0.010789619704964873,-0.0064961773000185505,0.015998204971949676,421.5470367431641,433.4704113769532,421.2191412353516,417.14260655253395,423.2351464988898,26.500278109265807,-6.092539946355828,-4.377080211889137,-1.715459734466691,439.77042342909556,403.3236500572326,-0.05223226882751024,0.22632692503678478
2022-02-24,407.4609680175781,0.014937001953586819,0.015049116490084335,-0.017897709537358444,-0.010789619704964873,0.0011202092995163864,421.3053939819336,432.7733319091798,421.30571365356445,415.6531237010023,422.06668883360743,37.09812677025953,-6.413565132605129,-4.784377196032335,-1.6291879365727935,440.16255067732925,402.44823728653796,0.13291321730025513,0.2336111632284483
2022-02-25,416.45123291015625,0.02182422281342127,0.022064113125530804,0.014937001953586819,-0.017897709537358444,-0.021592944343081632,421.6150650024414,432.31692138671883,421.47868118286135,415.77590973317984,421.650729135574,43.00503737146833,-5.8748194023941664,-5.002465637304702,-0.8723537650894642,439.9031664192919,403.3269635855909,0.35881989675737413,0.24598708191373977
2022-02-28,415.3856506347656,-0.0025619995442109763,-0.0025587204243443518,0.02182422281342127,0.014937001953586819,-0.0064961773000185505,421.3620086669922,431.7019250488282,421.6233853149414,415.7158698718854,421.1866492466252,43.181535726484455,-5.470779374739834,-5.096128384791729,-0.37465098994810475,439.85706952083177,402.86694781315265,0.3384336748211916,0.22949121914244336
2022-03-01,409.0591735839844,-0.01534754308930563,-0.01523036975666714,-0.0025619995442109763,0.02182422281342127,-0.010789619704964873,420.4139907836914,431.0390838623048,421.7067868041992,414.69176275066985,420.2883177160592,37.04888853651525,-5.596554965389373,-5.196213700911258,-0.400341264478115,439.40918101664863,401.4188005507342,0.20111335921221518,0.22427616844465426
2022-03-02,416.5843811035156,0.018229212506577,0.018396378826072812,-0.01534754308930563,-0.0025619995442109763,-0.017897709537358444,419.6976287841797,430.6208740234376,421.83280670166016,414.9829348049538,420.01395204105603,38.05186592739299,-5.03101723610223,-5.163174407949453,0.13215717184722298,438.09719471054444,401.29806285781495,0.4153988824213755,0.23389930371565415
2022-03-03,414.5104370117188,-0.004990882752637913,-0.00497844899106159,0.018229212506577,-0.01534754308930563,0.014937001953586819,418.6682754516602,430.254227294922,421.96531677246094,414.9102428367638,419.60628426110515,41.06843925885256,-4.696041424341331,-5.0697478112278285,0.3737063868864974,435.69236718190234,401.644183721418,0.37788369253922516,0.23021706714484427
2022-03-04,411.1426696777344,-0.008157871590376335,-0.008124686457265828,-0.004990882752637913,0.018229212506577,0.02182422281342127,417.9818801879883,429.66648620605474,422.0860743713379,414.3306161969132,418.97934984752214,44.151257849251806,-4.6487336506089605,-4.985544979104055,0.3368113284950942,435.0599487673814,400.90381160859516,0.299766276893094,0.21730539626375872
2022-03-07,399.0224914550781,-0.02992249756810188,-0.0294792516479897,-0.008157871590376335,-0.004990882752637913,-0.0025619995442109763,416.58958587646487,428.7482470703126,422.12541488647463,411.9755200827847,417.50106404067446,38.07961510788975,-5.525543957889738,-5.093544774861192,-0.43199918302854634,435.0976548977843,398.0815168551454,0.025420658385507233,0.23770283223012956
2022-03-08,395.9972839355469,-0.007610432380418506,-0.007581546364716196,-0.02992249756810188,-0.008157871590376335,-0.01534754308930563,415.1145278930664,427.71413513183603,422.15123077392576,409.5173299062866,415.9081914402947,30.93145855541607,-6.390861534008081,-5.35300812669057,-1.0378534073175114,435.26274276450823,394.96631302162456,0.025584671408870562,0.2381756717452179
2022-03-09,406.6142272949219,0.026457538987397434,0.026810646916212155,-0.007610432380418506,-0.02992249756810188,0.018229212506577,413.9952667236328,426.7656427001954,422.21021011352536,409.0706987353074,415.21974965174854,39.2106058627598,-6.1490509164411264,-5.5122166846406815,-0.636834231800445,433.367924014689,394.62260943257667,0.30949852883324946,0.2581484100521752
2022-03-10,404.7782287597656,-0.004525557650912589,-0.004515332745168799,0.026457538987397434,-0.007610432380418506,-0.004990882752637913,412.4702651977539,425.7878521728516,422.26438919067385,408.41031873907025,414.4463036597498,42.88003906838624,-6.035984920679539,-5.616970331848453,-0.4190145888310859,429.4417565484172,395.49877384709066,0.27338360315377697,0.25003387276422945
2022-03-11,399.6313781738281,-0.01279676616874259,-0.012715235702541072,-0.004525557650912589,0.026457538987397434,-0.008157871590376335,411.07892456054685,424.6955175781251,422.288924407959,407.05971249826376,413.34890177190374,41.56140841882459,-6.289189273639977,-5.751414120206758,-0.5377751534332189,427.42796117085936,394.72988795023434,0.14990150002178296,0.24662665097007266
2022-03-14,396.7108154296875,-0.007334977003362704,-0.007308141711710792,-0.01279676616874259,-0.004525557650912589,-0.02992249756810188,409.96299743652344,423.56988769531256,422.29782135009765,405.4675744877136,412.11645093173956,42.36428954473742,-6.648876444025973,-5.930906584970601,-0.7179698590553718,427.05691475130897,392.8690801217379,0.112371413679024,0.23936579647166323
2022-03-15,405.43463134765625,0.021752064852548273,0.021990365724009253,-0.007334977003362704,-0.01279676616874259,-0.007610432380418506,409.3517608642578,422.6415655517579,422.3468051147461,405.46250631232016,411.62150133291857,52.516099417609425,-6.158995020598411,-5.976524272096163,-0.1824707485022481,426.15877318726314,392.5447485412525,0.38346740511281047,0.2546186744077055
2022-03-16,414.4247741699219,0.02193181688763516,0.022174087083736804,0.021752064852548273,-0.007334977003362704,0.026457538987397434,408.853254699707,421.8407226562501,422.4424821472168,406.84131675195124,411.8291511726966,54.20880885858447,-4.987834420745344,-5.778786301825999,0.7909518810806553,424.3195422325657,393.3869671668483,0.6801181912071002,0.2608182125049712
2022-03-17,419.6096801757813,0.012433473878141976,0.012511090863823515,0.02193181688763516,0.021752064852548273,-0.004525557650912589,408.5902099609375,421.1466217041016,422.560975189209,408.80568035561737,412.40548665440656,52.00095276099623,-3.59980629878919,-5.342990301218637,1.7431840024294472,423.05607561280914,394.12434430906586,0.8808783546050033,0.26520124241310117
2022-03-18,424.20550537109375,0.010893074025294183,0.010952619571090949,0.012433473878141976,0.02193181688763516,-0.01279676616874259,409.01074981689453,420.71891479492194,422.70979461669924,411.1748842041522,413.2795621149019,55.34835984421027,-2.1046779107497287,-4.695327823124856,2.5906499123751274,424.7880593583163,393.2334402754728,0.9815382342061209,0.25604386974771876
2022-03-21,424.08154296875,-0.00029226522665592287,-0.00029222252133509485,0.010893074025294183,0.012433473878141976,-0.007334977003362704,409.55970764160156,420.2970996093751,422.83995635986327,413.16052401409036,414.0797088448166,59.850564495440054,-0.9191848307262376,-3.9400992246451327,3.020914393918895,426.6461555158602,392.47325976734294,0.9249518517253117,0.2545772550030249
2022-03-22,429.0437927246094,0.011633239597573907,0.011701168886345537,-0.00029226522665592287,0.010893074025294183,0.021752064852548273,410.5784408569336,420.00973083496103,422.99686111450194,415.6041038157087,415.188159502579,58.45412528679461,0.4159443131296712,-3.068890517090172,3.4848348302198433,429.74434766232633,391.41253405154083,0.981723929245032,0.25287736314186093
2022-03-23,423.5184326171875,-0.012961957036529487,-0.012878312659725277,0.011633239597573907,-0.00029226522665592287,0.02193181688763516,411.68336486816406,419.6228906250001,423.1257144165039,416.82169286209006,415.80521677032783,55.838749289872716,1.0164760917622289,-2.2518171953196924,3.2682932870819212,431.17141927586715,392.195310460461,0.8036492894936029,0.24817759164808723
2022-03-24,429.9026489257813,0.014961747583998595,0.01507423483115411,-0.012961957036529487,0.011633239597573907,0.012433473878141976,412.8054489135742,419.28305847167974,423.28945571899413,418.8341476411195,416.8494710040651,61.70213576013334,1.984676637054406,-1.4045184288448729,3.389195065899279,433.7962111983087,391.8146866288397,0.9072553388078007,0.2481938168043281
2022-03-25,432.0021667480469,0.004871818643284327,0.0048837052470174225,0.014961747583998595,-0.012961957036529487,0.010893074025294183,413.58299560546874,418.96105468750005,423.454464263916,420.85999673449294,417.9718929110267,73.51137976557327,2.888103823466224,-0.5459939783826534,3.4340978018488775,436.22919030685733,390.93680090408014,0.9066725422405896,0.2379341282533017
2022-03-28,435.0750122070313,0.007087854225529705,0.00711303251582196,0.004871818643284327,0.014961747583998595,-0.00029226522665592287,414.56746368408204,418.8239916992188,423.63154037475584,423.0469221918065,419.2387906366567,77.83980349279472,3.808131555149828,0.32483112832384287,3.483300426825985,439.17089435262574,389.96403301553835,0.9167619711093552,0.2380355670633951
2022-03-29,440.4572143554688,0.012294852854778103,0.012370745267890504,0.007087854225529705,0.004871818643284327,0.011633239597573907,416.1373657226562,418.79095703125006,423.831053314209,425.72542867852377,420.8105257269391,76.05372725047236,4.914902951584679,1.2428454929760102,3.672057458608669,443.1498692015194,389.1248622437931,0.9501591022809579,0.2309483370958553
2022-03-30,437.7376098632813,-0.006193644305633603,-0.0061745032288031965,0.012294852854778103,0.007087854225529705,-0.012961957036529487,417.19502716064454,418.8601226806641,424.020641784668,427.57345655310183,422.0643838111126,75.03292485345487,5.509072741989257,2.09609094277866,3.4129817992105975,445.8855928381953,388.5044614830938,0.8580023993516191,0.22680056713575036
2022-03-31,431.0001220703125,-0.015511293297194528,-0.015391612786192055,-0.006193644305633603,0.012294852854778103,0.014961747583998595,418.0195114135742,418.8847253417969,424.1877044677734,428.1006358634419,422.7262903488311,73.26274709671401,5.374345514610752,2.7517418571450785,2.6226036574656737,447.3263591504552,388.71266367669324,0.7214603694890555,0.23434369522583223
2022-04-01,432.2216796875,0.002830230724271792,0.002834239608378253,-0.015511293297194528,-0.006193644305633603,0.004871818643284327,419.0734619140625,419.0288934326173,424.3615339660644,428.7346426056047,423.42965252206585,77.01526814676956,5.304990083538826,3.262391502423828,2.042598581114998,448.85133497290997,389.295588855215,0.7207716069487873,0.23128325022549973
2022-04-04,435.9243774414063,0.008530178016427406,0.008566663654130835,0.002830230724271792,-0.015511293297194528,0.007087854225529705,420.9185562133789,419.41398193359385,424.580686340332,429.8407556572664,424.35518770127624,75.11404643904633,5.485567955990177,3.707026793137098,1.7785411628530792,450.03087108585413,391.8062413409037,0.757722913718121,0.19761399390266893
2022-04-05,430.4179992675781,-0.012711954237426618,-0.012631498624020687,0.008530178016427406,0.002830230724271792,0.012294852854778103,422.6395919799805,419.6535522460938,424.7442411804199,429.92956236654516,424.80428485433566,63.97549582761311,5.125277512209493,3.9906769369515773,1.1346005752579158,449.53386055765276,395.7453234023082,0.6446108724826097,0.20250326039280223
2022-04-06,426.1140747070313,-0.010049736407905385,-0.009999406548682033,-0.012711954237426618,0.008530178016427406,-0.006193644305633603,423.6145843505859,419.9092187500001,424.8756446838379,429.3425642650815,424.9013063249057,55.772670493879446,4.441257940175774,4.080793137596417,0.3604648025793571,449.4559241624151,397.7732445387567,0.5483622438822081,0.1903019587919298
2022-04-07,428.2612609863281,0.005026340789937432,0.005038994031758115,-0.010049736407905385,-0.012711954237426618,-0.015511293297194528,424.7887359619141,420.2285675048829,425.020193939209,429.17620991450406,425.1501918553814,53.76305114673405,4.026018059122634,4.06983812190166,-0.043820062779025726,449.1160702837062,400.46140164012195,0.5713708493187311,0.18874410495248553
2022-04-08,427.1161804199219,-0.0026773707021040256,-0.0026737897417314915,0.005026340789937432,-0.010049736407905385,0.002830230724271792,426.16297607421876,420.5657348632813,425.1472055053711,428.85928229995295,425.29582063794,52.76326751332877,3.563461662012969,3.9685628299239224,-0.4051011679109533,447.4177950018589,404.9081571465786,0.5224232525562368,0.18089408703838714
2022-04-11,419.8157348632813,-0.017240173019910116,-0.017092411599726964,-0.0026773707021040256,0.005026340789937432,0.008530178016427406,427.31822204589844,420.553114013672,425.230580291748,427.4679673096958,424.8898883583356,41.94035030297156,2.578078951360169,3.6904660542111722,-1.1123871028510033,443.8110316152328,410.82541247656405,0.27255278577378506,0.1917288765180805
2022-04-12,418.26025390625,-0.003712032712976059,-0.003705151636438475,-0.017240173019910116,-0.0026773707021040256,-0.012711954237426618,427.9595031738281,420.3579284667969,425.3021142578125,426.05139601685795,424.3988043248478,45.0653956790852,1.6525916920101622,3.28289118177097,-1.6302994897608079,441.624603253181,414.29440309447523,0.14510873644339137,0.1793016320440225
2022-04-13,423.0507507324219,0.011388294160509382,0.011453387649034585,-0.003712032712976059,-0.017240173019910116,-0.010049736407905385,428.39080200195315,420.2007110595704,425.3965138244629,425.5897582807909,424.29894850318664,43.371470780480244,1.2908097776042382,2.884474900937624,-1.5936651233333858,440.7382087067761,416.0433952971302,0.28375818513188594,0.16688732310016666
2022-04-14,417.7831115722656,-0.012529723912817623,-0.012451553746297472,0.011388294160509382,-0.003712032712976059,0.005026340789937432,428.29947357177736,419.8544232177735,425.4628742980957,424.3887357102485,423.816293915711,37.038951299192654,0.5724417945374967,2.4220682796575987,-1.849626485120102,440.94380516361645,415.65514197993826,0.08414717602395036,0.16778576032572398
2022-04-18,417.9548950195313,0.00041109402307910534,0.0004111785338072327,-0.012529723912817623,0.011388294160509382,-0.0026773707021040256,427.98694305419923,419.7161096191407,425.51889602661134,423.39891406552283,423.38211621969765,33.52312845329023,0.016797845825180957,1.941014192891115,-1.9242163470659341,441.34612716084786,414.6277589475506,0.12452617036413352,0.16262532692523346
2022-04-19,424.7017822265625,0.01601371369629979,0.01614262038183778,0.00041109402307910534,-0.012529723912817623,-0.017240173019910116,428.01795501708983,419.672777709961,425.5931065368652,423.5993553210674,423.4798692572432,35.22466057650476,0.11948606382418347,1.5767085670777288,-1.4572225032535453,441.3417994676426,414.69411056653706,0.3755549570233179,0.17318132639454079
2022-04-20,424.3868103027344,-0.0007419059472633606,-0.0007416308030939733,0.01601371369629979,0.00041109402307910534,-0.003712032712976059,427.7851058959961,419.6505450439454,425.66947525024415,423.72050224132386,423.54705007542776,36.88836140107951,0.17345216589609436,1.296057286841402,-1.1226051209453076,441.1959533643903,414.3742584276019,0.3733004904697266,0.16770977299375517
2022-04-21,418.040771484375,-0.015066360595213626,-0.014953430842566617,-0.0007419059472633606,0.01601371369629979,0.011388294160509382,427.51122283935547,419.431371459961,425.706884765625,422.8466975094856,423.13917758720163,37.17418382103321,-0.2924800777160499,0.9783498139299116,-1.2708298916459615,441.50023172287877,413.52221395583217,0.16150384799115147,0.16992783579824305
2022-04-22,406.5700988769531,-0.02782260812170229,-0.0274391240995272,-0.015066360595213626,-0.0007419059472633606,-0.012529723912817623,426.34459533691404,418.8572082519532,425.7036669921875,420.3426054121729,421.91183842347954,28.894426307223256,-1.5692330113066646,0.4688332488825964,-2.038066260189261,443.11003670221544,409.57915397161264,-0.08973981146977758,0.18498867132262095
2022-04-25,408.9271545410156,0.005780674840616972,0.00579741518270338,-0.02782260812170229,-0.015066360595213626,0.00041109402307910534,425.1908447265625,418.48658752441406,425.6904995727539,418.5863822012256,420.95000998774145,27.284258941139726,-2.363627786515849,-0.0976589581970927,-2.2659688283187562,443.42826395195146,406.9534255011735,0.054112070777383135,0.18551532297835566
2022-04-26,397.0843200683594,-0.029388382669055094,-0.028960743597349903,0.005780674840616972,-0.02782260812170229,0.01601371369629979,423.2913101196289,418.0476867675781,425.6107473754883,415.2783726423231,419.1821811048243,24.65524122440641,-3.9038084625011606,-0.8588888590579064,-3.044919603443254,444.81232438908313,401.7702958501747,-0.10886977080040218,0.20412415609737625
2022-04-27,398.2008361816406,0.002807840277301008,0.0028117859528904443,-0.029388382669055094,0.005780674840616972,-0.0007419059472633606,421.1784912109375,417.65851623535156,425.54361770629885,412.65105934067964,417.62800740681064,27.695492819676147,-4.976948066131001,-1.6825007004725254,-3.294447365658476,443.86892648552714,398.4880559363479,-0.006329093100936003,0.19635926542437682
2022-04-28,408.2590942382813,0.024945516221012872,0.02525925900379722,0.002807840277301008,-0.029388382669055094,-0.015066360595213626,419.7045654296875,417.33580017089844,425.5237084960938,411.97537240184914,416.9340138387714,35.81087838934897,-4.958641436922278,-2.337728847762476,-2.620912589159802,441.68456861409476,397.7245622452802,0.2396390006092983,0.2232127807300979
2022-04-29,393.1716613769531,-0.03765569385469636,-0.036955534057307116,0.024945516221012872,0.002807840277301008,-0.02782260812170229,417.81314239501955,416.7018218994141,425.4354020690918,409.0824937826344,415.17383958234046,29.897002987180883,-6.091345799706062,-3.088452238151193,-3.0028935615548686,442.09082693155915,393.53545785847996,-0.0074924048250831835,0.25113044917915517
2022-05-02,395.5383911132813,0.006001538417526238,0.006019583731033729,-0.03765569385469636,0.024945516221012872,0.005780674840616972,415.9789779663086,416.2966955566406,425.3750410461426,406.998785679657,413.7193619179657,34.72984697599071,-6.720576238308752,-3.814877038182705,-2.9056992001260467,441.1978253684455,390.76013056417173,0.09473590273409359,0.2526216480082004
2022-05-03,397.3515319824219,0.004573507562087888,0.004583982010032628,0.006001538417526238,-0.03765569385469636,-0.029388382669055094,414.0503356933594,415.9816784667969,425.35384338378907,405.5145928031593,412.5069300708884,36.8911586778675,-6.992337267729113,-4.450369084091987,-2.5419681836371257,438.7409404213442,389.3597309653746,0.16183890806022327,0.25030826957171376
2022-05-04,409.4520263671875,0.029998384824354653,0.030452869589794096,0.004573507562087888,0.006001538417526238,0.002807840277301008,413.00203704833984,415.99733642578127,425.3643733215332,406.1203518130098,412.28064090765133,42.19006820324055,-6.160289094641541,-4.792353086201898,-1.367936008439643,436.51905778476055,389.48501631191914,0.4245225251756814,0.2765593305869223
2022-05-05,394.8989562988281,-0.03618981936328255,-0.03554279654561654,0.029998384824354653,0.004573507562087888,0.024945516221012872,411.4412811279297,415.8669165039062,425.28564819335935,404.3939832723665,410.99310871440514,38.12395828780051,-6.599125442038655,-5.15370755736925,-1.4454178846694052,435.4327953106586,387.4497669452008,0.15524633620227857,0.30055259475208707
2022-05-06,392.5418701171875,-0.0059867183477183075,-0.005968833657430506,-0.03618981936328255,0.029998384824354653,-0.03765569385469636,409.65531158447266,415.56853454589844,425.19083801269534,402.5705812484928,409.6263502997964,37.10407071642501,-7.055769051303628,-5.534119856156126,-1.5216491951475017,433.6927728989701,385.61785026997524,0.14402560562908248,0.2987983706972547
2022-05-09,379.9737243652344,-0.03254110306841313,-0.032017338043967336,-0.0059867183477183075,-0.03618981936328255,0.006001538417526238,407.2981887817383,414.838984375,425.0120193481445,399.0941417279914,407.42985948982886,28.568754768716715,-8.33571776183743,-6.094439437292388,-2.241278324545042,433.2922851432278,381.3040924202488,-0.025589811557854347,0.3149430003806112
2022-05-10,380.8516540527344,0.002307835942559653,0.0023105010457411534,-0.03254110306841313,-0.0059867183477183075,0.004573507562087888,405.34998474121096,414.1483044433594,424.83248748779295,396.2876051625673,405.46110353152557,29.252257503778537,-9.173498368958292,-6.710251223625569,-2.4632471453327227,433.17031894192684,377.5296505404951,0.059704593918102705,0.3132035251069931
2022-05-11,374.8014526367188,-0.016013513743242204,-0.01588597909877487,0.002307835942559653,-0.03254110306841313,0.029998384824354653,403.1770446777344,413.46315002441406,424.63220153808595,392.9820432355137,403.1900182800584,29.334975412566607,-10.207975044544696,-7.409795987809395,-2.798179056735301,433.43372421821874,372.92036513725003,0.03108549133674474,0.3156346058757654
2022-05-12,374.41009521484375,-0.0010447181669648348,-0.0010441726389315287,-0.016013513743242204,0.002307835942559653,-0.03618981936328255,400.7450119018555,412.61966430664063,424.43080932617187,390.12482046310294,401.0581721270795,32.80953774509183,-10.933351663976566,-8.11450712304283,-2.8188445409337355,432.0759925019188,369.4140313017922,0.07973041088030075,0.30985148214000735
2022-05-13,383.3615112304688,0.02362672959059965,0.023908051973033917,-0.0010447181669648348,-0.016013513743242204,-0.0059867183477183075,399.0239318847656,411.99668579101564,424.26557495117186,389.08431135038995,399.7473083569602,37.23436255699501,-10.662997006570265,-8.624205099748318,-2.038791906821947,430.19541367983317,367.85245008969804,0.24877003349941568,0.3260671506711987
2022-05-16,381.8059997558594,-0.004065811982602352,-0.004057557759558961,0.02362672959059965,-0.0010447181669648348,-0.03254110306841313,397.216487121582,411.40995239257813,424.1026742553711,387.96457110507754,398.41832253465645,41.497617621044846,-10.453751429578915,-8.990114365714438,-1.4636370638644767,427.9552155044258,366.47775873873826,0.2493310853040408,0.32559629886638747
2022-05-17,389.6598510742188,0.020361556260715393,0.020570266898323863,-0.004065811982602352,0.02362672959059965,0.002307835942559653,395.4643905639649,411.22269958496094,423.98338973999023,388.22538340802237,397.76954687092035,45.578496533049424,-9.544163462897984,-9.100924185151149,-0.44323927774683547,423.48090528662107,367.44787584130876,0.39640860850810716,0.3295750101979661
2022-05-18,373.95208740234375,-0.04114650116544802,-0.040311475838662125,0.020361556260715393,-0.004065811982602352,-0.016013513743242204,392.9426544189454,410.7817956542969,423.76874588012697,386.0294917148411,396.00529061398873,33.22135350124539,-9.975798899147662,-9.275899127950453,-0.6998997711972095,419.00930571617033,366.87600312172043,0.13573059692129763,0.35407627924643603
2022-05-19,371.6618041992188,-0.006143368389576797,-0.006124536485501042,-0.04114650116544802,0.020361556260715393,-0.0010447181669648348,390.62370605468755,410.08274719238284,423.5529034423828,383.8190782508992,394.20206939807986,37.97485285792918,-10.382991147180633,-9.49731753179649,-0.8856736153841425,415.5145948858088,365.7328172235663,0.11909954312759301,0.35256829291452074
2022-05-20,371.8240661621094,0.00043648970864216104,0.0004365849841367897,-0.006143368389576797,-0.04114650116544802,0.02362672959059965,388.88640441894535,409.42366394042966,423.32473709106443,381.9736917757008,392.5444395287487,36.40740475120124,-10.570747753047897,-9.712003576046772,-0.8587441770011246,413.9407341168048,363.8320747210859,0.15949322008216152,0.34339171956772907
2022-05-23,378.7808532714844,0.01853701231151346,0.018709889279576508,0.00043648970864216104,-0.006143368389576797,-0.004065811982602352,387.3790893554688,409.0066534423828,423.1279054260254,381.4824858519752,391.5249146208032,39.94833798152749,-10.042428768828017,-9.778088614603021,-0.2643401542249961,410.9396176688196,363.818561042118,0.31752879286853347,0.3513341947057981
2022-05-24,375.8893127441406,-0.007663095236950111,-0.007633808579208479,0.01853701231151346,0.00043648970864216104,0.020361556260715393,386.31933898925786,408.59022338867186,422.9183174133301,380.62199768153914,390.3667218891986,29.822146664694984,-9.74472420765943,-9.771415733214305,0.026691525554873863,409.9484018035309,362.69027617498483,0.27929665837578155,0.33860460803020936
2022-05-25,379.2102661132813,0.008796124046268715,0.008834923623915802,-0.007663095236950111,0.01853701231151346,-0.04114650116544802,385.3698104858399,408.06573608398435,422.72273529052734,380.4048082094995,389.5403177576492,39.09524518606861,-9.135509548149685,-9.644234496201381,0.5087249480516967,408.5097361058876,362.22988486579214,0.3669065650059366,0.3405680512580433
2022-05-26,386.7874450683594,0.019784461496183955,0.019981471052301414,0.008796124046268715,-0.007663095236950111,-0.006143368389576797,384.2962280273438,407.51298950195314,422.55984146118163,381.3867523416318,389.3364012621462,46.27087584511006,-7.949648920514392,-9.305317381063983,1.355668460549591,404.8078706277246,363.78458542696296,0.5607269025097324,0.33551838629190395
2022-05-27,396.2827453613281,0.02425265531886229,0.024549142982887018,0.019784461496183955,0.008796124046268715,0.00043648970864216104,384.45178222656256,407.04645080566405,422.4381402587891,383.67844357543123,389.85094526949297,61.00736139203221,-6.1725016940617365,-8.678754243663533,2.506252549601797,405.29139470282615,363.61216975029896,0.7838575608889341,0.3216548392112887
2022-05-31,394.0592041015625,-0.005626797686430679,-0.005610996910143551,0.02425265531886229,0.019784461496183955,0.01853701231151346,384.3778228759766,406.44352478027344,422.3014938354492,385.2754836563745,390.1626681459426,58.75507712948131,-4.887184489568085,-7.920440292844444,3.033255803276359,405.06168456128387,363.69396119066937,0.7340322463204014,0.3216145616989182
2022-06-01,390.8718566894531,-0.008121388209184236,-0.008088498831987367,-0.005626797686430679,0.02425265531886229,-0.007663095236950111,384.05383911132816,405.7793310546875,422.1439495849609,386.13646412300193,390.2152006306471,61.07309531910198,-4.0787365076451465,-7.1520995358045845,3.073363028159438,404.0744136607743,364.033264561882,0.6702752726023433,0.32227835662276144
2022-06-02,398.3153381347656,0.018864224428934165,0.019043278040931755,-0.008121388209184236,-0.005626797686430679,0.008796124046268715,383.4970046997071,405.1647619628906,422.03746643066404,388.01013704788863,390.8152108161374,65.01260877681256,-2.8050737682487465,-6.282694382293417,3.47762061404467,401.00509198830594,365.9889174111082,0.9231853882950464,0.31035880027885876
2022-06-03,391.7784423828125,-0.016547516443478346,-0.016411358353821237,0.018864224428934165,-0.008121388209184236,0.019784461496183955,383.3409790039063,404.52996215820315,421.92126235961916,388.5898763301846,390.88656130255777,55.45118978819482,-2.296684972373157,-5.485492500309364,3.1888075279362074,400.4728093474826,366.20914866032996,0.746251077955307,0.28817711504071986
2022-06-06,392.9713134765625,0.003040133503945009,0.003044759396394925,-0.016547516443478346,0.018864224428934165,0.02425265531886229,383.362451171875,403.79133544921876,421.8078094482422,389.2639435834735,391.0409873895211,57.2652950182593,-1.7770438060475726,-4.743802761457006,2.966758955409434,400.5438418120689,366.18106053168117,0.7796299352570644,0.28763556293264403
2022-06-07,396.7407836914063,0.009546514118668652,0.009592227436389322,0.003040133503945009,-0.016547516443478346,-0.005626797686430679,384.2008041381836,403.08610778808594,421.6966668701172,390.41422667700164,391.46319452299406,54.866240670319264,-1.048967845992422,-4.0048357783640895,2.9558679323716675,402.2978552110297,366.10375306533757,0.8464647224220537,0.26203543116140277
2022-06-08,392.4273681640625,-0.0109316587902453,-0.010872125338893479,0.009546514118668652,0.003040133503945009,-0.008121388209184236,384.77958984375005,402.23315490722655,421.54552993774416,390.7239407519341,391.5346147927028,65.05449875863386,-0.8106740407687312,-3.366003430845018,2.555329390076287,403.1637945331901,366.39538515430996,0.7079986175498076,0.2661181991809408
2022-06-09,383.0942687988281,-0.024070379306205935,-0.023782998135166933,-0.0109316587902453,0.009546514118668652,0.018864224428934165,385.1942306518555,401.08589599609377,421.34437286376954,389.55014506684086,390.90940397834174,58.356558450336266,-1.3592589115008877,-2.964654526976192,1.6053956154753042,402.9957013758836,367.3927599278274,0.4410171809514346,0.2745526287014992
2022-06-10,371.9862365722656,-0.029424236401959583,-0.02899555835536549,-0.024070379306205935,-0.0109316587902453,-0.016547516443478346,385.0730377197266,399.77086853027345,421.0832339477539,386.84800529844466,389.507687874188,50.10218688392693,-2.659682575743318,-2.9036601367296173,0.2439775609862993,403.21341713695193,366.93265830250124,0.13929086469287735,0.2951903795093924
2022-06-13,357.8625793457031,-0.03870779899437717,-0.03796822526743859,-0.029424236401959583,-0.024070379306205935,0.003040133503945009,383.79809112548827,398.30811767578126,420.76399780273437,382.3887089980229,387.1636057609669,37.91085798781087,-4.774896762944024,-3.277907461972499,-1.4969893009715256,405.6495920075406,361.94659024343594,-0.09344920790057035,0.3106315329198788
2022-06-14,356.7841796875,-0.00301799585068878,-0.0030134462792248407,-0.03870779899437717,-0.029424236401959583,0.009546514118668652,382.5470001220703,396.79936767578124,420.420517578125,378.4495506425578,384.9132779036731,38.72236647692781,-6.4637272611152525,-3.91507142180105,-2.5486558393142027,407.5208678977651,357.57313234637553,-0.015795564106480933,0.3106258675547807
2022-06-15,361.8706665039063,0.014155812854849223,0.014256480825078688,-0.00301799585068878,-0.03870779899437717,-0.0109316587902453,381.1575408935547,395.31829345703125,420.0931140136719,375.8989530827653,383.20641779998664,39.97353729871513,-7.3074647172213645,-4.593550080885113,-2.713914636336251,407.5188084325147,354.79627335459475,0.13418158172508476,0.3050638434184125
2022-06-16,349.8941345214844,-0.03365623720324043,-0.03309616692098649,0.014155812854849223,-0.00301799585068878,-0.024070379306205935,379.9546432495117,393.7078161621094,419.70899337768554,371.8982117656451,380.73884126083834,29.699621840555125,-8.840629495193241,-5.442965963746739,-3.3976635314465016,409.68110067602265,350.2281858230008,-0.005618753972656254,0.29382056034000964
2022-06-17,350.6484375,0.002153483029146801,0.002155803439080728,-0.03365623720324043,0.014155812854849223,-0.029424236401959583,378.90397491455076,392.19850341796877,419.32751098632815,368.6290157247766,378.5099224637392,22.217412226348983,-9.880906738962608,-6.330554118789913,-3.5503526201726947,411.2358077692506,346.57214205985093,0.06303842189318581,0.2942406572827397
2022-06-21,359.4755859375,0.02486214473097407,0.025173785174787744,0.002153483029146801,-0.03365623720324043,-0.03870779899437717,378.2865509033203,390.8227899169922,418.9835963439941,367.22079575750325,377.0999716099437,30.512130177311334,-9.879175852440426,-7.040278465520016,-2.8388973869204097,411.64304058008963,344.93006122655095,0.21803140636047022,0.31026304348960443
2022-06-22,358.82379150390625,-0.001814827168056787,-0.0018131813649984174,0.02486214473097407,0.002153483029146801,-0.00301799585068878,377.28869781494143,389.4569421386719,418.63694274902343,365.9289489492575,375.74618049097796,31.409683347985165,-9.817231541720446,-7.595669080760103,-2.2215624609603433,411.75837516759617,342.8190204622867,0.23215725052887576,0.3009368524728387
2022-06-23,362.3412170410156,0.009754919853628795,0.009802654172865966,-0.001814827168056787,0.02486214473097407,0.014155812854849223,376.61129302978514,388.30745178222656,418.3155302429199,365.3769901941434,374.7532202354252,28.136425146004512,-9.376230041281815,-7.951781272864446,-1.4244487684173688,411.72327922083724,341.49930683873305,0.2967919571521407,0.3034723390224225
2022-06-24,373.8614501953125,0.03129891837698933,0.03179387994657201,0.009754919853628795,-0.001814827168056787,-0.03365623720324043,376.3438522338867,387.41947570800784,418.05431747436523,366.6822917327848,374.6871631954168,39.732720273708345,-8.004871462632025,-7.962399310817962,-0.04247215181406272,411.45396911678847,341.23373535098494,0.46464833701845193,0.32376215822338344
2022-06-27,372.4334411621094,-0.0038269343460788792,-0.0038196209650850355,0.03129891837698933,0.009754919853628795,0.002153483029146801,375.6261520385742,386.4071295166016,417.79508346557617,367.5670839526809,374.52022082257923,38.26246412820957,-6.953136869898344,-7.760546822634039,0.8074099527356946,410.42283147126955,340.8294726058789,0.45412333980545083,0.3146586659638738
2022-06-28,364.823486328125,-0.020644702900475806,-0.020433059958952504,-0.0038269343460788792,0.03129891837698933,0.02486214473097407,374.0531890869141,385.3479370117187,417.5145263671875,367.1449920104415,373.8019441933604,32.526100595725794,-6.656952182918872,-7.539827894691006,0.882875711772134,407.74485840747167,340.3615197663565,0.3630269300257349,0.3054061341828957
2022-06-29,364.52642822265625,-0.0008145832774318927,-0.0008142515945411821,-0.020644702900475806,-0.0038269343460788792,-0.001814827168056787,372.57655029296876,384.27936767578126,417.2270974731445,366.74213604308994,373.1148689362712,34.022300950282514,-6.372732893181251,-7.306408894389055,0.9336760012078038,405.14637829332355,340.006722292614,0.37641749182364703,0.3055721732972292
2022-06-30,361.56488037109375,-0.008157553298533933,-0.008124370751394605,-0.0008145832774318927,-0.020644702900475806,0.009754919853628795,371.11120147705077,383.0166296386719,416.9362483215332,365.94563517047516,372.25931422773954,36.700498178723755,-6.31367905726438,-7.1078629269641205,0.7941838696997401,402.84152484910265,339.3808781049989,0.3495710082430891,0.3055788342780644
2022-07-01,365.3890380859375,0.01052114279535197,0.010576684635185796,-0.008157553298533933,-0.0008145832774318927,0.03129891837698933,369.4648864746094,381.83667419433596,416.6469902038574,365.86000484977706,371.7504048839023,45.52165804946422,-5.890400034125264,-6.86437034839635,0.973970314271086,398.559414055506,340.37035889371276,0.4299550684000782,0.2986941196363507
2022-07-05,366.07904052734375,0.0018866240817446084,0.0018884048766782957,0.01052114279535197,-0.008157553298533933,-0.0038269343460788792,368.17991638183594,380.7974395751953,416.3645367431641,365.8937026463258,371.33030382045354,56.821691009729946,-5.436601174127759,-6.578816513542632,1.1422153394148733,395.3301068617825,341.0297259018894,0.46131010837577885,0.2958341529155175
2022-07-06,367.3154296875,0.0033716925383919776,0.003377383087475261,0.0018866240817446084,0.01052114279535197,-0.020644702900475806,366.8971221923828,380.01234619140627,416.10884689331056,366.1124298834295,371.03290573653106,58.72065930578003,-4.92047585310155,-6.247148381454416,1.3266725283528658,391.41179557878314,342.3824488059825,0.5085317778565477,0.29593209560380235
2022-07-07,372.8167419433594,0.014866030100194938,0.014977079129345983,0.0033716925383919776,0.0018866240817446084,-0.0008145832774318927,365.70092010498047,379.29013793945313,415.9155503845215,367.1438625080341,371.1650417518517,59.00231859003217,-4.021179243817585,-5.80195455392705,1.7807753101094654,386.06799121213623,345.3338489978247,0.6746893748477863,0.2995926888041061
2022-07-08,372.5100708007813,-0.0008229172884717597,-0.0008225787848997745,0.014866030100194938,0.0033716925383919776,-0.008157553298533933,364.7050552368164,378.79865295410156,415.7226637268066,367.9694330146106,371.26467353325387,73.0182927776236,-3.2952405186432543,-5.300611746870291,2.0053712282270366,381.1374372704985,348.27267320313433,0.7374888664335659,0.29823802523559667
2022-07-11,368.2546997070313,-0.011489255626651589,-0.011423506174215059,-0.0008229172884717597,0.014866030100194938,0.01052114279535197,363.96307678222655,378.19973022460937,415.488450012207,368.01332019805994,371.0417125090893,66.72738048019009,-3.028392311029336,-4.8461678597021,1.8177755486727643,378.07567855341944,349.85047501103367,0.6520493171416826,0.28944159479524995
2022-07-12,364.99603271484375,-0.008888333285280162,-0.008848948824767278,-0.011489255626651589,-0.0008229172884717597,0.0018866240817446084,363.61356658935546,377.33446899414065,415.21272567749025,367.54912212371903,370.5938843761822,55.865503341080775,-3.0447622524631583,-4.485886738254312,1.4411244857911534,377.2269425117197,350.0001906669912,0.5507760210756084,0.2722821581120298
2022-07-13,363.0792541503906,-0.0052653428221000635,-0.005251505201840478,-0.008888333285280162,-0.011489255626651589,0.0033716925383919776,363.87440032958983,376.73262084960936,414.9239569091797,366.86145012782237,370.03724510019765,54.40309144428017,-3.175794972375286,-4.223868385078507,1.0480734127032214,377.2211126763737,350.52768798280596,0.47021190842586746,0.23395070972378923
2022-07-14,362.1974487304688,-0.002431639816691704,-0.002428685775465844,-0.0052653428221000635,-0.008888333285280162,0.014866030100194938,364.14506378173826,376.0658020019531,414.6367994689941,366.14391145130645,369.4565194431807,49.842662796080226,-3.312607991874245,-4.041616306437655,0.7290083145634103,377.10017440547296,351.18995315800356,0.4248321721120127,0.23383556248954115
2022-07-15,369.1172790527344,0.01892492134443538,0.019105132701845662,-0.002431639816691704,-0.0052653428221000635,-0.0008229172884717597,364.5073944091797,375.50111694335936,414.42652221679685,366.60135262075687,369.43139052536986,44.226754122420715,-2.8300379046129933,-3.799300626072723,0.9692627214597298,377.59929713446667,351.41549168389275,0.6760586196019732,0.23803614754743685
2022-07-18,366.0695190429688,-0.008291164849783698,-0.008256887939754654,0.01892492134443538,-0.002431639816691704,-0.011489255626651589,365.31616363525393,374.633466796875,414.19754623413087,366.51953207032795,369.182363008155,42.549375354161334,-2.6628309378270387,-3.5720066884235866,0.9091757505965479,376.4606767643804,354.17165050612743,0.5337993862534005,0.20360627410157578
2022-07-19,375.96038818359375,0.02666052915970453,0.027019100542659436,-0.008291164849783698,0.01892492134443538,-0.008888333285280162,366.5817611694336,374.2546954345703,414.04319412231445,367.97197147236886,369.6844389470764,62.377575510082316,-1.7124674747075233,-3.2000988456803743,1.487631370972851,376.38050872733226,356.78301361153495,0.9785625386685336,0.22125553290718816
2022-07-20,378.3564758300781,0.006353021706945863,0.006373244952907919,0.02666052915970453,-0.008291164849783698,-0.0052653428221000635,367.5258056640625,373.97098754882813,413.87664810180667,369.56958752740104,370.326812049521,64.68555466620874,-0.757224522119941,-2.711523980968288,1.954299458848347,378.0529153673313,356.99869596079367,1.014418034546204,0.20682089142430735
2022-07-21,382.2092590332031,0.01013144816444896,0.01018294505115147,0.006353021706945863,0.02666052915970453,-0.002431639816691704,368.69507904052733,374.0156982421875,413.75591064453124,371.51415237444746,371.2069933075715,71.51420435210444,0.30715906687595407,-2.1077873713994397,2.414946438275394,380.2929911182209,357.09716696283374,1.0826126246752543,0.2078145303932507
2022-07-22,378.6631164550781,-0.009321322125715473,-0.009278013272349672,0.01013144816444896,0.006353021706945863,0.01892492134443538,369.5111740112305,373.97192749023435,413.59630172729493,372.6139930022368,371.75929872590535,63.913991180059035,0.8546942763314291,-1.5152910418532661,2.3699853181846953,381.5164353072665,357.5059127151945,0.8811638171869492,0.2107920329101993
2022-07-25,379.1231384277344,0.0012141208057061474,0.0012148581487492205,-0.009321322125715473,0.01013144816444896,-0.008291164849783698,369.7742584228516,374.0583612060547,413.4304608154297,373.6153999907749,372.30476833344824,63.7391651500181,1.3106316573266668,-0.9501065020172795,2.2607381593439464,382.3957155757576,357.15280126994554,0.8703566035055732,0.18060406644929705
2022-07-26,374.6378784179688,-0.011901153945270485,-0.011830615320305826,0.0012141208057061474,-0.009321322125715473,0.02666052915970453,369.88448028564454,374.0629168701172,413.2243704223633,373.77270436418934,372.477591302672,57.21859333370247,1.295113061517327,-0.5010625893103582,1.7961756508276852,382.6414901446898,357.1274704265993,0.6863053405478836,0.18549549094600243
2022-07-27,384.36572265625,0.025634600219938988,0.025965992225239543,-0.011901153945270485,0.0012141208057061474,0.006353021706945863,370.8615921020508,374.0830010986328,413.0707118225098,375.4023994860448,373.3581936251593,60.50941228025846,2.0442058608855405,0.007991100728821587,2.036214760156719,384.91426705479745,356.80891714930414,0.9804825629144637,0.18891491926864568
2022-07-28,389.1866455078125,0.012464534959888774,0.012542541042022126,0.025634600219938988,-0.011901153945270485,0.01013144816444896,372.09460296630857,374.23061401367187,412.95618362426757,377.5230527201629,374.53067154239284,64.0233218195536,2.992381177770085,0.6048691161370743,2.3875120616330108,388.0107378675473,356.17846806506986,1.036940741190052,0.1915847291819202
2022-07-29,394.8604736328125,0.014473434140385405,0.01457868143855956,0.012464534959888774,0.025634600219938988,-0.009321322125715473,373.7593826293945,374.3346264648437,412.8750964355469,380.19034824518593,376.03658280834986,71.8514990951792,4.153765436836068,1.314648380276873,2.8391170565591946,391.8542548088871,355.6645104499019,1.0830682525442876,0.1905150723144074
2022-08-01,393.6912536621094,-0.002965489230667489,-0.0029610965107396137,0.014473434140385405,0.012464534959888774,0.0012141208057061474,375.17449340820315,374.7294097900391,412.780768737793,382.2674106170203,377.3443362049246,74.4051997427331,4.923074412095673,2.036333586640633,2.88674082545504,394.8691731115107,355.4798137048956,0.970095491088299,0.19078674378477478
2022-08-02,391.0938720703125,-0.006619368768696077,-0.006597509006451285,-0.002965489230667489,0.014473434140385405,-0.011901153945270485,376.42523498535155,375.11805114746096,412.63875671386717,383.6253277636806,378.3628203431015,73.55366769213414,5.262507420579141,2.6815683534283346,2.580939067150806,396.851452426097,355.9990175446061,0.859063960997999,0.19423488477952883
2022-08-03,397.2182312011719,0.015538217224144002,0.015659563005779642,-0.006619368768696077,-0.002965489230667489,0.025634600219938988,377.92037506103514,375.62593444824216,412.51139251708986,385.7165436771408,379.7595174436993,77.05882547124662,5.957026233441525,3.3366599294309727,2.620366304010552,399.8604631820353,355.980286940035,0.9397852924224498,0.19903227758907385
2022-08-04,396.9499206542969,-0.0006757021329972886,-0.000675473897720269,0.015538217224144002,-0.006619368768696077,0.012464534959888774,379.12703399658204,375.98931579589845,412.37642974853514,387.4447555197802,381.0328806444843,73.96853462956821,6.411874875295894,3.9517029186039574,2.4601719566919362,402.4934583378116,355.7606096553525,0.8813781346568017,0.1952994383934525
2022-08-05,396.2789611816406,-0.001691717606454278,-0.0016902874588066163,-0.0006757021329972886,0.015538217224144002,0.014473434140385405,380.315478515625,376.39710876464846,412.22175888061525,388.8038640831433,382.16221994353293,77.12578775252065,6.641644139610378,4.489691162805242,2.151952976805136,404.662132376619,355.96882465463096,0.8278373027595152,0.19555721004376286
2022-08-08,395.8189086914063,-0.0011616053002090545,-0.001160930897927348,-0.001691717606454278,-0.0006757021329972886,-0.002965489230667489,381.6936889648438,376.7292816162109,412.0563977050781,389.8831017151838,383.1738265174495,71.46719766907901,6.709275197734257,4.933607969791045,1.7756672279432122,406.2851404683205,357.10223746136705,0.7871977631040917,0.18865774768906912
2022-08-09,394.2470397949219,-0.003979088007688355,-0.003971181926808676,-0.0011616053002090545,-0.001691717606454278,-0.006619368768696077,383.15623931884767,376.8784735107422,411.87758407592776,390.55447680437425,383.99406453800304,67.48946672614031,6.560412266371202,5.258968829107077,1.3014434372641253,407.03534882149467,359.27712981620067,0.7322281003578629,0.18511603494287285
2022-08-10,402.5278625488281,0.02078660081821941,0.021004146938462087,-0.003979088007688355,-0.0011616053002090545,0.015538217224144002,385.12866973876953,377.00337585449216,411.7424026489258,392.39653614967483,385.3669384647308,70.37688359162013,7.029597684944008,5.613094600274463,1.4165030846695448,408.5374904038561,361.71984907368295,0.8716375348205574,0.1910947243353804
2022-08-11,402.5278625488281,0.0,0.0,0.02078660081821941,-0.003979088007688355,-0.0006757021329972886,387.1451904296875,377.1727490234375,411.5957028198242,393.9552017495446,386.6381180265158,75.76582489519049,7.317083723028759,5.953892424825322,1.3631912982034367,409.1424874071293,365.1478934522457,0.8496491440497336,0.19000578882137925
2022-08-12,409.3422546386719,0.016787296334795743,0.016928994794781715,0.0,0.02078660081821941,-0.001691717606454278,389.15643920898435,377.5421569824219,411.4811311340332,396.3224406555642,388.31990592371255,78.6898212586645,8.002534731851654,6.3636208862305885,1.6389138456210652,411.56525674432737,366.74762167364133,0.950398942243396,0.18811164517817353
2022-08-15,411.029052734375,0.004112285394789698,0.004120752442701159,0.016787296334795743,0.0,-0.0011616053002090545,391.4044158935547,377.7964312744141,411.3845684814453,398.58499635999664,390.0020649467246,86.4884084419296,8.582931413272036,6.807482991638878,1.7754484216331576,413.0696881149065,369.7391436722029,0.9529053833323081,0.18136943001200348
2022-08-16,411.8341369628906,0.00195678818905992,0.001958703948442997,0.004112285394789698,0.016787296334795743,-0.003979088007688355,393.1981033325195,378.19754516601563,411.2712701416016,400.62332568351883,391.6192554664406,83.54388206190424,9.004070217078208,7.246800436726744,1.7572697803514643,415.4127657048825,370.98344096015654,0.9194534519137237,0.16404030816028986
2022-08-17,408.9109802246094,-0.007123208014666971,-0.0070978981000417996,0.00195678818905992,0.004112285394789698,0.02078660081821941,394.72582855224607,378.5163385009766,411.13894744873045,401.89834945907126,392.9001239670457,75.25766588743593,8.99822549202554,7.597085447786504,1.4011400442390363,416.8452414209926,372.60641568349956,0.8206493715844991,0.1689834471543276
2022-08-18,410.0993957519531,0.0029020788900321333,0.0029062939975126323,-0.007123208014666971,0.00195678818905992,0.0,396.1203353881836,378.7835107421875,411.0088221740723,403.1600488887454,394.17414409926107,72.04652760424163,8.985904789484323,7.874849316126069,1.1110554733582543,418.43301335850805,373.80765741785916,0.8132537560565675,0.16737885094186963
2022-08-19,404.5884704589844,-0.013529130799801932,-0.01343802344030276,0.0029020788900321333,-0.007123208014666971,0.016787296334795743,397.4166030883789,379.02673278808595,410.8423260498047,403.37980605339754,394.94557568146274,64.0057956098334,8.434230371934802,7.986725527287816,0.4475048446469865,418.4337024484248,376.399503728333,0.6706198188375935,0.17225639036430812
2022-08-22,396.1639404296875,-0.02104231161285567,-0.020822466887748137,-0.013529130799801932,0.0029020788900321333,0.004112285394789698,398.2686431884766,379.28812622070313,410.62033996582034,402.26967288051907,395.035824922072,55.66745491239011,7.233847958447086,7.836150013519671,-0.6023020550725846,417.46602008700887,379.0712662899443,0.4451825431694789,0.19274781393007726
2022-08-23,395.20550537109375,-0.0024222201963604154,-0.00241928898817545,-0.02104231161285567,-0.013529130799801932,0.00195678818905992,399.2970245361328,379.7525115966797,410.383180847168,401.182877879069,395.0483938442217,47.45635111942457,6.134484034847276,7.495816817785192,-1.3613327829379163,415.06094059181606,383.5331084804496,0.37022516643115494,0.18638303381008203
2022-08-24,396.47064208984375,0.003196099313489188,0.0032012122846367674,-0.0024222201963604154,-0.02104231161285567,-0.007123208014666971,399.9022705078125,380.5246728515625,410.1446687316895,400.4579185268805,395.15374556611965,49.40918177789448,5.304172960760866,7.057488046380327,-1.7533150856194615,414.1045549265826,385.6999860890424,0.3791874491179245,0.1655752234238931
2022-08-25,402.0678405761719,0.014018836348174238,0.014117561030054127,0.003196099313489188,-0.0024222201963604154,0.0029020788900321333,400.5463302612305,381.43034606933594,409.93224670410154,400.7055988421561,395.6659007520494,56.36324967527937,5.039698090106697,6.653930055125602,-1.614231965018905,413.8418934954049,387.25076702705604,0.5572187235750404,0.16701971134898336
2022-08-26,388.4581909179688,-0.03443528470137288,-0.03384913759503905,0.014018836348174238,0.003196099313489188,-0.013529130799801932,400.2262161254883,381.9620965576172,409.65912353515625,398.82138223843504,395.1319963198953,43.723424298349435,3.689385918539756,6.061021227808433,-2.371635309268677,414.37885541162274,386.07357683935385,0.08424626779512431,0.2033972336995659
2022-08-29,385.8897399902344,-0.0066338663657819165,-0.006611910851113456,-0.03443528470137288,0.014018836348174238,-0.02104231161285567,399.83614044189454,382.6820086669922,409.39098083496094,396.831898815635,394.4473847399204,42.992721797862295,2.3845140757146055,5.3257197973896675,-2.941205721675062,415.1311160663595,384.5411648174296,0.04408556136067555,0.204325782520717
2022-08-30,381.6534423828125,-0.011038703024773945,-0.010978000108344599,-0.0066338663657819165,-0.03443528470137288,-0.0024222201963604154,399.3641189575195,383.30210876464844,409.1009455871582,394.4967516721239,393.49968530606054,31.224145948198284,0.9970663660633363,4.459989111124401,-3.462922745061065,416.2907376313834,382.4375002836556,-0.02316049991879786,0.20652789462432117
2022-08-31,378.7493896484375,-0.007638232608283786,-0.007609135440371895,-0.011038703024773945,-0.0066338663657819165,0.003196099313489188,398.4406768798828,383.68758483886717,408.7798001098633,392.0740805915567,392.40707081290327,29.673921039629406,-0.332990221346563,3.5013932446302087,-3.8343834659767717,417.71286474097747,379.16848901878814,-0.010873165345089978,0.19778284752625247
2022-09-01,379.9378662109375,0.0031329840469950295,0.0031378969708786286,-0.007638232608283786,-0.011038703024773945,0.014018836348174238,397.59007415771487,384.1098663330078,408.46383834838866,390.2069706868461,391.4834260275725,22.190017739083643,-1.2764553407263861,2.54582352755889,-3.822278868285276,418.56571399983864,376.6144343155911,0.07922122806171111,0.19867831645062725
2022-09-02,375.9316101074219,-0.01060049054591353,-0.010544503351217371,0.0031329840469950295,-0.007638232608283786,-0.03443528470137288,396.5727066040039,384.3816741943359,408.11907608032226,388.0107613669347,390.3314396631169,18.200811021397016,-2.3206782961822228,1.5725231628106673,-3.8932014589928903,419.6814303166525,373.4639828913553,0.05339168114065819,0.20088630387493936
2022-09-06,374.5132446289063,-0.003780070336878043,-0.003772934864695876,-0.01060049054591353,0.0031329840469950295,-0.0066338663657819165,395.5074234008789,384.3947100830078,407.77262557983397,385.93422033031493,389.1597215124346,16.557948800967836,-3.2255011821196717,0.6129182938245994,-3.838419475944271,420.63831177821174,370.37653502354607,0.08230329034232237,0.2008465061244199
2022-09-07,381.2413024902344,0.0178053460238188,0.01796480620597185,-0.003780070336878043,-0.01060049054591353,-0.011038703024773945,394.85713653564454,384.5708673095703,407.45227813720703,385.2122329703025,388.57317195523456,26.788837506502404,-3.3609389849320337,-0.18185316192672718,-3.1790858230053063,420.78575735825297,368.9285157130361,0.23743620729842557,0.21358388800571845
2022-09-08,383.7332153320313,0.0065150448753671765,0.006536313944790262,0.0178053460238188,-0.003780070336878043,-0.007638232608283786,393.9174041748047,384.9490618896484,407.14837249755857,384.98469179518383,388.21465664981207,28.355642403517365,-3.2299648546282356,-0.7914755004670289,-2.4384893541612067,420.0371010842538,367.7977072653556,0.3050477216852938,0.19919896344182206
2022-09-09,389.6945495605469,0.015415666606032167,0.015535100925150314,0.0065150448753671765,0.0178053460238188,0.0031329840469950295,393.27573852539064,385.4524243164062,406.88053039550783,385.70928529754735,388.32427834690355,37.86312832490459,-2.614993049356201,-1.1561790102448635,-1.4588140391113376,419.1340203224909,367.41745672829035,0.43075353975674147,0.2089310639542548
2022-09-12,393.8829040527344,0.010690441287777144,0.010747788227756017,0.015415666606032167,0.0065150448753671765,-0.01060049054591353,392.5027709960938,386.0987847900391,406.6306913757324,386.96676510603766,388.7360283991873,48.00336365574244,-1.7692632931496632,-1.2787958668258235,-0.4904674263238398,417.23875431913325,367.7667876730543,0.5278972749661245,0.20283881442741092
2022-09-13,376.755859375,-0.044456277482507675,-0.04348257947098244,0.010690441287777144,0.015415666606032167,-0.003780070336878043,390.789111328125,386.3261212158203,406.2892918395996,385.39585653203187,387.84860847146973,37.41335933837054,-2.45275193943786,-1.5135870813482308,-0.9391648580896292,414.8608753439216,366.7173473123284,0.20851218165989077,0.25117288265329824
2022-09-14,378.1935424804688,0.00380869191993605,0.003815954204013705,-0.044456277482507675,0.010690441287777144,0.0178053460238188,389.1070816040039,386.5684112548828,406.00470947265626,384.2878082164068,387.13341839806225,37.560359581927884,-2.845610181655445,-1.7799917014096738,-1.0656184802457713,411.63919870136914,366.57496450663865,0.25782259881803904,0.25187498577461154
2022-09-15,373.8997802734375,-0.011418287406044877,-0.01135334616997874,0.00380869191993605,-0.044456277482507675,0.0065150448753671765,387.3565216064453,386.7000982666016,405.6719714355469,382.68965007133465,386.1531489073493,30.482138303230798,-3.463498836014651,-2.1166931283306694,-1.3468057076839814,408.82540158756154,365.8876416253291,0.18659889698847354,0.2529813811046193
2022-09-16,371.0473327636719,-0.0076581582787508835,-0.007628909296709341,-0.011418287406044877,0.00380869191993605,0.015415666606032167,385.40391845703124,386.66471008300783,405.36782135009764,380.89852433169426,385.0341995633732,35.8223531674616,-4.135675231678931,-2.520489549000322,-1.615185682678609,405.2020256043841,365.60581130967836,0.13742529559754096,0.2516705778991572
2022-09-19,373.9248046875,0.007725084171734557,0.0077549996179619995,-0.0076581582787508835,-0.011418287406044877,0.010690441287777144,383.87073516845703,386.6930047607422,405.10204345703124,379.8256443864336,384.2112814244196,40.30575181130305,-4.385637037985987,-2.893519046797455,-1.4921179911885316,402.1005197554961,365.64095058141794,0.2272065823523682,0.25342317524513974
2022-09-20,369.6326904296875,-0.011544936226077527,-0.011478549173541852,0.007725084171734557,-0.0076581582787508835,-0.044456277482507675,382.544172668457,386.72056457519534,404.78209854125976,378.25749762385726,383.1313857951802,40.26932912778311,-4.87388817132296,-3.289592871702556,-1.584295299620404,400.8684311369011,364.2199142000129,0.147694277479109,0.2470858829040396
2022-09-21,363.1849365234375,-0.017597612451183166,-0.017443678747014135,-0.011544936226077527,0.007725084171734557,0.00380869191993605,380.9431442260742,386.68434265136716,404.44878021240237,375.9386420699466,381.6538710343104,38.08436193993585,-5.715228964363803,-3.7747200902348057,-1.940508874128997,400.1820984969912,361.7041899551572,0.03848303154706092,0.2520574979716625
2022-09-22,360.1341552734375,-0.008435555967913842,-0.008400076498776055,-0.017597612451183166,-0.011544936226077527,-0.011418287406044877,379.1263198852539,386.6254406738281,404.0747540283203,373.50718256279134,380.05981801498643,35.259247951966614,-6.552635452195091,-4.330303162626863,-2.222332289568228,399.04217595626716,359.21046381424065,0.02318985073760506,0.2508945164619733
2022-09-23,354.1001892089844,-0.016896722113969167,-0.01675477312023277,-0.008435555967913842,-0.017597612451183166,-0.0076581582787508835,376.72793731689455,386.46349548339845,403.6255746459961,370.5214912775903,378.1368825478752,34.226091251466315,-7.615391270284874,-4.987320784158465,-2.6280704861264095,396.56408375173464,356.89179088205447,-0.07036653218507548,0.24403435806769236
2022-09-26,350.5971984863281,-0.009941911626779832,-0.009892654196207884,-0.016896722113969167,-0.008435555967913842,0.007725084171734557,374.8348876953125,386.0930938720703,403.1530026245117,367.45621546354994,376.09690595072357,33.22520890333399,-8.640690487173629,-5.717994724761498,-2.922695762412131,397.04223249959,352.627542891035,-0.04571335345582993,0.221055683661673
2022-09-27,349.70220947265625,-0.0025560195846654147,-0.0025527557480091723,-0.009941911626779832,-0.016896722113969167,-0.011544936226077527,373.02551116943357,385.76574768066405,402.6909814453125,364.72482992648935,374.1417432486445,25.906923461045167,-9.416913322155153,-6.45777844424023,-2.9591348779149236,397.2460077639314,348.80501457493574,0.018521397656320677,0.2211609852496941
2022-09-28,356.58306884765625,0.019485262662630804,0.019676339435704904,-0.0025560195846654147,-0.009941911626779832,-0.017597612451183166,371.7719924926758,385.3782012939453,402.24255615234375,363.4722512989766,372.84110070042317,30.563042042010522,-9.368849401446596,-7.039992635681503,-2.328856765765093,396.6971043009959,346.8468806843557,0.19530881622867122,0.2360091917875892
2022-09-29,349.13446044921875,-0.021110103409499044,-0.020888844841984833,0.019485262662630804,-0.0025560195846654147,-0.008435555967913842,370.29124603271487,384.79376098632815,401.7766537475586,361.2664373220907,371.08505327440804,21.568234841610234,-9.818615952317316,-7.595717299008666,-2.2228986533086497,396.93079825748646,343.6516938079433,0.1029065089948689,0.24393168981046015
2022-09-30,343.73553466796875,-0.015584554367672188,-0.015463743608417735,-0.021110103409499044,0.019485262662630804,-0.016896722113969167,368.4811294555664,384.02428649902345,401.2989726257324,358.56937537530274,369.0591630072644,15.434391080076338,-10.489787631961633,-8.17453136559926,-2.3152562663623737,397.1994726227189,339.76278628841396,0.06916743693101954,0.24564254526065465
2022-10-03,352.8106384277344,0.026058910822185578,0.026401412843544803,-0.015584554367672188,-0.021110103409499044,-0.009941911626779832,367.32508087158203,383.5072369384766,400.8323484802246,357.6834158449076,367.8555685939658,31.43420289855075,-10.172152749058228,-8.574055642291054,-1.5980971067671739,396.635959122728,338.01420262043604,0.2524051937392874,0.2680186277025095
2022-10-04,363.7430114746094,0.03051612790857576,0.03098651757099513,0.026058910822185578,-0.015584554367672188,-0.0025560195846654147,366.7865692138672,383.19963439941404,400.4400573730469,358.6156613264002,367.55093473327275,40.23377155875615,-8.935273406872568,-8.646299195207357,-0.2889742116652112,395.9366984007503,337.63644002698413,0.44779512434155233,0.2934329676348901
2022-10-05,362.8961181640625,-0.0023309884080553256,-0.0023282737642534856,0.03051612790857576,0.026058910822185578,0.019485262662630804,365.8693099975586,382.9647991943359,400.0670635986328,359.274193147579,367.20613350592384,42.19988750919396,-7.931940358344832,-8.503427427834852,0.5714870694900203,394.2486451629431,337.48997483217414,0.4476169576177625,0.2844678432733085
2022-10-06,359.152587890625,-0.010369283359011177,-0.010315707680689679,-0.0023309884080553256,0.03051612790857576,-0.021110103409499044,364.6402786254883,382.4605364990234,399.69861267089846,359.2554846465092,366.60957457145724,41.67342092434134,-7.354089924948028,-8.273559927257487,0.9194700023094597,391.86786346080584,337.41269379017075,0.39922553234054975,0.28371048436641777
2022-10-07,349.13446044921875,-0.02829021259602252,-0.027893791606082297,-0.010369283359011177,-0.0023309884080553256,-0.015584554367672188,362.6122741699219,381.65949279785156,399.24163635253905,357.6984040007722,365.31512167351366,34.223440503028954,-7.6167176727414585,-8.142191476354283,0.5254738036128241,387.9596685117608,337.26487982808294,0.23413808261829175,0.28783759598566655
2022-10-10,346.4686584472656,-0.0076647587698126605,-0.007635459411606482,-0.02829021259602252,-0.010369283359011177,0.026058910822185578,360.24156188964844,380.6916564941406,398.74930740356444,355.9707508386943,363.91908736045826,34.94682874337664,-7.948336521763963,-8.103420485436219,0.15508396367225608,381.87091767556063,338.61220610373624,0.18161549565536553,0.2814512703492914
2022-10-11,344.27447509765625,-0.006353130775340244,-0.006332992310019714,-0.0076647587698126605,-0.02829021259602252,0.03051612790857576,358.61749267578125,379.70332092285156,398.2321653747559,354.1713238016115,362.46393089654697,36.991878452203615,-8.292607094935477,-8.141257807336071,-0.15134928759940536,379.90085273697855,337.33413261458395,0.163046212231441,0.24301538399063236
2022-10-12,343.138916015625,-0.0033038638165789934,-0.0032984120641216252,-0.006353130775340244,-0.0076647587698126605,-0.0023309884080553256,356.86476135253906,378.7442218017578,397.6776657104492,352.4740302960751,361.03244831277493,37.99294884897031,-8.558418016699818,-8.224689849208822,-0.333728167490996,377.1084607816582,336.6210619234199,0.16098475762857867,0.24109085271673375
2022-10-13,352.1947326660156,0.026048872295340333,0.026391109337124075,-0.0033038638165789934,-0.006353130775340244,-0.010369283359011177,355.77950897216795,377.8437518310547,397.17030059814454,352.4310614299121,360.37780270931125,48.70893115760725,-7.946741279399134,-8.169100135246886,0.2223588558477516,374.44355735657774,337.11546058775815,0.40396573582753065,0.26324510592243344
2022-10-14,344.1686096191406,-0.023052558897090146,-0.02278887871524793,0.026048872295340333,-0.0033038638165789934,-0.02829021259602252,354.4355728149414,376.7881256103516,396.61990310668943,351.1599149974857,359.17712173966896,45.895784105291376,-8.017206742183248,-8.138721456634158,0.12151471445091033,372.32547050826054,336.54567512162225,0.21305137201441637,0.2723788363225538
2022-10-17,353.0127258300781,0.02537242525999508,0.025697044889493093,-0.023052558897090146,0.026048872295340333,-0.0076647587698126605,353.3899688720703,375.9228009033203,396.1200051879883,351.4449628178846,358.72049982044,51.918783485716006,-7.2755370025554384,-7.966084565818415,0.6905475632629763,368.74923605559536,338.03070168854526,0.48771936715845293,0.28894734644167525
2022-10-18,357.1605224609375,0.01168121667472632,0.011749708515765844,0.02537242525999508,-0.023052558897090146,-0.006353130775340244,352.7663604736328,375.1496331787109,395.646554107666,352.32427968604657,358.6049459419583,50.34564417464804,-6.28066625591174,-7.62900090383708,1.3483346479253404,366.2467321071718,339.2859888400938,0.6629837109376154,0.2914578290669657
2022-10-19,354.6294860839844,-0.007111780200151737,-0.0070865513341552555,0.01168121667472632,0.02537242525999508,-0.0033038638165789934,352.33858795166014,374.3572821044922,395.1473669433594,352.67892682419085,358.31046743396024,53.49487921325089,-5.631540609769388,-7.229508845023543,1.5979682352541547,364.9413171094788,339.7358587938415,0.5908889695095515,0.2862091079890638
2022-10-20,351.6557922363281,-0.008420709054984104,-0.008385354191760563,-0.007111780200151737,0.01168121667472632,0.026048872295340333,351.9146697998047,373.3398406982422,394.634072265625,352.5215215029812,357.81752853043196,55.197690938753084,-5.296007027450742,-6.842808481508984,1.546801454058242,363.9718836151838,339.8574559844256,0.48926461919641945,0.28620412905548587
2022-10-21,360.2015686035156,0.02401095333180156,0.0243015373437796,-0.008420709054984104,-0.007111780200151737,-0.023052558897090146,352.21973876953126,372.4933148193359,394.2071258544922,353.70306721075576,357.99412409140115,54.88425147241871,-4.291056880645385,-6.332458161336264,2.041401280690879,364.8068899364587,339.63258760260385,0.8170626032901124,0.2931818162624577
2022-10-24,364.6091613769531,0.012162201583401096,0.012236461908051943,0.02401095333180156,-0.008420709054984104,0.02537242525999508,352.9203369140625,371.59865295410157,393.8043101501465,355.3809278517092,358.4841268532939,50.62640976406453,-3.1031990015846986,-5.686606329385952,2.583407327801253,366.6364141439942,339.20425968413076,0.926099396603821,0.29288502509200237
2022-10-25,370.4314575195313,0.01584243854583429,0.015968595305148492,0.012162201583401096,0.02401095333180156,0.01168121667472632,353.95679931640626,370.78670104980466,393.4394062805176,357.6963939544511,359.3691143100522,55.08378889875333,-1.6727203556011432,-4.88382913462899,3.211108779027847,369.64064345879865,338.2729551740139,1.0252111042915537,0.2963832966260608
2022-10-26,367.64056396484375,-0.007562695171696391,-0.007534169947055358,0.01584243854583429,0.012162201583401096,-0.007111780200151737,354.5096740722656,369.90282958984375,393.0633068847656,359.2262662637423,359.98181428448123,55.80106187543486,-0.7555480207389564,-4.058172911850983,3.3026248911120266,371.3222871759871,337.6970609685441,0.8905071095007705,0.29179897919708336
2022-10-27,365.6773986816406,-0.005354212151166644,-0.005339903905138277,-0.007562695171696391,0.01584243854583429,-0.008420709054984104,355.3368209838867,369.03815795898436,392.6572225952148,360.2187481741882,360.4037094250116,62.705038102528285,-0.18496125082339177,-3.2835305796454652,3.0985693288220735,372.65608630331536,338.01755566445803,0.7985281854350346,0.2807374583655825
2022-10-28,374.3771057128906,0.023512073111225003,0.023790661010537173,-0.005354212151166644,-0.007562695171696391,0.02401095333180156,356.8688995361328,368.32371215820314,392.28859634399413,362.39695702629626,361.43877581670637,69.61577697870734,0.9581812095898954,-2.4351882217983936,3.393369431388289,375.25535234531407,338.48244672695154,0.9761170182868311,0.2819752727662123
2022-10-31,371.67291259765625,-0.007249393182227253,-0.007223179713634065,0.023512073111225003,-0.005354212151166644,0.012162201583401096,357.81201324462893,367.66540100097654,391.93732009887697,363.8240271141978,362.19686002270265,69.12023150636733,1.6271670914951528,-1.6227171591396843,3.249884250634837,377.2281913766264,338.39583511263146,0.8569420114194575,0.27246490307918736
2022-11-01,370.0464782714844,-0.004385585581311929,-0.0043759829437248765,-0.007249393182227253,0.023512073111225003,0.01584243854583429,358.12718658447267,367.1430517578125,391.57700775146486,364.7813272922419,362.77831322631613,68.64989536089384,2.003014065925754,-0.8975709141265966,2.9005849800523507,378.1440825148204,338.1102906541249,0.7977307702574602,0.25247623093139226
2022-11-02,360.7596740722656,-0.02541660084951978,-0.025096318285741104,-0.004385585581311929,-0.007249393182227253,-0.007562695171696391,358.02036437988284,366.4541351318359,391.2094094848633,364.16261141224555,362.6287844000902,55.91749711563762,1.5338270121553705,-0.4112913288702032,1.9451183410255737,377.9527270890418,338.0880016707239,0.5687151275629776,0.26909638519114076
2022-11-03,357.04498291015625,-0.010350237458117808,-0.010296858072239123,-0.02541660084951978,-0.004385585581311929,-0.005354212151166644,357.91498413085935,365.6656219482422,390.8457844543457,363.06759164269334,362.2151694749099,59.45982545419976,0.8524221677834589,-0.1585486295394708,1.0109707973229298,377.844428013826,337.9855402478927,0.4781729679510356,0.2690869367040304
2022-11-04,362.1840515136719,0.014290735823573963,0.014393336552802838,-0.010350237458117808,-0.02541660084951978,0.023512073111225003,358.56746368408204,364.86794616699217,390.53163833618163,362.93166239207466,362.2128644407441,57.12577843283425,0.7187979513305436,0.016920686634532056,0.7018772646960115,378.1377458427029,338.9971815254612,0.5923999919949212,0.2522527709862343
2022-11-07,365.6485290527344,0.009520056665285461,0.00956551655044846,0.014290735823573963,-0.010350237458117808,-0.007249393182227253,359.52645721435545,364.4117529296875,390.2765312194824,363.34964187833003,362.46735811570636,56.6656425412434,0.8822837626236719,0.18999330183236005,0.6922904607913118,378.47012861793746,340.58278581077343,0.6615862022717867,0.25104204291261784
2022-11-08,367.6213073730469,0.00538078339542549,0.005395285810182893,0.009520056665285461,0.014290735823573963,-0.004385585581311929,360.693798828125,364.04638427734375,390.02244033813474,364.00682118520956,362.84913213476864,60.2927409527862,1.157689050440922,0.38353245155407245,0.7741565988868496,378.5248638045053,342.86273385174474,0.6942539201696116,0.2488793772595499
2022-11-09,360.047607421875,-0.020817086730342896,-0.020601906906028145,0.00538078339542549,0.009520056665285461,-0.02541660084951978,361.5392333984375,363.614267578125,389.7560246276855,363.39771137546575,362.64161178566536,56.19673576341518,0.7560995898003853,0.45804587920333506,0.2980537105970502,377.3552554675513,345.7232113293237,0.452844464618085,0.2624203958017998
2022-11-10,379.8336486816406,0.053497124700002306,0.0549539584541161,-0.020817086730342896,0.00538078339542549,-0.010350237458117808,362.9211791992187,363.6359527587891,389.59372375488283,365.9263171148773,363.9150960001821,62.43294600041589,2.0112211146952177,0.7686809263017116,1.242540188393506,380.0729265990483,345.76943179938917,0.9930246781325022,0.30914799278866756
2022-11-11,383.5099182128906,0.009632092581842774,0.00967863048471318,0.053497124700002306,-0.020817086730342896,0.014290735823573963,364.88824462890625,363.70739379882815,389.4599842834473,368.63148651457163,365.3665643122346,62.08171259358673,3.264922202337061,1.2679291815087816,1.9969930208282796,382.008358775383,347.7681304824295,1.043853663143264,0.2928671636552692
2022-11-14,380.2474670410156,-0.008543213009117678,-0.008506823466463698,0.009632092581842774,0.053497124700002306,0.009520056665285461,366.24998168945314,363.7937109375,389.2589877319336,370.41856044171686,366.46885340325537,56.48686356231257,3.949707038461497,1.8042847528993249,2.145422285562172,383.7218127010638,348.77815067784246,0.9005729377264651,0.2868915654468321
2022-11-15,383.4906921386719,0.008493079869812896,0.008529248394194777,-0.008543213009117678,0.009632092581842774,0.00538078339542549,367.56649017333984,363.9732598876953,389.03634353637693,372.4296576258638,367.7297303466196,60.41223365333225,4.699927279244207,2.3834132581683014,2.3165140210759056,386.09083041007955,349.04214993660014,0.9298183298790106,0.28593918427185433
2022-11-16,380.5650634765625,-0.007658192321946589,-0.007628943080192019,0.008493079869812896,-0.008543213009117678,-0.020817086730342896,368.86326904296874,363.95973510742186,388.784610748291,373.6812585259713,368.6804957636524,59.65784885942361,5.000762762318914,2.906883158998424,2.09387960332049,387.20466447348264,350.52187361245484,0.8189995678880005,0.2862160168722845
2022-11-17,379.4006042480469,-0.0030645072251965677,-0.003059816415826422,-0.007658192321946589,0.008493079869812896,0.053497124700002306,370.25050964355466,363.8730828857422,388.5061262512207,374.5611578678291,369.47457787360753,53.61193736412173,5.086579994221552,3.3428225260430495,1.7437574681785022,387.260609928556,353.24040935855334,0.7689606307777125,0.2838718804206177
2022-11-18,381.1232299804688,0.004530110959985684,0.004540387424622372,-0.0030645072251965677,-0.007658192321946589,0.009632092581842774,371.2965927124024,363.70165649414065,388.2873895263672,375.5707074236198,370.33744099263424,56.89214032307607,5.233266430985566,3.720911307031553,1.5123551239540127,388.27788716657983,354.31529825822497,0.7893371083866058,0.2737139370263273
2022-11-21,379.7374267578125,-0.0036427294348582696,-0.003636102744845382,0.004530110959985684,-0.0030645072251965677,-0.008543213009117678,372.0530059814454,363.4187469482422,388.0517347717285,376.21174116734176,371.03373623449926,57.092526952687884,5.178004932842498,4.012330032193742,1.1656749006487557,389.1275388005555,354.97847316233526,0.7250257988835449,0.2723073576270377
2022-11-22,384.8475646972656,0.013367288367322561,0.013457029988019231,-0.0036427294348582696,0.004530110959985684,0.008493079869812896,372.77381134033203,363.5805810546875,387.8484803771973,377.54032940271463,372.05698278729676,68.7771911861542,5.483346615417872,4.306533348838569,1.1768132665793036,390.7532940517998,354.79432862886426,0.8357647589391615,0.2707799636398786
2022-11-23,387.2727355957031,0.006281867923066303,0.006301640236037853,0.013367288367322561,-0.0036427294348582696,-0.007658192321946589,373.755419921875,363.76216491699216,387.6398468017578,379.0376226631744,373.1840755879195,74.04683303803924,5.85354707525488,4.615936094121831,1.2376109811330496,392.67403237246776,354.8368074712822,0.8572491299012946,0.2688093008906857
2022-11-25,387.1860961914063,-0.00022374179517930493,-0.00022371676685051245,0.006281867923066303,0.013367288367322561,-0.0030645072251965677,374.83085479736326,364.02789123535155,387.3993859863281,380.29123397521005,374.22126229928887,71.6282878671321,6.069971675921181,4.906743210481701,1.16322846543948,394.2545974335539,355.4071121611726,0.8180448182788048,0.2674087245315524
2022-11-28,381.0077819824219,-0.016085646092294258,-0.015956962994689183,-0.00022374179517930493,0.006281867923066303,0.004530110959985684,375.16238861083986,364.22710021972654,387.1671339416504,380.4014721301657,374.7239674610024,62.69081919493587,5.677504669163284,5.060895502218018,0.616609166945266,394.7789159783639,355.5458612433158,0.6489915432549827,0.26375933824478587
2022-11-29,380.3533630371094,-0.0017190767108522206,-0.001717599944829229,-0.016085646092294258,-0.00022374179517930493,-0.0036427294348582696,375.5964111328125,364.35567138671877,386.9737539672852,380.3940707312339,375.1409597258992,60.754354543851655,5.253111005334688,5.099338602841352,0.15377240249333557,395.2718885494499,355.92093371617506,0.6208852980684082,0.2622252847603316
2022-11-30,392.3347473144531,0.03101469925774265,0.03150066606923829,-0.0017190767108522206,-0.016085646092294258,0.013367288367322561,376.71082458496096,364.80971252441407,386.8471308898926,382.231097897883,376.41457362134764,75.38194612713508,5.816524276535347,5.242775737580152,0.5737485389551953,397.5529517189913,355.8686974509306,0.8748159347896386,0.2816912780791703
2022-12-01,392.0459899902344,-0.0007362683032104725,-0.0007359973242118123,0.03101469925774265,-0.0017190767108522206,0.006281867923066303,378.2751403808594,365.38693359375,386.68538635253907,383.7410812967063,377.57245631533925,63.84453261114744,6.1686249813670315,5.427945586337528,0.7406793950295034,398.7698594368818,357.780421324837,0.8359609266107113,0.26166901635284534
2022-12-02,391.5937194824219,-0.0011542818786779107,-0.0011536159515973532,-0.0007362683032104725,0.03101469925774265,-0.00022374179517930493,380.00257720947263,366.0161248779297,386.5190020751953,384.9491794791241,378.6110684017898,59.88692130027065,6.338111077334304,5.609978684536883,0.7281323927974208,398.7088574481452,361.2962969708001,0.8098195398833548,0.25689890863723175
2022-12-05,384.5492248535156,-0.01815306865632721,-0.017989294205783213,-0.0011542818786779107,-0.0007362683032104725,-0.016085646092294258,381.12083587646487,366.62510559082034,386.36277465820314,384.88764799826123,379.0509318426584,54.815760272437544,5.836716155602858,5.655326178750078,0.18138997685277936,397.9187396908535,364.32293206207623,0.6020481190669187,0.2663370992592504
2022-12-06,379.0060729980469,-0.014519575081902854,-0.0144146743699205,-0.01815306865632721,-0.0011542818786779107,-0.0017190767108522206,381.7887130737305,367.1932830810547,386.1922930908203,383.9827903059205,379.0476089652797,45.225395934217616,4.935181340640781,5.51129721112822,-0.5761158704874383,396.98195405170014,366.59547209576084,0.40842506612912705,0.27213367632690044
2022-12-07,378.3612060546875,-0.0017029177706355144,-0.0017014686288752134,-0.014519575081902854,-0.01815306865632721,0.03101469925774265,382.3257080078125,367.76646301269534,386.0407534790039,383.1179311903462,378.99676430523584,47.53386934179146,4.1211668851103695,5.23327114592465,-1.1121042608142808,396.10387046350064,368.5475455521244,0.3561309620976223,0.27205700695921103
2022-12-08,381.3253784179688,0.007803711337043784,0.007834239652076969,-0.0017029177706355144,-0.014519575081902854,-0.0007362683032104725,383.3895965576172,368.26130920410156,385.94028060913087,382.8421538407497,379.1692542395124,52.07044183388281,3.6728996012373045,4.921196836987182,-1.2482972357498774,392.37823359212246,374.40095952311196,0.3851762435325645,0.2596897820713323
2022-12-09,378.4767761230469,-0.007498308933942637,-0.007470266748937915,0.007803711337043784,-0.0017029177706355144,-0.0011542818786779107,383.3217529296875,368.8481555175781,385.7953596496582,382.17055726879545,379.11795956421867,47.22058941363114,3.052597704576783,4.547477010505102,-1.4948793059283192,392.4429031794558,374.20060267991914,0.23440976883569817,0.18001065199828847
2022-12-12,383.9333801269531,0.014314334955937808,0.014417275637890858,-0.007498308933942637,0.007803711337043784,-0.01815306865632721,383.3429260253906,369.6521124267578,385.63277038574216,382.4417607854351,379.4746573836805,54.059632092981225,2.9671034017546276,4.231402288755008,-1.26429888700038,392.46788058423385,374.2179714665474,0.5323538105178988,0.18411579230061345
2022-12-13,386.8396911621094,0.00754132420364754,0.007569831605147792,0.014314334955937808,-0.007498308933942637,-0.014519575081902854,383.6725372314453,370.3326934814453,385.4900405883789,383.11836545876963,380.02021544134186,52.01325929773094,3.09815001742777,4.004751834489561,-0.9066018170617909,392.8029422923141,374.54213217057645,0.6734399465056539,0.18300213274944027
2022-12-14,384.3663940429688,-0.0064141236592200074,-0.006393597078186319,0.00754132420364754,0.014314334955937808,-0.0017029177706355144,383.71632232666013,370.7451611328125,385.3665766906738,383.3103698563387,380.34215459701795,47.06568177182481,2.9682152593207434,3.7974445194557975,-0.8292292601350542,392.8514533075398,374.58119134578044,0.5355808645584451,0.1824039574294929
2022-12-15,374.9641418457031,-0.024765849174858356,-0.024461691612442604,-0.0064141236592200074,0.00754132420364754,0.007803711337043784,383.4362762451172,370.9865216064453,385.1584754943848,382.02633477777937,379.94378328210576,39.614052249105676,2.082551495673613,3.4544659146993606,-1.3719144190257477,393.2930628502929,373.57948963994147,0.07023851997742261,0.2012111710362448
2022-12-16,370.5372619628906,-0.011876387874891833,-0.011806141944725401,-0.024765849174858356,-0.0064141236592200074,-0.007498308933942637,382.99310913085935,371.21421508789064,384.9386096191406,380.2587851139503,379.2470039251269,40.82940509194172,1.01178118882342,2.9659289695241724,-1.9541477807007523,394.30367363365775,371.68254462806095,-0.05062889057778539,0.20495694429500513
2022-12-19,367.395263671875,-0.008515730556318922,-0.00847957442760583,-0.011876387874891833,-0.024765849174858356,0.014314334955937808,382.3067108154297,371.5794311523438,384.71987258911133,378.2797818151695,378.3690972397008,39.124557220097806,-0.08931542453132124,2.3548800907130736,-2.444195515244395,395.58935173461947,369.02406989623995,-0.06131334251503306,0.2053657576149718
2022-12-20,367.8979797363281,0.0013673895341471609,0.0013683248374756207,-0.008515730556318922,-0.011876387874891833,0.00754132420364754,381.7147384643555,372.008017578125,384.5642500305176,376.68258149534773,377.59345890611763,24.59603990299634,-0.9108774107698991,1.7017285904164792,-2.6126060011863785,396.4548541315876,366.9746227971234,0.03132122433941903,0.20555052982586852
2022-12-21,373.3989562988281,0.01484176521820204,0.01495245112909438,0.0013673895341471609,-0.008515730556318922,-0.0064141236592200074,381.1423080444336,372.59050720214844,384.451258392334,376.1774083881909,377.2827550092814,32.51029301311647,-1.1053466210905185,1.1403135481150797,-2.245660169205598,396.25466895269204,366.02994713617517,0.24380734444430924,0.20703425819071913
2022-12-22,368.0719909667969,-0.014368889311199777,-0.01426614949552274,0.01484176521820204,0.0013673895341471609,-0.024765849174858356,380.1822708129883,373.0891687011719,384.25854721069334,374.9304210925918,376.60047619131956,29.78652539928146,-1.6700550987277438,0.578239818746515,-2.248294917474259,396.0742682356259,364.2902733903507,0.11898182072000738,0.20968597734533015
2022-12-23,370.189208984375,0.0057357039002482,0.005752184544161931,-0.014368889311199777,0.01484176521820204,-0.011876387874891833,379.3324264526367,373.44905822753907,384.0856021118164,374.2010038451739,376.1255675093237,36.51793915854344,-1.9245636641497867,0.07767912216725464,-2.0022427863170416,395.4634819597732,363.2013709455002,0.21659580911439258,0.21161818761966567
2022-12-27,368.7294006347656,-0.003951207155485216,-0.003943411407410835,0.0057357039002482,-0.014368889311199777,-0.008515730556318922,378.71850738525393,373.9402740478516,383.9310922241211,373.3592187358803,375.57770329639345,39.55042233241691,-2.2184845605131613,-0.38155361436882856,-1.8369309461443328,395.50246858162023,361.9345461888876,0.20242106039154434,0.20538340589474283
2022-12-28,364.14691162109375,-0.012505653842802032,-0.012427783099972944,-0.003951207155485216,0.0057357039002482,0.0013673895341471609,377.90818481445314,374.1629577636719,383.7682727050781,371.94194071822085,374.730977987112,36.618135306306115,-2.78903726889115,-0.8630503452732928,-1.9259869236178568,395.8824800606159,359.9338895682904,0.1171957507959255,0.20897751374075058
2022-12-29,370.70159912109375,0.017840034369596053,0.0180001183336147,-0.012505653842802032,-0.003951207155485216,0.01484176521820204,376.82652740478517,374.433779296875,383.5946075439453,371.75111893404744,374.432505478518,40.631721037776636,-2.68138654447057,-1.2267175851127483,-1.4546689593578215,393.71636952385427,359.93668528571607,0.31868012026068016,0.18509151209757743
2022-12-30,369.7252197265625,-0.0026373435851263466,-0.002633868849894805,0.017840034369596053,-0.012505653842802032,-0.014368889311199777,375.7104888916016,374.7356939697266,383.3711097717285,371.4394421328959,374.0838176450398,42.01916595746575,-2.6443755121438812,-1.510249170518975,-1.1341263416249063,391.26279677534717,360.158181007856,0.30757617423152483,0.1849284294722849
2023-01-03,368.1686706542969,-0.004218903019325628,-0.0042100159502692636,-0.0026373435851263466,0.017840034369596053,0.0057357039002482,374.5392364501953,375.0659515380859,383.1139047241211,370.9362465208037,373.6456586086885,34.522712373848435,-2.7094120878848003,-1.75008175399214,-0.9593303338926602,388.5021059721944,360.5763669281962,0.27187476450090303,0.18485786655478498
2023-01-04,371.0110473632813,0.007690662093007273,0.0077203111930546076,-0.004218903019325628,-0.0026373435851263466,-0.003951207155485216,373.8623275756836,375.2821411132812,382.84793243408205,370.94775434272333,373.4505022201398,34.44041060015091,-2.502747877416482,-1.9006149786770083,-0.6021328987394736,387.07438214343057,360.6502730079366,0.39209550271754173,0.17960413097543756
2023-01-05,366.7764892578125,-0.011479197993606811,-0.011413563384603087,0.007690662093007273,-0.004218903019325628,-0.012505653842802032,373.2508483886719,375.32548767089844,382.5614071655273,370.3060212527371,372.95613088959703,33.2877727545806,-2.650109636859952,-2.0505139103135974,-0.5995957265463545,386.59192216226614,359.90977461507765,0.25735239753812084,0.17705264133569548
2023-01-06,375.1874694824219,0.02267317824250726,0.02293216842123491,-0.011479197993606811,0.007690662093007273,0.017840034369596053,373.09216156005857,375.42060791015626,382.2921255493164,371.0570132880732,373.1214152298063,50.21625781193667,-2.064401941733081,-2.0532915165974943,-0.011110425135586688,386.25155924583476,359.9327638742824,0.5796126073698682,0.19696138312155814
2023-01-09,374.9747924804688,-0.00056701601356133,-0.0005668552903604906,0.02267317824250726,-0.011479197993606811,-0.0026373435851263466,372.7746322631836,375.5672924804687,382.0494073486328,371.65974854844177,373.2587024335591,54.67892765873106,-1.5989538851173393,-1.9624239903014633,0.36347010518412404,385.39290007878446,360.15636444758275,0.5871815470014429,0.19455170432771138
2023-01-10,377.6043701171875,0.006988203948984136,0.007012678423858665,-0.00056701601356133,0.02267317824250726,-0.004218903019325628,372.73101196289065,375.8058319091797,381.78791595458983,372.5743057128642,373.5806037434575,60.8820620917584,-1.0062980305933138,-1.7711987983598334,0.7649007677665196,385.2720780738085,360.1899458519728,0.6942960076597584,0.19477131435593434
2023-01-11,382.38031005859375,0.012568681811077679,0.012647999650862163,0.006988203948984136,-0.00056701601356133,0.007690662093007273,372.65335845947266,375.96589599609376,381.53980667114257,374.08292176605335,374.232433840875,64.14810044690105,-0.14951207482164364,-1.4468614536521955,1.297349378830552,384.91856308254,360.3881538364053,0.8965262667052238,0.1931478241372903
2023-01-12,383.77252197265625,0.0036342969398039564,0.0036409090045697035,0.012568681811077679,0.006988203948984136,-0.011479197993606811,372.5,376.20788818359375,381.2832942199707,375.5736294901461,374.93910703582173,61.01873036022118,0.634522454324383,-1.0305846720568799,1.665107126381263,384.0756622769118,360.9243377230882,0.9869061356057266,0.19156158102960072
2023-01-13,385.2613525390625,0.0038719553866246696,0.003879461090005698,0.0036342969398039564,0.012568681811077679,0.02267317824250726,372.5447479248047,376.51218566894534,381.0073149108887,377.06404842074863,375.70371781383955,69.87931821887611,1.3603306069090877,-0.5524016162636864,1.9127322231727741,384.3187742894329,360.7707215601765,1.0400278638946028,0.1907549675843857
2023-01-17,384.5555725097656,-0.0018336313585210445,-0.0018319512835778262,0.0038719553866246696,0.0036342969398039564,-0.00056701601356133,373.0243194580078,376.9881036376953,380.7414047241211,378.2165905882897,376.35941075427854,67.17525836385248,1.8571798340111627,-0.07048532620871661,1.9276651602198793,385.9393309042859,360.10930801172975,0.9464282939168803,0.1669660041956528
2023-01-18,378.4841918945313,-0.015914003521556187,-0.015788044821740677,-0.0018336313585210445,0.0038719553866246696,0.006988203948984136,373.42166595458986,377.4168878173828,380.4788250732422,378.2577600200192,376.51680194985283,60.503837172696834,1.7409580701663572,0.2918033530662982,1.449154717100059,386.50242957623357,360.34090233294614,0.6935103364900229,0.1717274398660427
2023-01-19,375.7289123535156,-0.00730640128815369,-0.007279774426572239,-0.015914003521556187,-0.0018336313585210445,0.012568681811077679,373.8383483886719,377.6877850341797,380.1963612365723,377.8687065328648,376.45843975753155,62.982207569462446,1.4102667753332412,0.5154960375196869,0.8947707378135543,386.6387486032215,361.0379481741223,0.5738478458937103,0.1708845455985376
2023-01-20,382.7283630371094,0.01845759708732744,0.018628991417642293,-0.00730640128815369,-0.015914003521556187,0.0036342969398039564,374.5798675537109,378.02938171386717,379.9303811645508,378.61634599505624,376.92287851898175,63.34765553292333,1.6934674760744883,0.7510903252306471,0.9423771508438412,387.64678869980236,361.5129464076195,0.8117986016865121,0.18164018142266017
2023-01-23,387.3205871582031,0.011927238028795119,0.011998651170382457,0.01845759708732744,-0.00730640128815369,0.0038719553866246696,375.2759490966797,378.4233673095703,379.7148941040039,379.9554600201558,377.6930791589241,68.07700531808494,2.2623808612316907,1.053348432430856,1.2090324288008347,389.50917063896145,361.04272755439797,0.9231170724682097,0.17918010879197274
2023-01-24,386.9048461914063,-0.00107395337029152,-0.0010733768887606354,0.011927238028795119,0.01845759708732744,-0.0018336313585210445,376.2175918579102,378.96051208496095,379.51884796142576,381.02459635419433,378.37543227244134,69.71108250153313,2.6491640817529856,1.372511562295282,1.2766525194577036,390.92796944508893,361.5072142707314,0.8632556088434775,0.16917370588078753
2023-01-25,387.0498352050781,0.0003746705559201106,0.00037474075369958726,-0.00107395337029152,0.011927238028795119,-0.015914003521556187,377.0606231689453,379.1048358154297,379.3127908325195,381.9515561774072,379.01798063782184,67.88860547169901,2.9335755395853766,1.6847243577533009,1.2488511818320758,392.2413540412481,361.87989229664254,0.829009588542213,0.1688816789939646
2023-01-26,391.3036804199219,0.010930476915249747,0.010990432827829189,0.0003746705559201106,-0.00107395337029152,-0.00730640128815369,378.1893371582031,379.2607110595703,379.1337283325195,383.39034452240946,379.92803247353294,77.34424598651765,3.4623120488765267,2.040241895977946,1.4220701528985806,394.10116531200606,362.27750900440014,0.9120941709197764,0.16991940504858294
2023-01-27,392.2027587890625,0.0022950130816412908,0.0022976486399917118,0.010930476915249747,0.0003746705559201106,0.01845759708732744,379.5921295166016,379.49981689453125,378.99566345214845,384.746100563433,380.8372714598685,72.78609254580674,3.9088291035645284,2.4139593374952626,1.4948697660692658,395.23595829821494,363.9483007349882,0.9030544391818759,0.1598639867850579
2023-01-30,387.2819213867188,-0.012626041022689128,-0.012546666977909404,0.0022950130816412908,0.010930476915249747,0.011927238028795119,380.4211456298828,379.57564147949216,378.8407717895508,385.1362268439385,381.31465293593146,64.63560507963798,3.8215739080070534,2.695482251597621,1.1260916564094323,395.83686258557606,365.00542867418955,0.7225253543690103,0.1607271896507118
2023-01-31,392.9762268066406,0.014596211600243677,0.014703256479239979,-0.012626041022689128,0.0022950130816412908,-0.00107395337029152,381.58369598388674,379.82386474609376,378.6903991699219,386.3423806843542,382.17847322265067,67.03823196525963,4.163907461703559,2.989167293618809,1.17474016808475,397.10961543213756,366.0577765356359,0.866887476800525,0.1654376147125264
2023-02-01,397.1527099609375,0.010571748122368852,0.010627826492801695,0.014596211600243677,-0.012626041022689128,0.0003746705559201106,383.03289794921875,380.17890686035156,378.5872471618652,388.00550826536704,383.2876759440053,66.59431011478785,4.717832321361755,3.334900299167398,1.3829320221943564,398.6967006386047,367.3690952598328,0.9507146920743129,0.16514946431457006
2023-02-02,402.9340515136719,0.014452038093106722,0.014556973697354314,0.010571748122368852,0.014596211600243677,0.010930476915249747,384.6290481567383,380.6151232910156,378.51214294433595,390.30220722664467,384.74296302323984,69.59273962283943,5.55924420340483,3.7797690800148844,1.779475123389946,401.5872755142814,367.6708207991952,1.0397086314210622,0.16896790459246347
2023-02-03,398.6511840820313,-0.010686095495194427,-0.010629202013459627,0.014452038093106722,0.010571748122368852,0.0022950130816412908,386.22278289794923,380.9933984375,378.38188995361327,391.58666520439647,385.77320162018736,62.951149303145066,5.813463584209103,4.186507980853729,1.6269556033553743,402.0715327070798,370.37403308881863,0.8920940558012334,0.16801712011408299
2023-02-06,396.2149353027344,-0.00612997924736285,-0.006111229256491102,-0.010686095495194427,0.014452038093106722,-0.012626041022689128,387.27415618896487,381.2207458496094,378.2410305786133,392.29870675798696,386.5466633744501,60.91208728435969,5.752043383536886,4.49961506139036,1.2524283221465264,402.82763531571214,371.7206770622176,0.7874205520485148,0.15666293297622405
2023-02-07,401.3968505859375,0.01299376033122599,0.013078546065518282,-0.00612997924736285,-0.010686095495194427,0.014596211600243677,388.59525909423826,381.50322814941404,378.1578109741211,393.6984211930563,387.64667724196767,71.80720483962978,6.051743951088611,4.810040839330011,1.2417031117586,404.23828867134904,372.9522295171275,0.9091787792318313,0.1602360568586161
2023-02-08,397.0076904296875,-0.010994938398577183,-0.010934714983047211,0.01299376033122599,-0.00612997924736285,0.010571748122368852,389.56542510986327,381.6996600341797,378.1099989318848,394.20753953715337,388.34008562624325,69.64128872620914,5.867453910910115,5.021523453646032,0.8459304572640827,404.73805071392246,374.3927995058041,0.7452530469687847,0.16745408828148714
2023-02-09,393.5659484863281,-0.008707003415401284,-0.008669207237860577,-0.010994938398577183,0.01299376033122599,0.014452038093106722,390.12470703125,381.9508233642578,378.0331929016113,394.1088332216418,388.7271865788422,60.70679576993446,5.3816466427996374,5.0935480914767535,0.288098551322884,405.00396196667407,375.24545209582595,0.6156389036283435,0.16752602958908222
2023-02-10,394.484375,0.0023308839603741883,0.0023336025822462414,-0.008707003415401284,-0.010994938398577183,-0.010686095495194427,390.66029968261716,382.23344360351564,378.0201931762695,394.1666088798508,389.15364498040947,57.63128311457965,5.012963899441331,5.077431253069669,-0.06446735362833778,405.3467226308873,375.973876734347,0.6301908344479912,0.16736357509251074
2023-02-13,399.115234375,0.011670650746311694,0.011739018497247233,0.0023308839603741883,-0.008707003415401284,-0.00612997924736285,391.3529937744141,382.3690533447266,378.02476516723635,394.9279358791045,389.8915404911199,61.93537340288946,5.036395387984612,5.069224080052658,-0.03282869206804584,406.2722369372478,376.43375061158036,0.7601419025035715,0.171152373740719
2023-02-14,398.93157958984375,-0.0004602606894348624,-0.0004601547857321364,0.011670650746311694,0.0023308839603741883,0.01299376033122599,392.071794128418,382.50676513671874,377.97812759399415,395.5438810653721,390.56117301695133,61.60535918574909,4.982708048420761,5.051920873726279,-0.06921282530551753,406.997361572486,377.14622668435,0.7297998212507525,0.17083837167467694
2023-02-15,400.22705078125,0.003242090561033126,0.003247351820926614,-0.0004602606894348624,0.011670650746311694,-0.010994938398577183,393.15893707275393,382.6794317626953,378.01340454101563,396.26436871396874,391.27716396245495,59.25039181159638,4.9872047515137865,5.038977649283781,-0.05177289776999405,407.0488604004503,379.2690137450576,0.7544331434286009,0.15744955958480003
2023-02-16,394.7164001464844,-0.013864480300433338,-0.013768811038656015,0.003242090561033126,-0.0004602606894348624,-0.008707003415401284,394.10831146240236,382.88277526855467,378.0092945861816,396.02621970358655,391.531922198309,52.378361864897656,4.49429750527753,4.930041620482531,-0.43574411520500167,405.3193121934742,382.8973107313305,0.5271201785937214,0.16458784423118603
2023-02-17,393.7302856445313,-0.0025014120394083934,-0.002498286115264259,-0.013864480300433338,0.003242090561033126,0.0023308839603741883,394.6584075927734,383.17725952148436,377.9911883544922,395.67299907911655,391.6947639350662,56.592173751355574,3.978235144050359,4.7396803251960975,-0.7614451811457386,404.51633109480014,384.8004840907467,0.4529250785902684,0.15405436687029345
2023-02-21,385.8316955566406,-0.02026486817635846,-0.020060915748355,-0.0025014120394083934,-0.013864480300433338,0.011670650746311694,394.58396301269534,383.32666931152346,377.87308670043944,394.15895238335105,391.2604625737014,43.01111477304751,2.898489809649675,4.371442222086813,-1.472952412437138,404.694457941961,384.4734680834297,0.06716918819075042,0.16677968222500653
2023-02-22,385.2999877929688,-0.0013790325554409997,-0.0013780821269873123,-0.02026486817635846,-0.0025014120394083934,-0.0004602606894348624,394.50372009277345,383.4061614990234,377.82509185791014,392.79603475406145,390.8189459232767,37.515236689433884,1.9770888307847372,3.892571543826398,-1.9154827130416607,404.8924750847565,384.1149651007904,0.05703391277842584,0.16680457966667334
2023-02-23,387.349609375,0.005305448672293177,0.005319547487586451,-0.0013790325554409997,-0.02026486817635846,0.003242090561033126,394.51870880126955,383.5836181640625,377.7991305541992,391.9581231572828,390.56195803081175,32.183927294294094,1.3961651264710326,3.3932902603553248,-1.9971251338842921,404.8629520603246,384.17446554221453,0.15347395422115806,0.1679472964419042
2023-02-24,383.2117614746094,-0.010739930213398197,-0.01068246307790821,0.005305448672293177,-0.0013790325554409997,-0.013864480300433338,394.1141128540039,383.5691857910156,377.8153207397461,390.61252905225615,390.01749902664864,32.29099503438398,0.5950300256075138,2.833638213405763,-2.238608187798249,405.561959754356,382.6662659536518,0.023825245293103172,0.1669202107270794
2023-02-27,384.5169067382813,0.003400020280640786,0.0034058069059510476,-0.010739930213398197,0.005305448672293177,-0.0025014120394083934,393.72982025146484,383.5227301025391,377.83364700317384,389.6747410039523,389.61004774602884,36.224942663971035,0.06469325792346581,2.2798492223093034,-2.2151559643858376,405.93855024606347,381.5210902568662,0.12269156917797741,0.16725919402247763
2023-02-28,383.09576416015625,-0.0037027637914605403,-0.0036959170148852527,0.003400020280640786,-0.010739930213398197,-0.02026486817635846,393.52051239013673,383.4973175048828,377.875118560791,388.66259072029135,389.1275082211494,26.355267536506616,-0.46491750085806416,1.73089587767583,-2.1958133785338942,406.32374982572014,380.7172749545533,0.0928862413733152,0.1619399172961614
2023-03-01,381.6262512207031,-0.0038432651831802845,-0.003835889291740613,-0.0037027637914605403,0.003400020280640786,-0.0013790325554409997,392.95301361083983,383.6305596923828,377.9111993408203,387.58007695112394,388.5718595544497,28.50582751576819,-0.9917826033257597,1.186360181475512,-2.1781427848012718,406.81982234803957,379.0862048736401,0.09158727127493227,0.15199822374171762
2023-03-02,384.5942687988281,0.007747201609412896,0.007777288822850226,-0.0038432651831802845,-0.0037027637914605403,0.005305448672293177,392.32509155273436,383.91169982910156,377.9173631286621,387.12072185077074,388.27722320218146,37.29467246130282,-1.156501351410725,0.7177878748982647,-1.8742892263089896,406.5245375746198,378.12564553084894,0.22777731110105204,0.14933889257366767
2023-03-03,390.7622680664063,0.01591043368741859,0.016037678582268455,0.007747201609412896,-0.0038432651831802845,-0.010739930213398197,391.7165023803711,384.3790399169922,377.96214447021487,387.6809597300993,388.46130059953146,45.41118928477377,-0.7803408694321661,0.4181621260321785,-1.1985029954643447,405.0162850457293,378.41671971501285,0.4641259433340119,0.15149305638048202
2023-03-06,391.0330505371094,0.0006927196290070513,0.0006929596146603156,0.01591043368741859,0.007747201609412896,0.003400020280640786,391.335595703125,384.8417413330078,377.9690104675293,388.1966660081008,388.6518005949076,38.835608757932654,-0.45513458680682106,0.24350278346437865,-0.6986373702711997,404.2292950063195,378.44189639993056,0.48826771282231274,0.1477126050818519
2023-03-07,385.0389709472656,-0.01544753223624883,-0.015328831109315377,0.0006927196290070513,0.01591043368741859,-0.0037027637914605403,390.77679748535155,385.07454162597656,378.0244448852539,387.71086676797233,388.38418358397115,33.463811547612565,-0.6733168159988168,0.06013886357173959,-0.7334556795705564,403.74858839850936,377.80500657219375,0.27883445021204356,0.15552989612568327
2023-03-08,385.6673583984375,0.0016306797193468316,0.0016320100005096094,-0.01544753223624883,0.0006927196290070513,-0.0038432651831802845,389.9903228759766,385.4264489746094,378.09447265625,387.396480864967,388.1829372739316,32.39013860754635,-0.7864564089646251,-0.10918019093553336,-0.6772762180290918,402.1317695191645,377.84887623278865,0.32197490115543537,0.14652184513106165
2023-03-09,378.5518798828125,-0.01862210157779175,-0.018449781555725853,0.0016306797193468316,-0.01544753223624883,0.007747201609412896,389.0675323486328,385.5937023925781,378.1281117248535,386.03577302155855,387.4695256153302,31.179723181374683,-1.4337525937716578,-0.3740946715027582,-1.0596579222688995,401.7563889175527,376.3786757797129,0.0856343552823596,0.15498951175141204
2023-03-10,373.089599609375,-0.014534526319114992,-0.014429409979758723,-0.01862210157779175,0.0016306797193468316,0.01591043368741859,388.04371490478513,385.6809063720703,378.09965545654296,384.04405403506877,386.4043459111854,28.236579705742642,-2.360291876116605,-0.7713341124255276,-1.5889577636910777,402.39918830497794,373.6882415045923,-0.020850649732292576,0.15946056223890237
2023-03-13,372.557861328125,-0.0014262460458698823,-0.0014252294403455101,-0.014534526319114992,-0.01862210157779175,0.0006927196290070513,386.94738922119143,385.84912536621096,378.0829981994629,382.2769474647697,385.37868038651425,33.42996965289403,-3.101732921744542,-1.2374138742893306,-1.8643190474552116,402.5285461070134,371.36623233536943,0.03823942604158891,0.15845182529116242
2023-03-14,378.7162170410156,0.016394798732794418,0.016529930923848468,-0.0014262460458698823,-0.014534526319114992,-0.01544753223624883,385.9274383544922,386.00941772460936,378.08052795410157,381.72914278419216,384.885164583144,42.79365736828211,-3.1560217989518264,-1.6211354592218299,-1.5348863397299966,400.8098467715737,371.04502993741073,0.2577266692533511,0.16495150646360432
2023-03-15,376.34759521484375,-0.006273985211237419,-0.006254344861908456,0.016394798732794418,-0.0014262460458698823,0.0016306797193468316,384.79823913574216,386.141865234375,378.028328704834,380.90121238890777,384.25275203734395,38.041130279942806,-3.3515396484361872,-1.9672162970647014,-1.3843233513714859,398.93458846861404,370.6618898028703,0.20110232416060342,0.1652311048074644
2023-03-16,382.95068359375,0.017393045724289888,0.017545185522274354,-0.006273985211237419,0.016394798732794418,-0.01862210157779175,383.9344207763672,386.43750549316405,377.96166839599607,381.21651565119123,384.15630252300366,49.73065111590094,-2.93978687181243,-2.161730412014247,-0.7780564597981829,396.07104962173077,371.7977919310036,0.45947238746643465,0.17926301761419153
2023-03-17,378.4729919433594,-0.011761502595258181,-0.011692606495359414,0.017393045724289888,-0.006273985211237419,-0.014534526319114992,383.12225036621095,386.5867443847656,377.88373733520507,380.79443508075553,383.73531655414115,44.14770984493924,-2.940881473385616,-2.317560624288521,-0.623320849097095,394.3617303033812,371.8827704290407,0.2931728848291305,0.17759676166316563
2023-03-20,382.11224365234375,0.00956968216530976,0.009615617987158709,-0.011761502595258181,0.017393045724289888,-0.0014262460458698823,382.5413482666016,386.8934594726563,377.83993927001956,380.99717486099985,383.6150889317858,49.08688581256057,-2.6179140707859574,-2.3776313135880085,-0.2402827571979489,392.6125560558247,372.47014047737844,0.4786964670356124,0.1823414512452874
2023-03-21,387.1295166015625,0.013044908264778445,0.013130364264861472,0.00956968216530976,-0.011761502595258181,0.016394798732794418,382.60623931884766,387.1323004150391,377.7840101623535,381.9406120518556,383.8754169073248,54.79353082935891,-1.9348048554691673,-2.2890660219642402,0.354261166495073,392.78288452651236,372.42959411118295,0.7222381340025524,0.1750603410556335
2023-03-22,380.5303649902344,-0.017193328279026858,-0.017046366469958496,0.013044908264778445,0.00956968216530976,-0.006273985211237419,382.3677581787109,387.24341186523435,377.72776977539064,381.72365096545235,383.62763528383664,46.670796732747725,-1.903984318384289,-2.21204968124825,0.30806536286396113,392.50206697081444,372.2334493866074,0.4093478782732472,0.18559691040904727
2023-03-23,381.5590515136719,0.00269964947924715,0.002703296814339451,-0.017193328279026858,0.013044908264778445,0.017393045724289888,382.0782302856445,387.32250549316404,377.6707084655762,381.69832797287074,383.47440685641703,41.767386652820505,-1.7760788835462904,-2.1248555217078584,0.348776638161568,391.9404778879751,372.21598268331394,0.47367847609859515,0.18472139778660981
2023-03-24,384.0628662109375,0.006540626816844501,0.006562063427227871,0.00269964947924715,-0.017193328279026858,-0.011761502595258181,382.12078552246095,387.3561566162109,377.6073188781738,382.0621030864195,383.51799643823335,44.00444156273707,-1.4558933518138701,-1.991063087729061,0.5351697359151908,392.01093292961053,372.23063811531136,0.5981825956948135,0.18250128749311498
2023-03-27,384.7810363769531,0.0018681825334700161,0.0018699286736594267,0.006540626816844501,0.00269964947924715,0.00956968216530976,382.13399200439454,387.3763269042969,377.56908721923827,382.48040051573236,383.6115549522126,49.75598404946375,-1.1311544364802444,-1.819081357479298,0.6879269209990535,392.0383065798614,372.2296774289277,0.6336308712929692,0.18221590783759867
2023-03-28,383.9172973632813,-0.0022472778703132128,-0.00224475463189322,0.0018681825334700161,0.006540626816844501,0.013044908264778445,382.1750686645508,387.34944580078127,377.57320236206056,382.7014615692014,383.6342025382177,48.35171531289994,-0.9327409690163222,-1.6418132797867029,0.7090723107703807,392.10296451126067,372.2471728178409,0.5877441063862436,0.18189294928537372
2023-03-29,389.49749755859375,0.014430282594697353,0.01453490174482086,-0.0022472778703132128,0.0018681825334700161,-0.017193328279026858,382.5686309814453,387.44828430175784,377.6607586669922,383.7470055675695,384.0685206878752,60.61608114331857,-0.32151512030571894,-1.3777536478905061,1.0562385275847872,393.01542589770014,372.1218360651905,0.8316264286172295,0.18808935387676654
2023-03-30,391.7781372070313,0.005838262515747445,0.005855338385311271,0.014430282594697353,-0.0022472778703132128,0.00269964947924715,382.92782440185545,387.7141632080078,377.8303364562988,384.9825642813328,384.6396033929979,69.31814597079381,0.34296088833491467,-1.033610740645422,1.3765716289803367,394.13426181117217,371.7213869925387,0.8948762877048667,0.187304334457534
2023-03-31,397.3001098632813,0.013996236292638202,0.014094642175839445,0.005838262515747445,0.014430282594697353,0.006540626816844501,383.25471649169924,388.1455871582031,378.03291610717775,386.87757129394026,385.57741868709303,73.18398052755421,1.3001526068472344,-0.5668580711468907,1.8670106779941251,395.7326722139115,370.776760769487,1.0628082710126787,0.18538659544065147
2023-04-03,398.8139953613281,0.0038031918110274683,0.003810433122124701,0.013996236292638202,0.005838262515747445,0.0018681825334700161,383.6437637329102,388.4672998046875,378.21763275146486,388.7139442273845,386.55790584814747,70.62741334509369,2.1560383792370317,-0.02227878107010617,2.178317160307138,397.54668711787593,369.74084034794447,1.0455770419055401,0.18568467614621978
2023-04-04,396.6013488769531,-0.005563513974628206,-0.00554806629183191,0.0038031918110274683,0.013996236292638202,-0.0022472778703132128,384.2218826293946,388.6529150390625,378.4511688232422,389.92739109654894,387.30186459102197,70.85426851455586,2.6255265055269774,0.5072822762493107,2.118244229277667,399.2824729163078,369.1612923424814,0.9109887465139915,0.17720415211029739
2023-04-05,395.56292724609375,-0.0026217345491519445,-0.002618300804573259,-0.005563513974628206,0.0038031918110274683,0.014430282594697353,384.71666107177737,388.8260766601563,378.67574127197264,390.7943966580174,387.9137951580643,64.66691935000763,2.880601499953059,0.9819461209900603,1.8986553789629985,400.60465940658065,368.8286627369741,0.8413351998708739,0.17779788498739652
2023-04-06,397.1059875488281,0.0038933335799635265,0.003900922448615507,-0.0026217345491519445,-0.005563513974628206,0.005838262515747445,385.64436645507817,389.02719970703123,378.8638932800293,391.76541064121903,388.5946982981209,73.25582989770832,3.1707123430981596,1.4196993654116803,1.7510129776864793,402.17066747429817,369.11806543585817,0.8467691009748688,0.16161978772128274
2023-04-10,397.5135803222656,0.0010258816310717133,0.0010264080276236598,0.0038933335799635265,-0.0026217345491519445,0.013996236292638202,386.8655654907227,389.1513977050781,379.0573422241211,392.6497444383031,389.2553562258353,70.90910748155699,3.3943882124677884,1.814637134822902,1.5797510776448864,403.09252808308895,370.63860289835645,0.8280963634116016,0.14894610085770785
2023-04-11,397.6203308105469,0.0002685094609297482,0.00026854551282173844,0.0010258816310717133,0.0038933335799635265,0.0038031918110274683,388.1186889648438,389.25974914550784,379.2337377929687,393.41445003403294,389.874983972851,66.43363262527578,3.5394660611819404,2.1596029200947098,1.3798631410872306,403.54451287684236,372.6928650528452,0.8079784230621382,0.14837277363544596
2023-04-12,395.9996337890625,-0.004084320825514333,-0.004075991331179196,0.0002685094609297482,0.0010258816310717133,-0.005563513974628206,388.98285980224614,389.43410339355466,379.3444287109375,393.81217061172975,390.32866173701484,78.71030008643172,3.4835088747149143,2.4243841110187505,1.0591247636961638,404.12470279859303,373.84101680589924,0.7317014510224819,0.14198938283995832
2023-04-13,401.2595825195313,0.013195269348718655,0.01328271109783552,-0.004084320825514333,0.0002685094609297482,-0.0026217345491519445,390.22845916748054,389.5997705078125,379.4885594177246,394.95792628985305,391.1383595727568,81.60018953838215,3.8195667170962224,2.703420632234245,1.1161460848619775,405.08989529705366,375.3670230379074,0.8711324819443148,0.14333353064031676
2023-04-14,400.2793884277344,-0.002445781467750031,-0.002442792981147579,0.013195269348718655,-0.004084320825514333,0.0038933335799635265,391.09489440917974,389.66230407714846,379.6658389282227,395.77661277260404,391.8154728212737,77.34850021049857,3.961139951330324,2.954964496053461,1.0061754552768631,406.1885445856816,376.0012442326779,0.8042502612407589,0.13430190833305344
2023-04-17,401.7156677246094,0.0035817697911420406,0.00358819199388849,-0.002445781467750031,0.013195269348718655,0.0010258816310717133,392.2570281982422,389.6379364013672,379.8517851257324,396.690313534451,392.5488205918912,77.8841728021354,4.1414929425598075,3.1922701853547304,0.9492227572050771,406.8289125500944,377.68514384639,0.824551008571685,0.12375655521815355
2023-04-18,401.9777221679688,0.0006521254397311031,0.0006523381197545142,0.0035817697911420406,-0.002445781467750031,0.0002685094609297482,393.2503021240235,389.70446716308595,380.0538493347168,397.50376101653063,393.2472577456747,80.33902788628927,4.256503270855944,3.4051168024549736,0.8513864684009707,407.617351342107,378.88325290594,0.803730428965201,0.12148613756261818
2023-04-19,401.9098510742188,-0.00016885717896474473,-0.00016884292339369722,0.0006521254397311031,0.0035817697911420406,-0.004084320825514333,393.9893188476563,389.8183654785156,380.2364533996582,398.1816210254057,393.88893132556683,75.59035598786942,4.292689699838888,3.5826313819317566,0.7100583179071318,408.54996045163807,379.42867724367454,0.7719843136718832,0.11521597928752826
2023-04-20,399.7165222167969,-0.005472211004488511,-0.005457265731505845,-0.00016885717896474473,0.0006521254397311031,0.013195269348718655,394.9486267089844,389.7847589111328,380.40464080810546,398.4177596702351,394.3206047249172,66.42557926016832,4.097154945317925,3.6855360946089903,0.41161885070893467,408.2492823054679,381.64797111250095,0.6792353569801863,0.09527628089839481
2023-04-21,400.0270690917969,0.0007766161404314302,0.0007769177848284681,-0.005472211004488511,-0.00016885717896474473,-0.002445781467750031,395.87202758789067,389.845146484375,380.5681990051269,398.6653457350908,394.7433057891305,57.19389882797321,3.9220399459603073,3.732836864879254,0.18920308108105344,407.74651865615226,383.9975365196291,0.6749566141412112,0.09545634605573636
2023-04-24,400.44439697265625,0.001042705296473126,0.0010432491026342028,0.0007766161404314302,-0.005472211004488511,0.0035817697911420406,396.6911041259766,389.98271545410154,380.70633728027343,398.9390459254855,395.16560883976206,54.565232623917055,3.773437085723458,3.740956909048095,0.03248017667536285,407.3316358497057,386.0505724022475,0.6763677297399313,0.09425264244276266
2023-04-25,394.08782958984375,-0.016001120648065078,-0.015873782804473935,0.001042705296473126,0.0007766161404314302,0.0006521254397311031,397.15644378662114,389.97478454589844,380.81422607421877,398.1927049507714,395.08577333976814,44.287622569588514,3.1069316110032332,3.614151849439123,-0.5072202384358899,406.31465382210035,387.9982337511419,0.33246648717983784,0.11406705133571274
2023-04-26,392.4185791015625,-0.004244728272203718,-0.004235732146355753,-0.016001120648065078,0.001042705296473126,-0.00016885717896474473,397.5815078735352,389.8408514404297,380.9350454711914,397.30437789704695,394.8882033961973,43.05315080610805,2.4161745008496496,3.374556379721229,-0.9583818788715792,404.7185812336572,390.4444345134132,0.13830210847906527,0.11508236701336193
2023-04-27,400.2308654785156,0.019712470385382378,0.01990804409627911,-0.004244728272203718,-0.016001120648065078,-0.005472211004488511,398.1181762695313,389.8668371582031,381.1112196350098,397.7546067557344,395.2839561430357,55.40623303886512,2.470650612698705,3.1937752263167245,-0.7231246136180194,404.2373822776001,391.99897026146255,0.6726277237764605,0.12435431764327132
2023-04-28,403.6469421386719,0.008499045976325236,0.008535265405060555,0.019712470385382378,-0.004244728272203718,0.0007766161404314302,398.7116165161133,389.93523498535154,381.31405807495116,398.66111989157093,395.90343658715693,59.61065416985456,2.7576833044140017,3.10655684193618,-0.34887353752217853,404.5369689201829,392.88626411204365,0.923607473009765,0.12597355584170677
2023-05-01,403.2393493652344,-0.0010102856186741623,-0.001009775451977668,0.008499045976325236,0.019712470385382378,0.001042705296473126,399.0085784912109,390.1056939697266,381.519267578125,399.3654628875192,396.44683753368116,58.72246929768871,2.9186253538380242,3.0689705443165494,-0.15034519047852513,405.1290231934757,392.88813378894616,0.845626100702938,0.11717238066997218
2023-05-02,398.7072448730469,-0.011302879205657295,-0.011239241654669274,-0.0010102856186741623,0.008499045976325236,-0.016001120648065078,399.00324096679685,390.2052331542969,381.6672174072266,399.2641985776004,396.61427511437495,53.854642488784435,2.6499234632254343,2.9851611280983263,-0.3352376648728921,405.12458628677865,392.88189564681505,0.47582262735744035,0.12400776324239957
2023-05-03,395.9705505371094,-0.006887584302797194,-0.006863919256869577,-0.011302879205657295,-0.0010102856186741623,-0.004244728272203718,398.97170104980466,390.40801025390624,381.8167225646973,398.75748349444797,396.5665918123553,41.88753362036437,2.1908916820926834,2.826307238897198,-0.6354155568045146,405.15137666391917,392.79202543569016,0.25717572409135825,0.124879745098791
2023-05-04,393.1658325195313,-0.00710835259323634,-0.0070831480113195955,-0.006887584302797194,-0.011302879205657295,0.019712470385382378,398.8518463134766,390.5653271484375,381.90274978637694,397.8972294983069,396.31468371659054,39.66734724454624,1.5825457817163624,2.577554947461031,-0.9950091657446687,405.39234240272555,392.3113502242276,0.0653224375982925,0.12708711581790547
2023-05-05,400.44439697265625,0.018343434278926186,0.018512708508981124,-0.00710835259323634,-0.006887584302797194,0.008499045976325236,399.01876678466795,390.8272229003906,382.0131893920898,398.28910141743756,396.62058840222505,48.421369361749214,1.6685130152125112,2.395746561011327,-0.7272335457988159,405.54203475960406,392.4954988097318,0.6092726983979425,0.1427967914956549
2023-05-08,400.5511169433594,0.00026646833716418173,0.0002665038430051947,0.018343434278926186,-0.00710835259323634,-0.0010102856186741623,399.17064361572267,391.17401000976565,382.10489868164063,398.63710380604095,396.9117386645313,48.22161844248661,1.7253651415096556,2.261670277110993,-0.5363051356013373,405.68779585758165,392.6534913738637,0.605910777929206,0.14277939818910212
2023-05-09,398.7946166992188,-0.004394851933038843,-0.004385208703310051,0.00026646833716418173,0.018343434278926186,-0.011302879205657295,399.22935791015624,391.4595642089844,382.2055561828613,398.66133655883755,397.0512111115452,46.27348964622975,1.6101254472923756,2.13136131114727,-0.5212358638548942,405.708750790464,392.74996502984845,0.4664520103219315,0.14378398937383086
2023-05-10,400.6578674316406,0.004661325452419422,0.00467220632977372,-0.004394851933038843,0.00026646833716418173,-0.006887584302797194,399.46226959228517,391.81080627441406,382.31322982788083,398.9684951546534,397.31837083895965,51.13502056916613,1.6501243156937448,2.035113912056565,-0.38498959636282004,405.7858527201898,393.13868646438056,0.5945348400718844,0.14372138522616767
2023-05-11,399.9591064453125,-0.001745556705773104,-0.001744034107722503,0.004661325452419422,-0.004394851933038843,-0.00710835259323634,399.3972457885742,392.1774633789062,382.4398359680176,399.1208968916779,397.5139808838747,49.91881453916041,1.6069160078031928,1.9494743312058906,-0.3425583234026979,405.66954987597336,393.12494170117503,0.5447890160385449,0.13590673131555317
2023-05-12,399.4351196289063,-0.0013109599102905756,-0.0013101009777304329,-0.001745556705773104,0.004661325452419422,0.018343434278926186,399.3550323486328,392.47428039550783,382.5151829528809,399.1692388512515,397.65628745758073,48.79742204988057,1.5129513936707895,1.8621697436988704,-0.349218350028081,405.6136880389051,393.0963766583605,0.5063981215964632,0.13571340284709665
2023-05-15,400.8131713867188,0.0034440638872688173,0.0034500014898359854,-0.0013109599102905756,-0.001745556705773104,0.00026646833716418173,399.3099075317383,392.67529846191405,382.57331558227537,399.4221515490157,397.8901307115909,59.09209429743148,1.5320208374247954,1.7961399624440555,-0.26411912501926005,405.50963600760304,393.1101790558736,0.621236265493936,0.13566465056820712
2023-05-16,398.13470458984375,-0.006705010206785731,-0.0066825817814524235,0.0034440638872688173,-0.0013109599102905756,-0.004394851933038843,399.11775665283204,392.81733154296876,382.58968673706056,399.2240827860662,397.9082472951652,57.52245015984197,1.3158354909010086,1.700079068135446,-0.3842435772344375,405.20656321456903,393.02895009109506,0.4192738303458394,0.13761427666877177
2023-05-17,402.9675903320313,0.012065735935195126,0.012138820571209408,-0.006705010206785731,0.0034440638872688173,0.004661325452419422,399.17064361572267,393.17590393066405,382.63606842041014,399.800007023907,398.2830134460442,53.9080019976451,1.51699357786282,1.6634619700809208,-0.1464683922181007,405.3787694093033,392.96251782214205,0.8058045892235939,0.1446540808842873
2023-05-18,406.8494873046875,0.009587169283387214,0.009633273409054066,0.012065735935195126,-0.006705010206785731,-0.001745556705773104,399.5272918701172,393.59954650878905,382.714846496582,400.8845424517194,398.91756706520295,54.51314493619989,1.9669753865164807,1.7241646533680328,0.24281073314844792,406.62349723536715,392.43108650486727,1.0159233039130333,0.146778108029245
2023-05-19,406.2574462890625,-0.0014562441809077447,-0.0014551843718598745,0.009587169283387214,0.012065735935195126,-0.0013109599102905756,399.8388107299805,394.1536578369141,382.76004257202146,401.71114304207987,399.46126182252584,54.23121714717469,2.2498812195540268,1.8293079666052319,0.4205732529487949,407.54794327061495,392.129678189346,0.9163007656989743,0.1470136575178698
2023-05-22,406.4225158691406,0.0004062351479905876,0.0004063176726627482,-0.0014562441809077447,0.009587169283387214,0.0034440638872688173,400.13771667480466,394.82031616210935,382.8074055480957,402.43596963085844,399.9769102704233,62.325656226842014,2.4590593604351625,1.9552582453712182,0.5038011150639443,408.39014834065966,391.88528500894967,0.8807846855818114,0.14701551565137444
2023-05-23,401.8612976074219,-0.011286299695999692,-0.01122284835023113,0.0004062351479905876,-0.0014562441809077447,-0.006705010206785731,400.5263900756836,395.4063848876953,382.83531723022463,402.3475585503297,400.1164945176084,58.892463785742116,2.231064032721349,2.0104194028412445,0.22064462988010458,408.29726338754307,392.7555167638241,0.585891731737604,0.14071169182608742
2023-05-24,398.9497985839844,-0.007271407366029281,-0.0072450346444701275,-0.011286299695999692,0.0004062351479905876,0.012065735935195126,400.8529510498047,395.81105651855466,382.8509716796875,401.82482624781505,400.0300725965992,58.70321303766831,1.7947536512158422,1.9672862525161643,-0.1725326013003221,407.68094208795196,394.0249600116574,0.360635986838032,0.14259878631138323
2023-05-25,402.40478515625,0.008622919367350271,0.008660203826467816,-0.007271407366029281,-0.011286299695999692,0.009587169283387214,400.9616470336914,396.3322003173828,382.89176040649414,401.91405069526655,400.2059772306474,53.33338868397621,1.7080734646191331,1.9154436949367581,-0.20737023031762503,407.817099646159,394.1061944212238,0.6052547661064742,0.12778107391326501
2023-05-26,407.6160888671875,0.012867262509600895,0.012950401941453027,0.008622919367350271,-0.007271407366029281,-0.0014562441809077447,401.1601043701172,396.82550842285156,382.9172015380859,402.7912873371006,400.7548743889096,60.2361470117729,2.036412948190957,1.939637545587598,0.09677540260335915,408.5517059344165,393.76850280581795,0.936710802179333,0.13237012818907465
2023-05-30,407.77142333984375,0.0003810077348741818,0.0003810803275403618,0.012867262509600895,0.008622919367350271,0.0004062351479905876,401.38670806884767,397.41147705078123,382.943419342041,403.55746210675335,401.27461875564546,63.638934895219876,2.2828433511078856,2.0082787066916556,0.27456464441622996,409.30576196036503,393.4676541773303,0.9031236154255234,0.13225316099380793
2023-05-31,405.5102844238281,-0.0055605449392620255,-0.005545113724487627,0.0003810077348741818,0.012867262509600895,-0.011286299695999692,401.7268600463867,397.87943786621094,382.9242594909668,403.85789630938024,401.58837176810346,57.28445874626166,2.2695245412767804,2.060527873608681,0.20899666766809943,409.7451222367778,393.70859785599566,0.7359254591334887,0.12688406603480748
2023-06-01,409.3630065917969,0.009456073523939047,0.009500923443761522,-0.0055605449392620255,0.0003810077348741818,-0.007271407366029281,402.39648284912107,398.3241076660156,382.9159292602539,404.7048363528289,402.1642706439326,62.89597494352332,2.540565708896338,2.1565354406662123,0.38403026823012576,410.62476848713237,394.16819721110977,0.9233277774469402,0.12693481694086967
2023-06-02,415.2828674316406,0.014357587224943307,0.014461152435659264,0.009456073523939047,-0.0055605449392620255,0.008622919367350271,403.50233459472656,399.01915771484374,382.9331729125977,406.3322257495692,403.13601855413316,68.93105844250996,3.1962071954360454,2.364469791620179,0.8317374038158665,412.42295638099205,394.5817128084611,1.1602977415235673,0.13009139963693855
2023-06-05,414.487060546875,-0.001918139238192469,-0.001916300784781666,0.014357587224943307,0.009456073523939047,0.012867262509600895,404.2044677734375,399.67771789550784,382.961053314209,407.5868157183855,403.97683647952147,66.5646807258401,3.609979238864014,2.613571681068946,0.996407557795068,414.2511639440301,394.1577716028449,1.0117400087968906,0.11708221594815382
2023-06-06,415.3896179199219,0.002175161086758353,0.002177528465800771,-0.001918139238192469,0.014357587224943307,0.0003810077348741818,404.94639282226564,400.3042529296875,382.9875044250488,408.7872468263142,404.8222276973289,71.84259059663242,3.9650191289852614,2.8838611706522093,1.0811579583330522,415.9984043056313,393.89438133889996,0.9724581182970304,0.11696318266324811
2023-06-07,413.9533081054688,-0.003463733047897204,-0.003457741244582424,0.002175161086758353,-0.001918139238192469,-0.0055605449392620255,405.70432739257814,400.8876983642578,383.0343286132813,409.58202548464567,405.4986040238578,65.2149398722889,4.083421460787861,3.12377322867934,0.9596482321085209,417.0550883397413,394.35356644541497,0.8633668593360824,0.1163522183605825
2023-06-08,416.4571533203125,0.006030398023600143,0.006048617478872087,-0.003463733047897204,0.002175161086758353,0.009456073523939047,406.4942916870117,401.53849548339844,383.1357946777344,410.63973745936363,406.31034841618776,63.834452719484396,4.3293890431758655,3.3648963915786454,0.9644926515972201,418.5438783795829,394.4447049944405,0.9134109280048207,0.11688881982161976
2023-06-09,417.2043762207031,0.0017926294401598786,0.0017942371608536956,0.006030398023600143,-0.003463733047897204,0.014357587224943307,407.35655517578124,402.09263305664064,383.24578903198244,411.6496818841851,407.1173134387444,65.69277922777894,4.532368445440682,3.598390802351053,0.9339776430896287,419.89526878845146,394.817841563111,0.892696625392687,0.1160836238658736
2023-06-12,420.98919677734375,0.009030959916993282,0.009071862071356795,0.0017926294401598786,0.006030398023600143,-0.001918139238192469,408.43425903320315,402.6768542480469,383.3683818054199,413.0865303292864,408.1448603527147,68.91844223212742,4.9416699765716885,3.8670466371951804,1.0746233393765081,421.7850936167351,395.0834244496712,0.9701929930143446,0.1178319632176424
2023-06-13,423.7647399902344,0.00657127023569017,0.006592908402726971,0.009030959916993282,0.0017926294401598786,0.002175161086758353,409.5818374633789,403.2061468505859,383.47686630249024,414.7293318155861,409.30188847401246,79.83067472423348,5.427443341573621,4.179125978070869,1.2483173635027525,424.07151922774835,395.0921556990095,0.989413872488616,0.11863938942581019
2023-06-14,424.2694091796875,0.0011902097327644305,0.0011909183134604095,0.00657127023569017,0.009030959916993282,-0.003463733047897204,410.8885726928711,403.71525512695314,383.65592239379885,416.19703602544786,410.4105937114699,86.90246703488803,5.786442313977943,4.500589245252284,1.2858530687256593,425.7408519186522,396.03629346709,0.950464076368477,0.11346097937068968
2023-06-15,429.52935791015625,0.012321440318830342,0.012397661996510045,0.0011902097327644305,0.00657127023569017,0.006030398023600143,412.21666107177737,404.3738153076172,383.8741204833984,418.24816246924917,411.82679846692815,87.55712894916549,6.421364002321013,4.8847441966660305,1.5366198056549827,428.7426468521694,395.69067529138533,1.0238022429778524,0.11372992605036406
2023-06-16,428.0662536621094,-0.003412110901267906,-0.0034062962661399743,0.012321440318830342,0.0011902097327644305,0.0017926294401598786,413.2774993896484,405.0238818359375,384.1061845397949,419.7586380373815,413.02972107397864,81.59508971047671,6.728916963402867,5.253578750013398,1.4753382133894686,431.0311317881197,395.52386699117716,0.916499394054548,0.11339468472341095
2023-06-20,425.8453674316406,-0.005201688753854377,-0.00518818339794147,-0.003412110901267906,0.012321440318830342,0.009030959916993282,414.2568954467773,405.5986694335937,384.34166442871094,420.69505794419064,413.9790282115832,76.2485695620534,6.71602973260741,5.5460689465322,1.16996078607521,432.53339908405746,395.9803918094972,0.8170319721663094,0.11589789592719171
2023-06-21,423.6634826660156,-0.005136825974564914,-0.005123655045925157,-0.005201688753854377,-0.003412110901267906,0.00657127023569017,415.1189437866211,406.1216674804688,384.5602925109863,421.1517386706252,414.69639520820783,76.42449851362093,6.455343462417375,5.727923849709235,0.7274196127081396,433.46583001409715,396.7720575591451,0.73286073651556,0.11876836807913088
2023-06-22,425.1927185058594,0.0036030543032155894,0.003609553106207475,-0.005136825974564914,-0.005201688753854377,0.0011902097327644305,416.28551483154297,406.673115234375,384.80659805297853,421.77342787604584,415.4739006376635,74.71407961365261,6.299527238382325,5.842244527443853,0.45728271093847184,434.0404969787889,398.53053268429704,0.7508367398076503,0.107801523989066
2023-06-23,421.978271484375,-0.007588698115663119,-0.007559976644896604,0.0036030543032155894,-0.005136825974564914,0.012321440318830342,417.4369384765625,407.19268798828125,385.04392318725587,421.80494227732726,415.9557058855681,61.417700649585214,5.849236391759177,5.843642900306918,0.005593491452259514,433.34954188768955,401.5243350654354,0.642696103537556,0.10820067878672965
2023-06-26,420.2541809082031,-0.004094102476089525,-0.004085733064186248,-0.007588698115663119,0.0036030543032155894,-0.003412110901267906,418.3294082641602,407.5725799560547,385.2389875793457,421.5663636051543,416.27411144280035,59.53288235798568,5.292252162353975,5.733364752716329,-0.44111259036235406,432.61074075990695,404.0480757684134,0.567387712057547,0.1085486416994908
2023-06-27,424.8616027832031,0.010903754521142256,0.010963417104008277,-0.004094102476089525,-0.007588698115663119,-0.005201688753854377,419.1916839599609,408.06422424316406,385.44462951660154,422.0733234787003,416.9102219124598,63.94849476804494,5.163101566240471,5.619312115421158,-0.45621054918068715,432.81687069960645,405.5664972203154,0.708067563828109,0.10618015519701975
2023-06-28,425.0758666992188,0.0005041874920164301,0.0005043146158938416,0.010903754521142256,-0.004094102476089525,-0.005136825974564914,420.05690612792966,408.53142822265625,385.6215361022949,422.53525320493395,417.51508448925676,66.99066330269585,5.020168715677187,5.499483435472364,-0.4793147197951768,432.7976092887873,407.316202967072,0.6969656033863394,0.10615503563217632
2023-06-29,426.7512512207031,0.003933630772184363,0.0039413776521681765,0.0005041874920164301,0.010903754521142256,0.0036030543032155894,421.11895446777345,409.02689880371094,385.78587783813475,423.18386828428305,418.1992449878824,66.13347108030936,4.984623296400628,5.396511407658017,-0.41188811125738933,432.1852363575382,410.0526725780087,0.7544800868546016,0.10237628328219439
2023-06-30,431.78717041015625,0.011731512113038727,0.011800596190516321,0.003933630772184363,0.0005041874920164301,-0.007588698115663119,422.2401626586914,409.6244451904297,386.06103439331054,424.5074532267251,419.2057579821249,70.14664477661779,5.301695244600182,5.37754817504645,-0.07585293044626784,432.8247959132654,411.65552940411743,0.9509843431438325,0.10470348106661434
2023-07-03,432.2840270996094,0.0011500365841292939,0.0011506981297779717,0.011731512113038727,0.003933630772184363,-0.004094102476089525,423.09022064208983,410.27579528808593,386.33148681640625,425.7038492071688,420.1745186574941,67.16348833736635,5.5293305496746825,5.407904649972097,0.12142589970258566,434.046468318179,412.13397296600067,0.9195691229938167,0.09520934287017176
2023-07-05,431.64111328125,-0.001488355661829635,-0.0014872486098387316,0.0011500365841292939,0.011731512113038727,0.010903754521142256,423.9479232788086,410.908076171875,386.6201934814453,426.6172744493351,421.02389603703153,62.79835962332826,5.5933784123035934,5.4449994024383965,0.14837900986519692,434.7531588514463,413.14268770617093,0.8559936269192966,0.09498635292869008
2023-07-06,428.2610778808594,-0.007861482022283954,-0.00783066139065458,-0.001488355661829635,0.0011500365841292939,0.0005041874920164301,424.5914962768555,411.46440979003904,386.90626220703126,426.8701672849543,421.55998358101874,55.931792929865544,5.310183703935536,5.418036262737824,-0.10785255880228828,434.7652735900201,414.41771896369085,0.6803450916532024,0.10125404676642417
2023-07-07,427.1798706054688,-0.0025278374925660745,-0.002524645201802289,-0.007861482022283954,-0.001488355661829635,0.003933630772184363,425.2528244018555,412.1262506103516,387.1725375366211,426.9178139496488,421.9762715087558,46.01344661742601,4.941542440892988,5.322737498368857,-0.38119505747586935,434.155027845258,416.35062095845296,0.6082342262713317,0.10069532646180866
2023-07-10,428.2610778808594,0.002527837492566114,0.002531035167593787,-0.0025278374925660745,-0.007861482022283954,0.011731512113038727,425.8430206298828,412.8431005859375,387.46567947387695,427.12446993906576,422.4418127215042,50.334913470194586,4.682657217561541,5.194721442207395,-0.5120642246458535,433.8054713458421,417.8805699139235,0.6518412695559936,0.09939793999807334
2023-07-11,430.988525390625,0.006348461866557802,0.006368656062002431,0.002527837492566114,-0.0025278374925660745,0.0011500365841292939,426.53222808837893,413.4582537841797,387.80469741821287,427.71894000853644,423.07490254884647,58.69002280131304,4.644037459689969,5.0845846457039094,-0.4405471860139407,433.69209952602216,419.3723566507357,0.8111995334732519,0.10094169515757227
2023-07-12,434.4561767578125,0.008013614077707462,0.008045809024833428,0.006348461866557802,0.002527837492566114,-0.001488355661829635,427.20557708740233,414.0744384765625,388.17630752563474,428.7554379699635,423.91795989765876,67.4763024392848,4.837478072304748,5.035163331024078,-0.1976852587193303,434.69590269592413,419.71525147888053,0.9839976290323817,0.10001206600228411
2023-07-13,437.9043884277344,0.007905514683117527,0.007936845772695822,0.008013614077707462,0.006348461866557802,-0.007861482022283954,427.91255950927734,414.7677392578125,388.5953285217285,430.16296880962057,424.95399164062735,69.37928377752185,5.208977168993215,5.0699260986179056,0.1390510703753094,436.60771684810277,419.2174021704519,1.0745628589054816,0.10100344701962925
2023-07-14,437.6316223144531,-0.000623083731015849,-0.0006228896546586205,0.007905514683117527,0.008013614077707462,-0.0025278374925660745,428.58067016601564,415.5462268066406,389.03050064086915,431.31199242574866,425.8930753942441,76.21529570142533,5.418917031504577,5.139724285195241,0.2791927463093362,438.11054083329856,419.0507994987327,0.9748727692344445,0.1013154169636091
2023-07-17,439.1512145996094,0.003466294600430841,0.0034723091469481826,-0.000623083731015849,0.007905514683117527,0.002527837492566114,429.06176300048827,416.40984008789064,389.4777456665039,432.51802660634263,426.87515977982673,81.86589131329778,5.642866826515899,5.2403527934593725,0.40251403305652644,439.700272599517,418.42325340145953,0.9741947875876449,0.09339581506978982
2023-07-18,442.4143676757813,0.007403120187952611,0.0074305910303518186,0.003466294600430841,-0.000623083731015849,0.006348461866557802,429.7791687011719,417.39481079101563,389.9069021606445,434.0405406170255,428.0262122165641,81.0047102531291,6.014328400461409,5.3951479148597805,0.6191804856016283,441.95855209931733,417.59978530302647,1.0187125883783814,0.09433935566513979
2023-07-19,443.398193359375,0.002221296313462154,0.002223765219837359,0.007403120187952611,0.003466294600430841,0.008013614077707462,430.6568099975586,418.25388671875,390.3782208251953,435.4801795004639,429.1648774864019,81.50746036810649,6.315302014062013,5.579178734700227,0.7361232793617862,444.10613406678374,417.2074859283334,0.9736811789289599,0.09080396857975286
2023-07-20,440.4565124511719,-0.006656505307451987,-0.006634399851554895,0.002221296313462154,0.007403120187952611,0.007905514683117527,431.49646148681643,419.05199462890624,390.8618257141113,436.24576918518824,430.0012948911997,72.58428864826382,6.24447429398856,5.712237846557893,0.5322364474306669,445.20184082764,417.79108214599285,0.8268808086787701,0.09253618507460687
2023-07-21,440.4565124511719,0.0,0.0,-0.006656505307451987,0.002221296313462154,-0.000623083731015849,432.25965118408203,419.88523254394534,391.3000550842285,436.89357584149343,430.7757554511976,67.12865317246418,6.117820390295833,5.793354355305482,0.3244660349903512,446.18519700986957,418.3341053582945,0.794310232777762,0.09256303985797706
2023-07-24,442.4241027832031,0.004457213252952877,0.00446716140279424,0.0,-0.006656505307451987,0.003466294600430841,433.2819427490234,420.7205572509766,391.69346054077147,437.74442614021797,431.6385959943091,68.93410132681747,6.10583014590884,5.855849513426154,0.24998063248268565,447.03029486463356,419.53359063341327,0.8324820297481152,0.08606914291427997
2023-07-25,443.6319885253906,0.0027264334668301612,0.002730153566654625,0.004457213252952877,0.0,0.007403120187952611,434.4508331298828,421.5940148925781,392.0971398925781,438.650204968706,432.5269954410559,71.9273710281032,6.123209527650147,5.909321516270953,0.21388801137919344,447.49251858394433,421.4091476758213,0.8519926710335035,0.08261540047687964
2023-07-26,443.7001037597656,0.00015352816628860872,0.00015353995234068663,0.0027264334668301612,0.004457213252952877,0.002221296313462154,435.39275817871095,422.4793145751953,392.51987747192385,439.4271124750229,433.3546330942936,82.12403451244958,6.072479380729305,5.941953089162624,0.1305262915666816,448.23805320212944,422.54746315529246,0.8233614162193008,0.07709716348195346
2023-07-27,440.7584228515625,-0.006651960870492944,-0.006629885553950277,0.00015352816628860872,0.0027264334668301612,-0.006656505307451987,436.1768859863281,423.27821960449216,392.97799728393557,439.63192945602896,433.9030619652024,76.22272775492398,5.728867490826531,5.8993359694954055,-0.17046847866887482,448.26265490633364,424.09111706632257,0.6895426304920738,0.08309814038709473
2023-07-28,445.0736083984375,0.009742749252965532,0.009790364342800784,-0.006651960870492944,0.00015352816628860872,0.0,437.09300384521487,424.21699768066406,393.4710220336914,440.4691108317841,434.7305098491458,78.86292503570452,5.7386009826383315,5.867188972123992,-0.12858798948566008,448.94592921948106,425.2400784709487,0.8366512612383974,0.08750721730734859
2023-07-31,445.9210510253906,0.0019022400943268737,0.0019040505007756892,0.009742749252965532,-0.006651960870492944,0.004457213252952877,437.79969787597656,425.07606689453127,393.97925491333007,441.30787086156977,435.5594388251639,77.40437767500003,5.748432036405859,5.843437584980366,-0.09500554857450716,450.00090971544614,425.598486036507,0.8328092838754909,0.07977525341844485
2023-08-01,444.6449890136719,-0.002865734437752759,-0.0028616321404527634,0.0019022400943268737,0.009742749252965532,0.0027264334668301612,438.41774597167966,425.83197692871096,394.4867852783203,441.82127365420087,436.23244254283117,70.33435938914151,5.5888311113697,5.7925162902582334,-0.20368517888853344,450.6946063353209,426.14088560803845,0.7536170835841152,0.08134082260744706
2023-08-02,438.4596557617188,-0.01400838379995201,-0.013910722947026999,-0.002865734437752759,0.0019022400943268737,0.00015352816628860872,438.7586730957031,426.47602111816406,394.9181098937988,441.30410167074206,436.39742129978583,50.999030344826174,4.906680370956224,5.615349106397832,-0.7086687354416084,450.614655876572,426.9026903148342,0.48738960154080196,0.09774383023739472
2023-08-03,437.20306396484375,-0.002870038043472408,-0.002865923421601968,-0.01400838379995201,-0.002865734437752759,-0.006651960870492944,439.20577239990234,427.0916320800781,395.38328216552736,440.67317279291154,436.45709853423455,49.255306399284734,4.216074258676997,5.335494136853665,-1.119419878176668,450.0239152047436,428.38762959506107,0.4074375116326643,0.09339765365890099
2023-08-04,435.2257385253906,-0.004532928806468818,-0.004522670590460742,-0.002870038043472408,-0.01400838379995201,0.009742749252965532,439.6080657958984,427.7589208984375,395.7943472290039,439.8351059825237,436.3658866817276,43.285623310052515,3.4692193007961123,4.962239169642155,-1.4930198688460425,449.0546978488897,430.16143374290715,0.26804816542419807,0.09467409360603773
2023-08-07,439.0245971679688,0.008690605875759877,0.008728478824458596,-0.004532928806468818,-0.002870038043472408,0.0019022400943268737,440.14624176025393,428.5604168701172,396.20366760253904,439.710412318746,436.56282819922694,44.30627091398202,3.147584119519081,4.59930815961754,-1.4517240400984592,447.95552375380606,432.3369597667018,0.4281851652167749,0.09850100521840564
2023-08-08,437.1154174804688,-0.004358168049473911,-0.0043486850163193536,0.008690605875759877,-0.004532928806468818,-0.002865734437752759,440.4525863647461,429.25462951660154,396.6160972595215,439.31118234362646,436.60376073857816,39.765109679780096,2.707421605048296,4.220930848703691,-1.5135092436553954,447.15095052222927,433.7542222072629,0.2508967259902476,0.09846972974597534
2023-08-09,434.1931762695313,-0.006707731769783795,-0.006685285153704479,-0.004358168049473911,0.008690605875759877,-0.01400838379995201,440.439436340332,429.7861712646485,397.0287841796875,438.52379679376565,436.42519892605617,39.790311299570604,2.0985978677094863,3.7964642525048506,-1.6978663847953643,447.18820963140337,433.69066304926065,0.037229967476866,0.09784276764163398
2023-08-10,434.34906005859375,0.00035895500349006603,0.00035901943554650373,-0.006707731769783795,-0.004358168049473911,-0.002870038043472408,440.261669921875,430.3177239990235,397.3995216369629,437.8815296037392,436.2714108617997,40.09475191963707,1.6101187419394591,3.3591951503917725,-1.7490764084523134,447.463678658934,433.05966118481604,0.0895166141039878,0.09328546649638018
2023-08-11,434.09576416015625,-0.0005833321785247545,-0.0005831620733870446,0.00035895500349006603,-0.006707731769783795,-0.004532928806468818,440.08487701416016,430.8894335937501,397.74695465087893,437.2991041508802,436.11025184686315,35.69755241640051,1.1888523040170753,2.9251265811168334,-1.7362742770997581,447.7193355388112,432.4504184895091,0.10775784984190148,0.09328435536322262
2023-08-14,436.4920349121094,0.005504962982502949,0.005520143133829425,-0.0005833321785247545,0.00035895500349006603,0.008690605875759877,439.95191802978513,431.4320141601563,398.0772575378418,437.1749396526078,436.13853207391844,38.21924623156063,1.0364075786893636,2.54738278063134,-1.5109752019419762,447.745799200865,432.15803685870526,0.27803849957874216,0.09467695250451275
2023-08-15,431.4073181152344,-0.011717430035783181,-0.011649048299126052,0.005504962982502949,-0.0005833321785247545,-0.004358168049473911,439.4015655517578,431.7545031738282,398.3960913085937,436.28761326224264,435.78807178068257,32.59801549723166,0.4995414815600725,2.1378145208170864,-1.638273039257014,447.978468993181,430.8246621103346,0.03396657132023697,0.09829218765948952
2023-08-16,428.2416076660156,-0.007365157251378796,-0.0073381009461066515,-0.011717430035783181,0.005504962982502949,-0.006707731769783795,438.6437362670898,432.029594116211,398.70891235351564,435.0497662474385,435.2290744388554,32.39255470679801,-0.17930819141685106,1.674389978370299,-1.85369816978715,448.3392161335186,428.948256400661,-0.03644217431115573,0.09966994723733569
2023-08-17,424.978515625,-0.007648924025911489,-0.007619745448836701,-0.007365157251378796,-0.011717430035783181,0.00035895500349006603,437.8698364257813,432.22137207031255,398.9619194030762,433.5003430747557,434.4697737859772,20.869926050711612,-0.9694307112215483,1.1456258404519295,-2.1150565516734776,449.2760650580723,426.46360779349027,-0.0651000526276484,0.10037908911329207
2023-08-18,425.1829528808594,0.00048093748628529515,0.0004810531552605912,-0.007648924025911489,-0.007365157251378796,-0.0005833321785247545,437.1061584472656,432.4459649658204,399.2294696044922,432.220744583387,433.78186112633887,19.36674828970287,-1.5611165429518792,0.6042773637711678,-2.1653939067230468,449.760151245731,424.45216564880025,0.028875756597070135,0.10050718724739445
2023-08-21,427.9493713378906,0.006485343655877229,0.006506419032765054,0.00048093748628529515,-0.007648924025911489,0.005504962982502949,436.382421875,432.67580932617193,399.5189840698242,431.563610237926,433.3498248457131,26.37815198618307,-1.7862146077870875,0.12617896945951673,-1.9123935772466043,449.40610161184674,423.3587421381532,0.17624163418075847,0.1024121532326488
2023-08-22,426.7902221679688,-0.0027122877876161206,-0.002708612858334125,0.006485343655877229,0.00048093748628529515,-0.011717430035783181,435.5403335571289,432.86752624511723,399.84913681030275,430.82924284254796,432.8639283510654,30.751876065889334,-2.034685508517441,-0.30599392613587484,-1.7286915823815663,448.76669427603946,422.3139728382184,0.16921696847986542,0.10113191334330902
2023-08-23,431.5436706542969,0.011076102486657063,0.011137669607756973,-0.0027122877876161206,0.006485343655877229,-0.007365157251378796,434.9325119018555,433.0786157226563,400.22163024902346,430.93915481358624,432.7661314846381,41.63059951059988,-1.8269766710518525,-0.6101904751190704,-1.216786195932782,447.6889464488735,422.1760773548375,0.3671712995089678,0.11106771814430275
2023-08-24,425.56292724609375,-0.013955884818421041,-0.013858952905357769,0.011076102486657063,-0.0027122877876161206,-0.007648924025911489,434.17273712158203,433.1145794677735,400.53852462768555,430.11204288012584,432.2325608003015,37.22304855815361,-2.1205179201756437,-0.9122559641303851,-1.2082619560452585,447.27359430580344,421.0718799373606,0.17140280386164802,0.11843939777263508
2023-08-25,428.5630187988281,0.007024968400826987,0.007049701373539774,-0.013955884818421041,0.011076102486657063,0.00048093748628529515,433.3472076416016,433.2004516601563,400.853097076416,429.8737314830031,431.96074287426643,35.868338366736694,-2.0870113912633315,-1.1472070495569744,-0.9398043417063571,445.6098092946917,421.0846059885115,0.3049276581708141,0.11529142248091044
2023-08-28,431.2806701660156,0.006321289442591411,0.006341310957731494,0.007024968400826987,-0.013955884818421041,0.006485343655877229,432.6151885986328,433.2354779052735,401.17139389038084,430.0901835880819,431.9103671180997,42.286804223693984,-1.8201835300178004,-1.2818023456491396,-0.5383811843686608,443.3729632540435,421.8574139432221,0.4379742337349489,0.11824849453376807
2023-08-29,437.5147399902344,0.014351311594115738,0.014454786071954162,0.006321289442591411,0.007024968400826987,-0.0027122877876161206,432.25867614746096,433.424447631836,401.55872955322263,431.2324230345669,432.32550584936894,54.03739564407437,-1.0930828148020169,-1.2440584394797152,0.15097562467769832,441.7340029109452,422.7833493839767,0.7773552814573682,0.13103889859072024
2023-08-30,439.3168029785156,0.004110403052781889,0.0041188623458068285,0.014351311594115738,0.006321289442591411,0.011076102486657063,432.3015335083008,433.69387634277354,401.85614532470703,432.4761737951744,432.84337971078725,55.80599392375664,-0.36720591561282845,-1.0686879347063378,0.7014820190935094,441.901883317438,422.7011836991636,0.8653653048943076,0.122324819980343
2023-08-31,438.6739501953125,-0.001464372821140582,-0.0014633011504332494,0.004110403052781889,0.014351311594115738,-0.013955884818421041,432.37507781982424,433.99408569335947,402.1319654846191,433.42967785673414,433.27527382075203,55.302420865562304,0.15440403598211105,-0.8240695405686481,0.9784735765507592,442.1543945699959,422.5957610696526,0.8220507391468689,0.12197377309444993
2023-09-01,439.49212646484375,0.0018633753409834858,0.0018651125036419636,-0.001464372821140582,0.004110403052781889,0.007024968400826987,432.58839721679686,434.28007385253915,402.4281887817383,434.3623622579818,433.7357814240181,53.606519006799445,0.6265808339636578,-0.533939465662187,1.1605202996258448,442.8058480589456,422.3709463746481,0.837840100955896,0.1208118552990875
2023-09-05,437.5926818847656,-0.004331274539133186,-0.004321908097323024,0.0018633753409834858,-0.001464372821140582,0.006321289442591411,432.51680145263674,434.592362060547,402.6986987304688,434.8593345082562,434.0214777544438,58.052318097593094,0.8378567538123889,-0.2595802217672718,1.0974369755796607,442.56299066770356,422.4706122375699,0.7526271565996542,0.11789243731986217
2023-09-06,434.6509704589844,-0.00674518541063845,-0.006722487709600045,-0.004331274539133186,0.0018633753409834858,0.014351311594115738,432.3935791015625,434.88029785156255,402.96912826538085,434.8272785006759,434.06810684366906,58.39287655291916,0.7591716570068456,-0.05582984601244831,0.815001503019294,442.2611425752402,422.5260156278848,0.614384435602749,0.11931483868114967
2023-09-07,433.3165588378906,-0.003074798601075527,-0.0030700762491905342,-0.00674518541063845,-0.004331274539133186,0.004110403052781889,432.3497482299805,435.0493969726563,403.23870803833006,434.59486009101664,434.01243662101876,61.49926809333055,0.5824234699978774,0.07182081718961685,0.5106026528082606,442.1914079213042,422.5080885386568,0.5491182706084862,0.11740169574224428
2023-09-08,433.9691162109375,0.0015048271059091931,0.0015059599263802514,-0.003074798601075527,-0.00674518541063845,-0.001464372821140582,432.3307510375977,435.2272619628907,403.50293746948245,434.4985918017737,434.0092277017535,61.96934006387421,0.4893641000202251,0.15532947375573852,0.3340346262644866,442.15761698369846,422.5038850914969,0.5833615306409013,0.11753163171024934
2023-09-11,436.8232116699219,0.00655519252470569,0.006576724822964453,0.0015048271059091931,-0.003074798601075527,0.0018633753409834858,432.4671234130859,435.42870117187505,403.78836639404295,434.8562256276427,434.2176709586549,62.059972626602004,0.6385546689878083,0.2519745128021525,0.38658015618565583,442.47122394864806,422.46302287752377,0.7177151379752296,0.11980646298248622
2023-09-12,434.4269409179688,-0.005500777904348959,-0.005485676328399358,0.00655519252470569,0.0015048271059091931,-0.004331274539133186,432.3638687133789,435.4814965820313,404.0362632751465,434.7901818261544,434.23317243712256,60.041024389930755,0.5570093890318617,0.31298148804809434,0.24402790098376737,442.23479755746723,422.4929398692906,0.6045024352407053,0.11985023642803987
2023-09-13,434.9334716796875,0.001165295340568552,0.0011659745609891026,-0.005500777904348959,0.00655519252470569,-0.00674518541063845,432.54017639160156,435.5344854736329,404.2745669555664,434.81222641900564,434.28504645509037,55.017367933690196,0.5271799639152732,0.3558211832215301,0.1713587806937431,442.46498374302524,422.6153690401779,0.6205713724882845,0.11194664669351312
2023-09-14,438.6836853027344,0.008585538022437247,0.008622499456212962,0.001165295340568552,-0.005500777904348959,-0.003074798601075527,433.0622802734375,435.6753369140626,404.53205490112305,435.4078354780408,434.61087155491583,70.79350186441751,0.796963923124963,0.44404973120221675,0.35291419192274626,443.13252528125145,422.9920352656236,0.7791096455416412,0.11157639711306568
2023-09-15,433.3982543945313,-0.012121557353944247,-0.012048387221320067,0.008585538022437247,0.001165295340568552,0.0015048271059091931,433.48326721191404,435.778080444336,404.7940072631836,435.09866915750086,434.521048061554,57.1452150721418,0.5776210959468813,0.4707640041511497,0.10685709179573155,442.80689584401125,424.15963857981683,0.495441001527556,0.11726784327228486
2023-09-18,433.6524353027344,0.0005863115467293325,0.0005864834609410341,-0.012121557353944247,0.008585538022437247,0.00655519252470569,433.9067413330078,435.9075317382813,405.06050262451174,434.87617164138294,434.4567063757155,53.78006571997224,0.4194652656674407,0.46050425645440796,-0.04103899078696727,442.37295324740955,425.44052941860605,0.48498112066857024,0.11726248087950503
2023-09-19,432.7531127929688,-0.0020759858584185388,-0.0020738324901548033,0.0005863115467293325,-0.012121557353944247,-0.005500777904348959,434.14692840576174,435.9973724365235,405.2625944519043,434.5495472031654,434.330514258475,40.8561291812248,0.21903294469041157,0.4122099941016087,-0.19317704941119712,442.16206329715317,426.1317935143703,0.4130510196222681,0.11586700610643627
2023-09-20,428.774658203125,-0.009235878411361706,-0.009193358689362219,-0.0020759858584185388,0.0005863115467293325,0.001165295340568552,434.2461502075195,435.95309509277354,405.44623779296876,433.6611027416207,433.9189693654861,31.317299527855297,-0.2578666238653682,0.27819467050821334,-0.5360612943735815,441.9196809387687,426.57261947627035,0.14348275936963528,0.12052932722378314
2023-09-21,421.6877136230469,-0.016666483692022206,-0.016528366228026448,-0.009235878411361706,-0.0020759858584185388,0.008585538022437247,433.753352355957,435.6977258300782,405.5967077636719,431.8190428772248,433.01295042160166,25.494313904188132,-1.1939075443768843,-0.016225772468806188,-1.177681771908078,443.21517081038724,424.2915339015268,-0.1375961867700372,0.1274543589801926
2023-09-22,420.739501953125,-0.002251143013480714,-0.0022486110913098045,-0.016666483692022206,-0.009235878411361706,-0.012121557353944247,433.5121810913086,435.354428100586,405.77765914916995,430.114498119671,432.1038060906034,23.047110075566124,-1.9893079709324297,-0.41084221216153094,-1.5784657587708988,444.0389640502388,422.9853981323784,-0.10667533414603857,0.1183064555576443
2023-09-25,422.5088195800781,0.004196439360173803,0.004205256741379726,-0.002251143013480714,-0.016666483692022206,0.0005863115467293325,433.20947113037107,435.05197204589854,405.99517288208006,428.9443937289644,431.393066349083,28.238771747227474,-2.4486726201186,-0.8184082937529449,-1.6302643263656553,444.64450131877874,421.7744409419634,0.03211091820549808,0.11630724275166751
2023-09-26,416.3016357421875,-0.014800237892910432,-0.014691252703457836,0.004196439360173803,-0.002251143013480714,-0.0020759858584185388,432.4605194091797,434.59498046875007,406.18487503051756,426.9993540386911,430.2751826004241,25.80719662982365,-3.2758285617330216,-1.3098923473489603,-1.9659362143840613,446.1644999982898,418.75653882006964,-0.08956897822202606,0.12332168726381333
2023-09-27,416.4678039550781,0.0003990737584134662,0.000399153398939589,-0.014800237892910432,0.004196439360173803,-0.009235878411361706,431.4081726074219,434.076049194336,406.36058715820315,425.37911556428907,429.25241381188,27.079569306799016,-3.873298247590924,-1.8225735273973531,-2.0507247201935708,446.6267123743425,416.18963284050125,0.009139218309943157,0.10814545511802678
2023-09-28,418.8822326660156,0.005780655601751859,0.005797395832302765,0.0003990737584134662,-0.014800237892910432,-0.016666483692022206,430.3864440917969,433.58572998046884,406.56261444091797,424.37959511840086,428.48425224551966,30.41516753201158,-4.104657127118799,-2.278990247341642,-1.8256668797771565,446.10497441618406,414.6679137674097,0.13405575494763186,0.10964451860965141
2023-09-29,417.8656311035156,-0.002429888636030822,-0.0024269388463429298,0.005780655601751859,0.0003990737584134662,-0.002251143013480714,429.34602813720704,433.1339123535157,406.7322756958008,423.37744680841854,427.69768771648233,24.15762963160165,-4.320240908063795,-2.687240379486073,-1.633000528577722,445.5033573993434,413.1886988750707,0.14473098098597903,0.1095909490129083
2023-10-02,417.699462890625,-0.00039773852755606293,-0.00039765944007363885,-0.002429888636030822,0.005780655601751859,0.004196439360173803,428.2563949584961,432.67877136230476,406.88657455444337,422.5039108210657,426.9570784701225,25.721499251437123,-4.453167649056809,-3.04042583340022,-1.412741815656589,444.4719481401604,412.0408417768318,0.1744812850477297,0.10870645500049197
2023-10-03,412.1081237792969,-0.013476434352123352,-0.013386033758899574,-0.00039773852755606293,-0.002429888636030822,-0.014800237892910432,426.98216705322267,432.0724517822266,407.025283203125,420.90455896848584,425.85715590043174,21.13197817899423,-4.952596931945891,-3.4228600531093543,-1.5297368788365366,444.0893342622327,409.87499984421265,0.06526866510979326,0.11534610040589481
2023-10-04,415.1090393066406,0.007255479759752765,0.007281864525803039,-0.013476434352123352,-0.00039773852755606293,0.0003990737584134662,426.0050704956055,431.50199279785164,407.2260076904297,420.0129405589712,425.06099911570647,19.60829210257951,-5.0480585567352705,-3.7478997538345378,-1.3001588029007327,443.4959903670443,408.51415062416663,0.18852320892633193,0.11993206175884312
2023-10-05,414.95263671875,-0.0003768457073948374,-0.0003767747099698848,0.007255479759752765,-0.013476434352123352,0.005780655601751859,425.0868743896484,430.92704345703135,407.448084564209,419.23443227586023,424.3122315307467,22.596542706568798,-5.077799254886486,-4.013879654044928,-1.0639196008415581,442.88702263912415,407.2867261401727,0.21533277338864595,0.12008318759075438
2023-10-06,419.87933349609375,0.011802983469737065,0.011872913536112861,-0.0003768457073948374,0.007255479759752765,-0.002429888636030822,424.38238525390625,430.50946166992196,407.71050491333006,419.33364784820384,423.98386871336504,32.032657689040136,-4.650220865161202,-4.1411478962681825,-0.5090729688930198,441.81383434443393,406.95093616337857,0.37083541550600413,0.12945570207595902
2023-10-09,422.5674743652344,0.006381767886986528,0.006402174755204104,0.011802983469737065,-0.0003768457073948374,-0.00039773852755606293,423.6695983886719,430.05933898925787,407.9838523864746,419.8311596200547,423.87895061350355,37.30507632632532,-4.047790993448871,-4.12247651570432,0.07468552225544922,440.0959678818136,407.2432288955302,0.4664525985520517,0.12931129066755606
2023-10-10,424.7668762207031,0.005191355203448587,0.005204853636150419,0.006381767886986528,0.011802983469737065,-0.013476434352123352,423.1865951538086,429.63625549316413,408.24069198608396,420.59050063553906,423.9447228807035,44.77308385147307,-3.3542222451644648,-3.968825661596349,0.6146034164318843,438.8305913305503,407.54259897706686,0.5505075892707,0.13066077883602142
2023-10-11,426.5068664550781,0.004087974455934875,0.004096341621211863,0.005191355203448587,0.006381767886986528,0.007255479759752765,422.7652648925781,429.27349304199225,408.5328663635254,421.500710761622,424.13451129362016,57.30374599462744,-2.6338005319981903,-3.701820635676717,1.0680201036785268,437.5049295135881,408.0256002715681,0.6269228866024105,0.13174741572489299
2023-10-12,423.90667724609375,-0.006115136173581217,-0.006096476782650462,0.004087974455934875,0.005191355203448587,-0.0003768457073948374,422.0264144897461,428.98243347167977,408.801453704834,421.8708594515407,424.11763469750707,54.571169329974104,-2.2467752459663757,-3.4108115577346494,1.1640363117682737,434.7498934319496,409.30293554754263,0.5738894906372991,0.12787074913988977
2023-10-13,421.7952270507813,-0.0049933778599598935,-0.00498093167352176,-0.006115136173581217,0.004087974455934875,0.011802983469737065,421.4462631225586,428.67427673339853,409.06678283691406,421.8592236975777,423.9456045014533,48.98014726214711,-2.0863808038756133,-3.1459254069628426,1.0595446030872293,432.9899198040001,409.9026064411171,0.5151149647747114,0.12256876096753648
2023-10-16,426.233154296875,0.010466554794049251,0.010521520779464444,-0.0049933778599598935,-0.006115136173581217,0.006381767886986528,421.07529907226564,428.4944250488282,409.377214050293,422.53213609746956,424.11505263444747,64.94998235968606,-1.5829165369779048,-2.8333236329658553,1.2504070959879505,431.3774444471063,410.77315369742496,0.750329180813425,0.12946961386511355
2023-10-17,426.2135925292969,-4.589557683077005e-05,-4.589452364489599e-05,0.010466554794049251,-0.0049933778599598935,0.005191355203448587,420.74832305908205,428.23820495605474,409.654774017334,423.09851401005835,424.2705000340659,64.73544036057191,-1.1719860240075377,-2.5010561111741922,1.3290700871666545,429.8330691741437,411.6635769440204,0.8007937371609055,0.12941785099406292
2023-10-18,420.53424072265625,-0.013414706839578527,-0.013325130653242256,-4.589557683077005e-05,0.010466554794049251,0.004087974455934875,420.33630218505857,427.9065814208984,409.90881912231447,422.7040104273811,423.99374008507255,52.27335529990417,-1.2897296576914528,-2.2587908204776443,0.9690611627861916,428.59856208072136,412.0740422893958,0.5119784744184569,0.13382227987803225
2023-10-19,416.8392639160156,-0.008825215433503942,-0.008786387525284711,-0.013414706839578527,-4.589557683077005e-05,-0.006115136173581217,420.09387969970703,427.55950317382815,410.15217208862305,421.8017417333249,423.46377888736464,48.6845666563931,-1.6620371540397514,-2.139440087190066,0.47740293315031446,428.4728766102017,411.71488278921237,0.3057872667541498,0.1241704879260067
2023-10-20,411.7171020507813,-0.01236422126298765,-0.012288098335828335,-0.008825215433503942,-0.013414706839578527,-0.0049933778599598935,419.6427597045898,427.1068640136719,410.3557023620605,420.25025870524127,422.59365467724734,43.196993253560656,-2.3433959720060784,-2.1802312641532686,-0.1631647078528098,428.80985692648454,410.4756624826951,0.06771170513612255,0.13097996267267814
2023-10-23,411.0035095214844,-0.0017347145512264792,-0.0017332108035893468,-0.01236422126298765,-0.008825215433503942,0.010466554794049251,419.06749420166017,426.64501892089845,410.5768374633789,418.8276819077402,421.7351254064501,48.58711588335313,-2.907443498709881,-2.3256737110645913,-0.5817697876452899,428.8973432238839,409.2376451794364,0.08982153937744203,0.1294922424658816
2023-10-24,414.1022338867188,0.0075111316540855564,0.007539410962310589,-0.0017347145512264792,-0.01236422126298765,-4.589557683077005e-05,418.95752410888673,426.1972229003906,410.7714112854004,418.10068990450617,421.1697260346181,48.71543479598272,-3.0690361301119538,-2.474346194874064,-0.5946899352378896,428.9652594812963,408.94978873647716,0.2574231311334668,0.12287443459039384
2023-10-25,408.158935546875,-0.014456238636496232,-0.014352248921868038,0.0075111316540855564,-0.0017347145512264792,-0.013414706839578527,418.5420806884766,425.7322552490234,410.9373320007324,416.5711892341013,420.2059637762668,42.44732506602178,-3.6347745421654736,-2.706431864332346,-0.9283426778331276,429.61783978923773,407.4663215877154,0.031267110130265854,0.13272931483926204
2023-10-26,403.2713928222656,-0.012046879844760315,-0.011974606700845047,-0.014456238636496232,0.0075111316540855564,-0.008825215433503942,417.76153869628905,425.23285095214845,411.0656671142578,414.52506670920354,418.95155111300744,31.52057796645508,-4.426484403803897,-3.050442372226656,-1.3760420315772413,430.76831730862506,404.75476008395304,-0.05702285346352213,0.13568878225164693
2023-10-27,401.4435119628906,-0.004542935621535645,-0.004532632098157796,-0.012046879844760315,-0.014456238636496232,-0.01236422126298765,416.9404327392578,424.76215087890625,411.1609831237793,412.5125198251554,417.6546593241099,26.036915177347396,-5.142139498954521,-3.468781797572229,-1.6733577013822916,431.85330417212816,402.02756130638744,-0.019582055210691243,0.1360053716454531
2023-10-30,406.2430419921875,0.011884775100640389,0.011955679656719731,-0.004542935621535645,-0.012046879844760315,-0.0017347145512264792,416.36761169433595,424.3833526611328,411.2733357238769,411.54798477392956,416.8093543365601,30.157079016793233,-5.261369562630534,-3.82729935058389,-1.4340702120466444,432.0195212890014,400.7157020996705,0.17657078387421932,0.14464386600557158
2023-10-31,408.79437255859375,0.006260666944455755,0.006280305882642834,0.011884775100640389,-0.004542935621535645,0.0075111316540855564,416.2019241333008,424.00025268554685,411.3910008239746,411.12435212541635,416.21565198263664,31.350368974166344,-5.091299857220292,-4.08009945191117,-1.011200405309122,432.11171898234795,400.29212928425363,0.26720153700942656,0.13965174872693895
2023-11-01,413.1540832519531,0.010608333279529944,0.010664801147022951,0.006260666944455755,0.011884775100640389,-0.014456238636496232,416.1041763305664,423.72752990722654,411.53399337768553,411.4366184525759,415.98886911369715,39.08300474615594,-4.552250661121263,-4.174529693753189,-0.3777209673680746,432.06617931656604,400.1421733445668,0.4075901351102102,0.14256735863592096
2023-11-02,421.0718994140625,0.0189829952395123,0.01916431782493322,0.010608333279529944,0.006260666944455755,-0.012046879844760315,416.410139465332,423.5180944824219,411.7469319152832,412.9189693697277,416.3653898766872,49.343067311903006,-3.446420506959498,-4.028907856394451,0.5824873494349525,432.5131713613122,400.30710756935184,0.6447478952672948,0.1580368960325496
2023-11-03,424.9134826660156,0.009081976446658004,0.009123342729113082,0.0189829952395123,0.010608333279529944,-0.004542935621535645,416.66184692382814,423.50510559082034,411.9928547668457,414.7642791076181,416.9985819351559,48.78833746439378,-2.2343028275378174,-3.669986850623124,1.4356840230853067,433.1460701794863,400.17762366817,0.750288885748837,0.15578787463879873
2023-11-06,425.8909912109375,0.0022978463443644593,0.0023004884165800377,0.009081976446658004,0.0189829952395123,0.011884775100640389,416.8280227661133,423.4516650390625,412.20866790771487,416.47608096966724,417.6572789185472,49.70892243199975,-1.1811979488799693,-3.172229070274493,1.9910311213945238,433.62692033777876,400.02912519444783,0.7697489048361907,0.15444487665095688
2023-11-07,427.1030883789063,0.002841984517363699,0.0028460267838079645,0.0022978463443644593,0.009081976446658004,0.006260666944455755,416.94483337402346,423.3681134033203,412.4075804138184,418.1110051864732,418.3569685082034,56.44665088507876,-0.2459633217301871,-2.586975920565632,2.341012598835445,434.0065957499641,399.8830709980828,0.7976906717212091,0.1536998758327289
2023-11-08,427.4158630371094,0.000732048532458315,0.0007323165453807512,0.002841984517363699,0.0022978463443644593,0.010608333279529944,416.990283203125,423.1661358642578,412.6101354980469,419.5425217788788,419.02799773256686,61.11791909294582,0.5145240463119194,-1.966675927190122,2.4811999735020414,434.1637720424579,399.8167943637921,0.8035370369853564,0.15305573031224864
2023-11-09,424.0826110839844,-0.007829183681935994,-0.007798615450160806,0.000732048532458315,0.002841984517363699,0.0189829952395123,416.9990798950195,422.8614520263672,412.7952993774414,420.24099705658733,419.40241353637555,63.50635229521945,0.8385835202117846,-1.4056240377097406,2.2442075579215253,434.18765918428517,399.8105006057539,0.7060534227336798,0.15409722247714835
2023-11-10,430.7003173828125,0.015484255243920875,0.015604757483247855,-0.007829183681935994,0.000732048532458315,0.009081976446658004,417.44433441162107,422.7019793701172,412.99228256225587,421.85012326062196,420.2392953027783,69.05623053189443,1.6108279578436395,-0.8023336385990646,2.4131615964427042,435.59070029333617,399.297968529906,0.8652517274698129,0.16219094321965388
2023-11-13,430.2897644042969,-0.0009536765133924031,-0.0009532219084731341,0.015484255243920875,-0.007829183681935994,0.0022978463443644593,417.6471649169922,422.51793212890624,413.182717590332,423.1485295904181,420.98377449548343,66.52038851642803,2.1647550949346623,-0.20891589189231924,2.3736709868269816,436.29102513016875,399.0033047038157,0.8390553067537353,0.15841391501012195
2023-11-14,438.63775634765625,0.01921506361641708,0.019400861080013154,-0.0009536765133924031,0.015484255243920875,0.002841984517363699,418.2683731079102,422.53883361816406,413.4394967651367,425.5314875530701,422.29147685490364,79.65022865645481,3.2400106981664862,0.48086942611944195,2.759141272047044,438.84210439998634,397.694641815834,0.9950337629711147,0.17176711878881007
2023-11-15,439.5663146972656,0.002114676363401687,0.002116913868384307,0.01921506361641708,-0.0009536765133924031,0.000732048532458315,419.2199768066406,422.6371405029297,413.67244720458984,427.6906917291002,423.5710944728564,88.25487726268577,4.1195972562438214,1.208614992144318,2.910982264099504,441.88889668191615,396.55105693136505,0.9487716662851742,0.1625569026674585
2023-11-16,440.10400390625,0.0012224790687508525,0.0012232266008707082,0.002114676363401687,0.01921506361641708,-0.007829183681935994,420.38321380615236,422.77288940429685,413.8872036743164,429.6004320640463,424.79575443088555,91.88741294858221,4.804677633160736,1.9278275203476016,2.8768501128131345,444.8537849485603,395.9126426637444,0.9029491176428072,0.15733645946763525
2023-11-17,440.6513977050781,0.0012430099623731393,0.0012437828194462597,0.0012224790687508525,0.002114676363401687,0.015484255243920875,421.8299285888672,422.9065350341797,414.07579040527344,431.300580624205,425.97024652527017,91.06404428170073,5.330334098934827,2.6083288360650467,2.7220052628697804,447.53342071091106,396.1264364668233,0.8661266925685409,0.14712140724330672
2023-11-20,444.0433349609375,0.007668077475600779,0.007697552472373026,0.0012430099623731393,0.0012224790687508525,-0.0009536765133924031,423.48191986083987,423.0509375,414.302751159668,433.2610043683177,427.3089938168011,91.23980999605824,5.952010551516594,3.2770651791553567,2.674945372361237,450.4705050857377,396.493334635942,0.88092799101468,0.14655724322612657
2023-11-21,443.07562255859375,-0.002181697906429833,-0.0021793197333518366,0.007668077475600779,0.0012430099623731393,0.01921506361641708,424.9305892944336,423.2239111328125,414.53705459594727,434.77094562836015,428.47689224211905,88.02498830709183,6.294053386241103,3.880462820572506,2.413590565668597,452.8921589475945,396.9690196412727,0.824463781705276,0.1473960461632436
2023-11-22,444.7862548828125,0.003853379640190084,0.0038608134528830274,-0.002181697906429833,0.007668077475600779,0.002114676363401687,426.76195526123047,423.420966796875,414.75400161743164,436.3117624367374,429.68499317846675,85.78186962055392,6.626769258270656,4.429724108112136,2.1970451501585195,454.89571697359435,398.6281935488666,0.820332200966587,0.1314768090400858
2023-11-24,445.0599060058594,0.0006150526769711576,0.0006152418606528709,0.003853379640190084,-0.002181697906429833,0.0012224790687508525,428.8513809204102,423.5484912109375,414.9942626953125,437.6576306781408,430.82387561012547,84.06627090445976,6.833755068015307,4.910530300092771,1.9232247679225365,455.822554965334,401.88020687548635,0.8004786713854557,0.11754486975431006
2023-11-27,444.2584228515625,-0.001802466777718533,-0.0018008433100381582,0.0006150526769711576,0.003853379640190084,0.0012430099623731393,430.99212646484375,423.7656945800781,415.2477250671387,438.67313716635954,431.8190272576393,81.24410796084571,6.854109908720261,5.299246221818269,1.5548636869019923,455.486550835871,406.4977020938165,0.7708023708940579,0.11499042133634407
2023-11-28,444.6982727050781,0.0009895867630197938,0.0009900765655546095,-0.001802466777718533,0.0006150526769711576,0.007668077475600779,432.9148880004883,423.986611328125,415.49879455566406,439.6000810953932,432.77304543893104,80.73804271217737,6.827035656462158,5.604804108747047,1.2222315477151113,455.16367717670977,410.66609882426684,0.7648095725852665,0.11290737800426755
2023-11-29,444.3854675292969,-0.0007036574273767876,-0.0007034099185464493,0.0009895867630197938,-0.001802466777718533,-0.002181697906429833,434.69444274902344,424.21925842285157,415.7251457214355,440.33629439291684,433.63322485303223,79.64514959588851,6.703069539884609,5.82445719497456,0.8786123449100494,454.36397340230104,415.02491209574583,0.7463461114324705,0.11418424562572436
2023-11-30,446.13519287109375,0.003929673215358935,0.003937404504978703,-0.0007036574273767876,0.0009895867630197938,0.003853379640190084,436.34349822998047,424.56646911621095,415.96116378784177,441.2284326203287,434.5592965580738,90.78118809757882,6.669136062254893,5.993392968430627,0.6757430938242655,453.81675941493125,418.8702370450297,0.7801908166274818,0.11162504790691839
2023-12-01,448.7745056152344,0.005898517807909638,0.005915948318614861,0.003929673215358935,-0.0007036574273767876,0.0006150526769711576,437.72862854003904,425.1082049560547,416.2039010620117,442.38936692723723,435.6122750067524,89.1906771641872,6.77709192048485,6.1501327588414725,0.6269591616433772,454.4818344408064,420.9754226392717,0.8296645770553505,0.09675466303557391
2023-12-04,446.4186706542969,-0.005263311789944244,-0.005249484833608875,0.005898517807909638,0.003929673215358935,-0.001802466777718533,438.80388793945315,425.6217883300781,416.4624124145508,443.0092598083233,436.41274875842237,82.25190699945078,6.596511049900926,6.2394084170533635,0.35710263284756216,454.83902879310807,422.7687470857982,0.737440468541568,0.09854311023665972
2023-12-05,446.3307189941406,-0.00019703549833945314,-0.0001970160881205052,-0.005263311789944244,0.005898517807909638,0.0009895867630197938,439.8258743286133,426.09822631835937,416.7254145812988,443.5202535292183,437.1474132203274,72.97155927353582,6.372840308890886,6.266094795420869,0.1067455134700177,454.97682313090235,424.6749255263242,0.7146678980442652,0.09899733232606962
2023-12-06,444.5321350097656,-0.004037852560592977,-0.004029711395237001,-0.00019703549833945314,-0.005263311789944244,-0.0007036574273767876,440.69732666015625,426.66283630371095,417.01891677856446,443.6759276031487,437.69442964917465,64.09578062142018,5.981497953974042,6.209175427131504,-0.22767747315746156,454.7308163758281,426.6638369444844,0.6366306039091212,0.10151821033594624
2023-12-07,447.924072265625,0.0076013894254685814,0.007630353328190509,-0.004037852560592977,-0.00019703549833945314,0.003929673215358935,441.72273712158204,427.2919616699219,417.33203720092774,444.32948832045275,438.4521809540969,69.10240010019054,5.877307366355865,6.142801814976376,-0.26549444862051086,454.6211964615445,428.82427778161957,0.7403905373733186,0.1032932611330877
2023-12-08,449.8497619628906,0.00428992821383099,0.004299143128265959,0.0076013894254685814,-0.004037852560592977,0.005898517807909638,443.01109466552737,427.9113122558594,417.6445379638672,445.1787611885201,439.2964462140075,71.0516758254806,5.88231497451261,6.090704446883623,-0.2083894723710129,453.39261555922894,432.6295737718258,0.8293673136809968,0.09617633991639164
2023-12-11,451.5994262695313,0.003881897119969961,0.003889441441529584,0.00428992821383099,0.0076013894254685814,-0.005263311789944244,444.0560501098633,428.5859881591797,417.9864762878418,446.16655581636803,440.2077780699723,68.6987215891928,5.958777746395754,6.06431910678605,-0.10554136039029594,453.3727182644522,434.7393819552744,0.9048322873855144,0.08419126197082641
2023-12-12,453.6619873046875,0.004556837557146227,0.004567235729668884,0.003881897119969961,0.00428992821383099,-0.00019703549833945314,445.2246612548828,429.30523864746095,418.33220169067386,447.31969912226333,441.2043861614327,74.85099176442944,6.115312960830636,6.0745178775949675,0.04079508323566827,453.0079337128537,437.4413887969119,1.042016619318266,0.08357671542023999
2023-12-13,459.9181213378906,0.013696077155868978,0.013790298081556962,0.004556837557146227,0.003881897119969961,-0.004037852560592977,446.2886795043945,430.2614385986328,418.7163134765625,449.2579179246675,442.5905887670963,79.27405404448012,6.667329157571203,6.1930801335902155,0.47424902398098734,455.8871396274338,436.69021938135523,1.20998064579032,0.07030629956473732
2023-12-14,461.3941650390625,0.003204222902225726,0.003209361911807429,0.013696077155868978,0.004556837557146227,0.0076013894254685814,447.38007202148435,431.18714111328126,419.1151530456543,451.12503286534366,443.9834462687234,80.19542026074839,7.141586596620243,6.382781426196222,0.7588051704240213,458.5889249755719,436.1712190673968,1.125135019389634,0.07036043527302774
2023-12-15,460.6344604492188,-0.0016478984290982917,-0.0016465413900051962,0.003204222902225726,0.013696077155868978,0.00428992821383099,448.40659484863284,432.1007775878906,419.49535400390624,452.58802172440136,445.21685472653786,80.31948434106371,7.371166997863497,6.580458540529677,0.7907084573338201,460.5326432758195,436.28054642144616,1.0041982833076528,0.07173442021254768
2023-12-18,463.22552490234375,0.005609229294173516,0.005624990476392311,-0.0016478984290982917,0.003204222902225726,0.003881897119969961,449.5353012084961,432.96770141601564,419.85767028808596,454.22456067485405,446.55083029511604,81.77151966104864,7.673730379738004,6.7991129083713435,0.8746174713666601,462.7733884764649,436.2972139405273,1.0170771055034835,0.07256696386724146
2023-12-19,466.0423583984375,0.0060624975298736155,0.0060809116610911484,0.005609229294173516,-0.0016478984290982917,0.004556837557146227,450.63525238037107,433.8371990966797,420.23271682739255,456.0426834015592,447.9946471916584,84.20116649268569,8.048036209900829,7.0488975686772415,0.9991386412235874,465.50695936582474,435.7635453949174,1.0180005910934247,0.0712618501597397
2023-12-20,459.5842895507813,-0.013954165329772316,-0.013857257245563415,0.0060624975298736155,0.005609229294173516,0.013696077155868978,451.46068572998047,434.53354736328123,420.60544342041015,456.5875458860549,448.8531392182601,68.48958508146006,7.734406667794815,7.185999388500756,0.5484072792940591,466.39814753848674,436.5232239214742,0.7719204883983295,0.09088896719575107
2023-12-21,463.9420471191406,0.00943728346002774,0.009481955035100853,-0.013954165329772316,0.0060624975298736155,0.003204222902225726,452.41847534179686,435.2822509765625,420.9968168640137,457.71900761422194,449.9708360998068,69.9112704336805,7.748171514415162,7.298433813683638,0.4497377007315242,467.99677348049215,436.8401772031016,0.8698597778379944,0.09462298854444805
2023-12-22,464.8744201660156,0.0020076589786916558,0.0020096756753662515,0.00943728346002774,-0.013954165329772316,-0.0016478984290982917,453.40920104980466,436.10160583496094,421.42842956542967,458.8198403144979,451.07480528989635,75.16850921161509,7.745035024601577,7.387754055867226,0.35728096873435167,469.5279530681536,437.29044903145575,0.8556484739997064,0.09446049193566355
2023-12-26,466.8373718261719,0.004213651863922789,0.00422254177688508,0.0020076589786916558,0.00943728346002774,0.005609229294173516,454.5381484985352,437.00244873046876,421.89716842651364,460.0533067009093,452.24240281110195,76.60481225917735,7.810903889807321,7.472384022655245,0.33851986715207616,471.11464341985646,437.9616535772139,0.8709838354252138,0.09350728843148452
2023-12-27,467.6814575195313,0.0018064610287040835,0.0018080936623765531,0.004213651863922789,0.0020076589786916558,0.0060624975298736155,455.6873077392578,437.8314147949219,422.3727864074707,461.22686836531267,453.3860364932078,80.79606619459074,7.840831872104843,7.546073592545165,0.29475827955967837,472.5752850921668,438.7993303863488,0.8551091267364679,0.09337961818709022
2023-12-28,467.8581237792969,0.00037767779236075316,0.0003777491215977147,0.0018064610287040835,0.004213651863922789,-0.013954165329772316,456.86094055175784,438.6643054199219,422.8184959411621,462.2470615059256,454.45804295884403,78.99954094349008,7.789018547081582,7.594662583452449,0.19435596362913365,473.70428590000273,440.01759520351294,0.8264548401806938,0.09296252766491404
2023-12-29,466.5036315917969,-0.0028992906195541937,-0.002895091735414579,0.00037767779236075316,0.0018064610287040835,0.00943728346002774,457.87936248779295,439.5836932373047,423.2692761230469,462.9019184422135,455.3503087835072,74.63706742898023,7.5516096587062975,7.586051998503219,-0.03444233979692157,474.4530448874959,441.30568008809,0.7601796298497463,0.09478389698399743
2024-01-02,463.8929443359375,-0.005612002828205864,-0.005596284956992159,-0.0028992906195541937,0.00037767779236075316,0.0020076589786916558,458.6352844238281,440.52476684570314,423.67398742675783,463.05438396432487,455.98309660220576,67.73474095727826,7.071287362119108,7.483099071226397,-0.4118117091072895,474.83534545598417,442.4352233916721,0.662272842727977,0.09764190141939658
2024-01-03,460.1044616699219,-0.008200247902822694,-0.008166717584891958,-0.005612002828205864,-0.0028992906195541937,0.004213651863922789,459.3195739746094,441.4925140380859,424.08214477539065,462.600549765186,456.2883829035181,58.85311694030326,6.31216686166789,7.248912629314696,-0.9367457676468058,474.46898548909166,444.17016246012713,0.5259048905814643,0.10090456673142371
2024-01-04,458.6224060058594,-0.003226327653603711,-0.003221128651270777,-0.008200247902822694,-0.005612002828205864,0.0018064610287040835,459.9341583251953,442.44489196777346,424.4646955871582,461.98852764836647,456.46127350369153,47.95054825175364,5.5272541446749415,6.904580932386746,-1.3773267877118043,473.8085466179047,446.0597700324859,0.4527275620495202,0.102149461933314
2024-01-05,459.2506103515625,0.001368826477292748,0.00136976374786002,-0.003226327653603711,-0.008200247902822694,0.00037767779236075316,460.67008209228516,443.3478594970703,424.8253010559082,461.5673096027043,456.6678910479783,46.516066567730334,4.899418554726026,6.503548456854602,-1.6041299021285758,472.5180828533639,448.8220813312064,0.44009657117065326,0.10014448743368232
2024-01-08,465.8068237304688,0.01417495371624985,0.014275894753601914,0.001368826477292748,-0.003226327653603711,-0.0028992906195541937,461.56421966552733,444.50081726074217,425.2516833496094,462.2195425454373,457.34484902445905,57.07381326815785,4.874693520978269,6.177777469679335,-1.3030839487010661,471.9739068322958,451.15453249875884,0.7037815352648353,0.10777226631411754
2024-01-09,465.1001892089844,-0.0015181637851783133,-0.0015170119575004248,0.01417495371624985,0.001368826477292748,-0.005612002828205864,462.32674102783204,445.7373931884766,425.6693890380859,462.6627189552138,457.91931866775724,52.70315345167027,4.743400287456552,5.890902033234779,-1.1475017457782268,471.25173045855996,453.4017515971041,0.6553754322444127,0.10807653322491277
2024-01-10,467.7304992675781,0.005639430739364201,0.0056553622630581835,-0.0015181637851783133,0.01417495371624985,-0.008200247902822694,463.1332946777344,447.0631329345703,426.0877272033691,463.44237746480826,458.6460727862625,52.447362483243154,4.796304678545766,5.671982562296977,-0.8756778837512105,470.80385450078035,455.46273485468845,0.7996655195903417,0.10873233132779783
2024-01-11,467.5244445800781,-0.00044063854928427126,-0.0004405414823763776,0.005639430739364201,-0.0015181637851783133,-0.003226327653603711,463.82641754150393,448.2887609863281,426.50144424438474,464.0703877902344,459.3037299561748,64.05985718747723,4.766657834059629,5.490917616649507,-0.7242597825898782,470.3062845969856,457.34655048602224,0.7853474467077085,0.10847098964431978
2024-01-12,467.8482971191406,0.0006924566807766097,0.0006926964842519645,-0.00044063854928427126,0.005639430739364201,0.001368826477292748,464.2229263305664,449.46983947753904,426.92109924316406,464.6516046100661,459.93666085713517,58.0697427517318,4.714943752930935,5.335722843905794,-0.6207790909748585,470.66624302708306,457.77960963404973,0.781327999175809,0.0984447110359767
2024-01-16,466.1307067871094,-0.0036780104501488433,-0.003671254854634709,0.0006924566807766097,-0.00044063854928427126,0.01417495371624985,464.4597534179687,450.5293719482422,427.3042652893066,464.8791587911497,460.39547907417034,52.51375156323276,4.4836797169793385,5.1653142185205025,-0.681634501541164,470.8128473544055,458.10665948153195,0.6315070567080129,0.09929374096026046
2024-01-17,463.5396118164063,-0.005574237722954438,-0.005558730486911356,-0.0036780104501488433,0.0006924566807766097,-0.0015181637851783133,464.6050109863281,451.37872619628905,427.6630726623535,464.67307464118915,460.62837779581747,43.563192236350176,4.044696845371675,4.941190743890737,-0.8964938985190622,470.71816094069084,458.4918610319654,0.4128600494118842,0.10138199056022354
2024-01-18,467.6618041992188,0.008853550345833636,0.008892858943940984,-0.005574237722954438,-0.0036780104501488433,0.005639430739364201,464.8268249511719,452.23369262695314,428.0148811340332,465.13287918857833,461.14937234421757,49.96599128024875,3.983506844360761,4.749653963984742,-0.7661471196239811,471.0501653204584,458.60348458188537,0.7277699016783763,0.10424302052597427
2024-01-19,473.4917297363281,0.012389052148530602,0.01246611436889089,0.008853550345833636,-0.005574237722954438,-0.00044063854928427126,465.1992935180664,453.18570739746093,428.3882698059082,466.4188561959245,462.06362103992944,58.153352024889095,4.355235155995047,4.670770202386803,-0.3155350463917568,472.52330927202144,457.87527776411133,1.0661126693906775,0.11094303819400171
2024-01-22,474.492919921875,0.0021122505689317,0.0021144829416648303,0.012389052148530602,0.008853550345833636,0.0006924566807766097,465.9447250366211,454.1335040283203,428.7777276611328,467.6610198460707,462.9843098459995,61.682128721044904,4.676710000071182,4.67195816192368,0.004751838147502241,473.87236610520864,458.01708396803355,1.0391386171054866,0.09631120401111598
2024-01-23,475.8766784667969,0.002912045008856847,0.002916289130614924,0.0021122505689317,0.012389052148530602,-0.0036780104501488433,466.5414566040039,455.10272033691405,429.17929641723634,468.9249673261824,463.93930011420673,68.1750396424634,4.985667211975681,4.73469997193408,0.250967240041601,475.55649433532545,457.5264188726823,1.0177583356284237,0.0919517572339501
2024-01-24,476.3969421386719,0.00109267696254775,0.001093274151511725,0.002912045008856847,0.0021122505689317,-0.005574237722954438,467.1175827026367,456.1490069580078,429.57575119018554,470.07450191271926,464.86208841231525,77.42902707390556,5.212413500404011,4.830242677628066,0.3821708227759455,477.1044157096189,457.1307496956545,0.964579683546707,0.09191174780871178
2024-01-25,478.9879760742188,0.0054240761783682315,0.0054388131122653505,0.00109267696254775,0.002912045008856847,0.008853550345833636,467.72511291503906,457.11476013183596,429.9831231689453,471.44580562987306,465.9084504613451,83.05206299583867,5.537355168527938,4.971665175808041,0.5656899927198973,479.031336824211,456.41888900586713,0.9980824389141536,0.09253223986923187
2024-01-26,478.3795166015625,-0.0012711097028806147,-0.0012703021851263596,0.0054240761783682315,0.00109267696254775,0.012389052148530602,468.2600158691406,458.07655517578127,430.3869190979004,472.51253039474835,466.83223313839824,81.06494330346511,5.680297256350116,5.113391591916456,0.5669056644336594,480.5288279281897,455.9912038100915,0.9124075209448692,0.09294602182358844
2024-01-29,482.1679382324219,0.007888087684472318,0.007919280611704549,-0.0012711097028806147,0.0054240761783682315,0.0021122505689317,468.9755065917969,458.94715881347656,430.8177606201172,473.99797775439043,467.9682112935111,79.19460675136258,6.02976646087933,5.296666565709031,0.7330998951702989,482.72528597447325,455.2257272091205,0.9797324841897612,0.09591471485562938
2024-01-30,481.7950439453125,-0.0007736693474827311,-0.0007733701425199913,0.007888087684472318,-0.0012711097028806147,0.002912045008856847,469.74007720947264,459.7917333984375,431.2204379272461,475.19752639914765,468.99242111957045,80.14922033532139,6.205105279577197,5.478354308482664,0.7267509710945328,484.5693304074599,454.9108240114854,0.9064589961103382,0.09491127435905733
2024-01-31,473.9334411621094,-0.016451911242338416,-0.016317317668580023,-0.0007736693474827311,0.007888087684472318,0.00109267696254775,470.2421020507812,460.4683221435547,431.58870819091794,475.0030517472956,469.358422604203,59.421712704928666,5.644629143092629,5.511609275404657,0.13301986768797214,484.916905548221,455.56729855334146,0.6257713301568963,0.11209858459651027
2024-02-01,480.1363220214844,0.01300317544568426,0.01308808436088671,-0.016451911242338416,-0.0007736693474827311,0.0054240761783682315,471.2436950683594,461.2580206298828,431.98081146240236,475.79278563563236,470.15678552400163,66.20432380886658,5.636000111630722,5.536487442649871,0.09951266898085098,485.7384991384937,456.7488909982251,0.8067522303198194,0.11408969569712396
2024-02-02,485.1908874511719,0.010472328086007461,0.010527354832074787,0.01300317544568426,-0.016451911242338416,-0.0012711097028806147,472.572119140625,462.0809716796875,432.39687728881836,477.2386474534077,471.27042270379206,69.86738806366715,5.968224749615615,5.62283490404302,0.345389845572595,487.06643683919395,458.077801442056,0.9353005285579171,0.11590614181598236
2024-02-05,483.42425537109375,-0.0036477522617393786,-0.0036411072956433754,0.010472328086007461,0.01300317544568426,0.007888087684472318,473.7808013916016,462.8879443359375,432.80444931030274,478.190279440744,472.1707066050737,69.78897118651761,6.019572835670317,5.70218249036848,0.3173903453018374,487.6143451018393,459.94725768136385,0.8485532767845803,0.11808417036232449
2024-02-06,484.8277282714844,0.002898984782912788,0.002903190902808994,-0.0036477522617393786,0.010472328086007461,-0.0007736693474827311,474.73184661865236,463.68877380371094,433.23000534057616,479.2114254147041,473.1082637655486,75.04054551759332,6.103161649155481,5.782378322125881,0.32078332702960033,488.8691690651399,460.5945241721648,0.8570648434683039,0.10987836983277448
2024-02-07,488.8714294433594,0.008305901031225553,0.008340490727070549,0.002898984782912788,-0.0036477522617393786,-0.016451911242338416,475.92040863037107,464.56500427246095,433.67422714233396,480.69757988065106,474.27590566760864,74.99437174667167,6.421674213042422,5.91023750030919,0.5114367127332322,490.6335165934036,461.20730066733853,0.9401184591837572,0.11123037117705599
2024-02-08,489.0873107910156,0.00044149378144733566,0.00044159125417087,0.008305901031225553,0.002898984782912788,0.01300317544568426,476.98824920654295,465.46158203125,434.1174417114258,481.9883077130148,475.373046787861,71.18115366569783,6.615260925153791,6.05124218527811,0.5640187398756806,492.2869995537968,461.6894988592891,0.8954264665363489,0.11080929955267214
2024-02-09,491.9140319824219,0.00576294627023914,0.005779583990503712,0.00044149378144733566,0.008305901031225553,0.010472328086007461,478.20772857666014,466.40589721679686,434.6065727233887,483.51534221600053,476.5983049504211,72.54267808697912,6.917037265579438,6.2244012013383765,0.6926360642410616,494.2025873899629,462.2128697633574,0.9284596558727465,0.11101228945268136
2024-02-12,491.6980590820313,-0.00043914243393981047,-0.0004390460250141004,0.00576294627023914,0.00044149378144733566,-0.0036477522617393786,479.4002166748047,467.3521490478516,435.102970123291,484.7742217338514,477.7168052564663,71.11065323776634,7.057416477385118,6.391004256547725,0.666412220837393,495.6964823426764,463.103951006933,0.8773208739310122,0.11133462830332685
2024-02-13,484.9259033203125,-0.013868724441162616,-0.013772996733731224,-0.00043914243393981047,0.00576294627023914,0.002898984782912788,480.33997650146483,468.1279632568359,435.5264453125,484.79755736253776,478.2508125204549,59.753092106778425,6.546744842082887,6.422152373654757,0.12459246842812988,495.54551326672447,465.1344397362052,0.6507979260990384,0.12397659391954774
2024-02-14,489.3327026367188,0.009046529009190212,0.009087572526509158,-0.013868724441162616,-0.00043914243393981047,0.008305901031225553,481.62963104248047,468.93912719726563,435.9548741149902,485.4952720201041,479.0716932698078,61.35780628040687,6.423578750296315,6.4224376489830695,0.0011411013132454073,495.1132846751521,468.14597740980884,0.7856448186852476,0.12302526742732597
2024-02-15,492.7090148925781,0.0068761346867404075,0.0068998295794791,0.009046529009190212,-0.013868724441162616,0.00044149378144733566,482.8819915771484,469.86493408203125,436.40222244262696,486.60507861586933,480.0818652418649,64.83138834472446,6.523213374004456,6.442592793987347,0.0806205800171087,495.53007667628606,470.2339064780108,0.8884787000721446,0.12191023129755246
2024-02-16,490.25531005859375,-0.0049924699568393875,-0.0049800282921945715,0.0068761346867404075,0.009046529009190212,0.00576294627023914,483.72017059326174,470.7434259033203,436.8599627685547,487.1666526839808,480.83545374680773,58.60847792487238,6.331198937173042,6.420314022624487,-0.08911508545144464,495.96344755342034,471.47689363310315,0.7668868590736901,0.11899312263321045
2024-02-20,487.5562438964844,-0.005520640467476342,-0.0055054297357570725,-0.0049924699568393875,0.0068761346867404075,-0.00043914243393981047,484.3733367919922,471.60390808105467,437.31789123535157,487.2265897935967,481.33329005419114,55.84306491400203,5.893299739405563,6.3149111659807025,-0.42161142657513917,495.91780895021355,472.8288646337708,0.63785416348488,0.12172920419799226
2024-02-21,487.9979553222656,0.000905560052573159,0.0009059701958713529,-0.005520640467476342,-0.0049924699568393875,-0.013868724441162616,484.9794006347656,472.4053857421875,437.79205184936524,487.34526141339194,481.8269689629374,66.79161413966233,5.51829245045451,6.155587422875465,-0.6372949724209551,495.9016509029233,474.05715036660797,0.6381837356492457,0.12159773948957832
2024-02-22,498.0972900390625,0.020484203537317853,0.02069544473834406,0.000905560052573159,-0.005520640467476342,0.009046529009190212,486.06441802978514,473.3703363037109,438.28031631469725,488.99941966349513,483.0321779315393,69.61831053427724,5.9672417319558235,6.117918284691537,-0.1506765527357139,497.6858957916711,474.4429402678992,1.0176997390444018,0.1394243824084957
2024-02-23,498.4407958984375,0.000689398383919585,0.0006896360736032836,0.020484203537317853,0.000905560052573159,0.0068761346867404075,487.0370590209961,474.3071636962891,438.76976470947267,490.4519390842555,484.17355704019843,66.13285949865377,6.278382044057082,6.150011036564647,0.12837100749243469,499.39749785623945,474.6766201857527,0.9612998385189163,0.1389967904292447
2024-02-26,496.6152038574219,-0.0036693293438237813,-0.0036626055813208103,0.000689398383919585,0.020484203537317853,-0.0049924699568393875,487.94884338378904,475.1662280273438,439.25886764526365,491.4001336647426,485.0951605081409,66.03804388560268,6.304973156601704,6.181003460572059,0.12396969602964525,500.3106515655072,475.58703520207087,0.8505296452686217,0.14000022964002423
2024-02-27,497.537841796875,0.0018561291108581128,0.001857852784785008,-0.0036693293438237813,0.000689398383919585,-0.005520640467476342,488.7173385620117,475.91862243652344,439.74326751708986,492.34439645430143,486.0168406036027,65.6362512792904,6.3275558506987295,6.210313938597394,0.11724191210133572,501.47075925192104,475.9639178721024,0.845809310667615,0.13818708396439014
2024-02-28,496.8802185058594,-0.001322629612505504,-0.0013217553234555757,0.0018561291108581128,-0.0036693293438237813,0.000905560052573159,489.4715972900391,476.6283435058594,440.2278730773926,493.0422152314642,486.8215352630291,60.74802717477667,6.220679968435093,6.212387144564934,0.008292823870158728,502.28542685267826,476.6577677273999,0.7890869267303721,0.13832418572291327
2024-02-29,498.6665344238281,0.00358861666667394,0.003595063460848369,-0.001322629612505504,0.0018561291108581128,0.020484203537317853,490.708251953125,477.38898498535156,440.7240301513672,493.9074951072125,487.69894260827346,62.3356320610423,6.208552498939071,6.211620215439762,-0.0030677165006913754,501.8763348702738,479.5401690359762,0.8562958177219041,0.12094916334648284
2024-03-01,503.3481140136719,0.009344401626356831,0.009388196854342779,0.00358861666667394,-0.001322629612505504,0.000689398383919585,491.86884155273435,478.1914367675781,441.236704864502,495.3598980158986,488.8581404901548,64.05289112865114,6.501757525743756,6.269647677500561,0.23210984824319425,503.23369880995864,480.50398429551007,1.0050337281464976,0.11739771682352843
2024-03-04,502.808349609375,-0.0010729234976696673,-0.0010723481210505037,0.009344401626356831,0.00358861666667394,-0.0036693293438237813,492.74971466064454,478.9267565917969,441.7600730895996,496.50581364566415,489.8914893138008,63.547118080983,6.614324331863372,6.338583008373124,0.27574132349024794,504.6534418448421,480.84598747644696,0.9224993900264904,0.11391870657823079
2024-03-05,497.7831726074219,-0.010044496960614038,-0.009994219479165567,-0.0010729234976696673,0.009344401626356831,0.0018561291108581128,493.46766052246096,479.6907342529297,442.23415100097657,496.7023304090115,490.4760584466616,66.37488019290399,6.22627196234987,6.316120799168473,-0.08984883681860367,504.7172828028191,482.2180382421028,0.6918069770438338,0.12006082143853336
2024-03-06,500.3055419921875,0.005054409929285716,0.005067205007259101,-0.010044496960614038,-0.0010729234976696673,-0.001322629612505504,494.2415512084961,480.41800415039063,442.70143127441406,497.25667065257704,491.2041683389228,64.67950361478046,6.052502313654259,6.263397102065631,-0.21089478841137232,505.1117089539731,483.3713934630191,0.7789283709435855,0.12064498894711595
2024-03-07,505.2718200683594,0.009877546257048772,0.009926490233141294,0.005054409929285716,-0.010044496960614038,0.00358861666667394,495.0615707397461,481.2259521484375,443.19650314331057,498.4897705626974,492.24621661517733,66.12076811137896,6.24355394752007,6.259428471156519,-0.015874523636449034,506.6750071269722,483.44813435252,0.9395877752360945,0.1219307294073932
2024-03-08,502.2390747070313,-0.0060202912681693995,-0.006002205626503665,0.009877546257048772,0.005054409929285716,0.009344401626356831,495.7191589355469,481.93398620605467,443.6755859375,499.0665865849026,492.98642832568504,65.15255817399421,6.080158259217569,6.22357442876873,-0.14341616955116088,507.39745985721527,484.0408580138785,0.7791465905535586,0.12490129227499443
2024-03-11,501.8072204589844,-0.0008602278137109792,-0.0008598579238360271,-0.0060202912681693995,0.009877546257048772,-0.0010729234976696673,496.213818359375,482.61650146484374,444.1753155517578,499.4882225655306,493.6398203355591,69.11523435581215,5.848402229971498,6.148539989009284,-0.30013775903778583,508.0505108832985,484.3771258354515,0.7362738614821823,0.12399057881172557
2024-03-12,507.205322265625,0.010699873547930882,0.010757321908806405,-0.0008602278137109792,-0.0060202912681693995,-0.010044496960614038,496.9891815185547,483.4034454345703,444.716593170166,500.67546867323745,494.6446723303788,72.73982630084681,6.03079634285865,6.124991259779158,-0.09419491692050741,509.5874850196403,484.39087801746905,0.9054570024523522,0.12850333888715462
2024-03-13,506.4102478027344,-0.0015687892913881557,-0.0015675593847066516,0.010699873547930882,-0.0008602278137109792,0.005054409929285716,498.06339874267576,484.2015777587891,445.23662048339844,501.5577423854677,495.5161964394422,62.622694056097984,6.041545946025508,6.1083021970284275,-0.0667562510029196,509.9759034410937,486.1508940442578,0.8503398013839666,0.11570571019801434
2024-03-14,505.4092712402344,-0.001978568055285119,-0.0019766119797992587,-0.0015687892913881557,0.010699873547930882,0.009877546257048772,498.8672271728516,485.031904296875,445.7255863952637,502.15028528620104,496.24901679505643,60.374049678842105,5.901268491144606,6.066895455851664,-0.16562696470705784,510.46464870346784,487.2698056422353,0.7820473520821987,0.11361154455695266
2024-03-15,501.9388122558594,-0.006890314820948224,-0.006866631029262216,-0.001978568055285119,-0.0015687892913881557,-0.0060202912681693995,499.32871704101564,485.86859130859375,446.19642333984376,502.11775097384077,496.67048312548627,57.555299155960256,5.4472678483545,5.942969934352231,-0.49570208599773125,510.6249901359624,488.0324439460689,0.6155290418753835,0.11564913072186643
2024-03-18,504.9219055175781,0.00592555045126434,0.005943141253237361,-0.006890314820948224,-0.001978568055285119,-0.0008602278137109792,500.06204681396486,486.7945812988281,446.6934814453125,502.54915936518495,497.28169959897457,59.900488148187556,5.267459766210379,5.807867900723861,-0.5404081345134815,510.7669800069713,489.3571136209584,0.7269915475412876,0.11472590449216868
2024-03-19,507.7278137207031,0.0055417294465802255,0.0055571132336766915,0.00592555045126434,-0.006890314820948224,0.010699873547930882,501.0706253051758,487.7641253662109,447.185305480957,503.34587541988003,498.05548583021374,63.75212789006159,5.29038958966629,5.704372238512347,-0.41398264884605673,510.5447267219842,491.59652388836736,0.8513361385237301,0.11247876871180947
2024-03-20,512.4238891601562,0.009206686804123317,0.009249198709520456,0.0055417294465802255,0.00592555045126434,-0.0015687892913881557,502.2919219970703,488.6964666748047,447.67101058959963,504.7424929183841,499.11981200280206,66.24265785212584,5.622680915582009,5.68803397392628,-0.06535305834427074,510.93117057979356,493.652673414347,1.0863916905544206,0.11520757608426976
2024-03-21,514.1173095703125,0.0032992771227420468,0.0033047257280134357,0.009206686804123317,0.0055417294465802255,-0.001978568055285119,503.0929229736328,489.67680908203124,448.1691618347168,506.1847724032961,500.23073774854356,63.67992953897181,5.954034654752547,5.741234110091534,0.21280054466101372,512.975781382403,493.2100645648626,1.0577529364832563,0.09364439359725095
2024-03-22,513.1427001953125,-0.0018974936396956136,-0.0018956945367479827,0.0032992771227420468,0.009206686804123317,-0.006890314820948224,503.82801818847656,490.5850531005859,448.6579272460938,507.2552228328371,501.18717941126715,62.98411091684304,6.068043421569939,5.806595972387216,0.26144744918272345,514.4158479988215,493.2401883781316,0.9398768290426682,0.09441873652498191
2024-03-25,511.7249755859375,-0.0027666508510151406,-0.0027628271995984166,-0.0018974936396956136,0.0032992771227420468,0.00592555045126434,504.58350677490233,491.4690637207031,449.14678558349607,507.94287710254486,501.96775690568717,69.26265209798024,5.975120196857688,5.84030081728131,0.13481937957637768,515.1606136414929,494.0063999083117,0.8375908412910444,0.09382164390706903
2024-03-26,510.7797546386719,-0.0018488349023156765,-0.0018471268598593271,-0.0027666508510151406,-0.0018974936396956136,0.0055417294465802255,505.2456024169922,492.32769287109375,449.6183985900879,508.37931980041054,502.62049747850085,65.13109806366171,5.75882232190969,5.824005118206987,-0.06518279629729662,515.6216054070978,494.86959942688657,0.7666803501770837,0.09455326324733955
2024-03-27,515.0723266601562,0.008368842161815155,0.008403958814931833,-0.0018488349023156765,-0.0027666508510151406,0.009206686804123317,506.155207824707,493.3065252685547,450.10773834228513,509.4090131634484,503.54285519566054,64.4389092462289,5.866157967787842,5.832435688123159,0.03372227966468344,516.6325422803823,495.6778733690318,0.925543294106599,0.09719113341142904
2024-03-28,514.9738159179688,-0.00019127442629179894,-0.00019125613450499124,0.008368842161815155,-0.0018488349023156765,0.0032992771227420468,506.97057189941404,494.33520935058596,450.5776614379883,510.2651366641438,504.38959302694263,70.53751946500027,5.87554363720119,5.841057277938765,0.03448635926242538,517.531874650669,496.40926914815907,0.8788947351974976,0.09719358288773859
2024-04-01,514.077880859375,-0.0017412833345058665,-0.0017397681802455711,-0.00019127442629179894,0.008368842161815155,-0.0018974936396956136,507.5070602416992,495.2635308837891,451.029227142334,510.85171269417935,505.10724397749317,69.49724235379917,5.744468716686185,5.821739565688249,-0.07727084900206371,518.37909626617,496.6350242172284,0.8021890565339457,0.09338267268672602
2024-04-02,510.8094482421875,-0.006378152221389394,-0.0063578549843921195,-0.0017412833345058665,-0.00019127442629179894,-0.0027666508510151406,507.90711517333983,496.00988525390625,451.4619273376465,510.845210470796,505.5296294785816,56.14241668989793,5.315580992214393,5.720507850993479,-0.40492685877908574,518.6390895410677,497.175140805612,0.6352189713374291,0.09682130003549597
2024-04-03,511.3705139160156,0.0010977826820040934,0.0010983854659676329,-0.006378152221389394,-0.0017412833345058665,-0.0018488349023156765,508.5864822387695,496.74743713378905,451.87113311767575,510.9260263854452,505.9622875850582,58.52162150826273,4.963738800386977,5.569154040872179,-0.6054152404852013,518.2910951003923,498.8818693771467,0.6434385748789445,0.08795771743015776
2024-04-04,505.1286926269531,-0.012281169924559424,-0.012206064133935657,0.0010977826820040934,-0.006378152221389394,0.008368842161815155,508.8276397705078,497.33247741699216,452.2564453125,510.03412888413874,505.9005398103838,49.59152736953223,4.1335890737549335,5.28204104744873,-1.1484519736937964,517.8838603694717,499.77141917154387,0.29577865274296467,0.09908611554221668
2024-04-05,510.4056396484375,0.010392547742464984,0.010446737828416097,-0.012281169924559424,0.0010977826820040934,-0.00019127442629179894,509.0843307495117,498.0126513671875,452.679246673584,510.09128438633854,506.2342509094989,61.71025496219421,3.8570334768396606,4.997039533326916,-1.1400060564872554,518.0062174922388,500.16244400678465,0.5740487375051526,0.09974860814893018
2024-04-08,510.691162109375,0.0005592466216475319,0.0005594030291948826,0.010392547742464984,-0.012281169924559424,-0.0017412833345058665,509.5069351196289,498.64671508789064,453.1143850708008,510.1835732668057,506.5643924798601,58.622731166297065,3.6191807869456056,4.721467784050654,-1.1022869971050486,517.8452144719427,501.16865576731516,0.5710114724938719,0.0967279549063803
2024-04-09,511.2818908691406,0.0011560555805940815,0.0011567240704257742,0.0005592466216475319,0.010392547742464984,-0.006378152221389394,509.98066864013674,499.3047625732422,453.5448309326172,510.3525452056264,506.91383680499194,55.68860111017109,3.438708400634482,4.46491590736742,-1.0262075067329377,517.5148599002678,502.4464773800057,0.5863544728343713,0.09652400098241051
2024-04-10,506.1624145507813,-0.01006348848138409,-0.010013021015973345,0.0011560555805940815,0.0005592466216475319,0.0010977826820040934,509.9285232543945,499.7846520996094,453.9657516479492,509.70790972026566,506.8581758972726,40.11200000000008,2.8497338229930733,4.141879490492551,-1.2921456674994776,517.5574338367902,502.29961267199883,0.2531686429577636,0.09680312905104475
2024-04-11,509.9823913574219,0.007518603213821709,0.007546938881328735,-0.01006348848138409,0.0011560555805940815,-0.012281169924559424,510.1071304321289,500.34839904785156,454.4143927001953,509.7501376644435,507.08959926469106,43.88118314677879,2.660538399752454,3.8456112723445317,-1.1850728725920776,517.554319140026,502.6599417242317,0.49162508970836843,0.10028961198172105
2024-04-12,502.9430236816406,-0.013899307687014086,-0.013803158295415896,0.007518603213821709,-0.01006348848138409,0.010392547742464984,509.9838180541992,500.9285906982422,454.8047998046875,508.7028893593969,506.78244551779846,37.203473738296466,1.9204438415984555,3.4605777861953166,-1.5401339445968611,517.8295459435052,502.13809016489324,0.05129756780403623,0.1121842290198204
2024-04-15,496.6421203613281,-0.01260720372634453,-0.012528065851651893,-0.013899307687014086,0.007518603213821709,0.0005592466216475319,509.71898345947267,501.2587066650391,455.16263107299807,506.8473864366171,506.0313103210229,33.14255504203825,0.8160761155942282,2.931677452075099,-2.115601336480871,518.9443991633373,500.49356775560807,-0.2087411298260816,0.1183423710540045
2024-04-16,495.736328125,-0.0018254981035742861,-0.0018238328953434912,-0.01260720372634453,-0.013899307687014086,0.0011560555805940815,509.25970458984375,501.4696154785156,455.5075564575195,505.13799285021446,505.26871904724345,33.171791158604194,-0.13072619702899146,2.319196722254281,-2.4499229192832725,520.2386159790633,498.28079320062426,-0.11587966171776996,0.11590736168691965
2024-04-17,492.8024291992188,-0.005935847266531078,-0.005918264931032868,-0.0018254981035742861,-0.01260720372634453,-0.01006348848138409,508.51343536376953,501.6571789550781,455.81263275146483,503.24021382698436,504.345290169612,24.306956071070417,-1.1050763426276262,1.6343421092778996,-2.739418451905526,521.7314869849093,495.29538374262967,-0.09430113510163024,0.11457602580826638
2024-04-18,491.7883605957031,-0.002059879033183337,-0.0020577589383304895,-0.005935847266531078,-0.0018254981035742861,0.007518603213821709,507.4816589355469,501.7963916015625,456.1101544189453,501.4783902529411,503.4151472382114,23.804075958218363,-1.9367569852702786,0.9201222903682641,-2.856879275638543,522.5118072086387,492.45151066245495,-0.022060662832549913,0.1073763509946091
2024-04-19,487.4958801269531,-0.008766623174951792,-0.008728308379544636,-0.002059879033183337,-0.005935847266531078,-0.013899307687014086,506.1505874633789,501.76888061523437,456.38942825317383,499.3272348489429,502.23594226700703,22.10731191211019,-2.9087074180641252,0.15435634868178627,-3.0630637667459117,523.275607117532,489.0255678092257,-0.04466236282250389,0.10793652457070874
2024-04-22,491.9853210449219,0.009167041392121308,0.00920918740236254,-0.008766623174951792,-0.002059879033183337,-0.01260720372634453,505.09271850585935,501.8268408203125,456.70804946899415,498.1977096483243,501.476636991297,30.74119797354969,-3.278927342972736,-0.5323003896491182,-2.746626953323618,522.9953693760872,487.19006763563146,0.13392579244409344,0.11582826023842106
2024-04-23,497.823486328125,0.011796688297207425,0.011866543641593896,0.009167041392121308,-0.008766623174951792,-0.0018254981035742861,504.39764404296875,501.94502990722657,457.06126754760743,498.14013682983204,501.20603323846944,37.49087689457661,-3.0658964086374,-1.0390195934467745,-2.0268768151906253,522.2955453969169,486.4997426890207,0.31634277715488707,0.12582935049273886
2024-04-24,497.5872192382813,-0.0004747127853043945,-0.00047460012701761034,0.011796688297207425,0.009167041392121308,-0.005935847266531078,503.7380172729492,502.06281311035156,457.4078982543945,498.05507258497806,500.9379729421592,42.167638320409324,-2.8829003571811427,-1.4077957461936483,-1.4751046109874943,521.6179622099265,485.8580723359719,0.3279972881251021,0.12585555823903355
2024-04-25,495.6969299316406,-0.003806144677190737,-0.003798910489570817,-0.0004747127853043945,0.011796688297207425,-0.002059879033183337,502.7692474365234,502.27823364257813,457.73144027709964,497.69228140754154,500.54974753397266,33.568029499985286,-2.8574661264311203,-1.6977298222411425,-1.1597363041899778,520.1562435660309,485.382251307016,0.29662049004311886,0.12075591469787735
2024-04-26,500.3931274414063,0.009429332761167898,0.009473928979978341,-0.003806144677190737,-0.0004747127853043945,-0.008766623174951792,502.0402130126953,502.4994421386719,458.0611250305176,498.1077961819823,500.53814604563445,39.52750470794602,-2.430349863652168,-1.8442538305233478,-0.5860960331288203,518.4688522812412,485.6115737441493,0.44987151569995076,0.12723456643213488
2024-04-29,502.1652526855469,0.0035352097691130602,0.003541465993351478,0.009429332761167898,-0.003806144677190737,0.009167041392121308,501.44458160400393,502.6885668945313,458.38242935180665,498.73202025945375,500.65867246340576,40.94645591210665,-1.9266522039520169,-1.8607335052090819,-0.06591869874293499,516.8686949625254,486.02046824548245,0.523361831723857,0.12843956203011545
2024-04-30,494.2103576660156,-0.015968002352735402,-0.01584118968205983,0.0035352097691130602,0.009429332761167898,0.011796688297207425,500.6146270751953,502.7676678466797,458.66532302856444,498.0363798604633,500.18101951545094,38.76345662463865,-2.1446396549876567,-1.917514735164797,-0.22712491982285976,515.699630605678,485.5296235447127,0.28772728172590595,0.13776709115487945
2024-05-01,492.60552978515625,-0.003252540450673714,-0.0032472566711033712,-0.015968002352735402,0.0035352097691130602,-0.0004747127853043945,499.67637786865237,502.8686535644531,458.9325946044922,497.2008644642622,499.6198721280217,32.95340578621112,-2.419007663759487,-2.017813320883735,-0.40119434287575206,514.2708803007466,485.08187543655805,0.2577564525959165,0.13748068046709389
2024-05-02,497.2130737304688,0.009309942667914569,0.009353414987692155,-0.003252540450673714,-0.015968002352735402,-0.003806144677190737,499.2805969238282,503.0529559326172,459.20658813476564,497.2027428129094,499.44159076524,44.097325485693794,-2.238847952330616,-2.0620202471731113,-0.17682770515750468,513.6805597221708,484.8806341254857,0.4282108147669174,0.13715513122247902
2024-05-03,503.3762512207031,0.012319250829531551,0.01239544536508963,0.009309942667914569,-0.003252540450673714,0.009429332761167898,498.9291275024415,503.15853515625,459.50647842407227,498.1525133371853,499.7330470952743,56.956866068410996,-1.5805337580889613,-1.9657229493562813,0.38518919126732,512.5053614134584,485.3528935914245,0.6637834081015964,0.1393908572633819
2024-05-06,508.5744934082031,0.01027379630533995,0.010326752950490015,0.012319250829531551,0.009309942667914569,0.0035352097691130602,498.8232940673829,503.3612091064453,459.8470683288574,499.7558948865727,500.3879690443801,62.18235965617958,-0.6320741578073807,-1.6989931910465013,1.0669190332391205,512.0417477971095,485.60484033765636,0.868847958324016,0.14471246911626812
2024-05-07,509.13568115234375,0.001102844041551112,0.0011034523976611865,0.01027379630533995,0.012319250829531551,-0.015968002352735402,498.71598358154307,503.61161865234374,460.1904641723633,501.1989389274606,501.0359477190441,66.22973587651992,0.16299120841648573,-1.326596311153904,1.4895875195703898,511.5374630723881,485.89450409069804,0.9063375672924755,0.14470594145514537
2024-05-08,509.1848449707031,9.655863185785339e-05,9.656329379259532e-05,0.001102844041551112,0.01027379630533995,-0.003252540450673714,498.86710510253914,503.8445587158203,460.5242678833008,502.4275398571902,501.6395697376855,67.62418750061835,0.7879701195046778,-0.9036830250221878,1.6916531445268657,512.1220550650082,485.61215514007006,0.8892032749040281,0.1399462473910452
2024-05-09,512.1187133789062,0.005745356421371394,0.005761892635221644,9.655863185785339e-05,0.001102844041551112,0.009309942667914569,498.97392120361326,504.1493286132812,460.86670150756834,503.9184896297619,502.41580259999813,75.65124723964259,1.502687029763763,-0.42240901406499765,1.9250960438287605,512.6342549261625,485.313587481064,0.9811299797747532,0.13887014000569875
2024-05-10,512.7784423828125,0.0012874054558892616,0.0012882345180347254,0.005745356421371394,9.655863185785339e-05,0.012319250829531551,499.4656921386719,504.43156677246094,461.21209320068357,505.2815592840774,503.18340554687325,73.5399085557769,2.098153737204143,0.08170353618883047,2.0164502010153127,514.3783971787497,484.55298709859414,0.9463559833163303,0.1284812444301655
2024-05-13,512.8473510742188,0.00013437394408283694,0.00013438297266565868,0.0012874054558892616,0.005745356421371394,0.01027379630533995,500.2759536743164,504.6215515136719,461.5725378417969,506.4455272517914,503.8992533637136,69.56414613559015,2.546273888077792,0.5746176065666228,1.9716562815111693,516.2648473743773,484.2870599742555,0.8931290568231902,0.11817212311500233
2024-05-14,515.2003173828125,0.004577551196220755,0.0045880441883245915,0.00013437394408283694,0.0012874054558892616,0.001102844041551112,501.24915313720703,504.8693908691406,461.92317138671876,507.79241804117925,504.7363692169802,71.73752235347635,3.0560488241990242,1.0709038500931032,1.985144974105921,518.4017102054713,484.0965960689428,0.9066788464857508,0.11789189212305631
2024-05-15,521.5800170898438,0.012306908256533002,0.012382949877515204,0.004577551196220755,0.00013437394408283694,9.655863185785339e-05,502.68803253173826,505.34532775878904,462.301466217041,509.9135871255892,505.9840468371923,78.75736703731005,3.929540288396879,1.6426311377538585,2.2869091506430204,521.5954965100954,483.78056855338116,0.9995906531867699,0.11953036022758878
2024-05-16,520.5068359375,-0.002059677710394206,-0.0020575580297949037,0.012306908256533002,0.004577551196220755,0.005745356421371394,504.12395629882815,505.7493536376953,462.68077545166017,511.54331771203704,507.0598089927706,74.30394328885686,4.4835087192664105,2.210806654056369,2.2727020652100416,523.8886632128851,484.3592493847712,0.9144478263682235,0.11953025082278114
2024-05-17,521.2550659179688,0.0014364704790935994,0.0014375026970032678,-0.002059677710394206,0.012306908256533002,0.0012874054558892616,505.8119155883789,506.0690185546875,463.0947525024414,513.0374328206419,508.11130950574824,73.65198775232102,4.926123314893687,2.7538699862238323,2.1722533286698544,525.3624178324854,486.26141334427234,0.8949553350795668,0.11161745797911514
2024-05-20,521.855712890625,0.0011516457335973129,0.0011523091321874457,0.0014364704790935994,-0.002059677710394206,0.00013437394408283694,507.30543518066406,506.4613513183594,463.5180157470703,514.394091292947,509.1294134601835,91.88515880964204,5.264677832763482,3.2560315555317625,2.0086462772317195,526.9719809413176,487.63888942001057,0.869924588868864,0.10968454971053826
2024-05-21,523.135498046875,0.002449371406545287,0.0024523735673240843,0.0011516457335973129,0.0014364704790935994,0.004577551196220755,508.57103576660154,506.8879168701172,463.9575645446777,515.7389231012436,510.16690120734586,96.71572317410983,5.572021893897727,3.7192296232049555,1.8527922706927713,528.9145100581094,488.2275614750937,0.8579639856883549,0.10458174158288705
2024-05-22,521.6292724609375,-0.0028833794400496314,-0.002879226494017284,0.002449371406545287,0.0011516457335973129,0.012306908256533002,509.77313842773435,507.17639587402346,464.3705879211426,516.6451306950427,511.01596574464895,91.27842544839925,5.629164950393715,4.101216688642708,1.527948261751007,530.2248417337817,489.321435121687,0.7898568851646076,0.10582632579640969
2024-05-23,517.8192138671875,-0.0073309561897251,-0.007304150274724641,-0.0028833794400496314,0.002449371406545287,-0.002059677710394206,510.8792526245117,507.4045751953125,464.7741069030762,516.8257588753727,511.5199100500222,76.52821110148238,5.305848825350495,4.342143115984266,0.9637057093662289,530.5015960147384,491.256909234285,0.6768382375300896,0.10923474420606172
2024-05-24,521.245361328125,0.006594700579096296,0.006616493496543363,-0.0073309561897251,-0.0028833794400496314,0.0014364704790935994,511.92186431884767,507.72129699707034,465.2093678283691,517.5056977142576,512.2403138484002,74.89384715189001,5.265383865857416,4.526791265958896,0.7385925998985199,531.4137212744014,492.430007363294,0.7391638988152133,0.10718492813265067
2024-05-28,521.6095581054688,0.0006984610905371224,0.0006987050712849996,0.006594700579096296,-0.0073309561897251,0.0011516457335973129,512.8940795898437,508.1147119140625,465.6456703186035,518.1370608513671,512.9343319415163,74.69800020302507,5.202728909850748,4.661978794737267,0.5407501151134815,532.276302620576,493.5118565591115,0.7248317569611561,0.10713352176805599
2024-05-29,517.9569091796875,-0.007027283145795608,-0.007002649527834581,0.0006984610905371224,0.006594700579096296,0.002449371406545287,514.0814071655274,508.3754119873047,466.06497604370117,518.1093452095702,513.3063746998994,65.19956893406362,4.802970509670786,4.690177137723971,0.1127933719468146,531.449199794118,496.7136145369367,0.6115715191054366,0.09081440139282367
2024-05-30,514.52099609375,-0.006655688711801309,-0.006633588673195079,-0.007027283145795608,0.0006984610905371224,-0.0028833794400496314,515.1771804809571,508.51127563476564,466.4551208496094,517.557291499444,513.3963466549994,54.091312600440325,4.160944844444543,4.584330679068086,-0.4233858346235424,529.302608055252,501.0517529066621,0.476772937181698,0.0943325345613739
2024-05-31,519.2073364257812,0.009066932364354536,0.009108161508684764,-0.006655688711801309,-0.007027283145795608,-0.0073309561897251,516.2768936157227,508.6469445800781,466.8941209411621,517.8111445650343,513.826790341724,59.628431804511685,3.9843542233103335,4.4643353879165355,-0.479981164606202,527.674975086467,504.87881214497827,0.6285498273363023,0.09409243875152104
2024-06-03,519.6306762695312,0.000815025753795556,0.0008153579775360686,0.009066932364354536,-0.006655688711801309,0.006594700579096296,517.0896148681641,508.7572119140625,467.3510662841797,518.0910725195722,514.2567078178578,60.05253389195819,3.834364701714435,4.338341250676116,-0.5039765489616812,526.8089738243547,507.3702559119735,0.6307216562749066,0.08615107867630224
2024-06-04,520.2115478515625,0.0011172303431757592,0.0011178546774823772,0.000815025753795556,0.009066932364354536,0.0006984610905371224,517.671467590332,508.8985888671875,467.8272314453125,518.4172994937245,514.6978070796137,57.83806076158182,3.719492414110846,4.214571483363063,-0.4950790692522169,526.6060995385213,508.7368356421427,0.6421480076605313,0.07980589958212878
2024-06-05,526.3943481445312,0.011815091508981631,0.011885165407233389,0.0011172303431757592,0.000815025753795556,-0.007027283145795608,518.5344009399414,509.19197631835937,468.33328842163087,519.6445377476948,515.5642175288668,57.576758893888105,4.080320218827978,4.187721230456046,-0.1074010116280677,527.3305393745777,509.7382625053051,0.9467839645201553,0.08835612316392542
2024-06-06,526.3844604492188,-1.878399381161557e-05,-1.878381739350843e-05,0.011815091508981631,0.0011172303431757592,-0.006655688711801309,519.3943817138672,509.50407043457034,468.8254638671875,520.6814489325446,516.3657170044485,59.57046739746177,4.31573192809617,4.213323369984071,0.10240855811209926,527.6906731213883,511.0980903063462,0.9212773148864221,0.08838425469992038
2024-06-07,525.7445678710938,-0.0012163767747076855,-0.0012156372883403987,-1.878399381161557e-05,0.011815091508981631,0.009066932364354536,520.0756744384765,509.71751525878904,469.32023559570314,521.460390307706,517.0604466982741,57.33608601121018,4.3999436094319435,4.250647417873646,0.14929619155829776,528.0893661666423,512.0619827103108,0.8537004931630143,0.08756824241602826
2024-06-10,527.3689575195312,0.0030849303470551963,0.003089693641562752,-0.0012163767747076855,-1.878399381161557e-05,0.000815025753795556,520.8052001953125,509.9654180908203,469.7993620300293,522.3694006479868,517.8240400924412,58.71728208483641,4.545360555545585,4.309590045408034,0.23577051013755135,528.6770646520545,512.9333357385706,0.9169124964160889,0.08779345548313768
2024-06-11,528.6390380859375,0.0024054385650417293,0.0024083339534810566,0.0030849303470551963,-0.0012163767747076855,0.0011172303431757592,521.5947845458984,510.25664123535154,470.3147425842285,523.3339602538254,518.6251510549225,58.704608992477944,4.708809198902827,4.389433876106993,0.31937532279583447,529.2713033861694,513.9182657056274,0.9588182278069175,0.08772834701885658
2024-06-12,532.980712890625,0.008179386275278894,0.008212928845375389,0.0024054385650417293,0.0030849303470551963,0.011815091508981631,522.4838043212891,510.7000665283203,470.8368310546875,524.8180760441022,519.6885260057153,66.47608079376329,5.129550038386924,4.537457108562979,0.592092929823945,531.1027003661142,513.864908276464,1.1089473938856953,0.09028953474754874
2024-06-13,534.0538330078125,0.0020114071903504123,0.002013431426753476,0.008179386275278894,0.0024054385650417293,-1.878399381161557e-05,523.1074951171875,511.15373291015624,471.3506968688965,526.2389617308269,520.7526228206855,75.59752712882874,5.486338910141399,4.727233468878663,0.7591054412627356,533.1403299599907,513.0746602743842,1.045525669570703,0.08117905134169169
2024-06-14,534.3788452148438,0.0006083906336464302,0.000608575740765227,0.0020114071903504123,0.008179386275278894,-0.0012163767747076855,523.8010955810547,511.7387359619141,471.8350173950195,527.4912514975987,521.7619726276602,72.952475631948,5.7292788699385255,4.927642549090636,0.8016363208478898,534.9345700371317,512.6676211249777,0.9750426147524577,0.08031393057501077
2024-06-17,538.6319580078125,0.007927478556689545,0.007958984213267017,0.0006083906336464302,0.0020114071903504123,0.0030849303470551963,524.6699401855469,512.3032623291016,472.331593170166,529.2052063453239,523.0116011743381,76.18904528936174,6.193605170985734,5.180835073469655,1.0127700975160785,537.543062722511,511.79681764858293,1.0422933628641717,0.0836785715807664
2024-06-18,540.0003662109375,0.0025373037809837285,0.002540525460439147,0.007927478556689545,0.0006083906336464302,0.0024054385650417293,525.5771728515625,512.8894464111328,472.83822525024414,530.8660001708029,524.2700282140862,86.4778603749192,6.595971956716653,5.463862450119055,1.1321095065975983,540.0707123411149,511.0836333620102,0.9975731901021094,0.08371594010323807
2024-06-20,538.5335083007812,-0.0027200978091709745,-0.0027164016951486403,0.0025373037809837285,0.007927478556689545,0.008179386275278894,526.3470733642578,513.4344787597656,473.3334321594238,532.0456168061842,525.3265822945822,92.50635832654464,6.71903451160199,5.7148968624156415,1.0041376491863483,541.892237983075,510.8019087454406,0.891968667921726,0.08510898706370476
2024-06-21,537.8114624023438,-0.0013416628058869403,-0.0013407631787216712,-0.0027200978091709745,0.0025373037809837285,0.0020114071903504123,527.1561828613281,514.0674597167969,473.8345260620117,532.9326699748241,526.2513882284904,88.30926933247534,6.681281746333639,5.908173839199241,0.7731079071343974,543.3388837383842,510.97348198427204,0.8292182072067693,0.08423925157087701
2024-06-24,536.063232421875,-0.0032559320623227143,-0.003250637263585987,-0.0013416628058869403,-0.0027200978091709745,0.0006083906336464302,528.0683837890625,514.5890765380859,474.34158737182617,533.4142949666781,526.9781915020745,82.08683423313907,6.436103464603548,6.013759764280103,0.42234370032344515,544.0910218377575,512.0457457403676,0.7494860274729749,0.07967384567390257
2024-06-25,538.1276245117188,0.0038436272623950975,0.003851023470714532,-0.0032559320623227143,-0.0013416628058869403,0.007927478556689545,528.9124969482422,515.2927685546875,474.86564270019534,534.139422588992,527.8040754287148,83.06781031946124,6.3353471602772515,6.078077243479533,0.2572699167977186,545.19828387777,512.6267100187143,0.7829193211035015,0.07802802485755737
2024-06-26,538.7991943359375,0.0012471969302234487,0.0012479750037515114,0.0038436272623950975,-0.0032559320623227143,0.0025373037809837285,529.7719787597656,516.1359100341797,475.3897930908203,534.8563105500606,528.6185286811017,78.74330000424274,6.237781868958905,6.110018168575408,0.12776370038349683,546.2482280480699,513.2957294714613,0.773946315639321,0.07796880772955854
2024-06-27,539.6486206054688,0.0015752759353149398,0.0015765173342141559,0.0012471969302234487,0.0038436272623950975,-0.0027200978091709745,530.8565643310546,517.014155883789,475.903920135498,535.5935890201234,529.435572527351,79.58344677375442,6.15801649277239,6.119617833414805,0.03839865935758535,546.9084074659941,514.8047211961152,0.7738643843110073,0.07097926728959864
2024-06-28,537.5250244140625,-0.003942909209555073,-0.003935146149403046,0.0015752759353149398,0.0012471969302234487,-0.0013416628058869403,532.0067657470703,517.908607788086,476.4194105529785,535.8907329268833,530.034791185626,74.64333046482588,5.855941741257311,6.066882614983307,-0.21094087372599546,546.3341501076959,517.6793813864447,0.6925773235398583,0.0671135309054024
2024-07-01,538.63134765625,0.0020560648259668746,0.0020581799766317133,-0.003942909209555073,0.0015752759353149398,-0.0032559320623227143,532.9779663085938,518.8454675292969,476.93789993286134,536.3123659621705,530.6715731464129,74.08155647954563,5.64079281575755,5.981664655138156,-0.34087183938060583,546.2464196856267,519.7095129315608,0.7130384449118223,0.06200045715655821
2024-07-02,542.256103515625,0.0067070247572790275,0.006729567217258037,0.0020560648259668746,-0.003942909209555073,0.0038436272623950975,534.1092376708984,519.9406719970704,477.4557620239258,537.2267871242404,531.5296865070953,76.45269148683899,5.697100617145111,5.924751847539547,-0.2276512303944358,546.4088696044589,521.809605737338,0.8311833186852211,0.06420155424921929
2024-07-03,544.676025390625,0.004452763533212538,0.004462691815381836,0.0067070247572790275,0.0020560648259668746,0.0012471969302234487,535.3324615478516,520.9944860839844,478.01215087890625,538.3728237806073,532.5034893873568,74.55268134920838,5.869334393250483,5.913668356681734,-0.04433396343125118,546.6384467295927,524.0264763661105,0.9132131650881261,0.06459354694094946
2024-07-05,547.81689453125,0.005749927961778983,0.005766490526863954,0.004452763533212538,0.0067070247572790275,0.0015752759353149398,536.4035888671875,521.9943542480469,478.58297317504883,539.8257577422446,533.6378156943118,76.58550503192703,6.187942047932779,5.968523094931944,0.2194189530008348,548.1929248195423,524.6142529148327,0.984052100567326,0.055719173336636174
2024-07-08,548.4490356445312,0.0011532624811992414,0.0011539277440908435,0.005749927961778983,0.004452763533212538,-0.003942909209555073,537.5068176269531,523.0115905761719,479.1614527893066,541.152415881058,534.7349430980319,76.86006841845247,6.417472783026142,6.058313032550784,0.3591597504753574,549.4766277236799,525.5370075302262,0.9570756732627829,0.055311309445474716
2024-07-09,548.9823608398438,0.0009719518486651597,0.0009724243469326765,0.0011532624811992414,0.005749927961778983,0.0020560648259668746,538.6687072753906,524.077299194336,479.7624913024902,542.3570227977942,535.790307375203,73.02969479519473,6.566715422591187,6.1599935105588655,0.4067219120323218,550.3387363821898,526.9986781685914,0.9418863684943241,0.05412846385760673
2024-07-10,554.4146728515625,0.009846602332349897,0.00989523962738681,0.0009719518486651597,0.0011532624811992414,0.0067070247572790275,540.0209930419921,525.1577301025391,480.42612609863284,544.2120458829893,537.1698900030815,77.16014739098634,7.042155879907796,6.336425984428652,0.705729895479144,552.4228439515531,527.6191421324312,1.0803036947684095,0.06059213616835656
2024-07-11,549.6341552734375,-0.008660029036738834,-0.008622638996073073,0.009846602332349897,0.0009719518486651597,0.004452763533212538,541.0707489013672,526.1071081542968,481.0705993652344,545.0462165584429,538.0931689119967,68.59440592328438,6.95304764644618,6.4597503168321575,0.4932973296140224,552.9597291648379,529.1817686378965,0.8601404907022039,0.07240268161234553
2024-07-12,553.10107421875,0.006287874505720507,0.006307684688168225,-0.008660029036738834,0.009846602332349897,0.005749927961778983,542.0767669677734,527.2849224853516,481.7235606384277,546.2854254292594,539.2048656013859,73.45442629090398,7.080559827873458,6.583912219040418,0.49664760883304027,554.4774536481478,529.676080287399,0.9445039026920932,0.07053040100556861
2024-07-15,554.6221313476562,0.0027462782710566086,0.002750052747691134,0.006287874505720507,-0.008660029036738834,0.0011532624811992414,543.1051818847657,528.5252545166015,482.41516311645506,547.5679955705511,540.3468852862949,78.66936449539226,7.2211102842562696,6.711351832083588,0.5097584521726812,556.1015931016008,530.1087706679306,0.9430819120270649,0.07060052532802358
2024-07-16,557.9111938476562,0.005912761456844333,0.005930276334281892,0.0027462782710566086,0.006287874505720507,0.0009719518486651597,544.2817993164062,529.7392169189453,483.122380065918,549.1592568439519,541.647945179729,79.44702453631025,7.511311664222831,6.871343798511437,0.6399678657113936,558.1813435226077,530.3822551102048,0.9902820671331476,0.07182402380840582
2024-07-17,550.0885620117188,-0.014120511801444595,-0.014021284968291137,0.005912761456844333,0.0027462782710566086,0.009846602332349897,544.8546295166016,530.6734631347656,483.77841171264646,549.3022268697622,542.2731760561727,63.854412753864615,7.0290508135894925,6.902885201527049,0.1261656120624437,558.7180414976167,530.9912175355864,0.6887678337152734,0.08892427550008603
2024-07-18,545.8611450195312,-0.007714656852590015,-0.007684975264214744,-0.014120511801444595,0.005912761456844333,-0.008660029036738834,545.1476684570313,531.4191961669922,484.41838928222654,548.7728296620344,542.53895153494,57.040349935535275,6.2338781270943855,6.7690837866405165,-0.535205659546131,558.8255736186043,531.4697632954583,0.5260813536163577,0.09395738034503802
2024-07-19,542.2363891601562,-0.0066625815316668805,-0.006640435745331019,-0.007714656852590015,-0.014120511801444595,0.006287874505720507,545.3328125,532.0812103271485,485.0410739135742,547.7672234309762,542.5165395071782,55.16347791419333,5.250683923797965,6.4654038140720065,-1.2147198902740417,558.7311395116803,531.9344854883198,0.38444738894847025,0.09677161701088581
2024-07-22,547.8267822265625,0.010257097434216005,0.010309881775114604,-0.0066625815316668805,-0.007714656852590015,0.0027462782710566086,545.8335784912109,532.8540490722656,485.71966720581054,547.7763863226048,542.9098908197252,59.17596700359833,4.866495502879616,6.145622151833529,-1.2791266489539135,558.7896247369486,532.8775322454733,0.5769217590593011,0.10267245625136975
2024-07-23,546.9674682617188,-0.0015698185132593113,-0.0015685869926825857,0.010257097434216005,-0.0066625815316668805,0.005912761456844333,546.3787902832031,533.5510241699219,486.37895935058594,547.6519373901608,543.2104521117247,54.976025909294265,4.441485278436062,5.8047947771540365,-1.3633094987179746,558.4941290930063,534.2634514733999,0.5242947385854085,0.10193412691167504
2024-07-24,534.57177734375,-0.02292331742804658,-0.0226625743526625,-0.0015698185132593113,0.010257097434216005,-0.014120511801444595,546.2009979248047,533.9868908691407,486.97705505371096,545.6396050753284,542.57055027706,41.185553397396575,3.0690547982684393,5.257646781376917,-2.188591983108478,558.9157090834119,533.4862867661975,0.04268640333279102,0.13192382065448208
2024-07-25,531.7864990234375,-0.005223919044976142,-0.00521029810842677,-0.02292331742804658,-0.0015698185132593113,-0.007714656852590015,545.8503631591797,534.365673828125,487.53659088134765,543.508357990422,541.7717316656806,35.92857617391341,1.7366263247414508,4.553442690049825,-2.816816365308374,559.7555732142134,531.9451531041459,-0.005704843007782122,0.13289294551825548
2024-07-26,537.7423706054688,0.011137489256647592,0.011199741988501932,-0.005223919044976142,-0.02292331742804658,-0.0066625815316668805,545.7550506591797,534.8165148925781,488.11246536254885,542.6212830081215,541.4732604760353,41.405038854645404,1.1480225320862019,3.8723586584571,-2.7243361263708983,559.863889693814,531.6462116245453,0.21604041856167505,0.13920613717323202
2024-07-29,538.0584716796875,0.0005876572519577951,0.0005878299563093492,0.011137489256647592,-0.005223919044976142,0.010257097434216005,545.7817230224609,535.146083984375,488.6789233398438,541.9193120345162,541.2203131577874,41.19996735210849,0.6989988767288651,3.237686702111453,-2.538687825382588,559.8269254436123,531.7365206013096,0.22505731454811082,0.138507705193405
2024-07-30,535.3323364257812,-0.005079494057140949,-0.005066615242384165,0.0005876572519577951,0.011137489256647592,-0.0015698185132593113,545.6167724609375,535.4425939941407,489.2230506896973,540.9059311716339,540.7841667331943,33.9269134553396,0.1217644384396408,2.6145022493770904,-2.4927378109374496,560.0866269039329,531.146918017942,0.14462544956232581,0.13944943149708466
2024-07-31,544.033935546875,0.016123882811765407,0.016254574082319007,-0.005079494057140949,0.0005876572519577951,-0.02292331742804658,545.7056640625,535.8981713867188,489.82368698120115,541.3871626139787,541.0248903490225,45.57520331476366,0.362272264956232,2.1640562524929186,-1.8017839875366866,560.1102869221164,531.3010412028835,0.441972499664962,0.1493840267578873
2024-08-01,536.3298950195312,-0.014262178904316962,-0.01416095582272725,0.016123882811765407,-0.005079494057140949,-0.005223919044976142,545.2883575439453,536.1876550292968,490.39636032104494,540.6091214456022,540.6771129172083,37.58046422240442,-0.06799147160609209,1.7176467076731163,-1.7856381792792084,560.2897925872364,530.2869225006541,0.20141314819010078,0.15684211885621618
2024-08-02,526.3442993164062,-0.01879388748212727,-0.01861838356551304,-0.014262178904316962,0.016123882811765407,0.011137489256647592,544.2147277832031,536.2518310546875,490.89691604614256,538.414533425726,539.6154230208526,31.392217973845703,-1.2008895951266823,1.1339394471131565,-2.334829042239839,561.3727225686338,527.0567329977724,-0.020760983153204054,0.16716301385989452
2024-08-05,511.0151977539063,-0.029556229081017186,-0.02912371537491476,-0.01879388748212727,-0.014262178904316962,0.0005876572519577951,542.3430358886719,536.0395495605469,491.3209240722656,534.1992510146767,537.4968878158936,23.361790173791988,-3.2976368012168678,0.2476241974471517,-3.5452609986640193,564.8800209257207,519.8060508516231,-0.1950317019615854,0.1930235798104479
2024-08-06,515.7266235351562,0.009177494774999543,0.009219737107542647,-0.029556229081017186,-0.01879388748212727,-0.005079494057140949,540.6802490234375,535.9976977539062,491.7968859863281,531.3573083255197,535.8842756469502,29.766318528475182,-4.5269673214304476,-0.7072941063283682,-3.819673215102079,565.9020237293163,515.4584743175586,0.005315827706904441,0.19770537144302172
2024-08-07,512.2794189453125,-0.006706609432740089,-0.00668417031917834,0.009177494774999543,-0.029556229081017186,0.016123882811765407,538.573486328125,535.81837890625,492.2740867614746,528.4222484208725,534.1357677431251,30.042359878325044,-5.713519322252637,-1.7085391495132218,-4.004980172739415,565.9148330276831,511.23213962856687,0.019151933667600863,0.1919489014482162
2024-08-08,524.1219482421875,0.02285416659257236,0.023117323981620252,-0.006706609432740089,0.009177494774999543,-0.014262178904316962,537.2978759765625,535.8686267089844,492.83611099243166,527.7606637779979,533.3940033356482,40.19253608729817,-5.633339557650288,-2.4934992311406354,-3.1398403265096526,564.8462021537871,509.7495497993379,0.2608579256392697,0.21312534281676307
2024-08-09,526.4332275390625,0.004400117345988776,0.004409812076419772,0.02285416659257236,-0.006706609432740089,-0.01879388748212727,535.9644836425781,536.0381530761719,493.4132595825195,527.5564428181617,532.8783903136789,37.990751996447706,-5.321947495517179,-3.0591888840159447,-2.2627586115012344,562.8661158204303,509.0628514647259,0.3228498546017113,0.21221085398350473
2024-08-12,526.7097778320312,0.0005251904022813514,0.0005253283389072827,0.004400117345988776,0.02285416659257236,-0.029556229081017186,534.5688659667969,536.2819287109374,493.9762973022461,527.4261866664493,532.4214560557791,38.553477252630366,-4.995269389329792,-3.4464049850787144,-1.5488644042510775,560.2640484090496,508.8736835245442,0.3470707854978623,0.21163229538131523
2024-08-13,535.371826171875,0.016311817038320367,0.016445581047493052,0.0005251904022813514,0.004400117345988776,0.009177494774999543,533.4418975830079,536.6052185058594,494.61236175537107,528.6485927442071,532.6400019903048,50.47197869542611,-3.9914092460976462,-3.555405837282501,-0.4360034088151452,556.6867305026747,510.1970646633411,0.5415130664852889,0.22021359785818267
2024-08-14,537.0608520507812,0.003149898934875607,0.0031548650794410715,0.016311817038320367,0.0005251904022813514,-0.006706609432740089,532.7905120849609,536.9538220214844,495.2813090515137,529.94278648368,532.9674723651549,53.152311184165896,-3.024685881474852,-3.4492618461209714,0.42457596464611935,554.7667195852109,510.8143045847109,0.5971582554854326,0.21616638258617374
2024-08-15,546.2662353515625,0.0169950608163932,0.017140298470145865,0.003149898934875607,0.016311817038320367,0.02285416659257236,532.8107666015625,537.4749157714843,496.005422668457,532.454086309508,533.9525659197036,54.90395750828183,-1.4984796101955453,-3.0591053989358863,1.560625788740341,554.8383833529122,510.7831498502128,0.8054227087271159,0.22394185336405817
2024-08-16,547.490966796875,0.0022394951178871347,0.0022420046600981625,0.0169950608163932,0.003149898934875607,0.004400117345988776,533.0734954833985,537.8968481445313,496.71166229248047,534.7674525383338,534.9554104291237,55.37056188959042,-0.1879578907899031,-2.4848758973066896,2.2969180065167865,555.6918900080045,510.45510095879234,0.8187111998111116,0.2226351484668808
2024-08-19,552.7257080078125,0.009515908697512551,0.009561328913906264,0.0022394951178871347,0.0169950608163932,0.0005251904022813514,533.3184417724609,538.4236730957032,497.4313189697266,537.5302610720998,536.2717287682858,59.628188330341004,1.258532303814036,-1.7361942570825446,2.9947265608965807,556.702696147998,509.9341873969238,0.9149644013378085,0.22221869154426352
2024-08-20,551.826904296875,-0.001627453322378899,-0.0016261297383417528,0.009515908697512551,0.0022394951178871347,0.016311817038320367,533.5614135742187,538.9453198242187,498.1246830749512,539.7297446451422,537.4239639926258,54.721725855886774,2.3057806525164324,-0.9277992751627493,3.2335799276791817,557.6336621968366,509.48916495160086,0.8793889596482144,0.22222571693593712
2024-08-21,553.7232666015625,0.003430625247940325,0.0034365165777914264,-0.001627453322378899,0.009515908697512551,0.003149898934875607,534.5189880371094,539.4724060058594,498.78793991088867,541.8825941768991,538.631319741436,61.33638848113806,3.2512744354631877,-0.09198453303756193,3.3432589685007494,560.2284496819393,508.80952639227945,0.8734865947361256,0.2044531984857483
2024-08-22,549.3773803710938,-0.007879441875263286,-0.00784848044609232,0.003430625247940325,-0.001627453322378899,0.0169950608163932,535.3985321044922,539.8871728515625,499.4102593994141,543.0356382067753,539.4273242325218,66.20334668963517,3.6083139742535195,0.6480751684206544,2.9602388058328652,561.9056169847337,508.8914472242508,0.7636813578286279,0.205868685238748
2024-08-23,555.2147216796875,0.010569323533510517,0.01062537613880421,-0.007879441875263286,0.003430625247940325,0.0022394951178871347,536.2721496582031,540.3318530273438,500.0568780517578,544.9093433564541,540.5967610804599,85.88595820932207,4.312582275994146,1.3809765899353525,2.931605686058793,564.2171896843081,508.3271096320982,0.8389254766461076,0.20553016759705586
2024-08-26,553.8912353515625,-0.002386583442141353,-0.0023837378161030154,0.010569323533510517,-0.007879441875263286,0.009515908697512551,537.0637878417969,540.7286010742188,500.6908187866211,546.2911728941631,541.5815369523934,82.7900737619209,4.709635941769648,2.0467084603022117,2.662927481467436,566.0977150334876,508.0298606501061,0.7897893798290836,0.20599486140588727
2024-08-27,554.6517333984375,0.0013720679984829114,0.0013730097144293296,-0.002386583442141353,0.010569323533510517,-0.001627453322378899,538.0297576904297,541.1340588378906,501.3269981384277,547.5774129717438,542.5496996521003,88.1672959819848,5.027713319643453,2.64290943217046,2.3848038874729935,568.0885714736111,507.97094390724845,0.7764908793125458,0.20455044924860127
2024-08-28,551.4318237304688,-0.005822198048088106,-0.0058052818986787935,0.0013720679984829114,-0.002386583442141353,0.003430625247940325,538.3996520996094,541.3900561523437,501.9637442016602,548.1703992423169,543.2076347690165,79.12367007254801,4.9627644733003535,3.1068804403964387,1.8558840329039148,568.9476545105786,507.85164968864024,0.7133064456316097,0.1988840599640241
2024-08-29,551.481201171875,8.954004590459894e-05,8.954405473415861e-05,-0.005822198048088106,0.0013720679984829114,-0.007879441875263286,539.1572174072265,541.6196728515625,502.5676486206055,548.6797533853257,543.8204915395986,78.06549385738631,4.859261845727133,3.4573567214625776,1.4019051242645553,570.2359699105762,508.078464903877,0.6982702452957239,0.19095400376397673
2024-08-30,556.7456665039062,0.009500771159983087,0.009546046757068938,8.954004590459894e-05,-0.005822198048088106,0.010569323533510517,540.6772857666016,541.983916015625,503.1999281311035,549.9206630958766,544.7779119073251,80.27075305962768,5.142751188551529,3.794435614880368,1.3483155736711607,572.08946103541,509.2651104977932,0.7557667624066173,0.1771992391251453
2024-09-03,545.2883911132812,-0.020793709834329585,-0.02057901135103779,0.009500771159983087,8.954004590459894e-05,-0.002386583442141353,542.3909454345703,542.1334545898437,503.73318130493163,549.208005867785,544.8157251818403,59.46105531881194,4.392280685944684,3.914004629093231,0.4782760568514526,570.5619750662024,514.2199158029382,0.5514259811692774,0.15762121169424134
2024-09-04,544.1722412109375,-0.0020489960990418467,-0.0020468983395465212,-0.020793709834329585,0.009500771159983087,0.0013720679984829114,543.8132263183594,542.295634765625,504.2562109375,548.4332728436547,544.7680597025142,56.859718223619524,3.665213141140498,3.8642463315026845,-0.19903319036218647,569.0337781673422,518.5926744693766,0.5071175066812145,0.1570542096040437
2024-09-05,542.8487548828125,-0.002435071607368626,-0.002432109225527279,-0.0020489960990418467,-0.020793709834329585,-0.005822198048088106,545.3416931152344,542.3900573730468,504.76993469238283,547.5741162342944,544.6258889751289,46.11230381687446,2.948227259165492,3.6810425170352463,-0.7328152578697544,565.7645240013871,524.9188622290817,0.4389668786291472,0.1543756495544593
2024-09-06,533.7124633789062,-0.01697350916048663,-0.016830270718551366,-0.002435071607368626,-0.0020489960990418467,8.954004590459894e-05,545.8212188720703,542.2883227539063,505.235240020752,545.4415542565424,543.8174870791123,36.71671721147973,1.6240671774301063,3.2696474491142187,-1.6455802716841124,564.5241576471993,527.1182800969412,0.17628735679587085,0.15078202654268574
2024-09-09,539.6880493164062,0.011134050334472618,0.01119626455726519,-0.01697350916048663,-0.002435071607368626,0.009500771159983087,546.4839599609375,542.289111328125,505.7134635925293,544.5563996503677,543.5116028003933,37.60794728726422,1.0447968499743183,2.824677329286239,-1.7798804793119207,563.1192848373109,529.848635084564,0.29573856552139915,0.154695197748201
2024-09-10,542.0387573242188,0.004346220679223403,0.004355679194286477,0.011134050334472618,-0.01697350916048663,-0.020793709834329585,547.2504089355468,542.3793859863281,506.2082792663574,544.1690700617294,543.4025031354915,40.946427946395204,0.7665669262378287,2.413055248676557,-1.6464883224387283,561.2540124362819,533.2468054348118,0.3139174816305488,0.15505411186494386
2024-09-11,547.5995483398438,0.01020676175320888,0.010259028419067118,0.004346220679223403,0.011134050334472618,-0.0020489960990418467,547.8617950439453,542.55875,506.72234573364256,544.6968359506701,543.713395372851,44.69543885249629,0.983440577819124,2.1271323145050705,-1.1436917366859465,560.7010821011886,535.0225079867021,0.48978733387093953,0.14866768924054644
2024-09-12,552.212158203125,0.008388048391974334,0.008423326639449114,0.01020676175320888,0.004346220679223403,-0.002435071607368626,548.6193603515625,542.75787109375,507.2581069946289,545.8530393741247,544.3429333602787,52.444280714680424,1.5101060138459843,2.003727054373253,-0.49362104052726874,560.5296550920574,536.7090656110676,0.6508274114891144,0.15076002646838832
2024-09-13,555.09619140625,0.005209099571211276,0.005222690519001816,0.008388048391974334,0.01020676175320888,-0.01697350916048663,549.0608581542969,542.9662744140625,507.81229583740236,547.2750627636824,545.1394709933136,49.89231308390485,2.135591770368819,2.0300999975723664,0.10549177279645283,561.2551239410886,536.8665923675051,0.747466036802737,0.14000152620221523
2024-09-16,555.9160766601562,0.0014759250213618996,0.0014770147347420437,0.005209099571211276,0.008388048391974334,0.011134050334472618,549.4821136474609,543.1282580566407,508.3683848571777,548.604449516986,545.9377380797464,51.85659425342806,2.6667114372396554,2.1574222855058243,0.5092891517338312,562.0251418972259,536.9390853976959,0.7564756645914389,0.1399237381015817
2024-09-17,556.1431884765625,0.0004084527267272423,0.00040853615490066275,0.0014759250213618996,0.005209099571211276,0.004346220679223403,549.6529876708985,543.2821411132812,508.92717346191404,549.764255510767,546.6936973683995,51.381036240615444,3.070558142367531,2.340049456878166,0.7305086854893652,562.4721423669,536.833832974897,0.7531446479730991,0.13604894439345236
2024-09-18,554.4937133789062,-0.0029703250588085143,-0.0029659180078688285,0.0004084527267272423,0.0014759250213618996,0.01020676175320888,549.786328125,543.3923681640625,509.4689660644531,550.4918644135577,547.2714763321408,52.92013206545529,3.2203880814168997,2.516117181785913,0.7042708996309868,562.7552957190973,536.8173605309026,0.6814865069155086,0.136385437376799
2024-09-19,563.9558715820312,0.016920537294161504,0.017064500416904105,-0.0029703250588085143,0.0004084527267272423,0.008388048391974334,550.2979583740234,543.5831921386718,510.0448728942871,552.5632501317843,548.5073574617622,60.086242717287135,4.055892670022104,2.824072279433151,1.2318203905889527,564.6540554770347,535.9418612710122,0.9756833667955263,0.148442770573251
2024-09-20,562.9810180664062,-0.0017300946800885854,-0.0017285989290088954,0.016920537294161504,-0.0029703250588085143,0.005209099571211276,550.978140258789,543.8501293945312,510.6276846313477,554.1659836601877,549.5794804695137,55.41729504319625,4.58650319067408,3.176558461681337,1.4099447289927425,566.400085187135,535.5561953304431,0.8891492889964736,0.1451794884459926
2024-09-23,564.3877563476562,0.0024956146440884733,0.002498731282417843,-0.0017300946800885854,0.016920537294161504,0.0014759250213618996,551.4367919921875,544.0758630371093,511.21796981811525,555.7385640736444,550.6763897938206,70.10464665051052,5.062174279823807,3.5536816253098316,1.5084926545139759,567.8997314482433,534.9738525361317,0.8933369368829455,0.14105585048109298
2024-09-24,566.002685546875,0.0028572964492187005,0.0028613824113929986,0.0024956146440884733,-0.0017300946800885854,0.0004084527267272423,552.0423645019531,544.3034741210937,511.8253225708008,557.3176596849107,551.8116709607135,72.74068234127236,5.505988724197209,3.9441430450873076,1.5618456791099016,569.7308465428969,534.3538824610093,0.894616140961326,0.1407028288822523
2024-09-25,564.7543334960938,-0.002207994355861988,-0.0022055585294177282,0.0028572964492187005,0.0024956146440884733,-0.0029703250588085143,552.547494506836,544.4403369140625,512.4094738769531,558.4617633481696,552.770386704075,72.85472484618157,5.691376644094589,4.293589764888764,1.3977868792058254,571.1053619465309,533.989627067141,0.8288858223857004,0.1411778543765981
2024-09-26,566.993408203125,0.003956849297595781,0.0039646879611712205,-0.002207994355861988,0.0028572964492187005,0.016920537294161504,553.3255737304687,544.7784338378906,512.9951921081542,559.7743240950858,553.8239438521528,90.56049391899431,5.950380242933079,4.624947860497627,1.3254323824354524,572.960157420551,533.6909900403864,0.8480551125603978,0.13925413965426198
2024-09-27,566.1710815429688,-0.0014513811753730506,-0.0014503284310876108,0.003956849297595781,-0.002207994355861988,-0.0017300946800885854,554.0600677490235,545.1846325683593,513.5680503845215,560.7584406255294,554.7385466440651,86.91215903522622,6.019893981464293,4.90393708469096,1.1159568967733327,574.4871957167852,533.6329397812617,0.7964443609757325,0.13955231924606934
2024-09-30,568.4398803710938,0.003999259531640811,0.004007267241452839,-0.0014513811753730506,0.003956849297595781,0.0024956146440884733,554.6447784423829,545.7087023925782,514.1419398498535,561.9402005863855,555.7534602534746,86.88220708660612,6.186740332910858,5.16049773433494,1.0262425985759185,576.0420224079464,533.2475344768193,0.8223569809016651,0.13660723481612014
2024-10-01,563.3475952148438,-0.008998720394424934,-0.008958353085511184,0.003999259531640811,-0.0014513811753730506,0.0028572964492187005,555.547738647461,546.0191186523438,514.6590872192382,562.1567228369175,556.3159887691316,72.29172354447527,5.840734067785888,5.29654500102513,0.5441890667607581,576.8062479161973,534.2892293787246,0.6834525758316831,0.11654782182425896
2024-10-02,563.5853271484375,0.00042190964946112126,0.00042199866585579393,-0.008998720394424934,0.003999259531640811,-0.002207994355861988,556.5183929443359,546.3514758300781,515.1700430297851,562.376508115613,556.8544582787099,68.37478897461384,5.522049836903079,5.34164596820072,0.18040386870235903,577.3586248819498,535.678161006722,0.6695502772055691,0.11584146579200483
2024-10-03,562.5549926757812,-0.0018298514705715875,-0.0018281783130682516,0.00042190964946112126,-0.008998720394424934,0.003956849297595781,557.5037048339843,546.9111401367187,515.6796456909179,562.4039672787158,557.2767200859004,62.81842841169177,5.127247192815389,5.298766213123654,-0.17151902030826527,577.467684294114,537.5397253738547,0.6265100440492068,0.11557088626577085
2024-10-04,567.6671142578125,0.009046286412711525,0.00908732772544707,-0.0018298514705715875,0.00042190964946112126,-0.0014513811753730506,559.2014373779297,547.6287524414063,516.2018536376953,563.2136821985767,558.0463789134494,67.598596711889,5.167303285127332,5.27247362752439,-0.10517034239705847,576.2016730777095,542.2012016781498,0.7489870443382282,0.09455871880980578
2024-10-07,562.53515625,-0.009081548344037066,-0.009040435633693833,0.009046286412711525,-0.0018298514705715875,0.003999259531640811,560.3437927246093,548.1246081542969,516.6843176269531,563.1092935911034,558.3788809383791,58.34653676824545,4.73041265272434,5.164061432564381,-0.43364877984004124,574.6857071449731,546.0018783042456,0.5763971761775123,0.09886223503454947
2024-10-08,567.8553466796875,0.009413082822789338,0.009457525224118024,-0.009081548344037066,0.009046286412711525,-0.008998720394424934,561.6346221923828,548.7205456542969,517.2256729125977,563.8394556047318,559.0808413636612,65.92116688945357,4.758614241070632,5.082971994265631,-0.3243577531949997,573.4672641664257,549.80198021834,0.7628628712400407,0.10199382018646162
2024-10-09,571.78857421875,0.006902582611441358,0.006926460342515872,0.009413082822789338,-0.009081548344037066,0.00042190964946112126,562.8440734863282,549.4496704101563,517.7649055480957,565.0623969299654,560.0221549084827,60.74948443418431,5.040242021482754,5.074425999709057,-0.03418397822630226,573.525274103516,552.1628728691403,0.9187029648159873,0.09924520557885837
2024-10-10,570.7879028320312,-0.0017516055383009032,-0.001750072372617817,0.006902582611441358,0.009413082822789338,-0.0018298514705715875,563.7728607177735,549.9847497558594,518.2944729614258,565.9432439918218,560.8196177176345,60.70646532962802,5.123626274187245,5.0842660546046945,0.03936021958255065,573.7700404161254,553.7756810194215,0.8508510562941173,0.09731517016626476
2024-10-11,574.2058715820312,0.0059703012872560045,0.005988159057053188,-0.0017516055383009032,0.006902582611441358,0.009046286412711525,564.7283447265625,550.7422692871094,518.8313154602051,567.2144174672386,561.8111920779602,62.76075215931663,5.403225389278418,5.14805792153944,0.25516746773897836,574.8853878173811,554.5713016357438,0.9665495051426873,0.09772063162396297
2024-10-14,578.9019775390625,0.008145173799190095,0.00817843597470147,0.0059703012872560045,-0.0017516055383009032,-0.009081548344037066,565.8776397705078,551.7934228515625,519.3874180603027,569.0125036321346,563.0771761861901,65.52218504231948,5.935327445944495,5.305511826420451,0.6298156195240434,576.9928683693848,554.7624111716308,1.0858780884574224,0.10035672172338136
2024-10-15,574.4041137695312,-0.0077999875445053804,-0.007769646579291134,0.008145173799190095,0.0059703012872560045,0.009413082822789338,566.7906860351562,553.061201171875,519.9201480102539,569.841982114811,563.9162085997709,60.76968559182795,5.925773515040078,5.429564164144377,0.4962093508957004,577.5328567905844,556.048515279728,0.8543710069274321,0.10617249816396923
2024-10-16,576.9006958007812,0.004336967801645967,0.004346386057136886,-0.0077999875445053804,0.008145173799190095,0.006902582611441358,567.91103515625,554.2846826171875,520.4721333312988,570.9279380664988,564.8780224665124,60.993886753911035,6.049915599986321,5.553634451312766,0.496281148673555,577.900668967029,557.921401345471,0.9499494583490761,0.10515001195311609
2024-10-17,576.9502563476562,8.590459073268953e-05,8.590828063770317e-05,0.004336967801645967,-0.0077999875445053804,-0.0017516055383009032,568.5607543945313,555.5780993652344,521.0374198913574,571.8544485712922,565.7722620132638,62.170122331071205,6.082186558028411,5.659344872655895,0.4228416853725161,579.14015067146,557.9813581176026,0.8965019238111248,0.08919582907338043
2024-10-18,579.1694946289062,0.0038391196156358086,0.003846498475100324,8.590459073268953e-05,0.004336967801645967,0.0059703012872560045,569.3701782226562,556.6790502929688,521.6327450561523,572.9798402724635,566.7646496144225,62.1277388376842,6.215190658041024,5.7705140297329205,0.4446766283081036,580.6087002712428,558.1316561740697,0.9359699773638134,0.08901036782331088
2024-10-21,578.2183837890625,-0.0016435476328692123,-0.0016421977480930439,0.0038391196156358086,8.590459073268953e-05,0.008145173799190095,570.0617095947266,557.7147534179687,522.2307249450683,573.785770044248,567.6130743680995,68.54459736554875,6.172695676148464,5.8509503590160294,0.3217453171324349,581.7041699601073,558.419249229346,0.8502985596837462,0.08955634890350006
2024-10-22,577.9112548828125,-0.0005313053194063019,-0.0005311642017283846,-0.0016435476328692123,0.0038391196156358086,-0.0077999875445053804,570.6571380615235,558.7387829589844,522.8240281677246,574.4204600194118,568.3759025543745,67.83426133048044,6.044557465037315,5.8896717802202865,0.15488568481702814,582.638673678636,558.675602444411,0.8027206634068005,0.08953767537872602
2024-10-23,572.630615234375,-0.009179460331740172,-0.00913745770448493,-0.0005313053194063019,-0.0016435476328692123,0.004336967801645967,571.0509521484375,559.4839587402344,523.3581471252442,574.1450992832523,568.6910664565968,61.34275132784103,5.454032826655521,5.802543989507334,-0.34851116285181316,582.7295100938231,559.372394203052,0.5676309135650437,0.0960740015735758
2024-10-24,573.8690795898438,0.002160427678725505,0.0021627630841249967,-0.009179460331740172,-0.0005313053194063019,8.590459073268953e-05,571.3947357177734,560.2201232910156,523.9019915771485,574.1026347150356,569.0746229849855,57.649058518350124,5.028011730050139,5.6476375376158945,-0.6196258075657557,582.9747624067223,559.8147090288245,0.6068367085212186,0.09547419265240481
2024-10-25,573.6708984375,-0.0003454017430481503,-0.00034534209873338106,0.002160427678725505,-0.009179460331740172,0.0038391196156358086,571.7697265625,560.7682165527344,524.431693572998,574.0362137492609,569.4150878333198,65.63704181122554,4.621125915941093,5.442335213280934,-0.8212092973398413,583.1209873519294,560.4184657730705,0.5837427626000123,0.09523902828601234
2024-10-28,575.4443359375,0.003086616302594891,0.0030913848076141726,-0.0003454017430481503,0.002160427678725505,-0.0016435476328692123,572.1199493408203,561.3272839355469,524.9712930297851,574.252847932067,569.8616988039998,61.835537262457315,4.391149128067127,5.232097996238173,-0.8409488681710462,583.47085550156,560.7690431800806,0.6464370575178404,0.09486874095966191
2024-10-29,576.3756103515625,0.001617048949345328,0.0016183570780052836,0.003086616302594891,-0.0003454017430481503,-0.0005313053194063019,572.7713500976563,561.8002819824219,525.5139295959473,574.5794267658355,570.344210770486,57.892835388266924,4.235215995349449,5.032721596060428,-0.7975056007109789,583.4796801604849,562.0630200348277,0.6682923589746977,0.08782698471599142
2024-10-30,574.6319580078125,-0.0030297866417543875,-0.0030252014700733465,0.001617048949345328,0.003086616302594891,-0.009179460331740172,573.323681640625,562.2563830566406,526.0564358520508,574.5875084953705,570.6618216769546,56.44949545634217,3.9256868184158975,4.811314640531522,-0.8856278221156249,583.1393728594778,563.5079904217721,0.5666420906086959,0.08904905545945081
2024-10-31,563.367431640625,-0.01979771587652233,-0.019603028008119194,-0.0030297866417543875,0.001617048949345328,0.002160427678725505,573.3643035888672,562.4492663574218,526.5555749511718,572.8613428254096,570.1214964890783,35.60546738843199,2.7398463363313112,4.39702097969148,-1.657174643360169,582.9973745992294,563.731232578505,-0.018882915816184894,0.11546558722571702
2024-11-01,565.7450561523438,0.004211498945756205,0.0042203797702589085,-0.01979771587652233,-0.0030297866417543875,-0.0003454017430481503,573.2682006835937,562.7766198730469,527.0459912109375,571.7665294910918,569.7973157233941,31.379581400571837,1.9692137676976245,3.9114595372927092,-1.9422457695950848,583.1750459623075,563.3613554048799,0.12030574216120915,0.11169559097663631
2024-11-04,564.5264892578125,-0.002156238244888364,-0.0021539152331595535,0.004211498945756205,-0.01979771587652233,0.003086616302594891,573.3677673339844,562.9628552246094,527.501165008545,570.6526771475103,569.4068841333511,34.59028350412392,1.245793014159176,3.378326232666003,-2.132533218506827,582.8514100553788,563.88412461259,0.033866978338049414,0.10697217098420013
2024-11-05,571.3526000976562,0.012019224721391424,0.012091745860886238,-0.002156238244888364,0.004211498945756205,0.001617048949345328,573.5426300048828,563.3120825195313,527.9854634094238,570.7603576013789,569.5510112418182,42.37469842729204,1.2093463595607545,2.9445302580449533,-1.7351838984841987,582.7224144876814,564.3628455220842,0.3807145248709121,0.11030480011347658
2024-11-06,585.5596313476562,0.024561492351732918,0.02486561056617531,0.012019224721391424,-0.002156238244888364,-0.0030297866417543875,574.2311828613281,563.9302404785157,528.5338781738282,573.03716894696,570.7368349533617,58.5178949707608,2.300333993598315,2.815691005155626,-0.515357011557311,584.8154274960317,563.6469382266245,1.0351562098812632,0.138512965989233
2024-11-07,590.0872802734375,0.007702433894916611,0.007732173946760845,0.024561492351732918,0.012019224721391424,-0.01979771587652233,575.1961517333984,564.703349609375,529.1023298645019,575.6602629971874,572.1702012733673,60.32993038960799,3.4900617238200766,2.9505651488885163,0.5394965749315603,587.7873847996844,562.6049186671124,1.0913292392272207,0.1399083023584721
2024-11-08,592.6434326171875,0.004322465453473114,0.0043318207817757415,0.007702433894916611,0.024561492351732918,0.004211498945756205,576.1180297851563,565.5265942382813,529.6706071472167,578.2730583233413,573.686736928465,63.24603526895605,4.586321394876222,3.2777163980860577,1.3086049967901645,590.9112767205063,561.3247828498063,1.058545493908509,0.1393565726017187
2024-11-11,593.2080688476562,0.0009522883302696966,0.0009527419007668847,0.004322465453473114,0.007702433894916611,-0.002156238244888364,576.8333343505859,566.2558422851563,530.2447499084473,580.570752250159,575.1327615150717,63.98043142351911,5.437990735087283,3.709771265486303,1.7282194696009796,593.4628996097289,560.203769091443,0.9923380209253359,0.1371843834057532
2024-11-12,591.3653564453125,-0.003111185595374865,-0.003106350872676633,0.0009522883302696966,0.004322465453473114,0.012019224721391424,577.681396484375,567.1773815917969,530.7907369995118,582.231460587875,576.3351759543489,68.27065932705403,5.896284633526079,4.147073939094259,1.7492106944318202,595.4783267888038,559.8844661799462,0.884447197546541,0.13406943600729893
2024-11-13,591.6526489257812,0.00048569419030313426,0.0004858121588244835,-0.003111185595374865,0.0009522883302696966,0.024561492351732918,578.418994140625,568.1269897460937,531.3400250244141,583.680874178322,577.4698035818624,67.67088294372797,6.211070596459649,4.559873270567337,1.651197325892312,597.2711968845308,559.5667913967193,0.8509843110889036,0.13366780826532515
2024-11-14,587.8482055664062,-0.006450960231751184,-0.006430197458394571,0.00048569419030313426,-0.003111185595374865,0.007702433894916611,578.9638916015625,569.0269787597656,531.9095988464355,584.3220020841811,578.238574099236,63.1453669402349,6.0834279849451605,4.864584213442902,1.2188437715022582,598.2620558281966,559.6657273749285,0.730185468952072,0.1364166604519859
2024-11-15,580.3186645507812,-0.012891386469635332,-0.012808648464564198,-0.006450960231751184,0.00048569419030313426,0.004322465453473114,579.0213500976563,569.9591027832031,532.410510559082,583.7061040021197,578.3926548734245,54.08363732682086,5.313449128695197,4.954357196493361,0.359091932201836,598.328932652458,559.7137675428546,0.5335959835842401,0.14438769576729799
2024-11-18,582.6964721679688,0.004089045542488694,0.004097417095878075,-0.012891386469635332,-0.006450960231751184,0.0009522883302696966,579.2452545166016,570.8192712402343,532.898038482666,583.5507760276349,578.7114561545018,55.170206796290024,4.8393198731331495,4.931349731821319,-0.0920298586881696,598.6173839166457,559.8731251165574,0.5890768789557879,0.14490299942217222
2024-11-19,584.8265380859375,0.003648867324429655,0.003655532545175033,0.004089045542488694,-0.012891386469635332,-0.003111185595374865,579.5910186767578,571.6750268554688,533.4050498962403,583.7470471135276,579.16442518646,58.286368579388956,4.582621927067635,4.861604170870582,-0.27898224380294767,599.1092004959673,560.0728368575483,0.6341190346947931,0.14531126420722137
2024-11-20,585.024658203125,0.0003387099482566953,0.000338767316948152,0.003648867324429655,0.004089045542488694,0.00048569419030313426,580.2107208251953,572.4235290527344,533.9060345458985,583.9436026657734,579.5985165210278,71.4650057589748,4.345086144745551,4.758300565645577,-0.4132144209000259,599.5848971248222,560.8365445255683,0.6242359237234367,0.14067357941916256
2024-11-21,588.1652221679688,0.005353901391776949,0.005368259133708753,0.0003387099482566953,0.003648867324429655,-0.006450960231751184,580.9255279541015,573.1425903320312,534.4025035095215,584.593082589188,580.2330873096901,71.89012152041153,4.35999527949798,4.678639508416057,-0.3186442289180773,600.3693339116562,561.4817219965469,0.686169678654253,0.14145624720334968
2024-11-22,589.9882202148438,0.0030946724530071146,0.0030994658952385734,0.005353901391776949,0.0003387099482566953,-0.012891386469635332,581.7413940429688,573.8404309082031,534.9070080566406,585.4231037623658,580.9556897471089,74.56978652176423,4.4674140152569635,4.636394409784239,-0.1689803945272752,601.2726512862316,562.2101367997059,0.7111186717055725,0.14147505135337748
2024-11-25,591.9895629882812,0.0033864336783369195,0.003392174122915037,0.0030946724530071146,0.005353901391776949,0.004089045542488694,582.5686553955078,574.5619006347656,535.4073857116699,586.4333282586605,581.7730136908995,71.95872137578095,4.66031456776102,4.641178441379595,0.019136126381424923,602.376507874429,562.7608029165866,0.7378073948904572,0.14152638607186246
2024-11-26,595.0806274414062,0.005207900028862068,0.005221484712537361,0.0033864336783369195,0.0030946724530071146,0.003648867324429655,583.50390625,575.3406494140625,535.9242985534668,587.7636819790829,582.7587628576036,63.26990673159046,5.004919121479247,4.713926577399526,0.29099254407972097,603.8398692014408,563.1679432985592,0.7846366611467993,0.14216613209585616
2024-11-27,593.2774658203125,-0.003034713215093953,-0.003030113127437173,0.005207900028862068,0.0033864336783369195,0.0003387099482566953,584.436181640625,576.1163244628906,536.4660563659668,588.6119564161951,583.5379260400266,54.811757081203694,5.07403037616848,4.785947337153317,0.28808303901516297,604.7691848956619,564.1031783855882,0.717412156698921,0.14216825964285032
2024-11-29,596.9629516601562,0.006192862491278965,0.0062120779098662204,-0.003034713215093953,0.005207900028862068,0.005353901391776949,586.1159576416015,576.7764660644531,537.004207611084,589.8967249152661,584.5323723822584,56.30048911117798,5.364352533007718,4.901628376324197,0.46272415668352096,604.5858030163564,567.6461122668467,0.7936406287781029,0.11820851228847255
2024-12-02,598.0328979492188,0.0017907117841858544,0.0017923160659920612,0.006192862491278965,-0.003034713215093953,0.0030946724530071146,587.7303497314454,577.4775036621094,537.5308270263672,591.1484438435665,585.5324113131443,56.9353055745644,5.616032530422217,5.044509207143801,0.5715233232784156,604.243864108975,571.2168353539157,0.8119429329892469,0.11816355822322926
2024-12-03,598.3102416992188,0.0004636525187079365,0.000463760022151094,0.0017907117841858544,0.006192862491278965,0.0033864336783369195,589.4195373535156,578.1559533691407,538.0711016845703,592.2502588982823,586.4789172676683,60.453126521553,5.771341630613961,5.189875691837833,0.5814659387761276,602.4922459515955,576.3468287554357,0.8400482875832264,0.11707434145936539
2024-12-04,602.0255126953125,0.006190406054192642,0.006209606216237118,0.0004636525187079365,0.0017907117841858544,0.005207900028862068,590.9531829833984,578.8764099121094,538.6434480285644,593.7541440978254,587.6305169289752,64.15234491453583,6.123627168850135,5.376625987240294,0.747001181609841,602.1660481234119,579.7403178433849,0.9937332953556234,0.11280711018181104
2024-12-05,601.0347900390625,-0.0016470045233028506,-0.00164564895566377,0.006190406054192642,0.0004636525187079365,-0.003034713215093953,591.7269409179687,579.6020190429688,539.2086322021485,594.8742434734003,588.6234260482408,69.48750466782242,6.2508174251594255,5.551464274824121,0.6993531503353045,603.4947293506245,579.9591524853129,0.8954799652611165,0.07824601018791527
2024-12-06,602.1741333007812,0.0018938416764569357,0.0018956361272277622,-0.0016470045233028506,0.006190406054192642,0.006192862491278965,592.3312835693359,580.3056335449219,539.729016418457,595.9973034468435,589.6271821410216,89.81940706803371,6.37012130582184,5.7151956810236655,0.6549256247981745,604.9548601138217,579.7077070248502,0.8898597872306186,0.07457695084440244
2024-12-09,599.0731811523438,-0.005162898595899851,-0.0051495937419958615,0.0018938416764569357,-0.0016470045233028506,0.0017907117841858544,592.6527709960938,580.9636755371093,540.2321783447265,596.4705154015359,590.32688577149,79.07137501679387,6.1436296300458935,5.800882470828111,0.3427471592177822,605.6322966979079,579.6732452942796,0.7473283810113573,0.0765694054850894
2024-12-10,597.2106323242188,-0.003113893730122931,-0.003109050591352358,-0.005162898595899851,0.0018938416764569357,0.0004636525187079365,592.8528991699219,581.5390905761719,540.7351554870605,596.5843795434871,590.836792923544,72.19462037432044,5.747586619943149,5.790223300651119,-0.04263668070796989,605.990936625081,579.7148617147628,0.665844144118559,0.0776317011842809
2024-12-11,601.8274536132812,0.0077009131895681435,0.007730641484219314,-0.003113893730122931,-0.005162898595899851,0.006190406054192642,593.3760040283203,582.3086877441406,541.2566035461426,597.3910063234555,591.6509159375985,75.99638143046812,5.740090385857002,5.780196717692296,-0.04010633183529411,607.0853569944657,579.6666510621749,0.8082366325322371,0.08069016253207109
2024-12-12,598.7264404296875,-0.005165982294454217,-0.00515266155602534,0.0077009131895681435,-0.003113893730122931,-0.0016470045233028506,593.7296936035157,583.0115100097656,541.7658346557618,597.5964577244142,592.1750288629383,66.35977029099374,5.421428861475874,5.708443146449012,-0.28701428497313763,607.6156993922134,579.8436878148179,0.6799202341626144,0.0834985274566973
2024-12-13,598.6076049804688,-0.00019850007617258896,-0.00019848037633596327,-0.005165982294454217,0.0077009131895681435,0.0018938416764569357,594.2676635742188,583.7325622558594,542.2655400085449,597.7520188407303,592.6515159827554,64.09600696315994,5.100502857974902,5.586855088754191,-0.48635223077928824,608.0273635304867,580.5079636179508,0.6577047980713059,0.07934794908607377
2024-12-16,601.16357421875,0.004260767635327759,0.004269857611255423,-0.00019850007617258896,-0.005165982294454217,-0.005162898595899851,595.3099090576172,584.4024914550781,542.7546173095703,598.2768735142718,593.2820388150512,64.73572035003303,4.994834699220519,5.468451010847457,-0.4736163116269383,607.7116735807907,582.9081445344437,0.7360013024838047,0.06103269581681664
2024-12-17,598.686767578125,-0.004128531821669917,-0.004120021150389452,0.004260767635327759,-0.00019850007617258896,-0.003113893730122931,596.109423828125,585.1255236816406,543.234009399414,598.33993413948,593.6823890937975,55.90894998449829,4.657545045682468,5.306269817814459,-0.6487247721319909,607.0647184534104,585.1541292028397,0.6176300518678579,0.06378979140455204
2024-12-18,580.8438110351562,-0.030256642874310565,-0.02980349242584579,-0.004128531821669917,0.004260767635327759,0.0077009131895681435,595.910287475586,585.38529296875,543.6493125915528,595.6482228926609,592.7313833116759,36.64599123424597,2.91683958098497,4.8283837704485615,-1.9115441894635916,607.8313444676472,583.9892304835247,-0.13192703677463793,0.1284116810340723
2024-12-19,580.6654052734375,-0.00030719646579944804,-0.0003071492857964486,-0.030256642874310565,-0.004128531821669917,-0.005165982294454217,595.6923248291016,585.5628295898438,544.051111907959,593.343174028165,591.8376071606953,31.070027407515582,1.5055668674697245,4.163820389852794,-2.6582535223830694,608.572251712537,582.8123979456662,-0.08334646196594317,0.128386756277059
2024-12-20,587.6398315429688,0.01193953241214011,0.012011093146227614,-0.00030719646579944804,-0.030256642874310565,-0.00019850007617258896,595.6660552978516,585.8998681640625,544.4629519653321,592.4657367227502,591.5266608186415,39.384304630807215,0.9390759041086767,3.518871492703971,-2.579795588595294,608.6125933465395,582.7195172491637,0.19002432446810466,0.13427674186888378
2024-12-23,591.1588134765625,0.005970472398742264,0.005988331193196972,0.01193953241214011,-0.00030719646579944804,0.004260767635327759,595.7245849609375,586.2389270019531,544.9075506591797,592.2646716079521,591.4994128673765,43.14906137188337,0.7652587405756321,2.968148942278303,-2.202890201702671,608.5732582780392,582.8759116438357,0.32232517818404377,0.13555047790201505
2024-12-24,597.7294921875,0.01105359617223292,0.011114912881524663,0.005970472398742264,0.01193953241214011,-0.004128531821669917,596.0115814208984,586.6154772949219,545.3871620178222,593.1054132355748,591.9609002244226,46.09796499444515,1.1445130111521848,2.6034217560530792,-1.4589087449008944,608.765048260492,583.2581145813049,0.5673507364000921,0.14065279815147738
2024-12-26,597.7693481445312,6.667669712657806e-05,6.667892006695375e-05,0.01105359617223292,0.005970472398742264,-0.030256642874310565,596.1460174560547,587.0827819824219,545.8399821472168,593.8229416831066,592.3911556259122,46.98189736386355,1.4317860571943584,2.369094616281335,-0.9373085590869765,608.9148401823815,583.3771947297279,0.5635661847325046,0.13954143108007366
2024-12-27,591.4768676757812,-0.01058239935183338,-0.01052660275787276,6.667669712657806e-05,0.01105359617223292,-0.00030719646579944804,596.0559875488282,587.3743054199218,546.2653152465821,593.4620072204411,592.3234305925693,40.97288321363381,1.1385766278718847,2.122991018599445,-0.9844143907275602,608.93488684903,583.1770882486263,0.32222394296633905,0.14436868704538555
2024-12-30,584.7271728515625,-0.01147720749831657,-0.011411595605998581,-0.01058239935183338,6.667669712657806e-05,0.01193953241214011,595.4441986083984,587.52984375,546.6619047546387,592.118186548306,591.7607448339761,38.59608265529405,0.35744171432986604,1.7698811577455291,-1.412439443415663,609.2694041823578,581.6189930344391,0.11240989511858931,0.14765658251807864
2024-12-31,582.5999145507812,-0.003644669396512067,-0.0036380356507244027,-0.01147720749831657,-0.01058239935183338,0.005970472398742264,594.6725494384766,587.5984521484374,547.0652102661132,590.6538370102252,591.0821648129987,38.43433357619516,-0.42832780277353777,1.3302393656417157,-1.7585671684152535,609.5705386236505,579.7745602533028,0.0948233436862146,0.1475372158017153
2025-01-02,581.16845703125,-0.0024600397749125927,-0.0024570163568166103,-0.003644669396512067,-0.01147720749831657,0.01105359617223292,593.8154602050781,587.6574536132813,547.4464430236817,589.1945477826905,590.3478160884248,32.778090410738656,-1.1532683057342865,0.8335378313665154,-1.986806137100802,609.767352064807,577.8635683453492,0.10358923928778889,0.14743674007739205
2025-01-03,588.43505859375,0.012425911796793794,0.012503434201538655,-0.0024600397749125927,-0.003644669396512067,6.667669712657806e-05,593.1359375,587.8679296875,547.8499792480469,589.0777032920843,590.2061303480785,41.977958821704725,-1.1284270559942797,0.4411448538943563,-1.569571909888636,608.7699577158373,577.5019172841626,0.3496586661219765,0.15327044597962713
2025-01-06,591.8247680664062,0.005744021301118861,0.005760549823045968,0.012425911796793794,-0.0024600397749125927,-0.01058239935183338,592.6754364013672,588.2518127441406,548.2469836425781,589.50032864198,590.3260294383251,44.969362589766526,-0.8257007963451315,0.18777572384645874,-1.0134765201915903,607.8661077917592,577.4847650109751,0.47200030488780914,0.15518072522954213
2025-01-07,585.134765625,-0.011368401888733873,-0.01130402579003853,0.005744021301118861,0.012425911796793794,-0.01147720749831657,591.8234680175781,588.4771264648438,548.6020709228516,588.8287035624446,589.9414913780788,38.79876887800018,-1.1127878156341922,-0.07233698404967143,-1.0404508315845207,606.6786484541357,576.9682875810205,0.2748697021505832,0.1592462143924552
2025-01-08,585.9896850585938,0.0014599978421702834,0.0014610641578962635,-0.011368401888733873,0.005744021301118861,-0.003644669396512067,591.1692932128906,588.7235021972656,548.966305847168,588.391931484929,589.6487649840428,40.92124316242338,-1.2568334991137817,-0.3092362870624935,-0.9475972120512882,605.8313001275566,576.5072862982246,0.3233663309380992,0.1589249688124085
2025-01-10,577.0430908203125,-0.015385242615605086,-0.01526749440544617,0.0014599978421702834,-0.011368401888733873,-0.0024600397749125927,590.1609161376953,588.7554772949219,549.2928964233398,586.645955998065,588.715011342285,46.886241378172336,-2.0690553442200326,-0.6612000984940014,-1.4078552457260312,605.8140237921522,574.5078084832384,0.08098335464882164,0.16675956226120803
2025-01-13,577.937744140625,0.0015492092546750074,0.001550409899268912,-0.015385242615605086,0.0014599978421702834,0.012425911796793794,588.9664306640625,588.7867199707031,549.6286863708497,585.3062310969204,587.9166952532732,47.79127144478228,-2.610464156352805,-1.0510529100657622,-1.5594112462870426,604.5167285286384,573.4161327994866,0.14538664726927125,0.16355011301254213
2025-01-14,578.7329711914062,0.0013750277681192629,0.0013759735522442806,0.0015492092546750074,-0.015385242615605086,0.005744021301118861,587.9667572021484,588.868740234375,549.9469895935058,584.294960342226,587.2364193968386,41.98563752432921,-2.9414590546126647,-1.4291341389751429,-1.5123249156375218,603.4456721580707,572.4878422462261,0.20173019113302604,0.16353219830434335
2025-01-15,589.2601318359375,0.018026554588876035,0.018190013648020642,0.0013750277681192629,0.0015492092546750074,-0.011368401888733873,587.4993835449219,589.3865942382813,550.3184211730957,585.0588328797201,587.3863240219571,48.48290660814436,-2.3274911422370224,-1.608805539627519,-0.7186856026095034,602.1688021665075,572.8299649233363,0.5600142492499572,0.1779126580779565
2025-01-16,588.1268920898438,-0.00192500863864641,-0.0019231569978490626,0.018026554588876035,0.0013750277681192629,0.0014599978421702834,586.8475494384766,589.8342309570312,550.688666229248,585.5308419889699,587.4411809158746,41.59713639611905,-1.9103389269047284,-1.669112217082961,-0.2412267098217673,600.0452139763647,573.6498849005884,0.5484685244004506,0.17693722800445302
2025-01-17,594.0316162109375,0.009989816400113571,0.010039881189775057,-0.00192500863864641,0.018026554588876035,-0.015385242615605086,586.6147918701172,590.4243334960937,551.1047770690918,586.8386534077341,587.9293613081015,47.03372138419554,-1.0907079003674198,-1.553431353739853,0.46272345337243315,599.0770073230682,574.1525764171662,0.7975724648968431,0.18078353615872925
2025-01-21,599.4691162109375,0.0091119133383476,0.009153553197527309,0.009989816400113571,-0.00192500863864641,0.0015492092546750074,587.5460571289062,590.9866638183594,551.5452700805664,588.7818015313039,588.7841579675709,56.429935820946824,-0.002356436266950368,-1.2432163702452725,1.2408599339783222,600.9411992278903,574.1509150299222,0.9450516087819477,0.14498865799840555
2025-01-22,602.8389892578125,0.005605687686944714,0.005621428953963337,0.0091119133383476,0.009989816400113571,0.0013750277681192629,588.654736328125,591.3322509765625,552.0338215637207,590.9444457969206,589.8252565816629,65.40934913332018,1.1191892152577338,-0.7707352531446713,1.889924468402405,603.2671946976442,574.0422779586057,0.9853479329417664,0.14548720587830913
2025-01-23,606.1293334960938,0.005443239993051895,0.00545808133998138,0.005605687686944714,0.0091119133383476,0.018026554588876035,589.5792114257813,591.6530920410156,552.512440032959,593.2805823660242,591.0329659827319,69.63009432482693,2.247616383292325,-0.16706492585727212,2.414681309149597,606.1320114334159,573.0264114181467,0.9999191092346648,0.14129299687231114
2025-01-24,604.35986328125,-0.0029235642579762836,-0.0029192948056772083,0.005443239993051895,0.005605687686944714,-0.00192500863864641,590.2392639160156,591.8874206542969,552.9807835388184,594.9850871222128,592.0201435603999,69.23958746850519,2.964943561812902,0.45933677167676273,2.505606790136139,608.0614043998838,572.4171234321474,0.8961532953355325,0.1411285569674497
2025-01-27,595.81103515625,-0.014246258965111898,-0.014145261200149584,-0.0029235642579762836,0.005443239993051895,0.009989816400113571,590.1433410644531,591.9394799804687,553.4034292602539,595.1121560505262,592.3009503452777,55.99163883578325,2.8112057052485397,0.9297105583911183,1.8814951468574215,607.8157601083669,572.4709220205393,0.6603542242211818,0.1459629753102095
2025-01-28,600.930419921875,0.00855559230663517,0.008592295985727194,-0.014246258965111898,-0.0029235642579762836,0.0091119133383476,590.3013946533204,592.13078125,553.8772692871094,596.0072735691953,592.9401703139145,57.194512789698415,3.067103255280813,1.3571890977690573,1.7099141575117556,608.314248795523,572.2885405111177,0.7950400082253405,0.14921252066428692
2025-01-29,598.2365112304688,-0.004492974502896686,-0.004482896192468444,0.00855559230663517,-0.014246258965111898,0.005605687686944714,590.6393768310547,592.2624584960937,554.3185398864746,596.3502332093913,593.3324918632889,61.04964384216015,3.0177413461024116,1.6892995474357282,1.3284417986666834,608.9954946545996,572.2832590075099,0.7069373947270426,0.14484345400462748
2025-01-30,601.4473266601562,0.005352782115928505,0.005367133849927264,-0.004492974502896686,0.00855559230663517,0.005443239993051895,591.4753845214843,592.5344409179687,554.8110614013672,597.1344014325858,593.9335907371309,62.5382944299551,3.2008106954549476,1.9916017770395722,1.2092089184153754,610.2167150860298,572.7340539569389,0.7660414665951377,0.13845953806032646
2025-01-31,598.2464599609375,-0.005336152158447331,-0.005321940188832808,0.005352782115928505,-0.004492974502896686,-0.0029235642579762836,592.2577117919922,592.8929968261718,555.3190830993652,597.3054873600246,594.2530625314869,68.96680497925311,3.05242482853771,2.2037663873391997,0.8486584411985101,610.7436140452613,573.771809538723,0.6619814950575714,0.13940543864848567
2025-02-03,594.2205200195312,-0.006752313154918153,-0.006729567512474888,-0.005336152158447331,0.005352782115928505,-0.014246258965111898,592.9103149414062,593.1234777832032,555.8115040588378,596.8308769999487,594.2506519750457,63.792584657477015,2.5802250249030294,2.2790581148519657,0.30116691005106366,610.6545445008978,575.1660853819146,0.5369191875514308,0.14176383055622524
2025-02-04,598.2066650390625,0.0066857916655959524,0.006708191462994728,-0.006752313154918153,-0.005336152158447331,0.00855559230663517,593.3988952636719,593.3910803222657,556.3385252380372,597.0425366982739,594.5436899797877,65.64951544218414,2.49884671848622,2.3230158355788166,0.17583088290740356,611.1623893663077,575.635401161036,0.6353272545258206,0.13707372829938425
2025-02-05,600.6321411132812,0.004046381166794042,0.004054578820281707,0.0066857916655959524,-0.006752313154918153,-0.004492974502896686,593.8392639160156,593.7032299804688,556.882744140625,597.5947835313519,594.9946863600464,60.50696727551613,2.6000971713054923,2.378432102724152,0.22166506858134039,611.8730722891017,575.8054555429295,0.6883372900702273,0.13639625263511504
2025-02-06,602.7197265625,0.003469621146628922,0.0034756472494952284,0.004046381166794042,0.0066857916655959524,0.005352782115928505,594.7185119628906,593.9943200683593,557.4588633728027,598.3832363053747,595.5669115602282,63.24914300533869,2.8163247451465168,2.4660106312086247,0.350314113937892,612.6799879591813,576.7570359665999,0.7227326585315641,0.12889044468652358
2025-02-07,597.2026977539062,-0.009195707278859539,-0.009153556065037205,0.003469621146628922,0.004046381166794042,-0.005336152158447331,595.2791625976563,594.1386096191407,557.9849502563477,598.2016149897642,595.688080907908,52.89950431339983,2.5135340818561644,2.4755153213381327,0.03801876051803177,612.7877266499265,577.7705985453861,0.5549312653655495,0.13434730469690528
2025-02-10,601.2584228515625,0.006768247230324301,0.006791203577796834,-0.009195707278859539,0.003469621146628922,-0.006752313154918153,596.4899291992188,594.3239868164062,558.5021249389648,598.6718931223485,596.1006988296602,51.67848022993508,2.571194292688233,2.494651115608153,0.07654317708007996,611.9136958639984,581.0661625344391,0.654582656622803,0.12097486061184508
2025-02-11,601.7157592773438,0.0007603429144338427,0.0007606320483832807,0.006768247230324301,-0.009195707278859539,0.0066857916655959524,597.6788299560546,594.456689453125,559.0227676391602,599.140180223117,596.5166292331924,48.88543807861468,2.623550989924638,2.52043109047145,0.10311989945318789,610.5330389778045,584.8246209343048,0.6570275274992984,0.12105102350819819
2025-02-12,599.7772827148438,-0.0032267823062164043,-0.003221581839285892,0.0007603429144338427,0.006768247230324301,0.004046381166794042,598.7310455322265,594.5866857910156,559.5431694030761,599.238195991075,596.7581591207221,43.52320449278212,2.480036870352933,2.512352246447747,-0.03231537609481405,608.0008103365619,589.4612807278911,0.5564327792938131,0.12246800829069791
2025-02-13,606.1094360351562,0.010502166451318804,0.010557507766300267,-0.0032267823062164043,0.0007603429144338427,0.003469621146628922,599.5735107421875,594.7696154785157,560.071750946045,600.2953098440106,597.4508462995691,51.63207417183551,2.84446354444151,2.5787745060465,0.2656890383950099,608.2635903896672,590.8834310947078,0.8760566967222374,0.11167018401935062
2025-02-14,606.0796508789062,-4.914275599000323e-05,-4.914154850454988e-05,0.010502166451318804,-0.0032267823062164043,-0.009195707278859539,600.4711486816407,594.9305505371094,560.5913229370117,601.1852084647638,598.0900170091496,61.38916681672513,3.095191455614213,2.6820578959600425,0.4131335596541703,607.7822470054559,593.1600503578254,0.8835608515205149,0.11112441792156127
2025-02-18,607.8590087890625,0.002931547109563111,0.0029358482958072862,-4.914275599000323e-05,0.010502166451318804,0.006768247230324301,601.1625183105468,595.1215258789063,561.1595661926269,602.2119469761944,598.8136460298839,58.29957974960446,3.398300946310542,2.8253065060301426,0.5729944402803993,608.5245948636806,593.8004417574131,0.954796308499755,0.10671201173502595
2025-02-19,609.2904663085938,0.002352148538518956,0.002354917010085833,0.002931547109563111,-4.914275599000323e-05,0.0007603429144338427,601.6535858154297,595.2668249511719,561.7429908752441,603.3009499504097,599.5897067912698,63.654224857281584,3.71124315913994,3.002493836652102,0.7087493224878378,609.8076780418862,593.4994935889731,0.9682851432796935,0.10264323007383573
2025-02-20,606.755615234375,-0.004169011000715617,-0.004160332738465833,0.002352148538518956,0.002931547109563111,-0.0032267823062164043,601.8494171142578,595.3812414550781,562.2907035827636,603.8324369171736,600.1205148240924,56.66833814073812,3.7119220930811707,3.144379487937916,0.5675426051432546,610.3058979064571,593.3929363220585,0.7900850980849481,0.10245337851671445
2025-02-21,596.3776245117188,-0.017252034572690974,-0.017104070340819955,-0.004169011000715617,0.002352148538518956,0.010502166451318804,601.3618316650391,595.2653112792968,562.7557104492188,602.6855427009498,599.8432636898425,48.011001560329944,2.84227901110728,3.083959392571789,-0.241680381464509,609.9033754518047,592.8202878782735,0.20823733520848306,0.11791789062879733
2025-02-24,593.663818359375,-0.0045608678132555225,-0.0045504828497978655,-0.017252034572690974,-0.004169011000715617,-4.914275599000323e-05,600.8270294189454,595.1571240234375,563.1811570739746,601.2975851099383,599.3855269986967,49.390479423585056,1.9120581112415493,2.8495791363057412,-0.9375210250641919,609.901009630456,591.7530492074347,0.10528836890763714,0.11844897690959841
2025-02-25,590.71142578125,-0.004985579879551672,-0.004973172504068257,-0.0045608678132555225,-0.017252034572690974,0.002931547109563111,600.5720489501953,595.0271398925781,563.5890357971191,599.668945213217,598.7430009825895,41.60355762682661,0.925944230627465,2.464852155170086,-1.5389079245426212,610.4871224605249,590.6569754398656,0.0027458364946893366,0.1087678544352093
2025-02-26,591.0096435546875,0.0005047177163993847,0.0005048451078173422,-0.004985579879551672,-0.0045608678132555225,0.002352148538518956,600.0760101318359,594.8107836914063,563.998159790039,598.3367449580585,598.1701596916338,38.681056429946835,0.16658526642470406,2.00519877742101,-1.8386135109963058,610.8693445262004,589.2826757374714,0.08000158959763931,0.10357709650719778
2025-02-27,581.5759887695312,-0.016090694041481505,-0.01596193038140048,0.0005047177163993847,-0.004985579879551672,-0.004169011000715617,599.2429840087891,594.4677746582031,564.3454461669921,595.7581670829004,596.9409618455521,28.793590432662924,-1.1827947626517243,1.3676000694064632,-2.5503948320581875,612.8413175264225,585.6446504911557,-0.14960148301806758,0.11640094126355754
2025-02-28,590.6517944335938,0.015485022872855856,0.015605537091145427,-0.016090694041481505,0.0005047177163993847,-0.017252034572690974,598.7032073974609,594.3086584472657,564.7348129272461,594.9725712906993,596.4750975928144,43.86745988394283,-1.5025263021151432,0.7935747951021419,-2.296101097217285,612.7816862302067,584.6247285647152,0.2140524534106616,0.1290773508938145
2025-03-03,580.3036499023438,-0.017675162597188758,-0.017519873178703183,0.015485022872855856,-0.016090694041481505,-0.0045608678132555225,597.8060668945312,593.8914599609375,565.0720944213867,592.7158141540292,595.2772125787055,32.45094721733504,-2.5613984246763266,0.12258015114644827,-2.683978575822775,614.1168951726689,581.4952386163935,-0.03652753538111008,0.14152554472717035
2025-03-04,573.4346313476562,-0.011907552742593358,-0.011836938395689,-0.017675162597188758,0.015485022872855856,-0.004985579879551672,596.7667724609375,593.3864172363282,565.3632659912109,589.7494783376642,593.6592435986278,28.612206087349875,-3.9097652609635816,-0.6838889312755577,-3.225876329688024,616.3584617927003,577.1750831291748,-0.09546016472031392,0.14518784076473026
2025-03-05,579.5978393554688,0.010690534503495684,0.01074788244534175,-0.011907552742593358,-0.017675162597188758,0.0005047177163993847,595.8363311767578,593.3614978027343,565.6533551025391,588.1876877250187,592.6176580991346,35.65575192980508,-4.4299703741158964,-1.4331052198436256,-2.996865154272271,616.855607719573,574.8170546339426,0.11372381708257086,0.14893271092109459
2025-03-06,569.309326171875,-0.01791056497354898,-0.017751124115705674,0.010690534503495684,-0.011907552742593358,-0.016090694041481505,594.2701904296875,593.1343762207031,565.897367553711,585.2833244091504,590.8911149934116,25.23419227795992,-5.607790584261238,-2.268042292727148,-3.33974829153409,618.2448423951546,570.2955384642205,-0.02056781249141872,0.15804569646515815
2025-03-07,572.5001831054688,0.005589137617295789,0.005604785986995209,-0.01791056497354898,0.010690534503495684,0.015485022872855856,592.7592132568359,592.8315832519531,566.1535931396485,583.3166872855071,589.5288237424529,28.3238775156415,-6.212136456945814,-3.0568611255708813,-3.1552753313749324,618.252664295379,567.2657622182928,0.1026620695499818,0.15931314995907284
2025-03-10,557.2513427734375,-0.026996673357371437,-0.026635520445278282,0.005589137617295789,-0.01791056497354898,-0.017675162597188758,590.7616455078125,592.1534338378906,566.3305712890625,579.3066342836502,587.1378992262296,22.171191828931683,-7.831264942579423,-4.01174188897259,-3.819523053606833,620.6680257155302,560.8552653000949,-0.06025340582220182,0.18028031039713693
2025-03-11,552.6189575195312,-0.00834766396166817,-0.008312918961937199,-0.026996673357371437,0.005589137617295789,-0.011907552742593358,588.3296722412109,591.2512231445312,566.4779885864258,575.2008378584011,584.5809405812889,19.896471766088183,-9.380102722887841,-5.085414055755641,-4.2946886671322,622.2793328839255,554.3800115984964,-0.02593625452546359,0.17685574224004705
2025-03-12,555.551513671875,0.0052926207187431965,0.005306651377843918,-0.00834766396166817,-0.026996673357371437,0.010690534503495684,586.0214599609375,590.4068664550781,566.6475997924805,572.1778649066279,582.4306126620731,22.91516003058041,-10.252747755445284,-6.1188807956935705,-4.133866959751714,622.3341832604559,549.708736661419,0.08045082383745983,0.17926313918357714
2025-03-13,548.1456909179688,-0.013420227709884373,-0.013330577942193056,0.0052926207187431965,-0.00834766396166817,-0.01791056497354898,583.4398803710938,589.5402429199219,566.7992321777343,568.480607369911,579.8909888291765,23.659073818272972,-11.410381459265523,-7.177180928407962,-4.233200530857561,622.8445983791955,544.035162362992,0.05215782224518951,0.18231237115466623
2025-03-14,559.4680786132812,0.020445361754494778,0.02065579987749455,-0.013420227709884373,0.0052926207187431965,0.005589137617295789,581.1078125,589.0350610351562,566.9903457641601,567.0940644842757,578.3781806650362,32.929750507449185,-11.28411618076052,-7.998567978878475,-3.2855482018820457,620.3840106506885,541.8316143493115,0.22451847549379692,0.1960629259381868
2025-03-17,563.7823486328125,0.007681797629965697,0.0077113783331923536,0.020445361754494778,-0.013420227709884373,-0.026996673357371437,578.9929473876953,588.6587097167969,567.2012097167968,566.5845697378967,577.2970079219085,36.737539107495415,-10.71243818401183,-8.541342019905146,-2.171096164106684,617.1465694628187,540.8393253125719,0.3006663859471385,0.20001178938848846
2025-03-18,557.688720703125,-0.010867311813676478,-0.01080847590291667,0.007681797629965697,0.020445361754494778,-0.00834766396166817,576.4844329833984,588.1891149902344,567.399868774414,565.2159775787011,575.8445422019987,34.475771135563804,-10.62856462329762,-8.958786540583642,-1.6697780827139788,613.217717334709,539.7511486320877,0.24415965503500162,0.20001705408957715
2025-03-19,563.762451171875,0.010832018385081838,0.01089089709595048,-0.010867311813676478,0.007681797629965697,0.0052926207187431965,574.2080322265625,587.6956628417969,567.6460760498047,564.9923581314971,574.9495724960636,41.43243543143852,-9.95721436456654,-9.158472105380222,-0.7987422591863176,607.8979818193359,540.5180826337892,0.344974819182749,0.20593881274077488
2025-03-20,562.1321411132812,-0.002896028117041822,-0.0028918386728397083,0.010832018385081838,-0.010867311813676478,-0.013420227709884373,571.9768585205078,587.1018103027344,567.8607000732422,564.5523247440793,574.000133134376,35.225070828695735,-9.4478083902967,-9.216339362363518,-0.2314690279331817,602.3369070827212,541.6168099582944,0.3378672322105663,0.20596494464238743
2025-03-21,562.317626953125,0.00032991396644615047,0.00032996839404408895,-0.002896028117041822,0.010832018385081838,0.020445361754494778,570.2738586425781,586.6454675292969,568.0741348266602,564.2085250839325,573.1347623061353,39.58551713169939,-8.926237222202758,-9.158318934331367,0.2320817121286094,598.625518050635,541.9221992345213,0.3596866663968147,0.2001294307189883
2025-03-24,572.3878784179688,0.017750007931702762,0.01790847553438546,0.00032991396644615047,-0.002896028117041822,0.007681797629965697,569.2100616455078,586.3734313964844,568.3350164794922,565.4668871353227,573.0794375736784,49.41556299515275,-7.612550438355697,-8.849165235136233,1.236614796780536,595.379044455386,543.0410788356297,0.5607172390984446,0.21298990290169495
2025-03-25,573.7637939453125,0.002400932130490491,0.002403816676108894,0.017750007931702762,0.00032991396644615047,-0.010867311813676478,568.362680053711,586.3078454589844,568.571863708496,566.7433343368597,573.1301306382439,46.558692501164685,-6.3867963013842655,-8.35669144838584,1.9698951470015746,592.6284935547131,544.0968665527088,0.6112906000736071,0.21314983325109557
2025-03-26,566.9140625,-0.01201007583566046,-0.011938242736113436,0.002400932130490491,0.017750007931702762,0.010832018385081838,567.1579010009766,586.0873718261719,568.77451171875,566.769600208112,572.6696811465222,48.52737217512428,-5.900080938410156,-7.865369346390703,1.9652884079805473,588.9566203443111,545.3591816576421,0.49440704526866697,0.21623027326132577
2025-03-27,565.4085083007812,-0.002659233552798214,-0.0026557009233101336,-0.01201007583566046,0.002400932130490491,-0.002896028117041822,566.3495269775391,585.8208825683594,568.9728314208984,566.560201453138,572.1318164912822,45.54771634136397,-5.571615038144159,-7.406618484741395,1.835003446597236,587.0693854025652,545.629668552513,0.477291865189068,0.20985049694720187
2025-03-28,554.0221557617188,-0.020343815134763906,-0.02013827590476458,-0.002659233552798214,-0.01201007583566046,0.00032991396644615047,564.5180450439453,585.116123046875,569.1060974121094,564.6312713467659,570.7903601409441,47.869321728512595,-6.159088794178274,-7.157112546628772,0.9980237524504982,582.4859221619274,546.5501679259633,0.20792628385346656,0.21013114591880724
2025-03-31,557.7411499023438,0.0066902873903083365,0.006712717356062825,-0.020343815134763906,-0.002659233552798214,0.017750007931702762,563.3899200439453,584.508408203125,569.2516079711914,563.5712526630086,569.8237519751218,53.42095308286075,-6.252499312113173,-6.976189899725652,0.7236905876124791,579.9638345852394,546.8160055026511,0.3295885342135821,0.20562209862274197
2025-04-01,559.3164672851562,0.002820478376210795,0.002824459667514878,0.0066902873903083365,-0.020343815134763906,0.002400932130490491,562.6840118408203,583.8141052246094,569.383286743164,562.9166702971852,569.04543459068,52.560922853885614,-6.128764293494783,-6.806704778479478,0.6779404849846955,578.6479858855807,546.7200377960598,0.394526746716639,0.20282055918690697
2025-04-02,562.8560791015625,0.00630851924999545,0.006328459867428915,0.002820478376210795,0.0066902873903083365,-0.01201007583566046,561.846923828125,583.0818444824218,569.5272979736328,562.9073485747817,568.5869638137084,60.561504004795765,-5.679615238926658,-6.581286870568915,0.901671631642257,575.6916867658645,548.0021608903855,0.536445379309697,0.19997646920044024
2025-04-03,535.1180419921875,-0.0505366015173151,-0.04928086972721479,0.00630851924999545,0.002820478376210795,-0.002659233552798214,560.1373596191406,581.7274255371094,569.5309939575195,558.632070638998,566.1077844195217,35.8524101021234,-7.4757137805237335,-6.7601722525598795,-0.715541527963854,577.9714571710194,542.3032620672618,-0.20144613581294876,0.26006748634463994
2025-04-04,503.7906494140625,-0.060326558165215545,-0.058542957104373516,-0.0505366015173151,0.00630851924999545,-0.020343815134763906,556.7018829345703,579.6806518554688,569.3567874145508,550.1949289120848,561.4917003450433,23.471507289435507,-11.296771432958508,-7.667492088639605,-3.6292793443189026,586.7783600657408,526.6254058033999,-0.3796115530710217,0.3274036603811668
2025-04-07,502.893310546875,-0.0017827622978826335,-0.001781174121098017,-0.060326558165215545,-0.0505366015173151,0.0066902873903083365,553.9839813232422,577.6513208007813,569.1712521362305,542.9177568558987,557.1510788785123,24.60212921973873,-14.233322022613606,-8.980658075434405,-5.252663947179201,592.493432075421,515.4745305710635,-0.16335236907367073,0.31846952559044006
2025-04-08,495.0166015625,-0.015786740816997092,-0.01566278337607918,-0.0017827622978826335,-0.060326558165215545,0.002820478376210795,551.1038635253906,575.6354321289062,568.9536676025391,535.548348349222,552.5485250032522,18.659861053297035,-17.000176654030156,-10.584561791153556,-6.4156148628766,597.7910229279652,504.41670412281604,-0.10067117683537707,0.32055372178575087
2025-04-09,547.0029296875,0.0998628578098975,0.10501936290804648,-0.015786740816997092,-0.0017827622978826335,0.00630851924999545,550.6764343261718,574.5568823242188,568.9996249389649,537.310591632034,552.1377401650483,45.273096944638425,-14.827148533014338,-11.433079139525713,-3.394069393488625,597.3486704194505,504.0041982328932,0.4606457184595781,0.4924705492046762
2025-04-10,523.0337524414062,-0.04480816012689667,-0.04381910213860685,0.0998628578098975,-0.015786740816997092,-0.0505366015173151,549.4208374023438,573.0528271484375,568.9344775390625,535.1141548334758,549.9818892225562,39.3143898052,-14.867734389080397,-12.12001018943665,-2.7477241996437467,597.7031136124303,501.13856119225716,0.22674149778977273,0.5152368261253871
2025-04-11,532.3661499023438,0.017685506101808496,0.017842820692500094,-0.04480816012689667,0.0998628578098975,-0.060326558165215545,548.0657409667969,571.6712036132812,568.9056701660156,534.6913848440709,548.6770196432813,39.06981147926832,-13.985634799210402,-12.493135111391402,-1.4924996878190004,596.6808480273284,499.45063390626535,0.3385317649829993,0.5137085959097054
2025-04-14,537.5308837890625,0.009654712262170089,0.009701469350871017,0.017685506101808496,-0.04480816012689667,-0.0017827622978826335,546.7531677246094,570.4568920898438,568.8993286132812,535.1282308356081,547.8513799503761,40.305195908075405,-12.723149114768034,-12.539137912066728,-0.18401120270130633,594.9977212820916,498.5086141671272,0.4044215019571199,0.5142737778624457
2025-04-15,536.0253295898438,-0.002804799911658227,-0.0028008701353233745,0.009654712262170089,0.017685506101808496,-0.015786740816997092,545.6699981689453,569.29298828125,568.8812121582031,535.2662460285674,546.9753762199663,41.49180873015899,-11.709130191398913,-12.373136367933165,0.6640061765342526,593.8534973518925,497.4864989859981,0.3999173083872358,0.5133052474060139
2025-04-16,524.1105346679688,-0.022478810553387896,-0.0222280445795201,-0.002804799911658227,0.009654712262170089,0.0998628578098975,543.68740234375,567.8110656738281,568.8141397094727,533.5499827423214,545.2816842531516,39.24155050552912,-11.731701510830248,-12.244849396512583,0.5131478856823346,591.9993175262438,495.3754871612563,0.29739089620198783,0.5158891771079743
2025-04-17,524.8583374023438,0.0014257865623429928,0.0014268034792483952,-0.022478810553387896,-0.002804799911658227,-0.04480816012689667,541.8237121582031,566.2955895996093,568.7452746582031,532.212806536171,543.7688437456843,41.9567696991978,-11.556037209513306,-12.10708695911273,0.5510497495994233,590.0153339065387,493.6320904098675,0.32398003905683803,0.5162005661374853
2025-04-21,512.3652954101562,-0.0240905544202062,-0.023802693225792537,0.0014257865623429928,-0.022478810553387896,0.017685506101808496,539.3260955810547,564.4885009765625,568.5958206176758,529.1593432860149,541.4426549800896,38.063272660479285,-12.283311694074769,-12.142331906105138,-0.14097978796963062,588.2182215951381,490.4339695669713,0.22428280002456447,0.5210962081559428
2025-04-22,525.6959228515625,0.02568511389872013,0.02601781885077692,-0.0240905544202062,0.0014257865623429928,0.009654712262170089,536.9914978027343,563.0583654785156,568.5009201049804,528.6265093730221,540.2762303779765,41.67080727872725,-11.649721004954358,-12.043809725874983,0.3940887209206245,583.6442646815664,490.3387309239023,0.3789399246082335,0.5263552908008035
2025-04-23,533.841796875,0.01537658239348734,0.015495410311062274,0.02568511389872013,-0.0240905544202062,-0.002804799911658227,534.9953979492187,561.7100329589844,568.4310446166992,529.4288612964034,539.7996056740524,42.97236133508133,-10.370744377648975,-11.709196656229782,1.3384522785808066,578.3211255258791,491.66967037255836,0.4866868816896664,0.5305300788017387
2025-04-24,545.07861328125,0.020830494281085556,0.021048963329638015,0.01537658239348734,0.02568511389872013,-0.022478810553387896,533.9036254882812,560.5772900390625,568.4141925048829,531.8365154479183,540.1906432745856,52.62218851529184,-8.354127826667309,-11.03818289031729,2.6840550636499803,574.8794705560148,492.9277804205477,0.6363606751062287,0.5364047971788891
2025-04-25,549.0169677734375,0.007199318909320481,0.007225296308140727,0.020830494281085556,0.01537658239348734,0.0014257865623429928,533.0840484619141,559.5620837402344,568.4143655395508,534.4796619595367,540.8444450893153,63.91240413240768,-6.36478312977863,-10.103502938209559,3.738719808430929,572.0111483965537,494.1569485272745,0.7046507360974167,0.5373759134705018
2025-04-28,549.226318359375,0.0003812462887170337,0.0003813189723198551,0.007199318909320481,0.020830494281085556,-0.0240905544202062,532.8442565917969,558.4244213867188,568.3884237670899,536.7483783287425,541.4653245908012,64.313426171743,-4.716946262058627,-9.026191602979372,4.309245340920745,571.2843242476922,494.40418893590163,0.713085756172774,0.5327376408550096
2025-04-29,552.6860961914062,0.006279608352885647,0.006299366429427744,0.0003812462887170337,0.007199318909320481,0.02568511389872013,532.59150390625,557.3565502929688,568.4036834716796,539.2003349229985,542.2964928575127,68.31537766984607,-3.096157934514167,-7.840184869286331,4.7440269347721635,570.4036432279029,494.77936458459703,0.7657161515541284,0.5326667821619542
2025-04-30,552.9054565429688,0.0003968198814443398,0.00039689862486880223,0.006279608352885647,0.0003812462887170337,0.01537658239348734,532.2709533691407,556.2574792480468,568.4027053833008,541.3088151722247,543.0823420193983,52.79296743006101,-1.7735268471735708,-6.626853264863779,4.853326417690208,569.2281914795685,495.3137152587128,0.7791672785743945,0.5325385587235174
2025-05-01,556.8238525390625,0.007061924468366035,0.007086918658016916,0.0003968198814443398,0.006279608352885647,0.020830494281085556,531.9693420410156,555.2081469726562,568.4137139892578,543.6957439978921,544.1002316875216,69.73331612899547,-0.4044876896294909,-5.382380149816921,4.97789246018743,567.9614564852184,495.9772275968127,0.8452771653160017,0.5326744451449638
2025-05-02,565.0894165039062,0.014735031209223506,0.014844126966101712,0.007061924468366035,0.0003968198814443398,0.007199318909320481,533.4679107666016,554.3748229980469,568.4496051025391,546.9870782295866,545.654986118365,69.35141792057566,1.332092111221641,-4.039485697609209,5.37157780883085,572.3886515282562,494.5471700049469,0.9062294951032729,0.5008551216304744
2025-05-05,561.8489990234375,-0.005750849143978881,-0.005734344664454216,0.014735031209223506,0.007061924468366035,0.0003812462887170337,536.3708282470703,553.6842504882812,568.5084072875976,549.2735275824867,546.8545426298518,64.7158243089515,2.4189849526349008,-2.7477915675603866,5.166776520195287,574.6265385827295,498.1151179114112,0.8329982707525141,0.44396625033284665
2025-05-06,557.1528930664062,-0.008393432683426724,-0.008358306173355534,-0.005750849143978881,0.014735031209223506,0.006279608352885647,539.0838073730469,552.9540319824218,568.5648660278321,550.485737656936,547.6173834029299,62.30976362966514,2.8683542540060216,-1.6245624032471047,4.492916657253126,574.9653872688398,503.2022274772539,0.7517877661161455,0.44601077481365287
2025-05-07,559.4959716796875,0.004196631772184593,0.004205449962551011,-0.008393432683426724,-0.005750849143978881,0.0003968198814443398,542.3077758789062,552.3297229003906,568.6511639404297,551.87192750659,548.4972788308379,73.20521841735972,3.374648675752155,-0.6247201874472528,3.999368863199408,572.6823681017113,511.9331836561011,0.7829370625735758,0.4391733660335178
2025-05-08,563.3944702148438,0.006943712500491011,0.006967875967815118,0.004196631772184593,-0.008393432683426724,0.007061924468366035,543.1273529052735,551.7774194335938,568.7290023803711,553.6446263847829,549.6007744889124,74.2685338081137,4.043851895870489,0.30899422921629566,3.7348576666541935,574.8882868005346,511.3664190100123,0.8190573264691411,0.2657238172943433
2025-05-09,562.6765747070312,-0.0012750449597459374,-0.0012742324352930101,0.006943712500491011,0.004196631772184593,0.014735031209223506,545.1094940185546,551.3994311523437,568.8075479125977,555.034156895898,550.5693522828471,87.20141386132894,4.464804613050887,1.140156305983214,3.3246483070676733,576.5367266097312,513.6822614273781,0.779488189701576,0.2025827392987271
2025-05-12,581.2716064453125,0.03251313318049045,0.033047460253633476,-0.0012750449597459374,0.006943712500491011,-0.005750849143978881,547.5547668457032,551.2118273925781,569.0410470581055,559.070687595808,552.8435933319187,88.1258478905321,6.227094263889285,2.1575438975644285,4.069550366324856,582.2478736281358,512.8616600632705,0.9859299544871305,0.22210200635414623
2025-05-13,585.1102905273438,0.00658223168840516,0.006603942183768696,0.03251313318049045,-0.0012750449597459374,-0.008393432683426724,549.9337371826172,551.3079602050781,569.307666015625,563.0767803545058,555.2337190500983,87.38005875908154,7.843061304407456,3.2946473789330346,4.548413925474422,588.0855240807506,511.78195028448374,0.9610079396628156,0.22140351743368394
2025-05-14,585.8580932617188,0.0012772383035912702,0.0012780543198120942,0.00658223168840516,0.03251313318049045,0.004196631772184593,552.4253753662109,551.5564294433593,569.5482446289062,566.5815977248462,557.5021912139221,85.10127464093918,9.079406510924173,4.451599205331263,4.62780730559291,593.1732648120919,511.67748592032984,0.9102386448740031,0.22015125293387805
2025-05-15,588.7196044921875,0.004872418226688665,0.004884307758791007,0.0012772383035912702,0.00658223168840516,0.006943712500491011,555.6558288574219,551.7388647460938,569.8015502929687,569.9874449198218,559.8145921974973,84.81986476475147,10.172852722324478,5.595849908729907,4.5770028135945715,597.1887685224758,514.1228891923679,0.8980428053180364,0.19585372771240664
2025-05-16,592.4485473632812,0.006314012536880447,0.006333987933543117,0.004872418226688665,0.0012772383035912702,-0.0012750449597459374,559.0353393554688,552.2016491699219,570.0871313476563,573.4429991418925,562.2319222097776,85.70251708863503,11.211076932114906,6.718895313406907,4.492181618707999,601.0139703800054,517.0567083309321,0.8979787714883124,0.19516906262540357
2025-05-19,593.0966186523438,0.0010932883405744703,0.0010938861981293346,0.006314012536880447,0.004872418226688665,0.03251313318049045,563.0719055175781,552.6135778808593,570.3324447631836,576.4666329127311,564.518196020338,85.00603802155922,11.948436892393147,7.764803629204156,4.183633263188991,601.5335784857025,524.6102325494537,0.890319905736407,0.16106752346602468
2025-05-20,591.1025390625,-0.0033678143775373102,-0.003362149651729207,0.0010932883405744703,0.006314012536880447,0.00658223168840516,566.342236328125,553.2906018066407,570.6063079833984,578.7183107819263,566.4874066160537,82.10158286577803,12.23090416587263,8.658023736537851,3.572880429334779,602.4751122464968,530.2093604097531,0.8426284526909968,0.14973833737949946
2025-05-21,581.1419677734375,-0.016994425576383216,-0.016850834890440813,-0.0033678143775373102,0.0010932883405744703,0.0012772383035912702,568.7072448730469,553.8610620117188,570.8802963256836,579.0911810883126,567.5729296647488,68.55317738087034,11.518251423563811,9.230069273943045,2.2881821496207664,601.9603906933187,535.4540990527751,0.6869706247883796,0.16569854900267575
2025-05-22,581.371337890625,0.0003946107438880852,0.00039468861295000046,-0.016994425576383216,-0.0033678143775373102,0.004872418226688665,570.5218811035156,554.3774584960937,571.2320770263672,579.4419744425145,568.5950339777767,64.15817748155413,10.846940464737827,9.553443512102001,1.2934969526358255,602.2729674042481,538.7707948027831,0.6708517416435463,0.15403622476338297
2025-05-23,577.4030151367188,-0.006849199340437993,-0.006825797034137326,0.0003946107438880852,-0.016994425576383216,0.006314012536880447,571.9411834716797,554.9626049804688,571.540458984375,579.128288395469,569.2474770265871,63.35613889625547,9.880811368881837,9.61891708345797,0.2618942854238675,602.1447902973096,541.7375766460498,0.5904168779671098,0.15726443418105132
2025-05-27,589.4075927734375,0.020577463293298785,0.02079063898527833,-0.006849199340437993,0.0003946107438880852,0.0010932883405744703,573.9502471923828,555.5613952636719,571.9260998535157,580.7097198382334,570.7408189337613,74.60821849426635,9.968900904472093,9.688913847660794,0.279987056811299,603.119836534047,544.7806578507186,0.7649565168710882,0.16948564879081646
2025-05-28,585.9976196289062,-0.005802224926641687,-0.005785424528526595,0.020577463293298785,-0.006849199340437993,-0.0033678143775373102,575.6158233642578,556.0057006835938,572.2354782104492,581.5232428829522,571.8709523185869,69.89513658452992,9.65229056436533,9.681589191001702,-0.02929862663637195,603.4465169893751,547.7851297391405,0.6865170233356815,0.17228906348304415
2025-05-29,588.310791015625,0.003939636908999939,0.00394740747954514,-0.005802224926641687,0.020577463293298785,-0.016994425576383216,577.3860900878906,556.6181420898438,572.5448660278321,582.5674810572095,573.088718147997,69.16109288386349,9.478762909212492,9.641023934643862,-0.1622610254313699,603.5910523275631,551.181127848218,0.7084471793513053,0.17205800766396703
2025-05-30,587.6527709960938,-0.0011191164581360535,-0.0011184904808482221,0.003939636908999939,-0.005802224926641687,0.0003946107438880852,578.9275360107422,557.0959484863281,572.8495809936524,583.3498333554994,574.1675368774858,69.22484247477624,9.182296478013654,9.54927844331782,-0.3669819653041664,603.6231705348846,554.2319014865998,0.6766554120490768,0.17201227213206532
2025-06-02,590.9629516601562,0.005617079941971519,0.00563288531499917,-0.0011191164581360535,0.003939636908999939,-0.006849199340437993,580.2212127685547,557.6725646972657,573.1275366210938,584.5210823254466,575.4116416762021,59.755089101514166,9.109440649244561,9.46131088450317,-0.35187023525860894,604.5729723241626,555.8694532129467,0.7205536496669269,0.1665038282100707
2025-06-03,594.3330078125,0.005686453592480352,0.005702652159287558,0.005617079941971519,-0.0011191164581360535,0.020577463293298785,581.8454132080078,558.3128723144531,573.4138973999023,586.0306093234549,576.8132243529649,59.371794251577526,9.217384970490002,9.412525701700538,-0.195140731210536,605.3563642914266,558.334462124589,0.7655697457790022,0.16415809409453827
2025-06-04,594.1734619140625,-0.00026848133091367276,-0.000268445293026387,0.005686453592480352,0.005617079941971519,-0.005802224926641687,583.6964416503906,558.748583984375,573.6534335327149,587.283355875856,578.0991678760091,58.5520212019369,9.184187999846927,9.366858161329816,-0.18267016148288917,604.7195718048712,562.6733114959101,0.7491784093682872,0.1592638532964926
2025-06-05,591.3019409179688,-0.004844514876118771,-0.004832799140579991,-0.00026848133091367276,0.005686453592480352,0.003939636908999939,585.2867401123046,559.0993469238281,573.8724884033203,587.9015997284888,579.0771510643025,52.655282134317396,8.82444866418632,9.258376261901118,-0.4339275977147974,603.1809726170444,567.3925076075649,0.668076524211665,0.16174017511568134
2025-06-06,597.3740234375,0.010216636860428199,0.010269004884551292,-0.004844514876118771,-0.00026848133091367276,-0.0011191164581360535,586.9857177734375,559.7085461425781,574.0957299804687,589.3588956837214,580.4324749437986,54.831783590891945,8.926420739922719,9.191985157505439,-0.26556441758271987,602.410013922147,571.561421624728,0.8367513682279656,0.16327182050486555
2025-06-09,597.9124145507812,0.0009008571210730573,0.0009012630147242628,0.010216636860428199,-0.004844514876118771,0.005617079941971519,588.747509765625,560.3586242675781,574.3261575317383,590.674821663269,581.7272852850566,54.734377550138724,8.947536378212362,9.143095401646823,-0.19555902343446085,599.9532167313774,577.5418027998725,0.9089391598926599,0.1627105982800716
2025-06-10,601.3023681640625,0.005653637182822756,0.0056696491505836555,0.0009008571210730573,0.010216636860428199,0.005686453592480352,589.7490478515625,561.304228515625,574.5640530395508,592.3098288172372,583.1772914242422,59.75953036705841,9.132537392995005,9.14098379991646,-0.008446406921455818,601.6973676546891,577.800728048436,0.9834705005751855,0.12067934937703677
2025-06-11,599.5874633789062,-0.0028560587421569386,-0.0028519840864627,0.005653637182822756,0.0009008571210730573,-0.00026848133091367276,590.4729064941406,562.1411547851562,574.8151034545898,593.4294649036478,584.3928597171803,70.95599401437605,9.036605186467568,9.120108077226682,-0.08350289075911377,602.9790571320549,577.9667558562263,0.864402970532495,0.12025844966861104
2025-06-12,601.9703979492188,0.003966413555468063,0.003974290184260543,-0.0028560587421569386,0.005653637182822756,-0.004844514876118771,591.2785217285157,562.9942333984375,575.0488818359376,594.7434546029665,585.6948995862202,72.31091631464477,9.048555016746263,9.1057974651306,-0.05724244838433634,604.5833175272516,577.9737259297798,0.9018053483285681,0.12065300949694602
2025-06-13,595.2402954101562,-0.01124308940876711,-0.011180122082398825,0.003966413555468063,-0.0028560587421569386,0.010216636860428199,591.6045562744141,563.6419177246094,575.2556271362305,594.8198916502265,586.4019659435488,68.22905361068072,8.417925706677693,8.968223113440018,-0.5502974067623256,604.96478934202,578.2443232068082,0.6360657077367007,0.1277751987144036
2025-06-16,600.903564453125,0.009469281330510428,0.00951425682474416,-0.01124308940876711,0.003966413555468063,0.0009008571210730573,592.0273071289063,564.9576281738281,575.4868862915039,595.7558413122109,587.4761584257396,63.49796043560394,8.279682886471278,8.830515068046271,-0.550832181574993,606.020087580559,578.0345266772536,0.8171727504368272,0.13013191142113686
2025-06-17,595.768798828125,-0.008581792804663618,-0.008545074332639513,0.009469281330510428,-0.01124308940876711,0.005653637182822756,592.1609161376953,566.7971911621094,575.7085711669922,595.7578347761977,588.0904280851755,61.02620403136825,7.667406691022165,8.597893392641451,-0.9304867016192855,606.2474035285122,578.0744287468783,0.6280618294090026,0.1342200315832967
2025-06-18,595.6790161132812,-0.0001507119554675945,-0.00015070059899136012,-0.008581792804663618,0.009469281330510428,-0.0028560587421569386,592.3897399902344,568.6529052734375,575.9295602416992,595.7457088280566,588.6525457168871,58.753874021252194,7.093163111169588,8.29694733634708,-1.2037842251774915,606.552314924122,578.2271650563467,0.6161256388192669,0.13356212183507846
2025-06-20,594.280029296875,-0.002351320352328659,-0.00234855816398305,-0.0001507119554675945,-0.008581792804663618,0.003966413555468063,593.0466430664062,570.638173828125,576.1172320556641,595.5202196694133,589.0693963524418,57.7373376905635,6.450823316971537,7.927722532471972,-1.4768992155004348,606.1950141273527,579.8982720054597,0.5469026248480399,0.11742933208641256
2025-06-23,600.1500244140625,0.009829026584035939,0.00987749011881256,-0.002351320352328659,-0.0001507119554675945,-0.01124308940876711,593.9855773925781,571.7011157226563,576.3915402221679,596.2324973224363,589.8901836162656,60.120977556753616,6.342313706170671,7.610640767211712,-1.2683270610410409,606.2775663510564,581.6935884340998,0.7507505922071517,0.12136791721176575
2025-06-24,606.780029296875,0.010986670773378289,0.011047245877038092,0.009829026584035939,-0.002351320352328659,0.009469281330510428,595.4544281005859,573.3760412597657,576.7045791625976,597.855194549273,591.1412832963108,62.79340543524629,6.713911252962248,7.43129486436182,-0.7173836113995717,606.3439005168965,584.5649556842753,1.0200252483915224,0.12143288360167931
2025-06-25,607.1199951171875,0.0005601216284098168,0.0005602785258216336,0.010986670773378289,0.009829026584035939,-0.008581792804663618,596.3400482177734,574.8711181640625,577.0259353637696,599.2805484827984,592.3248915793388,63.25764772943189,6.955656903459612,7.336167272181379,-0.380510368721767,608.0118105584997,584.6682858770471,0.9617960246585714,0.10092507052552607
2025-06-26,611.8699951171875,0.007793376614487851,0.007823824018649228,0.0005601216284098168,0.010986670773378289,-0.0001507119554675945,597.6336669921875,576.357900390625,577.4167230224609,601.2173864265505,593.7726770265868,70.28202125060037,7.444709399963699,7.3578756977378434,0.08683370222585562,610.1811523982243,585.0861815861507,1.0672980547222104,0.09944060955169665
2025-06-27,614.9099731445312,0.004956038292762487,0.004968339764334306,0.007793376614487851,0.0005601216284098168,-0.002351320352328659,598.9636260986329,577.9355932617187,577.7928326416015,603.3239382293168,595.338402664953,68.39189578465576,7.985535564363772,7.483407671063029,0.5021278933007434,612.9110160892834,585.0162361079823,1.071660613798991,0.09974681684732205
2025-06-30,617.8499755859375,0.004769798075326805,0.004781191670012452,0.004956038292762487,0.007793376614487851,0.009829026584035939,600.473486328125,579.8103820800782,578.1718887329101,605.5587132072585,597.005926585026,69.9078402238845,8.552786622232475,7.6972834612969185,0.8555031609355561,615.7407972030672,585.2061754531827,1.0690749798752044,0.09932865325875183
2025-07-01,617.6500244140625,-0.0003236765254887332,-0.00032362414789344207,0.004769798075326805,0.004956038292762487,0.010986670773378289,601.8078399658203,581.6662158203125,578.5221411132812,607.4189149313822,598.5351190168064,67.43391333553774,8.883795914575785,7.934585951952692,0.949209962623093,618.1988157227873,585.4168642088533,0.9832593459699439,0.09909854075763783
2025-07-02,620.4500122070312,0.004523047384945118,0.004533291803274775,-0.0003236765254887332,0.004769798075326805,0.0005601216284098168,603.1136901855468,583.82791015625,578.8633303833008,609.4236991276359,600.1584444383046,71.74553653223671,9.2652546893313,8.200719699428415,1.064534989902885,621.0827102155552,585.1446701555385,0.9823947547649428,0.0986419803516177
2025-07-03,625.3400268554688,0.007850503872320804,0.00788139987465386,0.004523047384945118,-0.0003236765254887332,0.007793376614487851,604.6720184326172,585.8207922363281,579.2145495605469,611.8723649319179,602.023746839576,73.14887812994249,9.848618092341894,8.530299378011112,1.3183187143307826,624.6679212007797,584.6761156644546,1.016806084288407,0.10019924626668598
2025-07-07,620.6799926757812,-0.007479905352460058,-0.007452000479036269,0.007850503872320804,0.004523047384945118,0.004956038292762487,606.1409210205078,587.5575561523438,579.538369140625,613.2273845848199,603.4056909755911,76.27702068854211,9.82169360922876,8.788578224254643,1.033115384974117,626.3168022759414,585.9650397650742,0.8603082182930148,0.10317346377709723
2025-07-08,620.3400268554688,-0.0005478812967819988,-0.0005477312372305088,-0.007479905352460058,0.007850503872320804,0.004769798075326805,607.2892211914062,589.0627844238281,579.8593533325195,614.3216372418428,604.6600862259525,72.55676964465582,9.661551015890382,8.96317278258179,0.698378233308592,627.9720318712677,586.6064105115447,0.815498842639648,0.09939708343351297
2025-07-09,624.0599975585938,0.005978755562775531,0.005996663994070728,-0.0005478812967819988,-0.007479905352460058,-0.0003236765254887332,608.5966003417968,590.5636450195312,580.207184753418,615.8198465213429,606.097116695037,83.94783059591416,9.722729826305908,9.115084191326613,0.6076456349792956,630.0741198301276,587.119080853466,0.8599902964864846,0.10035908499605443
2025-07-10,625.8200073242188,0.002816287838894747,0.002820257303000284,0.005978755562775531,-0.0005478812967819988,0.004523047384945118,609.8224822998047,592.0955187988282,580.516505432129,617.3583327987084,607.5580715564579,84.77362603934293,9.800261242250485,9.252119601511389,0.5481416407390967,632.321522978934,587.3234416206755,0.855515714037838,0.09954365582524748
2025-07-11,623.6199951171875,-0.00352160083939128,-0.0035154072757080934,0.002816287838894747,0.005978755562775531,0.007850503872320804,611.0241088867188,593.5141967773437,580.8197003173829,618.3216654630897,608.7478436720675,83.23520301774919,9.573821791022283,9.316460039413569,0.25736175160871433,633.7870523097586,588.2611654636789,0.7766752523252256,0.10000110122985487
2025-07-14,624.8099975585938,0.001906398931130222,0.0019082172648787754,-0.00352160083939128,0.002816287838894747,-0.007479905352460058,612.1660888671875,594.9522875976562,581.1218115234375,619.3198704008596,609.9376328488471,81.2468774699889,9.382237552012498,9.329615541933354,0.05262201007914413,635.3051137627143,589.0270639716606,0.7732161089003056,0.09972122207006169
2025-07-15,622.1400146484375,-0.0042824282681121675,-0.004273271747553764,0.001906398931130222,-0.00352160083939128,-0.0005478812967819988,613.5110748291015,596.2586108398438,581.4024981689453,619.7537387466408,610.8415129821501,71.63385657548613,8.9122257644907,9.246137586444823,-0.33391182195412306,635.6114949912661,591.4106546669369,0.695221171272312,0.09019465412542477
2025-07-16,624.219970703125,0.0033376520588141207,0.0033432282214846953,-0.0042824282681121675,0.001906398931130222,0.005978755562775531,614.6768951416016,597.4412219238282,581.6998263549805,620.4408513553307,611.8325098503706,72.95923217370496,8.608341504960094,9.118578370147876,-0.5102368651877818,636.4343335880856,592.9194566951176,0.7193060452634671,0.08618629517479602
2025-07-17,628.0399780273438,0.006101000318943925,0.006119649327969823,0.0033376520588141207,-0.0042824282681121675,0.002816287838894747,616.2904541015625,598.7650415039062,582.0050592041016,621.6099477664095,613.0330630486649,72.26664604698934,8.576884717744633,9.010239639667228,-0.4333549219225947,636.8999487683197,595.6809594348053,0.7850512376883507,0.07785022103050873
2025-07-18,627.5800170898438,-0.0007326435702887922,-0.0007323752525193461,0.006101000318943925,0.0033376520588141207,-0.00352160083939128,617.8855041503906,600.173583984375,582.3121038818359,622.5284199700147,614.1106151998633,68.78164413803087,8.417804770151406,8.891752665764063,-0.4739478956126568,636.6320558212108,599.1389524795704,0.7585678985043176,0.07815347057550322
2025-07-21,628.77001953125,0.00189438096485408,0.0018961764380651669,-0.0007326435702887922,0.006101000318943925,0.001906398931130222,619.6100036621094,601.5590649414063,582.6137545776368,623.4886660563586,615.1964970021883,67.07331503670142,8.292169054170358,8.771835943445323,-0.4796668892749647,635.3117230352415,603.9082842889774,0.7916883065944584,0.07600334048568273
2025-07-22,628.8599853515625,0.00014307200069432695,0.00014308223598114012,0.00189438096485408,-0.0007326435702887922,-0.0042824282681121675,621.0455017089844,602.8683752441407,582.9413165283203,624.3150228710053,616.2086072502901,67.58708125541025,8.106415620715211,8.638751878899301,-0.53233625818409,634.3178888310784,607.7731145868903,0.7943887776438359,0.07181890172798985
2025-07-23,634.2100219726562,0.00847153140570549,0.008507516372031176,0.00014307200069432695,0.00189438096485408,0.0033376520588141207,622.4170013427735,604.2990441894531,583.2944400024414,625.8373304251054,617.5420453778728,69.98843840435794,8.295285047232596,8.57005851256596,-0.27477346533336444,635.1401497477065,609.6938529378405,0.9634474209744507,0.0682681560625882
2025-07-24,634.4199829101562,0.00033100421495464624,0.0003310590028946514,0.00847153140570549,0.00014307200069432695,0.006101000318943925,623.7820007324219,605.36201171875,583.6537649536133,627.1577384997287,618.7922629728567,65.26562929700488,8.365475526871933,8.529141915427155,-0.16366638855522275,635.4053130667625,612.1586883980814,0.9576140549155211,0.06834642739128641
2025-07-25,637.0999755859375,0.004215422064666547,0.004224319453948855,0.00033100421495464624,0.00847153140570549,-0.0007326435702887922,625.0434997558593,606.4018054199219,584.0009292602539,628.6873134360685,620.1483898330849,79.57508184610514,8.538923602983573,8.53109825293844,0.00782535004513285,636.6997750605731,613.3872244511456,1.0171667413003957,0.06558655837415037
2025-07-28,636.9400024414062,-0.00025112735570457557,-0.0002510958258695739,0.004215422064666547,0.00033100421495464624,0.00189438096485408,626.1450012207031,607.4234436035156,584.372953491211,629.9569578984282,621.3922129892569,80.09440810148097,8.564744909171282,8.53782758418501,0.02691732498627175,637.9321386029716,614.3578638384346,0.9579144566916727,0.06509793401159554
2025-07-29,635.260009765625,-0.0026410841631859436,-0.002637599568784843,-0.00025112735570457557,0.004215422064666547,0.00014307200069432695,627.0155029296875,608.3542517089844,584.7099768066406,630.772812031843,622.4194571949138,71.92653753778872,8.35335483692927,8.500933034733862,-0.14757819780459158,638.7947831544221,615.2362227049529,0.8499580058646254,0.06586400733779671
2025-07-30,634.4600219726562,-0.0012601012488224184,-0.0012593076546151272,-0.0026410841631859436,-0.00025112735570457557,0.00847153140570549,627.8560028076172,609.1944812011719,585.0233340454101,631.3400750996605,623.311350882154,67.57541294609601,8.028724217506465,8.406491271288383,-0.377767053781918,639.212885510648,616.4991201045864,0.7907496422093296,0.06626967496081067
