Price,Price,Log_Return,Simple_Return,Lag1_Return,Lag2_Return,Lag5_Return,SMA_20,SMA_50,SMA_200,EMA_12,EMA_26,RSI_14,MACD,MACD_Signal,MACD_Hist,BB_Upper,BB_Lower,BB_PctB,Rolling_Vol_20D
2016-04-15,16.96733283996582,0.010466726443964266,0.010521694235412493,-0.010545300037645535,0.026715974419241527,-0.02811316237550365,16.146866703033446,13.822426643371582,15.161173305511475,16.543401642634358,15.7331048511269,66.95092243299362,0.8102967915074579,0.8542718906014379,-0.04397509909398001,17.81479949653076,14.478933909536131,0.7459529964669693,0.4082685976520297
2016-04-18,16.92533302307129,-0.0024784027649427595,-0.002475334060495493,0.010466726443964266,-0.010545300037645535,-0.000600025756279789,16.217333364486695,13.927159957885742,15.156083307266236,16.60216031654773,15.821418049048706,66.4861861182568,0.7807422674990256,0.8395659659809555,-0.05882369848192981,17.892112521284666,14.542554207688724,0.7113710502399094,0.40083391867115686
2016-04-19,16.4913330078125,-0.025976524355888778,-0.02564203697895895,-0.0024784027649427595,0.010466726443964266,-0.008438153646491461,16.247500038146974,14.040186614990235,15.145199975967408,16.585109961357695,15.871041379327504,63.59893165669013,0.7140685820301904,0.8144664891908026,-0.10039790716061214,17.91903379857926,14.575966277714688,0.5729368964711986,0.4077546566636001
2016-04-20,16.6646671295166,0.010455766684840656,0.010510619221744344,-0.025976524355888778,-0.0024784027649427595,0.026715974419241527,16.299933385849,14.176159954071045,15.135283308029175,16.597349525689836,15.929828471934105,63.46308043488912,0.6675210537557312,0.7850774021037884,-0.11755634834805717,17.95375641907276,14.646110352625234,0.6102698826719798,0.4023416129166105
2016-04-21,16.55266761779785,-0.006743463134253233,-0.006720777009723511,0.010455766684840656,-0.025976524355888778,-0.010545300037645535,16.385633420944213,14.309546642303467,15.128753309249879,16.59047538601415,15.975964704961049,57.76714816963935,0.6145106810530994,0.7509640578936506,-0.13645337684055125,17.89166029183598,14.879606550052445,0.5554552511917443,0.3504013481340788
2016-04-22,16.916667938232422,0.021752130220696962,0.021990432529629622,-0.006743463134253233,0.010455766684840656,0.010466726443964266,16.472300148010255,14.456319999694824,15.128349981307984,16.64065885558619,16.045646425944113,55.20482258930011,0.5950124296420753,0.7197737322433356,-0.12476130260126028,17.883518757240868,15.061081538779643,0.6574411601844001,0.34962559647940605
2016-04-25,16.788000106811523,-0.007635052586515022,-0.007605979610801672,0.021752130220696962,-0.006743463134253233,-0.0024784027649427595,16.544166803359985,14.591453342437744,15.12631664276123,16.663326740390087,16.100635587489847,46.874459485349206,0.5626911529002392,0.6883572163747164,-0.12566606347447717,17.85790911136668,15.230424495353292,0.5928010394296804,0.3519299801409003
2016-04-26,16.916000366210938,0.007595589425314437,0.007624509088934195,-0.007635052586515022,0.021752130220696962,-0.025976524355888778,16.622866821289062,14.728386688232423,15.124513311386108,16.702199605900987,16.161032978506224,38.40348594769942,0.5411666273947624,0.6589190985787255,-0.11775247118396315,17.816472229377617,15.429261413200507,0.6227933213671095,0.3515718646298442
2016-04-27,16.764667510986328,-0.008986393867576518,-0.008946136908751234,0.007595589425314437,-0.007635052586515022,0.010455766684840656,16.704800176620484,14.856786689758302,15.120949983596802,16.711810052837194,16.205746647578824,43.54875077468591,0.5060634052583701,0.6283479599146545,-0.1222845546562844,17.66862291143406,15.74097744180691,0.5310572329347589,0.3483056809737918
2016-04-28,16.513999938964844,-0.015065045092183262,-0.014952135009967504,-0.008986393867576518,0.007595589425314437,-0.006743463134253233,16.76460018157959,14.962160034179687,15.114969987869262,16.681377727626064,16.228580224718527,47.1247556558184,0.4527975029075364,0.5932378685132309,-0.1404403656056945,17.4834005710086,16.04579979215058,0.3256816173862866,0.35423829373764
2016-04-29,16.05066680908203,-0.028458107849049553,-0.028056989923414988,-0.015065045092183262,-0.008986393867576518,0.021752130220696962,16.77516689300537,15.060813369750976,15.107509984970093,16.58434527861929,16.215401453189898,40.42642643001825,0.3689438254293904,0.5483790598964629,-0.17943523446707244,17.440954771083444,16.109379014927296,-0.04409227606752802,0.3535561552397538
2016-05-02,16.1200008392334,0.004310394689883249,0.004319697802968259,-0.028458107849049553,-0.015065045092183262,-0.007635052586515022,16.757866954803468,15.161106719970704,15.099216651916503,16.51290767255992,16.208334741044972,43.56563593218681,0.30457293151494724,0.49961783422015976,-0.19504490270521252,17.473588380479768,16.04214552912717,0.05438939461164165,0.32418742572262954
2016-05-03,15.48799991607666,-0.03999526402448902,-0.03920601056164674,0.004310394689883249,-0.028458107849049553,0.007595589425314437,16.680700254440307,15.233880062103271,15.085103316307068,16.35522955617788,16.15497660586213,27.58832137777047,0.20025295031574686,0.4397448574392772,-0.23949190712353036,17.581215384952085,15.78018512392853,-0.16223225904367383,0.3248306364271794
2016-05-04,14.837332725524902,-0.04291903900749786,-0.04201105333661326,-0.03999526402448902,0.004310394689883249,-0.008986393867576518,16.537833499908448,15.294346714019776,15.065203313827515,16.121706966846652,16.057373355466783,24.134906389232583,0.06433361137986893,0.3646626082273956,-0.3003289968475267,17.644137071624378,15.431529928192518,-0.2685507024739995,0.3098352479477667
2016-05-05,14.10200023651123,-0.05082983803980337,-0.04955961442777834,-0.04291903900749786,-0.03999526402448902,-0.015065045092183262,16.385600137710572,15.337720050811768,15.046789984703064,15.810982854487357,15.912530902210817,16.948665535371035,-0.10154804772346004,0.2714204770372245,-0.37296852476068454,17.901318901071807,14.869881374349337,-0.25330594184084143,0.33520965329367836
2016-05-06,14.32866668701172,0.015945545968543053,0.016073354609201562,-0.05082983803980337,-0.04291903900749786,-0.028458107849049553,16.268466806411745,15.374386730194091,15.029143319129943,15.58293421333726,15.795207627010884,21.27159904010834,-0.21227341367362307,0.174681698895055,-0.3869551125686781,18.032886701105124,14.504046911718365,-0.04969911788971369,0.33969311601908525
2016-05-09,13.928000450134276,-0.02836095925231311,-0.02796256243720363,0.015945545968543053,-0.05082983803980337,0.004310394689883249,16.131800174713135,15.399160079956054,15.009716653823853,15.32832901899834,15.656895984279284,21.429660187312066,-0.32856696528094353,0.07403196605985528,-0.4025989313407988,18.17024524367452,14.093355105751751,-0.04055901680532558,0.34636417679167925
2016-05-10,13.912667274475098,-0.0011014949326035976,-0.0011008885097379961,-0.02836095925231311,0.015945545968543053,-0.03999526402448902,16.00136685371399,15.42150676727295,14.990809988975524,15.110534904456305,15.527693857627122,18.20704021978571,-0.4171589531708175,-0.02420621778627928,-0.39295273538453823,18.25712133654922,13.745612370878762,0.03702860946692361,0.34748786097217277
2016-05-11,13.93066692352295,0.0012929235721038251,0.0012937597581215154,-0.0011014949326035976,-0.02836095925231311,-0.04291903900749786,15.849466896057129,15.451653442382813,14.97612666130066,14.92901675354348,15.409395566211998,19.03637948110145,-0.48037881266851734,-0.1154407367627269,-0.3649380759057904,18.236303288655677,13.46263050345858,0.0980453502208456,0.324160721045675
2016-05-12,13.8186674118042,-0.008072274349868633,-0.00803978103371572,0.0012929235721038251,-0.0011014949326035976,-0.05082983803980337,15.700866937637329,15.476906795501709,14.956946663856506,14.758193777891282,15.29156385107068,11.099955908743354,-0.5333700731793982,-0.19902660404606118,-0.334343469133337,18.20800804721632,13.193725828058337,0.12463231155162313,0.32421061926663247
2016-05-13,13.84066677093506,0.0015907370455505534,0.001592002938870074,-0.008072274349868633,0.0012929235721038251,0.015945545968543053,15.544533634185791,15.492733478546143,14.938210000991822,14.617035776821094,15.184089993282857,11.97315864996915,-0.5670542164617629,-0.27263212652920155,-0.29442208993256136,18.108451291289818,12.980615977081763,0.16772199986031022,0.31835128697829146
2016-05-16,13.88599967956543,0.003269989135264153,0.00327534138207608,0.0015907370455505534,-0.008072274349868633,-0.02836095925231311,15.392566967010499,15.502400131225587,14.91871000289917,14.504568684935606,15.087935155229713,10.054469589111946,-0.5833664702941075,-0.33477899528218275,-0.24858747501192474,17.97213040994467,12.813003524076331,0.20798018331904272,0.3208408713589002
2016-05-17,13.644000053405762,-0.01758124678436267,-0.01742759842604591,0.003269989135264153,0.0015907370455505534,-0.0011014949326035976,15.250200319290162,15.501560134887695,14.898213334083557,14.372173510854092,14.98097699953905,9.819721122631364,-0.6088034886849591,-0.389583893962738,-0.21921959472222113,17.888063692427085,12.612336946153238,0.19554900336359704,0.3166164429864547
2016-05-18,14.07800006866455,0.03131343159274645,0.03180885470243422,-0.01758124678436267,0.003269989135264153,0.0012929235721038251,15.120866966247558,15.512986793518067,14.881940002441405,14.326916058209546,14.914089819474274,20.049167406741773,-0.5871737612647276,-0.42910186742313594,-0.1580718938415917,17.72009073009066,12.521643202404455,0.2993887805871188,0.34169534601046375
2016-05-19,14.347332954406738,0.018950768032964343,0.01913147353519906,0.03131343159274645,-0.01758124678436267,-0.008072274349868633,15.010600233078003,15.52164011001587,14.864916663169861,14.330057119162959,14.872107829469272,28.008243730334783,-0.542050710306313,-0.45169163599977136,-0.09035907430654166,17.540254111703707,12.4809463544523,0.3689015749791823,0.3552833871947385
2016-05-20,14.685333251953123,0.023285189654132173,0.02355840619441185,0.018950768032964343,0.03131343159274645,0.0015907370455505534,14.899033498764037,15.541773433685302,14.84829999446869,14.384714985746061,14.858272675579187,32.6786643638457,-0.4735576898331253,-0.45606484676644216,-0.01749284306668314,17.266342356388375,12.5317246411397,0.45486430802582967,0.3569750840243946
2016-05-23,14.414667129516602,-0.01860301887840589,-0.01843105074925855,0.023285189654132173,0.018950768032964343,0.003269989135264153,14.780366849899291,15.553400115966797,14.838329997062683,14.389323007864608,14.825413005500478,35.802461037442356,-0.43608999763586986,-0.4520698769403277,0.015979879304457822,16.981060462681658,12.579673237116925,0.4169126228524991,0.3593196495714349
2016-05-24,14.52733325958252,0.007785688457859806,0.007816075741021722,-0.01860301887840589,0.023285189654132173,-0.01758124678436267,14.660933494567871,15.557080116271973,14.83012999534607,14.410555354282748,14.80333302432137,45.21900127019501,-0.3927776700386225,-0.4402114355599867,0.04743376552136419,16.619574685581398,12.702292303554344,0.4658946631985672,0.3594270398994133
2016-05-25,14.638667106628418,0.007634532429218333,0.0076637497781955055,0.007785688457859806,-0.01860301887840589,0.03131343159274645,14.554633474349975,15.558733463287354,14.822943329811096,14.445649470028236,14.791135548936706,60.249573068023516,-0.34548607890847016,-0.42126636422968344,0.07578028532121328,16.244922321737956,12.864344626961993,0.524857772802649,0.36340389239901694
2016-05-26,15.008000373840332,0.024916957414126993,0.02522997924071091,0.007634532429218333,0.007785688457859806,0.018950768032964343,14.47933349609375,15.562986812591554,14.818859996795654,14.532164993691637,14.80719961004068,62.303813953809694,-0.2750346163490427,-0.39202001465355535,0.11698539830451266,15.917470866701503,13.041196125485996,0.6838026354614403,0.37870531275533786
2016-05-27,14.869333267211914,-0.009282495150154764,-0.00923954578720032,0.024916957414126993,0.007634532429218333,0.023285189654132173,14.420266819000243,15.558533477783204,14.813816661834716,14.58403703577168,14.811802103164474,68.83672342281935,-0.22776506739279512,-0.35916902520140337,0.13140395780860825,15.671570955837728,13.168962682162759,0.6794393684922317,0.36879175205280335
2016-05-31,14.881999969482422,0.0008515049013149798,0.0008518675345341453,-0.009282495150154764,0.024916957414126993,-0.01860301887840589,14.358366775512696,15.545853481292724,14.807389993667602,14.629877487111795,14.817001945113951,69.41774225778809,-0.18712445800215605,-0.32476011176155395,0.1376356537593979,15.351484053651784,13.365249497373608,0.7636310964959315,0.36798355677004385
2016-06-01,14.637332916259766,-0.01657711283877643,-0.016440468601288782,0.0008515049013149798,-0.009282495150154764,0.007785688457859806,14.31583342552185,15.520840148925782,14.799526662826539,14.631024476211483,14.80369312816179,62.97746942910155,-0.1726686519503069,-0.2943418197993045,0.12167316784899762,15.168125507510966,13.463541343532734,0.6886087513494118,0.3463507694021951
2016-06-02,14.597332954406738,-0.0027364764140605756,-0.0027327356754038856,-0.01657711283877643,0.0008515049013149798,0.007634532429218333,14.303833436965942,15.500466804504395,14.787516665458678,14.6258411651646,14.78840718936512,64.68811523538692,-0.1625660242005207,-0.26798666067954774,0.10542063647902705,15.13161537967451,13.476051494257373,0.6772806957351852,0.3123567308091994
2016-06-03,14.599332809448242,0.00013699201551336878,0.00013700139934802458,-0.0027364764140605756,-0.01657711283877643,0.024916957414126993,14.328700065612793,15.495680122375488,14.773606667518616,14.621762956592853,14.774401679741647,64.4196584099856,-0.1526387231487938,-0.24491707317339698,0.09227835002460319,15.160821671241216,13.49657845998437,0.6626161020245748,0.2503578563590636
2016-06-06,14.711999893188477,0.007687650354747568,0.007717276207808599,0.00013699201551336878,-0.0027364764140605756,-0.009282495150154764,14.34786672592163,15.486253452301025,14.76208333492279,14.63564556222295,14.769779325182153,65.3076395040328,-0.13413376295920365,-0.2227604111305583,0.08862664817135466,15.197460657469891,13.498272794373369,0.7142983569828864,0.2458149647243498
2016-06-07,15.489333152770996,0.05148812328405689,0.05283668197567204,0.007687650354747568,0.00013699201551336878,0.0008515049013149798,14.425933361053467,15.489026775360108,14.758803339004517,14.766982114614956,14.823079608707253,78.53607661169967,-0.05609749409229714,-0.1894278277229061,0.13333033363060895,15.392028780134217,13.459837941972717,1.0503596077131623,0.2790942484773105
2016-06-08,15.701333045959473,0.013594012809874581,0.013686831518021192,0.05148812328405689,0.007687650354747568,-0.01657711283877643,14.515366649627685,15.496213436126709,14.760386667251588,14.91072841174488,14.888135418874086,76.95372325668895,0.02259299287079486,-0.1470236636041659,0.16961665647496077,15.60470277992615,13.42603051932922,1.044352823405778,0.2794894879492978
2016-06-09,15.290666580200195,-0.026503001317736564,-0.026154878987485475,0.013594012809874581,0.05148812328405689,-0.0027364764140605756,14.583366632461548,15.499506759643555,14.763883333206177,14.969180437661084,14.917952541935279,64.9608825186921,0.05122789572580544,-0.10737335173817164,0.15860124746397708,15.688697160022894,13.478036104900202,0.8199495219312994,0.3022495856778964
2016-06-10,14.586000442504885,-0.047180419918365954,-0.04608472325253499,-0.026503001317736564,0.013594012809874581,0.00013699201551336878,14.621733283996582,15.484866771697998,14.763470001220703,14.910229669175514,14.893363497533027,48.588755132390794,0.01686617164248716,-0.08252544706203989,0.09939161870452705,15.666936968189198,13.576529599803965,0.48290627844500017,0.3518972106398292
2016-06-13,14.524666786193848,-0.004213833134398468,-0.004204967396840731,-0.047180419918365954,-0.026503001317736564,0.007687650354747568,14.655933284759522,15.458573455810546,14.761146669387818,14.85091230256295,14.866052630026422,51.661626023146916,-0.015140327463472047,-0.06904842314232633,0.05390809567885428,15.636277502289644,13.6755890672294,0.43305081204212803,0.3527425384719389
2016-06-14,14.330666542053224,-0.013446607255840244,-0.013356605490256523,-0.004213833134398468,-0.047180419918365954,0.05148812328405689,14.678166627883911,15.415866794586181,14.751803336143494,14.77087449325376,14.826394401287667,47.10045240928757,-0.05551990803390616,-0.0663427201206423,0.010822812086736133,15.603621792664029,13.752711463103793,0.31225449970164115,0.357166321447044
2016-06-15,14.513333320617676,0.012666011752708678,0.012746565418183309,-0.013446607255840244,-0.004213833134398468,0.013594012809874581,14.721633291244506,15.365506782531739,14.741543340682984,14.73125277438667,14.803204691608407,48.19021336484093,-0.0719519172217371,-0.06746455954086127,-0.004487357680875839,15.514775210386855,13.928491372102158,0.36868682287523485,0.3517451752483558
2016-06-16,14.528667449951172,0.0010559968563871652,0.0010565546173815221,0.012666011752708678,-0.013446607255840244,-0.026503001317736564,14.744166660308839,15.30218677520752,14.731166677474976,14.700085801396593,14.782868599633797,42.29038170983303,-0.08278279823720425,-0.07052820728012987,-0.012254590957074374,15.484140917300389,14.004192403317289,0.3543873598834347,0.3355684638208549
2016-06-17,14.364666938781738,-0.011352256561249705,-0.011288062840889457,0.0010559968563871652,0.012666011752708678,-0.047180419918365954,14.745033359527588,15.246546764373779,14.723446679115295,14.648482899455846,14.751890698829941,41.94853143669708,-0.10340779937409472,-0.07710412569892285,-0.026303673675171876,15.483088706895446,14.00697801215973,0.24231849813001302,0.331978517525118
2016-06-20,14.646666526794434,0.01944126218129586,0.019631474173017693,-0.011352256561249705,0.0010559968563871652,-0.004213833134398468,14.743100023269653,15.206053428649902,14.714116678237914,14.648203457507936,14.744096315716199,46.542604987032924,-0.09589285820826277,-0.08086187220079083,-0.015030986007471936,15.482015904829673,14.004184141709633,0.43474663430455285,0.3286758082537964
2016-06-21,14.640666961669922,-0.0004097037520193879,-0.0004096198348979563,0.01944126218129586,-0.011352256561249705,-0.013446607255840244,14.75440001487732,15.165640106201172,14.705463352203369,14.647043996609781,14.736434882083142,50.0526760836718,-0.08939088547336027,-0.08256767485530472,-0.006823210618055547,15.478940493613685,14.029859536140954,0.4215136651814447,0.321378464037707
2016-06-22,13.11066722869873,-0.11037687386846473,-0.10450341756812143,-0.0004097037520193879,0.01944126218129586,0.012666011752708678,14.68356671333313,15.097426776885987,14.690373349189759,14.410678340008081,14.61600764849911,34.03037470301828,-0.20532930849102904,-0.1071200015824496,-0.09820930690857944,15.713999001682975,13.653134424983286,-0.2632231163647216,0.5071929880281887
2016-06-23,13.09333324432373,-0.001323003098034977,-0.001322128315258908,-0.11037687386846473,-0.0004097037520193879,0.0010559968563871652,14.606300020217896,15.019920120239258,14.673116683959961,14.20800986374895,14.503216951893526,33.87581121010216,-0.29520708814457564,-0.1447374188948748,-0.15046966924970084,15.858744325367011,13.35385571506878,-0.10400561113734806,0.5051956698867852
2016-06-24,12.876667022705078,-0.0166862723601002,-0.016547827629193046,-0.001323003098034977,-0.11037687386846473,-0.011352256561249705,14.499733352661133,14.941640129089356,14.654530019760132,14.003187888203739,14.382731771953642,30.77782984964547,-0.37954388374990344,-0.19169871186588056,-0.1878451718840229,15.954603036999242,13.044863668323025,-0.05780471179948587,0.4933328376231622
2016-06-27,13.236666679382324,0.02757384177571996,0.027957518513328727,-0.0166862723601002,-0.001323003098034977,0.01944126218129586,14.418100023269654,14.867026805877686,14.637886691093446,13.88526154838506,14.297838061392804,24.14690291522264,-0.41257651300774434,-0.23587427209425332,-0.17670224091349102,15.965901238398947,12.87029880814036,0.11835107365882257,0.5088271873283697
2016-06-28,13.452667236328123,0.01618663648550845,0.016318349791359932,0.02757384177571996,-0.0166862723601002,-0.0004097037520193879,14.346633386611938,14.797573490142822,14.621736693382264,13.818708577299377,14.235232815091717,24.216493810485304,-0.4165242377923395,-0.27200426523387056,-0.14451997255846893,15.935689946189072,12.757576827034804,0.218711664195984,0.5143736378736969
2016-06-29,14.012666702270508,0.04078429108931338,0.041627392999816326,0.01618663648550845,0.02757384177571996,-0.11037687386846473,14.315400075912475,14.748000164031982,14.607403359413148,13.848548288833397,14.21874643636422,35.83148765996246,-0.37019814753082336,-0.2916430416932611,-0.07855510583756226,15.904954511732006,12.725845640092944,0.40477414084724755,0.5371191715400438
2016-06-30,14.152000427246094,0.009894302036775618,0.009943412480724279,0.04078429108931338,0.01618663648550845,-0.001323003098034977,14.293133449554443,14.697746829986572,14.593640027046204,13.895233233204582,14.213802287540656,44.4989028799763,-0.3185690543360735,-0.2970282442218236,-0.02154081011424991,15.878530158353069,12.707736740755816,0.45548968232206816,0.538814390255062
2016-07-01,14.43333339691162,0.01968436369800964,0.019879378262587455,0.009894302036775618,0.04078429108931338,-0.0166862723601002,14.284833478927613,14.655360145568848,14.57839002609253,13.978017873774895,14.230063851197764,48.90347311751624,-0.2520459774228687,-0.2880317908620326,0.035985813439163905,15.865210724182793,12.704456233672433,0.5469824272748335,0.5440677328574361
2016-07-05,14.26533317565918,-0.011708010190005773,-0.011639738141737022,0.01968436369800964,0.009894302036775618,0.02757384177571996,14.262500143051147,14.602333450317383,14.562360029220581,14.022220227910939,14.232676393750461,49.21069556078323,-0.2104561658395223,-0.2725166658575306,0.06206050001800828,15.830032342723735,12.69496794337856,0.500903660099813,0.544518389730168
2016-07-06,14.29599952697754,0.002147404214086661,0.002149711537805965,-0.011708010190005773,0.01968436369800964,0.01618663648550845,14.202833461761475,14.552493438720703,14.546966695785523,14.06434012007503,14.237366996211728,47.274241727254115,-0.17302687613669754,-0.252618707913364,0.07959183177666646,15.660755371709945,12.744911551813006,0.5319516650995932,0.5077089282243535
2016-07-07,14.395999908447266,0.006970639087811414,0.006994990541306034,0.002147404214086661,-0.011708010190005773,0.04078429108931338,14.137566804885864,14.502093429565429,14.530880031585694,14.115364702901529,14.24911758230325,48.370711217487894,-0.13375287940172065,-0.22884554221103534,0.0950926628093147,15.419252778902019,12.85588083086971,0.600817637393504,0.5052013848124719
2016-07-08,14.45199966430664,0.003882406200045303,0.0038899525017721537,0.006970639087811414,0.002147404214086661,0.009894302036775618,14.095633459091186,14.455840072631837,14.51616003036499,14.167154696963854,14.264145884673871,51.10175884384802,-0.09699118771001736,-0.20247467131083177,0.10548348360081441,15.268751281272213,12.922515636910159,0.6518884968233238,0.4989968150665712
2016-07-11,14.985333442687988,0.03623916222812251,0.036903805062947104,0.003882406200045303,0.006970639087811414,0.01968436369800964,14.115600109100342,14.425266742706299,14.504066700935363,14.293028350152182,14.31756718526751,54.01771915541438,-0.02453883511532773,-0.16688750407173097,0.14234866895640325,15.336480611684417,12.894719606516267,0.8561910161341745,0.4883838229493533
2016-07-12,14.976667404174805,-0.0005784686275882068,-0.0005783013468687592,0.03623916222812251,0.003882406200045303,-0.011708010190005773,14.13820013999939,14.403786754608154,14.491243376731873,14.398203589232587,14.366389423705087,53.98356562376051,0.03181416552749994,-0.12714717015188481,0.15896133567938475,15.406767074520221,12.869633205478557,0.8304781329855978,0.4880048107760729
2016-07-13,14.835332870483398,-0.009481791981114011,-0.009436981531152133,-0.0005784686275882068,0.03623916222812251,0.002147404214086661,14.163433456420899,14.378093395233154,14.4797833776474,14.465454247886559,14.401125975318294,80.48547692521394,0.06432827256826457,-0.08885208160785495,0.15318035417611953,15.467694581615664,12.859172331226134,0.7575785634805933,0.48659162361343167
2016-07-14,14.768667221069336,-0.004503834745166498,-0.004493707690691684,-0.009481791981114011,-0.0005784686275882068,0.006970639087811414,14.176200151443481,14.363706741333008,14.470816712379456,14.512102397606986,14.428351252781335,79.10587875078579,0.08375114482565138,-0.054331436321153684,0.13808258114680505,15.499738421040519,12.852661881846444,0.7238193950395693,0.4852889070855576
2016-07-15,14.69333267211914,-0.005114025755905355,-0.005100971389125797,-0.004503834745166498,-0.009481791981114011,0.003882406200045303,14.18443341255188,14.360826740264892,14.462066712379455,14.539983978301162,14.447979506065616,83.1911999007529,0.09200447223554598,-0.025064254609813753,0.11706872684535972,15.51920455266866,12.849662272435099,0.6906316537240749,0.4857518722007014
2016-07-18,15.083333015441896,0.02619652922656733,0.026542674288099866,-0.005114025755905355,-0.004503834745166498,0.03623916222812251,14.220366716384888,14.380453395843507,14.454683380126953,14.623576137861274,14.495042728982378,83.37346806100668,0.12853340887889608,0.005655278087928213,0.12287813079096788,15.613007434697257,12.827725998072518,0.8098309160824942,0.49178379212387824
2016-07-19,15.017333030700684,-0.004385291037032635,-0.004375689688323137,0.02619652922656733,-0.005114025755905355,-0.0005784686275882068,14.2389000415802,14.394226722717285,14.449810047149658,14.68415412137503,14.53373089948003,79.89806015434941,0.15042322189500013,0.0346088668493426,0.11581435504565753,15.664894276740583,12.812905806419817,0.7729439467309391,0.4881184827873867
2016-07-20,15.223999977111816,0.013668059125303526,0.013761894071912417,-0.004385291037032635,0.02619652922656733,-0.009481791981114011,14.268066692352296,14.420146713256836,14.443406710624695,14.76720732994992,14.58486194226757,76.75991739698534,0.18234538768234998,0.06415617101594408,0.1181892166664059,15.751371981469624,12.784761403234967,0.8222307948919836,0.49003787894142503
2016-07-21,14.699999809265137,-0.035025647680890844,-0.03441934896442955,0.013668059125303526,-0.004385291037032635,-0.004503834745166498,14.347533321380615,14.435893363952637,14.43485671043396,14.75686771138303,14.593390673156279,60.34741382632406,0.16347703822675186,0.08402034445810563,0.07945669376864622,15.737089710636166,12.957976932125064,0.626826982557129,0.29521621399645337
2016-07-22,14.817999839782717,0.007995166372593428,0.008027213064534022,-0.035025647680890844,0.013668059125303526,-0.005114025755905355,14.433766651153565,14.453640022277831,14.428460040092467,14.766272654213752,14.610028389202682,57.740799366230654,0.15624426501107003,0.09846512856869852,0.05777913644237151,15.704590273289408,13.162943029017722,0.651174868776589,0.2941182074295262
2016-07-25,15.333999633789062,0.03422991407229569,0.03482249963460071,0.007995166372593428,-0.035025647680890844,0.02619652922656733,14.556633281707764,14.483946666717529,14.427810039520264,14.853615266456107,14.663655888801673,68.86324735680414,0.18995937765443394,0.11676397838584561,0.07319539926858833,15.657365211909164,13.455901351506364,0.8531133833553207,0.2971152220853785
2016-07-26,15.300666809082031,-0.0021761515127662386,-0.002173785411705653,0.03422991407229569,0.007995166372593428,-0.004385291037032635,14.659833288192749,14.513146667480468,14.428740038871766,14.922392426860094,14.710841882896514,67.71690754050363,0.21155054396358075,0.13572129150139264,0.07582925246218811,15.617178350233512,13.702488226151985,0.8346930726958698,0.29079317421675493
2016-07-27,15.232666969299316,-0.004454145276064341,-0.0044442402825445315,-0.0021761515127662386,0.03422991407229569,0.013668059125303526,14.748833274841308,14.540080013275146,14.431340036392212,14.970126971850744,14.749495593000425,64.92271328306867,0.22063137885031914,0.15270330897117795,0.06792806987914118,15.552232506276095,13.945434043406522,0.801116602759211,0.29160451446422414
2016-07-28,15.37399959564209,0.009235480159939757,0.0092782587991731,-0.004454145276064341,-0.0021761515127662386,-0.035025647680890844,14.816899919509888,14.574680004119873,14.43635003566742,15.032261221664797,14.79575514875166,65.95891629775893,0.2365060729131372,0.1694638617595698,0.0670422111535674,15.587698464813014,14.046101374206762,0.8613782612375814,0.26199755296943106
2016-07-29,15.652667045593262,0.01796357608986491,0.0181258915884297,0.009235480159939757,-0.004454145276064341,0.007995166372593428,14.891933250427247,14.606173343658448,14.44153003692627,15.127708271499946,14.85923010407326,62.66768044316514,0.26847816742668584,0.189266722892993,0.07921144453369283,15.68212772710334,14.101738773751153,0.9813585880567,0.2656853696961639
2016-08-01,15.333999633789062,-0.020568759460974036,-0.02035866545145193,0.01796357608986491,0.009235480159939757,0.03422991407229569,14.936966562271119,14.625906677246094,14.445906701087951,15.159445404159811,14.894398217385541,56.06881739936054,0.26504718677426986,0.2044228156692484,0.060624371105021474,15.719739447965395,14.154193676576842,0.7536068116141998,0.2745307250259305
2016-08-02,15.146666526794434,-0.012292084744154984,-0.012216845667703868,-0.020568759460974036,0.01796357608986491,-0.0021761515127662386,14.981033229827881,14.63513334274292,14.447870035171508,15.157479423026675,14.913084758823238,55.20624717127188,0.24439466420343692,0.21241718537608612,0.0319774788273508,15.701344398050454,14.260722061605309,0.6149734338947335,0.27495400699763656
2016-08-03,15.052666664123535,-0.006225314026186318,-0.006205976906180188,-0.012292084744154984,-0.020568759460974036,-0.004454145276064341,15.018866586685181,14.647893333435059,14.447463369369506,15.141354383195424,14.923424159215852,54.706130557017346,0.21793022397957174,0.21351979309678326,0.004410430882788474,15.6631551404789,14.374578032891463,0.526230543162168,0.2768966949530828
2016-08-04,15.37399959564209,0.021122582141450387,0.02134724289646428,-0.006225314026186318,-0.012292084744154984,0.009235480159939757,15.067766571044922,14.66482666015625,14.448300032615661,15.177145954341064,14.956800117469648,60.42901316918054,0.22034583687141662,0.21488500185170994,0.005460835019706678,15.659302333792528,14.476230808297316,0.7588457400908065,0.2843307556624666
2016-08-05,15.335332870483398,-0.0025182407097393686,-0.00251507260151429,0.021122582141450387,-0.006225314026186318,0.01796357608986491,15.11193323135376,14.67875997543335,14.453966698646546,15.201482402978346,14.984839580655851,54.326921030060035,0.21664282232249477,0.21523656594586693,0.0014062563766278346,15.63819174635407,14.58567471635345,0.7122527548361923,0.28505960827306165
2016-08-08,15.077333450317385,-0.016966983873728424,-0.0168238552332044,-0.0025182407097393686,0.021122582141450387,-0.020568759460974036,15.116533231735229,14.68014663696289,14.45932336807251,15.182382564107428,14.991690978408558,50.966501873091886,0.19069158569887001,0.21032756989646756,-0.019635984197597545,15.639731806332199,14.593334657138259,0.4625383331290222,0.2645150412830023
2016-08-09,15.272000312805176,0.012828586863652966,0.012911226187923397,-0.016966983873728424,-0.0025182407097393686,-0.012292084744154984,15.131299877166748,14.688199977874756,14.465110034942628,15.196169910060927,15.012454632808309,50.77620230239011,0.1837152772526185,0.20500511136769775,-0.02128983411507926,15.654548040573925,14.608051713759572,0.6344490487288519,0.2681762179232377
2016-08-10,15.043333053588867,-0.015086200330822553,-0.014972973712197857,0.012828586863652966,-0.016966983873728424,-0.006225314026186318,15.141699886322021,14.691426639556886,14.47063003540039,15.172656547526763,15.014741923236498,56.1382593860496,0.1579146242902656,0.1955870139522113,-0.03767238966194572,15.648178863204652,14.63522090943939,0.40289149478760206,0.271788519367596
2016-08-11,14.994000434875488,-0.0032847564907199237,-0.003279367580152681,-0.015086200330822553,0.012828586863652966,0.021122582141450387,15.15296654701233,14.6985599899292,14.473846702575683,15.145170991734258,15.013205516691238,53.22581885633138,0.13196547504301925,0.1828627061703729,-0.05089723112735364,15.633886178631462,14.672046915393198,0.3347269463697669,0.2715134786962384
2016-08-12,15.040666580200195,0.003107487947433554,0.003112321193226242,-0.0032847564907199237,-0.015086200330822553,-0.0025182407097393686,15.170333242416381,14.707426662445068,14.478933372497558,15.129093389959788,15.015239669543753,43.50649515154227,0.11385372041603503,0.16906090901950532,-0.05520718860347029,15.604144620000254,14.73652186483251,0.3505494911885792,0.2707227885804432
2016-08-15,15.03933334350586,-8.864605708714757e-05,-8.864212814152506e-05,0.003107487947433554,-0.0032847564907199237,-0.016966983873728424,15.16813325881958,14.71622667312622,14.483143372535705,15.115284152043799,15.017024386133539,44.1317304743647,0.0982597659102602,0.1549006803976563,-0.05664091448739611,15.60424251945098,14.73202399818818,0.35233068070230367,0.2540577080873453
2016-08-16,14.907333374023438,-0.008815727347136438,-0.008776982760304364,-8.864605708714757e-05,0.003107487947433554,0.012828586863652966,15.162633275985717,14.720133342742919,14.487136702537537,15.08329172465605,15.008899125977235,42.89871049906804,0.07439259867881454,0.13879906405388795,-0.06440646537507341,15.609394601439481,14.715871950531954,0.214277078814982,0.2555207394625175
2016-08-17,14.88266658782959,-0.0016560451065990524,-0.0016546746205348128,-0.008815727347136438,-8.864605708714757e-05,-0.015086200330822553,15.145566606521607,14.708000011444092,14.492573370933533,15.052426318990442,14.999548567595928,38.6997917182107,0.05287775139451334,0.12161480152201304,-0.0687370501274997,15.608252026414917,14.682881186628297,0.21589766244132053,0.2500885916424768
2016-08-18,14.900667190551758,0.0012087703175120027,0.001209501174802119,-0.0016560451065990524,-0.008815727347136438,-0.0032847564907199237,15.155599975585938,14.691986694335938,14.495813369750977,15.029078760769107,14.992224021148212,30.34843179524239,0.03685473962089425,0.10466278914178928,-0.06780804952089503,15.585116747562404,14.726083203609472,0.20323302642981764,0.21566542861732785
2016-08-19,15.0,0.006644211263916558,0.006666333002271596,0.0012087703175120027,-0.0016560451065990524,0.003107487947433554,15.164699983596801,14.686173362731934,14.501363368034363,15.024605105266168,14.992800019581678,40.14167763524566,0.03180508568449092,0.09009124845032962,-0.0582861627658387,15.57119551227945,14.758204454914152,0.2974147659993301,0.21511009616091592
2016-08-22,14.862000465393066,-0.00924255005263713,-0.009199968973795603,0.006644211263916558,0.0012087703175120027,-8.864605708714757e-05,15.141100025177002,14.691693363189698,14.498463368415832,14.999589006824154,14.983111163715854,41.34577247708974,0.016477843108299695,0.07536856738192364,-0.05889072427362395,15.56080139432376,14.721398656030242,0.16750220478034594,0.1769623651475009
2016-08-23,14.989333152770996,0.00853117393603597,0.00856766810594789,-0.00924255005263713,0.006644211263916558,-0.008815727347136438,15.12553334236145,14.70098669052124,14.49615336894989,14.998011183123667,14.983572051794013,48.11282472145622,0.014439131329654131,0.06318268017146975,-0.048743548841815615,15.543406170978738,14.707660513744163,0.3370315317687308,0.18051633558255803
2016-08-24,14.841333389282228,-0.009922740252936766,-0.009873672296182745,0.00853117393603597,-0.00924255005263713,-0.0016560451065990524,15.105966663360595,14.71120002746582,14.492906699180603,14.973906907148061,14.973035854570918,32.29950150688795,0.0008710525771427058,0.05072035465260434,-0.049849302075461635,15.53908728106324,14.67284604565795,0.1945039519452657,0.18292068500129316
2016-08-25,14.730667114257812,-0.0074845657889115545,-0.007456626175134207,-0.009922740252936766,0.00853117393603597,0.0012087703175120027,15.073800039291381,14.715546703338623,14.491450033187867,14.93648540054956,14.955082614547726,30.824520399793826,-0.01859721399816472,0.03685684092245053,-0.055454054920615246,15.518507688904249,14.629092389678513,0.11420393225495798,0.17974744125172754
2016-08-26,14.666000366210938,-0.004399604302090485,-0.004389940220988597,-0.0074845657889115545,-0.009922740252936766,0.006644211263916558,15.024466705322265,14.718293361663818,14.492613368034363,14.89487231834362,14.933669114670925,35.13251726267944,-0.03879679632730593,0.02172611347249924,-0.060522909799805166,15.41431721656023,14.6346161940843,0.040251546710785964,0.1633598739073938
2016-08-29,14.346667289733888,-0.022014244026844935,-0.021773698929720586,-0.004399604302090485,-0.0074845657889115545,-0.00924255005263713,14.975100088119508,14.71793336868286,14.491320037841797,14.810533083172892,14.890187498008924,19.3191462450593,-0.07965441483603186,0.0014500078107930192,-0.08110442264682488,15.442293591672533,14.507906584566483,-0.17256157631298683,0.16545883231873726
2016-08-30,14.089332580566406,-0.01809971413229564,-0.017936898094209286,-0.022014244026844935,-0.004399604302090485,0.00853117393603597,14.922233390808106,14.706786689758301,14.490786700248718,14.699579159694972,14.830864911531702,18.958735438866512,-0.13128575183672986,-0.025097144118711556,-0.1061886077180183,15.526783277693971,14.317683503922241,-0.18886028126819118,0.17082917364518818
2016-08-31,14.133999824523926,0.003165273370958645,0.003170288138355737,-0.01809971413229564,-0.022014244026844935,-0.009922740252936766,14.876300048828124,14.696653347015381,14.492393364906311,14.612566954284041,14.779245275457052,21.93208741435916,-0.16667832117301096,-0.05341337952957144,-0.11326494164343952,15.571870177019898,14.18072992063635,-0.03359121835342893,0.1721751129558777
2016-09-01,13.38466739654541,-0.054473402159251165,-0.05301630375559707,0.003165273370958645,-0.01809971413229564,-0.0074845657889115545,14.776833438873291,14.702133350372314,14.487880039215089,14.42365933001656,14.675943210352488,12.947499100595465,-0.2522838803359271,-0.09318747969084257,-0.1590964006450845,15.703346490548839,13.850320387197744,-0.2512932709421774,0.23017292264225353
2016-09-02,13.185333251953123,-0.015004733126627635,-0.014892723045455414,-0.054473402159251165,0.003165273370958645,-0.004399604302090485,14.669333457946777,14.703973350524903,14.482473368644714,14.23314762569911,14.56552765787846,11.89366936957137,-0.3323800321793513,-0.14102599018854434,-0.19135404199080697,15.799526909274885,13.53914000661867,-0.1565248649466969,0.23126464778864203
2016-09-06,13.522000312805176,0.025212917233931806,0.0255334510261378,-0.015004733126627635,-0.054473402159251165,-0.022014244026844935,14.591566801071167,14.716880016326904,14.476393370628356,14.123740346792351,14.488229336021181,23.736107570391056,-0.3644889892288301,-0.1857185899966015,-0.1787703992322286,15.813843208048382,13.369290394093952,0.062469470014923915,0.2556699945175387
2016-09-07,13.447333335876465,-0.0055371904013921695,-0.0055218884189791595,0.025212917233931806,-0.015004733126627635,-0.01809971413229564,14.500333452224732,14.721093349456787,14.469696702957153,14.019677729728368,14.411125928603054,23.294476616058816,-0.39144819887468607,-0.22686451177221845,-0.16458368710246762,15.779816748563608,13.220850155885856,0.0885057197068027,0.24640476660490457
2016-09-08,13.157333374023438,-0.02180154718867815,-0.021565611159450437,-0.0055371904013921695,0.025212917233931806,0.003165273370958645,14.40603346824646,14.715186672210693,14.462146706581116,13.887009367312224,14.318252406041601,20.54516052729447,-0.4312430387293773,-0.2677402171636502,-0.1635028215657271,15.790691438938095,13.021375497554823,0.04909438985885574,0.2506742630594092
2016-09-09,12.964667320251465,-0.014751515384118504,-0.014643244819832146,-0.02180154718867815,-0.0055371904013921695,-0.054473402159251165,14.304566812515258,14.694226684570312,14.454386706352233,13.745110590841339,14.217986844131222,16.663037539132915,-0.4728762532898827,-0.3087674243888967,-0.164108828900986,15.800736703606148,12.808396921424368,0.052223480688131166,0.2519050892628932
2016-09-12,13.220000267028809,0.019503095795038304,0.019694523621018867,-0.014751515384118504,-0.02180154718867815,-0.015004733126627635,14.213533496856689,14.675586681365967,14.447736706733703,13.664324387177873,14.144061912494006,24.100943866791283,-0.4797375253161338,-0.34296144457434413,-0.13677608074178965,15.74232325292207,12.684743740791308,0.17505890660043422,0.2671274375208692
2016-09-13,13.06999969482422,-0.011411350335593404,-0.011346487834701158,0.019503095795038304,-0.014751515384118504,0.025212917233931806,14.115066814422608,14.64832000732422,14.436540040969849,13.572889819123464,14.06450174822217,19.941542914580126,-0.4916119290987062,-0.37269154147921657,-0.11892038761948964,15.673304785598157,12.55682884324706,0.16466382576661914,0.2665734441464023
2016-09-14,13.093999862670898,0.001834595244160918,0.0018362791436163928,-0.011411350335593404,0.019503095795038304,-0.0055371904013921695,14.02440013885498,14.624893341064453,14.42480670452118,13.499214441207684,13.992612719662818,21.529449935544662,-0.4933982784551336,-0.3968328888744,-0.09656538958073363,15.59946798886828,12.449332288841681,0.20464755655566638,0.2682956948742125
2016-09-15,13.361332893371582,0.02021083106903116,0.020416452841336197,0.001834595244160918,-0.011411350335593404,-0.02180154718867815,13.94833345413208,14.606200008392333,14.414860033988953,13.478001895386745,13.945851251048651,28.77221793318705,-0.46784935566190633,-0.4110361822319013,-0.056813173430005026,15.495575349403449,12.40109155886071,0.31030743720342974,0.28426818169068074
2016-09-16,13.69333267211914,0.024544117504949954,0.02484780383791363,0.02021083106903116,0.001834595244160918,-0.014751515384118504,13.887966728210449,14.59214666366577,14.404263362884521,13.51112970719173,13.927146171127948,36.07557815684449,-0.4160164639362183,-0.4120322385727647,-0.003984225363453553,15.371667723987255,12.404265732433643,0.4344092722707227,0.30291125217201564
2016-09-19,13.755999565124512,0.004566012851566515,0.00457645297210707,0.024544117504949954,0.02021083106903116,0.019503095795038304,13.825766706466675,14.578226661682129,14.395713362693787,13.548801993027542,13.914468644757324,40.87349559146925,-0.3656666517297822,-0.40275912120416824,0.03709246947438605,15.214436766449898,12.437096646483452,0.47487987126941933,0.3020107066541842
2016-09-20,13.642666816711426,-0.008272913229984902,-0.008238786856348712,0.004566012851566515,0.024544117504949954,-0.011411350335593404,13.764800024032592,14.551373329162598,14.386356697082519,13.563242735132755,13.894335176013184,42.77707369416479,-0.331092440880429,-0.3884257851394204,0.05733334425899139,15.066242784788992,12.463357263276192,0.45307776453795695,0.3018210169205236
2016-09-21,13.6813325881958,0.0028301711415208205,0.0028341798567572685,-0.008272913229984902,0.004566012851566515,0.001834595244160918,13.699399995803834,14.525466632843017,14.377970023155212,13.581410404834763,13.87855720654523,42.665789838017446,-0.2971468017104666,-0.3701699884536297,0.0730231867431631,14.866246410481196,12.532553581126471,0.4922580181158509,0.2992791546608761
2016-09-22,13.76200008392334,0.005878858010439563,0.005896172409194822,0.0028301711415208205,-0.008272913229984902,0.02021083106903116,13.645433330535889,14.503999977111816,14.36973669052124,13.609193432386851,13.869923345610275,57.80472928776633,-0.26072991322342354,-0.3482819734075885,0.08755206018416495,14.682527349017018,12.60833931205476,0.5561987396080869,0.300779833903493
2016-09-23,13.829999923706056,0.004928963281630946,0.004941130603694166,0.005878858010439563,0.0028301711415208205,0.024544117504949954,13.6003999710083,14.48522663116455,14.363313355445861,13.643163661820575,13.866966055098851,64.10032523391318,-0.22380239327827667,-0.32338605738172616,0.09958366410344949,14.509384529690251,12.69141541232635,0.6262947486317485,0.30197465137603813
2016-09-26,13.932666778564451,0.007396070699162761,0.007423489184726018,0.004928963281630946,0.005878858010439563,0.004566012851566515,13.563733291625976,14.470013313293457,14.358136687278748,13.687702602858094,13.871832775355562,60.006497257720355,-0.18413017249746844,-0.29553488040487463,0.1114047079074062,14.341409929775867,12.786056653476084,0.737202372322882,0.3042240324034188
2016-09-27,13.720666885375977,-0.015332982936979737,-0.015216031256459761,0.007396070699162761,0.004928963281630946,-0.008272913229984902,13.532433271408081,14.442759990692139,14.351050024032594,13.692774030937768,13.860635302023741,56.24239604718601,-0.16786127108597348,-0.2700001585410944,0.1021388874551209,14.222933961049993,12.84193258176617,0.6363022635542276,0.29944566051364313
2016-09-28,13.751333236694336,0.002232554158387619,0.002235048163077513,-0.015332982936979737,0.007396070699162761,0.0028301711415208205,13.515533304214477,14.417439994812012,14.347466688156128,13.701783139515701,13.852538852740082,65.3886102532428,-0.15075571322438108,-0.24615126947775173,0.09539555625337065,14.163903956464235,12.867162651964719,0.6818403807001944,0.2937988649650306
2016-09-29,13.380000114440918,-0.027374718827468385,-0.027003426930455432,0.002232554158387619,-0.015332982936979737,0.005878858010439563,13.477833318710328,14.380559997558594,14.341506690979005,13.652278058734964,13.817535983236441,59.84823815881359,-0.1652579245014767,-0.22997260048249674,0.06471467598102004,14.058988070900071,12.896678566520585,0.41582861199983095,0.3074441164773544
2016-09-30,13.60200023651123,0.016455794888206192,0.016591937232549814,-0.027374718827468385,0.002232554158387619,0.004928963281630946,13.488699960708619,14.358600006103515,14.335820026397705,13.644543009162083,13.801570372367907,59.203343161114375,-0.1570273632058239,-0.21538355302716217,0.05835618982133828,14.070646761446387,12.906753159970851,0.5973459048653367,0.24612610446389738
2016-10-03,14.24666690826416,0.04630612003964714,0.047394990482537924,0.016455794888206192,-0.027374718827468385,0.007396070699162761,13.54176664352417,14.347173347473145,14.328883361816406,13.737177455177786,13.834540486138,72.89236945138468,-0.09736303096021359,-0.19177944861377247,0.09441641765355888,14.196274244996172,12.887259042052168,1.0384966218533247,0.2867559459057406
2016-10-04,14.093999862670898,-0.010773813020036825,-0.010715983364832038,0.04630612003964714,0.016455794888206192,-0.015332982936979737,13.570366621017456,14.322373352050782,14.321556696891784,13.792073210176728,13.853759699214512,68.52767517764785,-0.0616864890377844,-0.16576085669857488,0.10407436766079048,14.269692250775568,12.871040991259344,0.8743844207701642,0.279595314703392
2016-10-05,13.897333145141602,-0.014052203493637089,-0.013953932130380098,-0.010773813020036825,0.04630612003964714,0.002232554158387619,13.592866611480712,14.294306678771973,14.31422336101532,13.80826704632517,13.856987361875778,60.19787658623699,-0.048720315550607296,-0.14235274846898138,0.09363243291837409,14.3043753901819,12.881357832779525,0.7139583816637323,0.28426345391392466
2016-10-06,13.399999618530272,-0.03644228317841957,-0.03578625635704746,-0.014052203493637089,-0.010773813020036825,-0.027374718827468385,13.604999923706055,14.257653331756591,14.303703360557556,13.745456672818262,13.823136417924259,44.74940782281591,-0.07767974510599629,-0.1294181477963844,0.0517384026903881,14.29312883696985,12.91687101044226,0.3510451303350507,0.3043232860430241
2016-10-07,13.107333183288574,-0.022082819919175916,-0.02184077937114126,-0.03644228317841957,-0.014052203493637089,0.016455794888206192,13.61213321685791,14.212320003509522,14.29259002685547,13.647283828275235,13.770113956099392,39.27232844425293,-0.12283012782415703,-0.12810054380193892,0.005270415977781884,14.274800128515512,12.949466305200307,0.11911480361481855,0.31038098330858604
2016-10-10,13.396666526794434,0.021834050782377223,0.02207415798926582,-0.022082819919175916,-0.03644228317841957,0.04630612003964714,13.620966529846191,14.167199993133545,14.28300669670105,13.608727320355111,13.742451183558284,46.155444349852026,-0.13372386320317275,-0.12922520768218568,-0.004498655520987077,14.266102568685808,12.975830491006574,0.3261606935994477,0.3123729965821456
2016-10-11,13.34000015258789,-0.004238857426326262,-0.004229886150648454,0.021834050782377223,-0.022082819919175916,-0.010773813020036825,13.634466552734375,14.12732000350952,14.272850031852721,13.567384679160154,13.712639996078995,44.695414627437174,-0.1452553169188402,-0.13243122952951658,-0.012824087389323613,14.241215448232138,13.027717657236613,0.25734080248723706,0.3097219475619303
2016-10-12,13.434000015258787,0.0070217560546560155,0.007046466386483541,-0.004238857426326262,0.021834050782377223,-0.014052203493637089,13.651466560363769,14.093066673278809,14.263703365325927,13.546863961636866,13.69199999749972,44.92364651188051,-0.14513603586285306,-0.1349721907961839,-0.010163845066669175,14.211727334192515,13.091205786535022,0.30592381685153097,0.31044881474405644
2016-10-13,13.349332809448242,-0.006322401203487021,-0.006302456879140772,0.0070217560546560155,-0.004238857426326262,-0.03644228317841957,13.650866556167603,14.058999996185303,14.251386694908142,13.516474553607846,13.66661724282924,42.59904918421787,-0.1501426892213935,-0.1380062904812258,-0.012136398740167698,14.21245972196842,13.089273390366786,0.23153720069814063,0.3031933021529788
2016-10-14,13.100666999816896,-0.01880326184953275,-0.018627583354229316,-0.006322401203487021,0.0070217560546560155,-0.022082819919175916,13.621233272552491,14.013533344268799,14.237526693344115,13.45250416071693,13.624695002606103,37.74066815863338,-0.17219084188917222,-0.1448432007628151,-0.027347641126357125,14.233638581967854,13.008827963137128,0.07498223420649594,0.2955129421038614
2016-10-17,12.93066692352295,-0.013061373928427626,-0.01297644435175116,-0.01880326184953275,-0.006322401203487021,0.021834050782377223,13.579966640472412,13.96544002532959,14.222176690101623,13.372221508840934,13.57328551526661,38.21364452679142,-0.20106400642567657,-0.1560873618953874,-0.044976644530289156,14.261466917274197,12.898466363670627,0.02362475918824011,0.2967719064586421
2016-10-18,13.273332595825195,0.0261551834057357,0.02650023191602613,-0.013061373928427626,-0.01880326184953275,-0.004238857426326262,13.5614999294281,13.929360008239746,14.21407335281372,13.357007829915435,13.551066780493171,43.47587602264035,-0.1940589505777357,-0.1636816796318571,-0.03037727094587861,14.25574320795967,12.86725665089653,0.29245939967008194,0.3134937240182609
2016-10-19,13.570667266845703,0.022153690439827626,0.02240090564098618,0.0261551834057357,-0.013061373928427626,0.0070217560546560155,13.555966663360596,13.895333347320557,14.207450022697449,13.389878512520092,13.552518668371135,52.656024448353726,-0.16264015585104374,-0.16347337487569444,0.0008332190246506943,14.247948873321343,12.86398445339985,0.5106220964018284,0.3242487074107174
2016-10-20,13.273332595825195,-0.022153690439827765,-0.021910099567979402,0.022153690439827626,0.0261551834057357,-0.006322401203487021,13.53153328895569,13.859933338165284,14.200803351402282,13.371948371490108,13.531838218552917,45.51572429992273,-0.15988984706280895,-0.16275666931311733,0.0028668222503083762,14.227382561780573,12.835684016130806,0.3144708177373692,0.3322124616476823
2016-10-21,13.339332580566406,0.004960053389270265,0.00497237481730628,-0.022153690439827765,0.022153690439827626,-0.01880326184953275,13.506999921798705,13.826839981079102,14.19561667919159,13.366930557501846,13.517578541665028,35.29919123139199,-0.15064798416318226,-0.16033493228313034,0.00968694811994808,14.193071969265382,12.820927874332028,0.37780631651485347,0.33222084165355736
2016-10-24,13.517333030700684,0.013255782319386055,0.013344029700076643,0.004960053389270265,-0.022153690439827765,-0.013061373928427626,13.486233234405518,13.79637331008911,14.192870011329651,13.390069399532436,13.51756035566767,40.73280651383567,-0.1274909561352331,-0.1537661370535509,0.02627518091831782,14.14255311021734,12.829913358593695,0.5236925601686965,0.33501296478051196
2016-10-25,13.489333152770996,-0.0020735538234807234,-0.0020714054958987926,0.013255782319386055,0.004960053389270265,0.0261551834057357,13.474666547775268,13.765373306274414,14.1910333442688,13.405340746184521,13.515469451749397,43.06751563952811,-0.11012870556487542,-0.14503865075581582,0.0349099451909404,14.121678247022997,12.827654848527539,0.5113341111240963,0.331041034861813
2016-10-26,13.482666969299316,-0.0004943039876348087,-0.0004941818395456377,-0.0020735538234807234,0.013255782319386055,0.022153690439827626,13.461233234405517,13.736879978179932,14.188456678390503,13.417237088202182,13.513039638234575,51.68571227435324,-0.0958025500323938,-0.13519143061113142,0.03938888057873763,14.095081154385934,12.8273853144251,0.5169076321134425,0.3308456904830576
2016-10-27,13.600666999816896,0.008713903341231828,0.008751979915121444,-0.0004943039876348087,-0.0020735538234807234,-0.022153690439827765,13.472266578674317,13.711239986419677,14.189690012931823,13.445457074604445,13.519530553907341,60.831388156743174,-0.07407347930289632,-0.12296784034948441,0.04889436104658809,14.107840648786347,12.836692508562287,0.6010113747402777,0.3171870339511247
2016-10-28,13.33133316040039,-0.020001694420782184,-0.019802987560840313,0.008713903341231828,-0.0004943039876348087,0.004960053389270265,13.458733224868775,13.67985330581665,14.187620015144349,13.427899549342282,13.50559000624016,48.5528648868794,-0.07769045689787824,-0.11391236365916318,0.03622190676128495,14.094202676940114,12.823263772797436,0.39975909616652827,0.3197369772186801
2016-10-31,13.182000160217283,-0.0112648664380099,-0.011201655407329314,-0.020001694420782184,0.008713903341231828,0.013255782319386055,13.40549988746643,13.643493309020997,14.185200014114379,13.390068874092282,13.481620388016243,46.63829994460573,-0.09155151392396021,-0.1094401937121226,0.017888679788162387,13.932101245106118,12.878898529826742,0.28779039969540876,0.267847780391303
2016-11-01,12.719332695007324,-0.03572917933325962,-0.03509842661102902,-0.0112648664380099,-0.020001694420782184,-0.0020735538234807234,13.336766529083253,13.600639953613282,14.180556678771973,13.286878692694597,13.425154632978545,36.856301068041894,-0.13827594028394863,-0.11520734302648782,-0.023068597257460813,13.843463866529303,12.830069191637202,-0.10927282269533165,0.29008709662619747
2016-11-02,12.534667015075684,-0.014624928607686303,-0.014518503789442305,-0.03572917933325962,-0.0112648664380099,-0.0004943039876348087,13.268633222579956,13.551546630859375,14.176996679306031,13.171153819214764,13.359192587207964,35.54874209421007,-0.1880387679932003,-0.12977362801983033,-0.05826513997336996,13.822245505901524,12.715020939258388,-0.16288829711347327,0.2903277208284663
2016-11-03,12.494667053222656,-0.003196249312682956,-0.0031911467456550158,-0.014624928607686303,-0.03572917933325962,0.008713903341231828,13.223366594314575,13.504613304138184,14.172813348770141,13.067078932139054,13.295153658764608,38.390812577531655,-0.22807472662555384,-0.14943384774097504,-0.0786408788845788,13.871699892256432,12.575033296372718,-0.06197911121115121,0.2657615739030395
2016-11-04,12.70400047302246,0.016615024207768538,0.016753821362995858,-0.003196249312682956,-0.014624928607686303,-0.020001694420782184,13.20319995880127,13.464079971313476,14.168816685676575,13.011220707659579,13.251364533894819,45.72220088415201,-0.24014382623524,-0.16757584343982804,-0.07256798279541196,13.890642183973137,12.515757733629401,0.1369153162987588,0.2653678725042391
2016-11-07,12.880666732788086,0.013810542565552045,0.013906348645120525,0.016615024207768538,-0.003196249312682956,-0.0112648664380099,13.177399969100952,13.42837329864502,14.167760019302369,12.991135480756274,13.223905437516542,42.09398279393818,-0.23276995676026857,-0.18061466610391613,-0.05215529065635244,13.872953582924557,12.481846355277346,0.2866927650036491,0.25739389566907955
2016-11-08,12.996000289916992,0.00891415581055783,0.008954005217394645,0.013810542565552045,0.016615024207768538,-0.03572917933325962,13.160199975967407,13.401359958648682,14.168220019340515,12.991883912934846,13.20702357473139,37.51448330048521,-0.2151396617965453,-0.18751966524244199,-0.027619996554103327,13.855836854889281,12.464563097045533,0.38197888077404846,0.2600725133532341
2016-11-09,12.670666694641112,-0.025352027226254088,-0.025033363190080316,0.00891415581055783,0.013810542565552045,-0.014624928607686303,13.122033309936523,13.372986640930176,14.168883352279662,12.942465879351195,13.167293435465444,37.063553768849154,-0.2248275561142492,-0.19498124341680342,-0.02984631269744578,13.837886595970037,12.406180023903008,0.1847352494556549,0.27146185478530427
2016-11-10,12.356666564941406,-0.025093892626658724,-0.02478165808216759,-0.025352027226254088,0.00891415581055783,-0.003196249312682956,13.072399997711182,13.337439975738526,14.167433352470399,12.852342907903536,13.10724700061181,30.936381834799278,-0.25490409270827463,-0.20696581327509767,-0.04793827943317697,13.856313262524072,12.288486732898292,0.04348684676192323,0.28252982771954027
2016-11-11,12.570667266845703,0.017170385007960295,0.017318643404319323,-0.025093892626658724,-0.025352027226254088,0.016615024207768538,13.045900011062622,13.321159973144532,14.166553354263305,12.809008193894638,13.067500353666173,31.887774930946847,-0.25849215977153506,-0.21727108257438515,-0.0412210771971499,13.861002427104452,12.230797595020793,0.20848280236692915,0.28613387581734145
2016-11-14,12.096667289733888,-0.038436121205856155,-0.037706827095961515,0.017170385007960295,-0.025093892626658724,0.013810542565552045,13.00420002937317,13.299386653900147,14.161390027999879,12.699417285562214,12.995586793374892,27.239066517370674,-0.29616950781267803,-0.23305076762204374,-0.06311874019063429,13.922877348743514,12.085522710002826,0.00606555723978328,0.312069220273525
2016-11-15,12.251333236694336,0.012704782652867608,0.012785831275338833,-0.038436121205856155,0.017170385007960295,0.00891415581055783,12.953100061416626,13.27397331237793,14.161720027923584,12.630481278044078,12.940456900287444,30.804401728983066,-0.30997562224336583,-0.24843573854630818,-0.06153988369705765,13.921114852086173,11.985085270747078,0.13752267450536684,0.29857230078022434
2016-11-16,12.26200008392334,0.0008702894675928638,0.0008706682793555576,0.012704782652867608,-0.038436121205856155,-0.025352027226254088,12.887666702270508,13.250266647338867,14.16520336151123,12.573791863563965,12.890200839816028,28.408600787673322,-0.3164089762520632,-0.2620303860874592,-0.054378590164604,13.856833403690706,11.91850000085031,0.17721413796495053,0.28299110012983963
2016-11-17,12.577333450317385,0.025391205236001236,0.025716307636262092,0.0008702894675928638,0.012704782652867608,-0.025093892626658724,12.852866744995117,13.238666648864745,14.169646692276,12.57433672306449,12.867025477630945,38.01653318459331,-0.2926887545664538,-0.26816205978325813,-0.02452669478319569,13.813672027553471,11.892061462436763,0.35661335356938056,0.2949932804021937
2016-11-18,12.334667205810549,-0.01948249147007289,-0.019293934240147914,0.025391205236001236,0.0008702894675928638,0.017170385007960295,12.802633476257324,13.226066646575928,14.177120027542115,12.537464489640808,12.827591531570175,36.9211823167693,-0.29012704192936667,-0.2725550562124799,-0.017571985716886784,13.761400380005492,11.843866572509155,0.2559540965497847,0.2993104015933932
2016-11-21,12.3013334274292,-0.002706104713954061,-0.0027024465131614273,-0.01948249147007289,0.025391205236001236,-0.038436121205856155,12.74183349609375,13.207693309783936,14.18929669380188,12.501136633915944,12.788609449781955,42.56228919890663,-0.2874728158660105,-0.27553860814318604,-0.011934207722824441,13.663266581165644,11.820400411021858,0.26097012588267204,0.29244934126385647
2016-11-22,12.744667053222656,0.03540524853286966,0.03603947721674805,-0.002706104713954061,-0.01948249147007289,0.012704782652867608,12.704600191116333,13.201186656951904,14.203603363037109,12.538602852270824,12.78535445744423,53.42168130275651,-0.24675160517340622,-0.2697812075492301,0.023029602375823854,13.556404570818847,11.852795811413818,0.523518816679668,0.32534545647868707
2016-11-23,12.87600040435791,0.01025223107104114,0.010304965252273535,0.03540524853286966,-0.002706104713954061,0.0008702894675928638,12.674266862869263,13.196826667785645,14.220093364715575,12.590510167976529,12.792068972030428,56.033754026330456,-0.20155880405389937,-0.2561367268501639,0.054577922796264555,13.449141893447967,11.89939183229056,0.6301716622214456,0.3285929065568117
2016-11-25,13.109999656677246,0.018010126747193315,0.018173287121064252,0.01025223107104114,0.03540524853286966,0.025391205236001236,12.64973349571228,13.191800003051759,14.235486698150634,12.67043162777664,12.815619393115378,56.3742807390028,-0.14518776533873812,-0.2339469345478788,0.08875916920914068,13.325892441305163,11.973574550119396,0.8403535248368169,0.33433313704794415
2016-11-28,13.074666976928713,-0.002698732176917182,-0.0026950938729077834,0.018010126747193315,0.01025223107104114,-0.01948249147007289,12.636900186538696,13.179426689147949,14.250513367652893,12.732621681492343,12.834808103027477,53.18729893712834,-0.10218642153513358,-0.20759483194532977,0.10540841041019619,13.26674617484293,12.007054198234462,0.8475189161469756,0.3274351426508981
2016-11-29,12.637999534606934,-0.0339684278844735,-0.03339797817354073,-0.002698732176917182,0.018010126747193315,-0.002706104713954061,12.609700155258178,13.157066688537597,14.261980028152466,12.718064428125357,12.82022969055188,44.6799971316079,-0.10216526242652257,-0.18650891804156836,0.08434365561504578,13.185057937932303,12.034342372584053,0.5245928535260502,0.34627624925489175
2016-11-30,12.626667022705078,-0.000897103679257112,-0.0008967014020552222,-0.0339684278844735,-0.002698732176917182,0.03540524853286966,12.605066871643066,13.136746692657471,14.268886699676514,12.704003288829929,12.80589171515582,49.27885133899477,-0.10188842632589079,-0.16958481969843286,0.06769639337254207,13.178195493264033,12.0319382500221,0.5188440694175427,0.32269011008764903
2016-12-01,12.125332832336426,-0.04051412131070505,-0.03970439621692412,-0.000897103679257112,-0.0339684278844735,0.01025223107104114,12.584600162506103,13.105626697540282,14.273923363685608,12.614977064754004,12.755479946058086,46.4278298548371,-0.14050288130408184,-0.16376843201956265,0.02326555071548081,13.196254324402096,11.97294600061011,0.12456943908789123,0.34980934681744374
2016-12-02,12.097999572753906,-0.0022567721671120783,-0.002254227571355849,-0.04051412131070505,-0.000897103679257112,0.018010126747193315,12.564766788482666,13.072346687316895,14.278886694908142,12.535442065984759,12.706777696183702,42.254733003412355,-0.17133563019894282,-0.1652818716554387,-0.006053758543504123,13.213311520646187,11.916222056319146,0.14014262040827727,0.3497705205256116
2016-12-05,12.453332901000977,0.028948175607045757,0.029371246552803765,-0.0022567721671120783,-0.04051412131070505,-0.002698732176917182,12.552233409881591,13.044813346862792,14.281906695365906,12.522809886756484,12.688004007651648,56.08091123509528,-0.16519412089516372,-0.16526432150338372,7.020060821999463e-05,13.199135104433415,11.905331715329767,0.42355831673224076,0.36085917479733576
2016-12-06,12.390000343322754,-0.00509856662561987,-0.0050855909965381585,0.028948175607045757,-0.0022567721671120783,-0.0339684278844735,12.527700090408326,13.01396001815796,14.28478669643402,12.502377649305142,12.665929662145803,52.440177447922416,-0.16355201284066112,-0.1649218597708392,0.0013698469301780813,13.15918989221267,11.896210288603982,0.390972311277138,0.356787771260352
2016-12-07,12.876667022705078,0.03852719230925342,0.03927898836940713,-0.00509856662561987,0.028948175607045757,-0.000897103679257112,12.52173342704773,12.99708002090454,14.289503364562988,12.55996062982821,12.681539837002047,59.26447653066357,-0.12157920717383774,-0.15625332925143892,0.03467412207760118,13.136629708932956,11.906837145162504,0.7886125726513977,0.383242152259106
2016-12-08,12.81933307647705,-0.004462487636317286,-0.004452545532701246,0.03852719230925342,-0.00509856662561987,-0.04051412131070505,12.529166746139527,12.978440017700196,14.291123366355896,12.599864083158801,12.691746743629826,53.955104563890295,-0.09188266047102545,-0.14337919549535624,0.0514965350243308,13.155138357485452,11.903195134793602,0.7317727554078901,0.3722637471288301
2016-12-09,12.812000274658203,-0.0005721748391663005,-0.0005720111783587001,-0.004462487636317286,0.03852719230925342,-0.0022567721671120783,12.551933431625368,12.967080020904541,14.291736702919007,12.632500420312555,12.700654412594892,58.451366314351894,-0.06815399228233687,-0.12833415485275237,0.0601801625704155,13.184574384005156,11.91929247924558,0.7055406325298328,0.3597980484581802
2016-12-12,12.82866668701172,0.0012999985316772525,0.0013008438960528945,-0.0005721748391663005,-0.004462487636317286,0.028948175607045757,12.564833402633669,12.95161334991455,14.291903371810912,12.66267984595858,12.710136803292434,59.39207140942646,-0.04745695733385347,-0.11215871534897259,0.06470175801511913,13.209490207697604,11.920176597569734,0.7046308068925803,0.35519212341568274
2016-12-13,13.210000038146973,0.029291869705805218,0.0297250961802078,0.0012999985316772525,-0.0005721748391663005,-0.00509856662561987,12.62050004005432,12.930880012512207,14.295836706161499,12.746882952449102,12.747163709577956,58.474986356636656,-0.00028075712885389237,-0.08978312370494887,0.08950236657609498,13.28684930367779,11.95415077643085,0.9423355965661855,0.3362742185069823
2016-12-14,13.246000289916992,0.0027215205279540696,0.0027252272268023514,0.029291869705805218,0.0012999985316772525,0.03852719230925342,12.670233392715454,12.913920021057129,14.299286708831787,12.82367023513647,12.784114567380847,56.98113343349918,0.03955566775562325,-0.06391536541283445,0.1034710331684577,13.368290799027953,11.972175986402956,0.9124065528099166,0.3348693094950778
2016-12-15,13.17199993133545,-0.005602282648722401,-0.005586619127426196,0.0027215205279540696,0.029291869705805218,-0.004462487636317286,12.71573338508606,12.899413356781006,14.299900045394898,12.877259419167082,12.812846816562669,51.24498554934326,0.0644126026044134,-0.03824977180938488,0.10266237441379827,13.42035122337536,12.01111554679676,0.8237688016507875,0.33643130860267006
2016-12-16,13.499333381652832,0.024546945787166506,0.02485070240083087,-0.005602282648722401,0.0027215205279540696,-0.0005721748391663005,12.761833381652831,12.901400032043457,14.300383377075196,12.972963105703352,12.863697673236015,57.63239255997054,0.10926543246733722,-0.008746730954040462,0.11801216342137769,13.544632695139192,11.97903406816647,0.9710658193575755,0.3357179311548198
2016-12-19,13.51533317565918,0.0011845266232092116,0.0011852284519540124,0.024546945787166506,-0.005602282648722401,0.0012999985316772525,12.820866680145263,12.90956003189087,14.29953004360199,13.056404654927327,12.911966969711804,68.57708507586922,0.14443768521552336,0.021890152279872302,0.12254753293565106,13.64501185461277,11.996721505677757,0.9213253423237127,0.32475907894808226
2016-12-20,13.919333457946776,0.029453938280041926,0.029891995782626468,0.0011845266232092116,0.024546945787166506,0.029291869705805218,12.901766681671143,12.920013370513916,14.301593375205993,13.189162932314934,12.986586709581061,73.46888387234617,0.20257622273387277,0.05802736637067239,0.14454885636320036,13.823103328775034,11.980430034567252,1.0522231094759065,0.33510090311508006
2016-12-21,13.846667289733888,-0.005234195214129661,-0.005220520683151042,0.029453938280041926,0.0011845266232092116,0.0027215205279540696,12.956866693496703,12.930146713256836,14.30125337600708,13.290317448840927,13.050296382184975,87.01264985924563,0.24002106665595235,0.09442610642772839,0.14559496022822396,13.966246640942732,11.947486746050675,0.9407659367954517,0.31874052302394107
2016-12-22,13.896666526794434,0.003604418381943262,0.00361092210958347,-0.005234195214129661,0.029453938280041926,-0.005602282648722401,13.00789999961853,12.939400043487549,14.302343373298646,13.383601922372236,13.11299046697086,88.30212972496564,0.2706114554013759,0.12966317622245788,0.140948279178918,14.099892271157316,11.915907728079745,0.9069472606813848,0.3179240097493259
2016-12-23,14.22266674041748,0.023187948121137215,0.023458878645067793,0.003604418381943262,-0.005234195214129661,0.024546945787166506,13.063533353805543,12.956866722106934,14.304290041923522,13.51268881745612,13.195188709448388,88.15414159602891,0.31750010800773154,0.16723056257951263,0.1502695454282189,14.283322491566219,11.843744216044866,0.975136788289453,0.3215015871271329
2016-12-27,14.635333061218262,0.02860173646003059,0.029014693821664217,0.023187948121137215,0.003604418381943262,0.0011845266232092116,13.14156665802002,12.98756004333496,14.305750041007995,13.685403316496448,13.301866068838748,92.07896053760378,0.38353724765769925,0.21049189959514997,0.1730453480625493,14.549521707330243,11.733611608709797,1.030473754801355,0.33179088240957066
2016-12-28,14.649333000183104,0.0009561276882602556,0.0009565849240520397,0.02860173646003059,0.023187948121137215,0.029453938280041926,13.242133331298827,13.021933364868165,14.306216707229614,13.833700190909779,13.401678434123514,90.37351871633606,0.43202175678626453,0.2547978710333729,0.1772238857528916,14.779979338815165,11.70428732378249,0.9575229450824342,0.2979285849538314
2016-12-29,14.312000274658203,-0.023296440031678647,-0.02302717301331636,0.0009561276882602556,0.02860173646003059,-0.005234195214129661,13.326399993896484,13.042706718444824,14.303800044059754,13.907284819178766,13.469109681570528,80.15085686282002,0.4381751376082388,0.2914733243483461,0.14670181325989268,14.906367230028023,11.746432757764945,0.811905290889103,0.31623383886595774
2016-12-30,14.246000289916992,-0.004622179490254591,-0.0046115136580925364,-0.023296440031678647,0.0009561276882602556,0.003604418381943262,13.432433366775513,13.05621337890625,14.299570045471192,13.959394891600033,13.526657134040637,78.29520264650438,0.43273775755939603,0.3197262109905561,0.11301154656883994,14.956669090637728,11.908197642913297,0.766877002816863,0.2677660314852957
2017-01-03,14.465999603271484,0.015324855095268295,0.015442882835696947,-0.004622179490254591,-0.023296440031678647,0.023187948121137215,13.550833368301392,13.080066719055175,14.294320044517518,14.037334078011025,13.596238057687366,79.9074661185243,0.44109602032365913,0.3440001728571767,0.09709584746648242,15.004889291455687,12.096777445147097,0.8146943045301914,0.2660497492335644
2017-01-04,15.13266658782959,0.04505471633347787,0.04608509628379487,0.015324855095268295,-0.004622179490254591,0.02860173646003059,13.684800052642823,13.11593339920044,14.29054337978363,14.205846771829266,13.71004757843864,81.80416179995935,0.49579919339062606,0.3743599769638666,0.12143921642675948,15.205296584409579,12.164303520876066,0.9761163557224309,0.2874029240037868
2017-01-05,15.116666793823242,-0.001057861030955868,-0.0010573016932267087,0.04505471633347787,0.015324855095268295,0.0009561276882602556,13.821133375167847,13.14792007446289,14.288046712875365,14.345972929059108,13.814241594393055,81.15010789189351,0.5317313346660537,0.40583424850430405,0.12589708616174966,15.341768399749359,12.300498350586334,0.9259843413155415,0.2849830361707142
2017-01-06,15.267333030700684,0.009917553493924881,0.009966895409707854,-0.001057861030955868,0.04505471633347787,-0.023296440031678647,13.940666675567627,13.183480072021485,14.290190043449401,14.487720637003967,13.92187799708251,84.02254381661699,0.565842639921458,0.43783592678773486,0.12800671313372314,15.523288366245124,12.35804498489013,0.9191356541325837,0.2642680868315544
2017-01-09,15.41866683959961,0.009863458023055665,0.009912262252654847,0.009917553493924881,-0.001057861030955868,-0.004622179490254591,14.070633363723754,13.22220006942749,14.291366710662842,14.630943129710989,14.03275124467637,83.05399191883504,0.5981918850346197,0.46990711843711186,0.12828476659750787,15.691974775147443,12.449291952300065,0.9157154891554136,0.25979212381203937
2017-01-10,15.324666976928713,-0.006115156941657397,-0.006096497424114333,0.009863458023055665,0.009917553493924881,0.015324855095268295,14.196266698837281,13.256680068969727,14.2912367105484,14.737669875436792,14.128448706324692,80.34439784117998,0.6092211691121001,0.49776992857210955,0.11145124053999056,15.796222041714715,12.596311355959847,0.852634929191856,0.26328790305781963
2017-01-11,15.315333366394045,-0.0006092435195030356,-0.0006090579683538655,-0.006115156941657397,0.009863458023055665,0.04505471633347787,14.320600032806396,13.2963600730896,14.291103377342225,14.826541181737907,14.216366088552052,76.98456004725134,0.6101750931858554,0.5202509614948587,0.08992413169099667,15.858344524386846,12.782855541225947,0.8234390820562427,0.2641099986467214
2017-01-12,15.305999755859377,-0.000609614923456095,-0.0006094291460314594,-0.0006092435195030356,-0.006115156941657397,-0.001057861030955868,14.425400018692017,13.338840065002442,14.292003374099732,14.900304039295056,14.297079693537778,78.91677894709002,0.6032243457572779,0.5368456383473426,0.06637870740993534,15.929782780862983,12.92101725652105,0.7926780867578447,0.2545831150799168
2017-01-13,15.850000381469728,0.03492463195369908,0.03554165910672369,-0.000609614923456095,-0.0006092435195030356,0.009917553493924881,14.555600023269653,13.40145341873169,14.294663376808167,15.04641116886039,14.41211085560681,82.36854922543462,0.6343003132535792,0.5563365733285899,0.07796373992498928,16.080792487490957,13.03040755904835,0.924340005790987,0.2718711473020887
2017-01-17,15.70533275604248,-0.009169203719983712,-0.009127294759965987,0.03492463195369908,-0.000609614923456095,0.009863458023055665,14.682266664505004,13.464866733551025,14.293993377685547,15.147783720734559,14.507905070453898,76.1400878752234,0.6398786502806608,0.5730449887190041,0.06683366156165671,16.143063464649217,13.221469864360792,0.8501739911521156,0.274687766019288
2017-01-18,15.890666961669922,0.011731632670332903,0.011800718170465796,-0.009169203719983712,0.03492463195369908,-0.006115156941657397,14.801833343505859,13.532786731719971,14.291116714477539,15.26207345010923,14.61033187721064,74.06081845091758,0.6517415728985902,0.5887843055549213,0.06295726734366891,16.24632421689474,13.357342470116976,0.8768918302715124,0.26864111580079186
2017-01-19,16.250667572021484,0.022402035945969845,0.02265484584252664,0.011731632670332903,-0.009169203719983712,-0.0006092435195030356,14.938600063323975,13.603720073699952,14.287213382720948,15.414164853480345,14.731838224974407,77.0983750215852,0.6823266285059386,0.6074927701451248,0.0748338583608138,16.388178308523937,13.489021818124014,0.9525687085337419,0.27187763413943455
2017-01-20,16.315332412719727,0.003971315219317114,0.003979211340805033,0.022402035945969845,0.011731632670332903,-0.000609614923456095,15.058400011062622,13.672413387298583,14.280316705703735,15.55280601644025,14.84913409073332,87.347712640482,0.7036719257069297,0.6267286012574859,0.07694332444944385,16.548755897350592,13.568044124774651,0.9216886762489148,0.2615703155219725
2017-01-23,16.594667434692383,0.016976100373868687,0.017121013222806347,0.003971315219317114,0.022402035945969845,0.03492463195369908,15.195800018310546,13.744386730194092,14.277556705474854,15.713092388479039,14.97843285695251,90.5594898517118,0.7346595315265283,0.6483147873112944,0.08634474421523386,16.72204476250774,13.669555274113351,0.9582710019806303,0.2585964422372889
2017-01-24,16.974000930786133,0.022601411503190925,0.022858758549190616,0.016976100373868687,0.003971315219317114,-0.009169203719983712,15.349666738510132,13.830453414916992,14.279070043563843,15.907078318064745,15.12625271427352,91.05191482878527,0.7808256037912251,0.6748169506072806,0.10600865318394448,16.943438210327585,13.75589526669268,1.0095881752807683,0.2620576531953315
2017-01-25,16.96466636657715,-0.0005500843249134191,-0.0005499330562692695,0.022601411503190925,0.016976100373868687,0.011731632670332903,15.486766719818116,13.922613410949706,14.280586709976197,16.069784171682038,15.262431503333048,88.20904363171003,0.8073526683489902,0.7013240941556226,0.10602857419336764,17.142867234900322,13.830666204735909,0.9461986556068646,0.2597519672336899
2017-01-26,16.833999633789062,-0.0077321030234220765,-0.007702287210641479,-0.0005500843249134191,0.022601411503190925,0.022402035945969845,15.596700048446655,14.007880058288574,14.282150039672851,16.187355781236963,15.3788439574409,84.18251438481292,0.8085118237960636,0.7227616400837108,0.08575018371235277,17.305874540840527,13.887525556052783,0.8619582409077039,0.25501809953740734
2017-01-27,16.863332748413086,0.0017409759146729197,0.0017424922931057463,-0.0077321030234220765,-0.0005500843249134191,0.003971315219317114,15.707400035858154,14.103213367462159,14.281623373031616,16.291352237725597,15.488806090105506,83.37973377224598,0.8025461476200917,0.738718541590987,0.06382760602910464,17.44478053196004,13.970019539756269,0.8326653876765822,0.25478658511934715
2017-01-30,16.708667755126953,-0.009213992922049127,-0.009171674163915622,0.0017409759146729197,-0.0077321030234220765,0.016976100373868687,15.827233409881591,14.192360057830811,14.28121337890625,16.355554625018115,15.579166213440429,76.94234221170908,0.7763884115776865,0.746252515588327,0.030135895989359507,17.48830649332801,14.166160326435174,0.7653207598236882,0.23681982272387755
2017-01-31,16.795333862304688,0.0051734895114166285,0.005186895116227497,-0.009213992922049127,0.0017409759146729197,0.022601411503190925,15.954700088500976,14.283026733398437,14.280353384017944,16.42321296921605,15.669252705948892,80.81002827454917,0.7539602632671567,0.7477940651240929,0.00616619814306385,17.491476839657835,14.417923337344117,0.7735054955675561,0.2325511926243217
2017-02-01,16.615999221801758,-0.010735061799641487,-0.010677646659077555,0.0051734895114166285,-0.009213992922049127,-0.0005500843249134191,16.06220006942749,14.363800048828125,14.278806715011596,16.45287239269077,15.73938207749355,75.43671571430538,0.7134903151972214,0.7409333151387186,-0.027442999941497237,17.45450642635019,14.669893712504791,0.6988783393901485,0.24027762116792817
2017-02-02,16.770000457763672,0.009225563392159148,0.009268250070681772,-0.010735061799641487,0.0051734895114166285,-0.0077321030234220765,16.144066762924194,14.452506713867187,14.280200052261353,16.50166132577891,15.815724179735781,77.09769755817881,0.6859371460431305,0.729934081319601,-0.04399693527647053,17.49826969384086,14.789863832007526,0.7311077906232932,0.19409360829594854
2017-02-03,16.755332946777344,-0.0008750106521047401,-0.0008746279419173941,0.009225563392159148,-0.010735061799641487,0.0017409759146729197,16.2260000705719,14.54158670425415,14.280653381347657,16.54068772900944,15.885324829146267,70.84094397746307,0.6553628998631744,0.7150198450283157,-0.059656945165141306,17.515201848006093,14.936798293137707,0.7052948132211457,0.1940172771573481
2017-02-06,17.184667587280273,0.025300974445146132,0.02562376061798921,-0.0008750106521047401,0.009225563392159148,-0.009213992922049127,16.32186679840088,14.630386714935304,14.283813381195069,16.639761553358802,15.981572440859898,80.10851678586278,0.6581891124989045,0.7036536985224335,-0.045464586023528986,17.595972316060948,15.047761280740811,0.838590790527284,0.20632891746103477
2017-02-07,17.165332794189453,-0.0011257522514144802,-0.0011251188300628323,0.025300974445146132,-0.0008750106521047401,0.0051734895114166285,16.40920009613037,14.716173362731933,14.285056705474853,16.720618667332747,16.069258392958382,77.82296339964628,0.6513602743743654,0.69319501369282,-0.041834739318454606,17.66190334202055,15.156496850240188,0.801800406656474,0.20722517993572317
2017-02-08,17.472000122070312,0.017707791875794108,0.01786550436031553,-0.0011257522514144802,0.025300974445146132,-0.010735061799641487,16.51656675338745,14.803413372039795,14.288476705551147,16.83621581421545,16.173165187707415,77.29431121644316,0.6630506265080349,0.687166136255863,-0.024115509747828057,17.74575481081094,15.287378695963962,0.8886440984000256,0.2069735927574025
2017-02-09,17.946666717529297,0.026804792953342108,0.027167272901938322,0.017707791875794108,-0.0011257522514144802,0.009225563392159148,16.648133420944212,14.900853366851807,14.29363003730774,17.00705441472527,16.304535671397925,80.81081061608725,0.7025187433273459,0.6902366576701596,0.012282085657186248,17.89905468815453,15.397212153733896,1.019030785798753,0.2170166912096701
2017-02-10,17.948667526245117,0.00011148015529282554,0.00011148636943625334,0.026804792953342108,0.017707791875794108,-0.0008750106521047401,16.7802668094635,15.00706672668457,14.299550037384034,17.15191797034371,16.42632321620142,78.56532369306741,0.7255947541422891,0.6973082769645855,0.028286477177703606,17.991938175059108,15.568595443867894,0.9821442306706981,0.21665525193910454
2017-02-13,18.706666946411133,0.04136410186266171,0.04223151490536248,0.00011148015529282554,0.026804792953342108,0.025300974445146132,16.92310013771057,15.128666725158691,14.310513372421264,17.39111012050793,16.595237566587326,81.51823334462104,0.7958725539206029,0.717021132355789,0.07885142156481384,18.33069571987317,15.51550455554797,1.1335508690501603,0.2281827074268241
2017-02-14,18.73200035095215,0.0013533285363129279,0.0013542446986194445,0.04136410186266171,0.00011148015529282554,-0.0011257522514144802,17.074433517456054,15.260800075531005,14.323920040130615,17.597400925191653,16.75351629135509,81.96282263205389,0.8438846338365629,0.7423938326519438,0.10149080118461906,18.57828275633007,15.57058427858204,1.0511080468202962,0.22043237752997452
2017-02-15,18.65066719055176,-0.004351390314469597,-0.004341936732680685,0.0013533285363129279,0.04136410186266171,0.017707791875794108,17.212433528900146,15.391853427886964,14.336573371887207,17.75944188909321,16.89404598759188,83.45196291985437,0.86539590150133,0.7669942464218211,0.09840165507950882,18.76466460932504,15.66020244847525,0.9632794948474825,0.22495302126308997
2017-02-16,17.93000030517578,-0.03940661510481761,-0.0386402737238839,-0.004351390314469597,0.0013533285363129279,0.026804792953342108,17.296400165557863,15.501386775970461,14.348783373832703,17.785681645413604,16.970783344449945,65.6555680410195,0.8148983009636588,0.7765750573301887,0.03832324363347006,18.810797854034263,15.782002477081463,0.7091921245123428,0.2741151435424402
2017-02-17,18.148666381835938,0.012121775789011094,0.012195542272078752,-0.03940661510481761,-0.004351390314469597,0.00011148015529282554,17.388066864013673,15.616560096740725,14.365340042114259,17.84152545101704,17.05803393981187,70.74523859769448,0.7834915112051704,0.7779583481051852,0.005533163099985194,18.87410432194151,15.902029406085836,0.7559153249349656,0.275266520205559
2017-02-21,18.49266624450684,0.018777153847110584,0.018954553212526593,0.012121775789011094,-0.03940661510481761,0.04136410186266171,17.482966804504393,15.72888008117676,14.387293372154236,17.94170095770778,17.164302999418904,72.76461219442442,0.7773979582888764,0.7778462701419234,-0.00044831185304705645,18.997805476690672,15.968128132318112,0.8332696274994108,0.27634974861634626
2017-02-22,18.233999252319336,-0.014086292115606327,-0.013987544509128869,0.018777153847110584,0.012121775789011094,0.0013533285363129279,17.545966720581056,15.837173404693607,14.406820034980774,17.98666992610956,17.24353975889301,71.24843823735982,0.7431301672165489,0.7709030495568486,-0.02777288234029973,19.076403235649842,16.01553020551227,0.7247831010838617,0.2767718215850915
2017-02-23,17.06599998474121,-0.06619976293766883,-0.06405612128285887,-0.014086292115606327,0.018777153847110584,-0.004351390314469597,17.551033401489256,15.922253398895267,14.42251003265381,17.845028396668276,17.230388664511395,53.06968318703172,0.6146397321568813,0.7396503860768552,-0.1250106539199739,19.074019747106913,16.0280470558716,0.3407623882696935,0.37161793598678383
2017-02-24,17.133333206176758,0.0039376971511312624,0.003945460066550499,-0.06619976293766883,-0.014086292115606327,-0.03940661510481761,17.566000080108644,16.008346729278568,14.438613362312317,17.73553682890035,17.223199371301423,53.87771921290796,0.5123374575989281,0.6941878003812698,-0.1818503427823417,19.065011768010727,16.06698839220656,0.3556826216153732,0.370580772784335
2017-02-27,16.415332794189453,-0.042810051837845475,-0.04190663914295778,0.0039376971511312624,-0.06619976293766883,0.012121775789011094,17.54360008239746,16.072453384399417,14.45103669166565,17.532428515867906,17.163357402626463,42.54905836388995,0.3690711132414428,0.6291644629533044,-0.2600933497118616,19.099145667384608,15.988054497410314,0.1373403328397701,0.4016497564130692
2017-02-28,16.666000366210938,0.015154913399975685,0.015270331412970961,-0.042810051837845475,0.0039376971511312624,0.018777153847110584,17.54146671295166,16.140853385925297,14.465273356437683,17.39913187745914,17.126516140669757,45.371409577759636,0.27261573678938333,0.5578547177205202,-0.28523898093113687,19.101942892877265,15.980990533026056,0.2194874365905219,0.4046222141443583
2017-03-01,16.667999267578125,0.00011993168485901984,0.00011993887695105343,0.015154913399975685,-0.042810051837845475,-0.014086292115606327,17.535099983215332,16.21077337265015,14.479410018920898,17.286649937477446,17.092551927848156,42.10111697590505,0.1940980096292897,0.4851033761022741,-0.2910053664729844,19.109371979102175,15.96082798732849,0.2246026360429734,0.4041413921536191
2017-03-02,16.698667526245117,0.0018382577734033126,0.0018399484050042325,0.00011993168485901984,0.015154913399975685,-0.06619976293766883,17.5392333984375,16.274760055541993,14.493473358154297,17.196191104980166,17.06337530550719,36.56717551641497,0.13281579947297573,0.4146458607764144,-0.2818300613034387,19.10374844682006,15.974718350054937,0.2313653604478329,0.4023290844379591
2017-03-03,16.771333694458008,0.004342173871295661,0.004351614767985623,0.0018382577734033126,0.00011993168485901984,0.0039376971511312624,17.539300060272218,16.33988006591797,14.509110026359558,17.130828426438296,17.04174259357762,37.51766400732527,0.0890858328606754,0.34953385519326663,-0.26044802233259123,19.10367721215974,15.974922908384695,0.2545456462057092,0.40125584196374464
2017-03-06,16.747333526611328,-0.0014320481056087722,-0.0014310232140101187,0.004342173871295661,0.0018382577734033126,-0.042810051837845475,17.538900089263915,16.396440067291262,14.522456693649293,17.0718292110803,17.01993451454308,25.397623717796776,0.05189469653721801,0.2900060234620569,-0.23811132692483888,19.104125060769213,15.973675117758617,0.24713968373142972,0.4012768974123174
2017-03-07,16.57266616821289,-0.01048433133048071,-0.010429562301419115,-0.0014320481056087722,0.004342173871295661,0.015154913399975685,17.508300018310546,16.450960044860842,14.533583359718323,16.99503489679301,16.986803525926028,23.866382826664193,0.008231370866980114,0.23365109294304154,-0.22541972207606142,19.125742039862764,15.89085799675833,0.210767422377294,0.3913040819861163
2017-03-08,16.45800018310547,-0.006943029517876438,-0.006918982373962046,-0.01048433133048071,-0.0014320481056087722,0.00011993168485901984,17.47293338775635,16.502186717987062,14.542446694374085,16.91241417161031,16.94763290793932,23.675363009134514,-0.035218736329010625,0.17987712708863113,-0.21509586341764175,19.15172060965944,15.794146165853258,0.19771833160001637,0.3917131677542752
2017-03-09,16.32666778564453,-0.008011860916409338,-0.007979851500776736,-0.006943029517876438,-0.01048433133048071,0.0018382577734033126,17.415666770935058,16.544266738891604,14.552006697654724,16.82229934300019,16.901635491473037,27.577855261978684,-0.07933614847284787,0.12803447197633533,-0.2073706204491832,19.170982648915338,15.660350892954778,0.18979971099459259,0.3850422838165276
2017-03-10,16.246000289916992,-0.004953088918532334,-0.0049408426009909245,-0.008011860916409338,-0.006943029517876438,0.004342173871295661,17.330633449554444,16.57648008346558,14.560600032806397,16.73363795021816,16.853069920987405,22.32352081094119,-0.11943197076924505,0.07854118342721926,-0.19797315419646433,19.141532099292494,15.519734799816394,0.20052626639421642,0.36814233505954846
2017-03-13,16.411333084106445,0.01012539541037759,0.010176830680722393,-0.004953088918532334,-0.008011860916409338,-0.0014320481056087722,17.25376672744751,16.611720085144047,14.569463362693787,16.684052586200973,16.820348673811036,18.06465396141597,-0.13629608761006295,0.03557372921976282,-0.17186981682982577,19.084608253880084,15.422925201014934,0.26993266998303245,0.37167753098347067
2017-03-14,17.200000762939453,0.046937290291773334,0.04805628371511106,0.01012539541037759,-0.004953088918532334,-0.01048433133048071,17.178433418273926,16.66948009490967,14.580423364639282,16.763429228776126,16.848471050783512,36.354061941658905,-0.08504182200738697,0.01145061897433286,-0.09649244098171983,18.87675319995763,15.480113636590222,0.5063496123928279,0.3811988305355637
2017-03-15,17.048667907714844,-0.008837356078796606,-0.008798421425113223,0.046937290291773334,0.01012539541037759,-0.006943029517876438,17.09426679611206,16.725533447265626,14.591320037841797,16.807312102459004,16.86330044759324,49.68737249084342,-0.05598834513423512,-0.0020371738473807365,-0.05395117128685438,18.62720112380025,15.561332468423865,0.4851269269747577,0.3809465500317302
2017-03-16,17.469999313354492,0.024413012744144803,0.024713450219121746,-0.008837356078796606,0.046937290291773334,-0.008011860916409338,17.035233402252196,16.785613441467287,14.604260034561158,16.90926398105831,16.908241104316296,55.38493548206018,0.001022876742013068,-0.0014251637295019757,0.0024480404715150434,18.397202584735453,15.673264219768937,0.6596093056634347,0.3947373106177649
2017-03-17,17.433332443237305,-0.0021010534960668706,-0.002098847828182704,0.024413012744144803,-0.008837356078796606,-0.004953088918532334,17.010400009155273,16.831626758575442,14.618240032196045,16.989889898316616,16.947136759051187,70.82083374619356,0.042753139265428786,0.007410496869484177,0.03534264239594461,18.320811864402856,15.69998815390769,0.6613738582982085,0.37093507589351515
2017-03-20,17.461332321166992,0.0016048232088261534,0.0016061116267274134,-0.0021010534960668706,0.024413012744144803,0.01012539541037759,16.976033306121828,16.878520069122317,14.632560029029847,17.062419501832057,16.985225319207913,67.8967730416398,0.07719418262414379,0.0213672340204161,0.055826948603727694,18.19350865363548,15.758557958608176,0.6993054791771555,0.3677131295657867
2017-03-21,16.711999893188477,-0.04386183669150123,-0.04291381746799239,0.0016048232088261534,-0.0021010534960668706,0.046937290291773334,16.886999988555907,16.907413406372072,14.643123364448547,17.00850879280997,16.96498639876203,50.74091798160954,0.04352239404794034,0.02579826602592095,0.01772412802201939,17.87659523746821,15.897404739643605,0.4115799638489681,0.387612614655467
2017-03-22,17.000667572021484,0.01712559436469392,0.017273078068332337,-0.04386183669150123,0.0016048232088261534,-0.008837356078796606,16.825333404541016,16.93905342102051,14.654566702842713,17.007302451150203,16.9676294486331,54.678789232712255,0.03967300251710171,0.028573213324157104,0.011099789192944604,17.58954983096152,16.061116978120513,0.6147149952675788,0.3937600660844502
2017-03-23,16.985332489013672,-0.0009024353569705339,-0.00090202828464514,0.01712559436469392,-0.04386183669150123,0.024413012744144803,16.82130002975464,16.97226673126221,14.662046699523925,17.003922456975353,16.96894078495759,53.37537522721215,0.034981672017764254,0.029854905062878537,0.005126766954885717,17.581006481015553,16.061593578493724,0.6079577901351122,0.31649815360223904
2017-03-24,17.54400062561035,0.032361869904410125,0.03289120992821504,-0.0009024353569705339,0.01712559436469392,-0.0021010534960668706,16.84183340072632,17.016840076446535,14.67126003742218,17.087011405996122,17.011537810191125,60.752206261297744,0.07547359580499702,0.03897864321130223,0.036494952593694785,17.657209329396267,16.02645747205637,0.9305788288534697,0.3368955969276724
2017-03-27,18.014667510986328,0.026474241022969476,0.026827796887382016,0.032361869904410125,-0.0009024353569705339,0.0016048232088261534,16.921800136566162,17.071013431549076,14.684880042076111,17.229727729840768,17.085843713953732,68.0220090374169,0.1438840158870356,0.05995971774644891,0.08392429814058668,17.8647767847119,15.978823488420426,1.0794774327493541,0.30516756950920854
2017-03-28,18.49666786193848,0.026404312492568204,0.026755994839105623,0.026474241022969476,0.032361869904410125,-0.04386183669150123,17.01333351135254,17.12394678115845,14.70443337917328,17.42464159631734,17.190349206397048,73.33638706933482,0.23429238992029155,0.09482625218121746,0.1394661377390741,18.180510150752415,15.846156871952664,1.1354369598026839,0.31282091232985204
2017-03-29,18.492000579833984,-0.0002523628087133042,-0.00025233096789822884,0.026404312492568204,0.026474241022969476,0.01712559436469392,17.10453357696533,17.17968013763428,14.724270048141479,17.588850670704517,17.286767826651637,75.52653661809553,0.30208284405287955,0.1362775705555499,0.16580527349732965,18.432118065785964,15.776949088144697,1.022553183828329,0.31290405379923825
2017-03-30,18.527999877929688,0.0019448573202456316,0.0019467497819007917,-0.0002523628087133042,0.026404312492568204,-0.0009024353569705339,17.196000194549562,17.232426795959476,14.745256714820862,17.733335164123773,17.37871094156112,77.18822704376699,0.35462422256265214,0.17994690095697036,0.17467732160568178,18.651732164330753,15.740268224768371,0.95750169366011,0.3128891267516722
2017-03-31,18.553333282470703,0.0013663698860456703,0.0013673037946848599,0.0019448573202456316,-0.0002523628087133042,0.032361869904410125,17.285100173950195,17.278480110168456,14.765456714630126,17.859488720792534,17.46572000385072,76.40097175981711,0.39376871694181403,0.2227112641539391,0.17105745278787493,18.84574945151562,15.724450896384772,0.906315860568917,0.3131752180865456
2017-04-03,19.90133285522461,0.070137242448815,0.07265538500445645,0.0013663698860456703,0.0019448573202456316,0.026474241022969476,17.44280014038086,17.350200119018556,14.792320041656494,18.173618587628237,17.646135770619157,79.26052243819915,0.52748281700908,0.2836655747249673,0.24381724228411267,19.369199518728678,15.516400762033044,1.1381160476059533,0.3877035697162143
2017-04-04,20.24666786193848,0.01720352284795569,0.01735235570532212,0.070137242448815,0.0013663698860456703,0.026404312492568204,17.62650022506714,17.423240127563478,14.821730046272277,18.492549245214427,17.838767777383552,83.24322009400323,0.6537814678308749,0.3576887533461488,0.29609271448472607,19.87697132575819,15.37602912437609,1.082137588006966,0.3820166330537645
2017-04-05,19.666667938232425,-0.02906501009148396,-0.02864668535390913,0.01720352284795569,0.070137242448815,-0.0002523628087133042,17.786933612823486,17.477093467712404,14.846830053329468,18.673182890294118,17.974167789298285,72.10518941349665,0.6990151009958332,0.42595402287608575,0.27306107811974745,20.14172985356077,15.432137372086203,0.8991288700249491,0.40255713784632424
2017-04-06,19.913333892822266,0.012464332322556724,0.01254233586312381,-0.02906501009148396,0.01720352284795569,0.0019448573202456316,17.966266918182374,17.536066818237305,14.87319338798523,18.863975352221527,18.117809722892652,73.9443817296873,0.7461656293288748,0.4899963441666436,0.25616928516223114,20.39785957449625,15.5346742618685,0.900368657469033,0.3976760146375768
2017-04-07,20.16933250427246,0.012773705710770768,0.012855637977449375,0.012464332322556724,-0.02906501009148396,0.0013663698860456703,18.162433528900145,17.602773475646973,14.908486714363098,19.06479952946013,18.26977437336523,75.04314462586586,0.7950251560949013,0.5510021065522952,0.24402304954260612,20.642230101232506,15.682636956567784,0.9046499212402604,0.3938368256377871
2017-04-10,20.826000213623047,0.032038958438399955,0.03255773135831275,0.012773705710770768,0.012464332322556724,0.070137242448815,18.383166885375978,17.682026824951173,14.947150049209595,19.335753480869812,18.459124435606547,88.70903771586413,0.8766290452632646,0.6161274942944891,0.2605015509687755,20.989369117853286,15.77696465289867,0.9686576693484469,0.4009447357709849
2017-04-11,20.58066749572754,-0.011850052290564796,-0.011780116939354768,0.032038958438399955,0.012773705710770768,0.01720352284795569,18.55220022201538,17.759466819763183,14.985670051574708,19.527278713924847,18.61627577339329,83.96152639424115,0.9110029405315565,0.6751025835419027,0.23590035698965384,21.271374219855282,15.833026224175477,0.8729932831300172,0.38688765018139176
2017-04-12,19.78933334350586,-0.039209091560892646,-0.03845036378853883,-0.011850052290564796,0.032038958438399955,-0.02906501009148396,18.68923349380493,17.819346809387206,15.018433384895324,19.567594810783465,18.70316892673496,73.18632664983488,0.8644258840485044,0.7129672436432231,0.15145864040528134,21.365262993036833,16.01320399457303,0.705547033397182,0.4191098297226918
2017-04-13,20.26666641235352,0.023834415241901906,0.024120725067492188,-0.039209091560892646,-0.011850052290564796,0.012464332322556724,18.829066848754884,17.892360153198243,15.052503380775452,19.67514428794809,18.818983555299297,72.82073237447933,0.8561607326487923,0.741605941444337,0.11455479120445533,21.529011534980402,16.129122162529367,0.7662275955009245,0.4188042176048448
2017-04-17,20.09600067138672,-0.008456664060905034,-0.00842100706126847,0.023834415241901906,-0.039209091560892646,0.012773705710770768,18.962200260162355,17.958880157470702,15.082920050621032,19.739891423861724,18.91357741575022,68.36902822844817,0.8263140081115061,0.7585475547777708,0.06776645333373532,21.634815296994883,16.289585223329826,0.712114426432341,0.42132158334029685
2017-04-18,20.01666641235352,-0.003955576541947467,-0.0039477635540765554,-0.008456664060905034,0.023834415241901906,0.032038958438399955,19.08996696472168,18.024106826782226,15.11224338054657,19.782472191322,18.995287711794905,64.44133398909011,0.7871844795270952,0.7642749397276358,0.022909539799459422,21.704156808900013,16.475777120543345,0.6772440991031221,0.422744573510656
2017-04-19,20.36800003051757,0.017399796160547393,0.017552054419372354,-0.003955576541947467,-0.008456664060905034,-0.011850052290564796,19.272766971588133,18.087773475646973,15.1419167137146,19.872553397352085,19.09697010577436,66.72212576668545,0.7755832915777248,0.7665366100976537,0.00904668148007104,21.69075960774593,16.854774335430335,0.7264756812224556,0.3789802107145029
2017-04-20,20.16733360290528,-0.009900896273071258,-0.009852043760390283,0.017399796160547393,-0.003955576541947467,-0.039209091560892646,19.431100273132323,18.14781349182129,15.17142671585083,19.917904198206422,19.176256290747023,64.19582332283653,0.7416479074593987,0.7615588695700028,-0.01991096211060417,21.62718266705376,17.235017879210886,0.6676242503038108,0.38424406688903273
2017-04-21,20.37333297729492,0.010162691674158642,0.010214507204857393,-0.009900896273071258,0.017399796160547393,0.023834415241901906,19.600500297546386,18.20584014892578,15.201813383102417,19.987970164220037,19.26492863789872,65.28213045650814,0.7230415263213175,0.7538554009202658,-0.030813874598948354,21.505634081149147,17.695366513943625,0.7028289788360804,0.38264150912454165
2017-04-24,20.53533363342285,0.007920155624320208,0.007951603024820564,0.010162691674158642,-0.009900896273071258,-0.008456664060905034,19.75006694793701,18.257613487243653,15.232510051727296,20.072179928712778,19.359032711641248,56.64756785079329,0.7131472170715298,0.7457137641505186,-0.03256654707898876,21.432021249261147,18.068112646612875,0.7334387696703861,0.37263377716386625
2017-04-25,20.91933250427246,0.018526737287367458,0.018699422064641924,0.007920155624320208,0.010162691674158642,-0.003955576541947467,19.89530019760132,18.3170267868042,15.264846715927124,20.2025110941835,19.474610474058377,56.99623793755501,0.7279006201251228,0.7421511353454395,-0.014250515220316728,21.44254396705791,18.348056428144726,0.8309214510622306,0.36841558459152113
2017-04-26,20.67799949645996,-0.011603422813120651,-0.011536362728744365,0.018526737287367458,0.007920155624320208,0.017399796160547393,20.00436677932739,18.356453437805175,15.293310046195984,20.275663156072184,19.56375040164368,61.31581519565562,0.7119127544285035,0.7361034591620523,-0.024190704733548785,21.43999325084387,18.568740307810913,0.7346128085883646,0.3672146334371905
2017-04-27,20.57533264160156,-0.004977395109534198,-0.004965028404995242,-0.011603422813120651,0.018526737287367458,-0.009900896273071258,20.10853338241577,18.393320083618164,15.321303372383118,20.321766153845935,19.638682419418338,57.65375743703058,0.6830837344275977,0.7254995142151615,-0.04241577978756372,21.374409227138344,18.8426575376932,0.6843779787456529,0.36858941223586933
2017-04-28,20.9379997253418,0.017472763075992565,0.017626304762964562,-0.004977395109534198,-0.011603422813120651,0.010162691674158642,20.229033374786376,18.439066734313965,15.35181670665741,20.416571318691453,19.734928145783037,58.67309144985901,0.6816431729084158,0.7167282459538123,-0.03508507304539654,21.30617590552173,19.15189084405102,0.8290958857930438,0.37080816485775947
2017-05-01,21.52199935913086,0.02750996122133013,0.027891854114518333,0.017472763075992565,-0.004977395109534198,0.007920155624320208,20.377466678619385,18.510906715393066,15.385583367347717,20.586637171066744,19.86730379121621,57.984085391362534,0.7193333798505357,0.7172492727331571,0.0020841071173786085,21.28755776408565,19.46737559315312,1.1288011709976793,0.37791281722526326
2017-05-02,21.25933265686035,-0.012279655191125689,-0.012204567888302154,0.02750996122133013,0.017472763075992565,0.018526737287367458,20.445366668701173,18.573120040893556,15.418413367271423,20.69012878426576,19.970417040523184,57.75440180901758,0.7197117437425753,0.7177417669350408,0.0019699768075345236,21.407057995260327,19.483675342142018,0.9231950344563656,0.30214821822294957
2017-05-03,20.73466682434082,-0.024988957514322178,-0.02467931806646917,-0.012279655191125689,0.02750996122133013,-0.011603422813120651,20.46976661682129,18.617960052490233,15.446670036315918,20.69698079043115,20.02702813562079,61.50227921166806,0.6699526548103627,0.7081839445101052,-0.03823128969974254,21.434987584255516,19.50454564938706,0.6372225720622787,0.31331083026123224
2017-05-04,19.69733238220215,-0.05132381079141148,-0.05002899014132822,-0.024988957514322178,-0.012279655191125689,-0.004977395109534198,20.471299839019775,18.64722671508789,15.470070033073425,20.543188727626692,20.00260622796015,43.90347517947768,0.5405824996665416,0.6746636555413925,-0.13408115587485092,21.431232385414678,19.511367292624872,0.0968636235304669,0.349672394804214
2017-05-05,20.55666732788086,0.042702117996785756,0.04362697085089429,-0.05132381079141148,-0.024988957514322178,0.017472763075992565,20.503466510772704,18.717040061950684,15.49673336982727,20.545262358435025,20.04364779091724,54.29886627062558,0.5016145675177839,0.6400538379366708,-0.13843927041888693,21.42710377841442,19.579829243130987,0.528799626743078,0.379112625942343
2017-05-08,20.47933387756348,-0.0037690583679840335,-0.003761964382840044,0.042702117996785756,-0.05132381079141148,0.02750996122133013,20.518966579437254,18.783960075378417,15.525630040168762,20.535119515224018,20.075920834372518,54.319150368204426,0.4591986808515003,0.6038828065196368,-0.1446841256681365,21.429303054819346,19.608630104055162,0.4782318390257078,0.3771827501452512
2017-05-09,21.41733360290528,0.04478430148128964,0.04580225758072354,-0.0037690583679840335,0.042702117996785756,-0.012279655191125689,20.54853324890137,18.884000091552736,15.558626708984375,20.670844759482677,20.175284743152723,58.828810120715794,0.4955600163299536,0.5822182484817002,-0.08665823215174662,21.536001491153897,19.561065006648846,0.9399130609112443,0.3935577865346044
2017-05-10,21.68133354187012,0.012251109299595213,0.012326461540900224,0.04478430148128964,-0.0037690583679840335,-0.024988957514322178,20.6035665512085,18.98430675506592,15.59036337852478,20.826304572157667,20.286843913428086,62.60406100720446,0.5394606587295812,0.5736667305312765,-0.034206071801695326,21.713647143028805,19.49348595938819,0.9854453805440845,0.39209149158813433
2017-05-11,21.540000915527344,-0.006539970681797999,-0.006518631617831172,0.012251109299595213,0.04478430148128964,-0.05132381079141148,20.691099929809575,19.0817467880249,15.621560049057006,20.936104009599156,20.37967035802803,59.81823259935089,0.5564336515711261,0.5702201147392464,-0.013786463168120267,21.80692076303757,19.57527909658158,0.8803930525575304,0.3618668899813165
2017-05-12,21.65399932861328,0.005278449651668287,0.005292405210798323,-0.006539970681797999,0.012251109299595213,0.042702117996785756,20.760466575622562,19.180853424072264,15.653666710853576,21.04654944329364,20.4740650965899,59.49094489195588,0.5724843467037388,0.5706729611321448,0.001811385571593993,21.936079601535894,19.58485354970923,0.8800284333769332,0.3544581278025239
2017-05-15,21.058666229248047,-0.027877991127760626,-0.027492985952879856,0.005278449651668287,-0.006539970681797999,-0.0037690583679840335,20.808599853515627,19.266600074768068,15.682090044021606,21.0484135642097,20.51736888419421,51.1412068288382,0.5310446800154907,0.562747304908814,-0.03170262489332332,21.947933479948848,19.669266227082407,0.6097423835875333,0.36939865310723996
2017-05-16,21.13400077819824,0.0035709820851973894,0.0035773656379796126,-0.027877991127760626,0.005278449651668287,0.04478430148128964,20.864466571807863,19.354333419799804,15.709496712684631,21.061580827900244,20.5630453207871,53.839256005642355,0.498535507113143,0.5499049453496798,-0.051369438236536835,21.948532084085898,19.78040105952983,0.624316382791286,0.36866286239463686
2017-05-17,20.40733337402344,-0.034988839469108426,-0.034383807013219414,0.0035709820851973894,-0.027877991127760626,0.012251109299595213,20.866433238983156,19.431026763916016,15.734863381385804,20.96092737345766,20.55151110250831,48.7200383174724,0.4094162709493503,0.521807210469614,-0.11239093952026369,21.94684300960148,19.78602346836483,0.2875343793415671,0.38741191373258405
2017-05-18,20.87066650390625,0.022450341187512813,0.02270424662501891,-0.034988839469108426,0.0035709820851973894,-0.006539970681797999,20.901599884033207,19.519280090332032,15.763483381271362,20.947041085834368,20.575152243352605,49.49474825576367,0.3718888424817628,0.4918235368720438,-0.11993469439028098,21.930769074257917,19.872430693808496,0.4849716740353437,0.39331394262065844
2017-05-19,20.722000122070312,-0.007148712838925957,-0.007123221570720428,0.022450341187512813,-0.034988839469108426,0.005278449651668287,20.919033241271975,19.607186737060548,15.791830048561096,20.912419399101434,20.58602986399836,43.57739920729275,0.32638953510307545,0.45873673651825014,-0.1323472014151747,21.92200362083796,19.916062861705992,0.4017752053221525,0.3931821355771497
2017-05-22,20.690000534057617,-0.001545426150609792,-0.0015442325945463908,-0.007148712838925957,0.022450341187512813,-0.027877991127760626,20.926766586303714,19.69606674194336,15.818410053253174,20.878201112171617,20.59373139511386,45.25345622119814,0.2844697170577568,0.42388333262615147,-0.13941361556839466,21.91961416725615,19.933919005351278,0.380764149105864,0.39235889798549695
2017-05-23,20.257333755493164,-0.021133628816543706,-0.020911878559512043,-0.001545426150609792,-0.007148712838925957,0.0035709820851973894,20.89366664886475,19.772986755371093,15.843020057678222,20.78268305729801,20.568813051438255,45.958458652444875,0.21387000585975358,0.38188066727287195,-0.16801066141311838,21.93071386876991,19.856619428959586,0.19319965322804833,0.3932790069198076
2017-05-24,20.68133354187012,0.020714643424466335,0.020930680784285505,-0.021133628816543706,-0.001545426150609792,-0.034988839469108426,20.893833351135257,19.842613410949706,15.871040058135986,20.767090824155257,20.577147902581356,59.29706343267988,0.1899429215739019,0.3434931181330779,-0.153550196559176,21.930735662870962,19.85693103939955,0.39753142274828884,0.39907334774965175
2017-05-25,21.121999740600582,0.021083606865547687,0.021307436381619915,0.020714643424466335,-0.021133628816543706,0.022450341187512813,20.92116670608521,19.924080047607422,15.900290055274963,20.82169219591608,20.617507297990187,55.80026684628628,0.20418489792589156,0.3156314740916407,-0.11144657616574916,21.95151824270757,19.890815169462847,0.5974585019661018,0.40542655874342837
2017-05-26,21.676000595092773,0.025890546114585154,0.026228617616507854,0.021083606865547687,0.020714643424466335,-0.007148712838925957,20.958066749572758,20.008200073242186,15.933453392982482,20.953124257327875,20.695914208886677,61.18380428814876,0.2572100484411983,0.30394718896155226,-0.04673714052035394,22.042402486870955,19.87373101227456,0.8310477653853164,0.4109407485893571
2017-05-30,22.34000015258789,0.030173115313448014,0.030632936854847692,0.025890546114585154,0.021083606865547687,-0.001545426150609792,20.998966789245607,20.1063334274292,15.970183391571044,21.16648977967557,20.817698352864547,59.08852302553086,0.3487914268110224,0.3129160365314463,0.03587539027957609,22.225278129077875,19.77265544941334,1.0467752436855502,0.41325865099977394
2017-05-31,22.733999252319336,0.017482767904994544,0.017636485991062267,0.030173115313448014,0.025890546114585154,-0.021133628816543706,21.072700119018556,20.211786766052246,16.00865005493164,21.407645083159224,20.959646567638973,60.11012507318344,0.4479985155202506,0.33993253232920717,0.10806598319104344,22.521986899688606,19.623413338348506,1.0731436853832026,0.41325133188152824
2017-06-01,22.69133377075196,-0.0018784889960815538,-0.0018767257398859538,0.017482767904994544,0.030173115313448014,0.020714643424466335,21.170533466339116,20.331373443603514,16.046910057067873,21.60513565048118,21.08791969379549,61.271376458708154,0.5172159566856891,0.37538921720050356,0.14182673948518554,22.779150651719007,19.561916280959224,0.9727042326275073,0.4001642723644828
2017-06-02,22.656667709350582,-0.0015288906687218324,-0.00152772251078781,-0.0018784889960815538,0.017482767904994544,0.021083606865547687,21.318500232696536,20.444493446350098,16.085656728744507,21.766909813384167,21.204123250503276,59.97085108828546,0.5627865628808912,0.4128686863365811,0.14991787654431016,22.900752072937706,19.736248392455366,0.9228680424382,0.34296592759119765
2017-06-05,23.15466690063477,0.021742165483310337,0.021980248714097428,-0.0015288906687218324,-0.0018784889960815538,0.025890546114585154,21.44840021133423,20.56788013458252,16.127016730308533,21.980410903730412,21.348607965327833,71.25475032184596,0.6318029384025792,0.4566555367497807,0.17514740165279846,23.186236905062945,19.710563517605518,0.9909168667740469,0.3214190655182808
2017-06-06,23.523332595825195,0.015796450797622565,0.01592187427150238,0.021742165483310337,-0.0015288906687218324,0.030173115313448014,21.600600147247317,20.687466773986817,16.1701300573349,22.217783471744994,21.509698678698008,72.86881708495235,0.7080847930469858,0.5069413880092217,0.20114340503776407,23.506177623358994,19.69502267113564,1.0045012529485828,0.32107495253777035
2017-06-07,23.976667404174805,0.0190883609781319,0.019271708483604266,0.015796450797622565,0.021742165483310337,0.017482767904994544,21.72856683731079,20.806706771850585,16.215013394355775,22.48838099981112,21.6924371028074,86.04905352305632,0.7959438970037205,0.5647418898081216,0.2312020071955989,23.906587218821272,19.55054645580031,1.0160880462709285,0.2925844719221102
2017-06-08,24.666667938232425,0.02837169011545649,0.028777999979157975,0.0190883609781319,0.015796450797622565,-0.0018784889960815538,21.877833557128906,20.930106773376465,16.26403673171997,22.823502067260552,21.91275049802407,86.65983645813527,0.9107515692364814,0.6339438256937936,0.2768077435426878,24.420832894336844,19.334834219920968,1.0483356484405328,0.302828980654347
2017-06-09,23.821332931518555,-0.034871335222448,-0.034270336343387164,0.02837169011545649,0.0190883609781319,-0.0015288906687218324,21.991900157928466,21.036693420410156,16.30819673061371,22.977014507915626,22.05412697457922,76.3817971228707,0.9228875333364073,0.6917325672223164,0.23115496611409092,24.67205537236945,19.311744943487483,0.8412923183950122,0.33403793191181114
2017-06-12,23.93400001525879,0.004718521925286707,0.004729671679755576,-0.034871335222448,0.02837169011545649,0.021742165483310337,22.10590019226074,21.144813423156737,16.35366006374359,23.12424304750688,22.193376829444375,77.23913823367366,0.9308662180625049,0.7395592973903541,0.19130692067215083,24.91633213519791,19.295468249323573,0.8252346721279276,0.334038398929596
2017-06-13,25.06333351135254,0.04610591903573957,0.04718532194258196,0.004718521925286707,-0.034871335222448,0.015796450797622565,22.306133556365968,21.275013427734375,16.405323395729067,23.42256465732929,22.405966213289425,86.12809537929124,1.0165984440398645,0.7949671267202562,0.2216313173196084,25.36230424133852,19.249962871393414,0.9510873637627562,0.34060935866675407
2017-06-14,25.37733268737793,0.01245039987879716,0.012528228772248573,0.04610591903573957,0.004718521925286707,0.0190883609781319,22.518300151824953,21.38453342437744,16.4588800573349,23.723298200413694,22.62606743359228,85.89482210744167,1.097230766821415,0.855419854740488,0.24181091208092698,25.811800194815753,19.224800108834152,0.9340416727240595,0.34029250061011157
2017-06-15,25.022666931152344,-0.01407427037263746,-0.013975690849574174,0.01245039987879716,0.04610591903573957,0.02837169011545649,22.749066829681396,21.48005340576172,16.512260055541994,23.923201082065795,22.803593322300433,80.21275520741455,1.119607759765362,0.9082574357454628,0.21135032401989917,26.066470191819537,19.431663467543256,0.8426776688387935,0.3111648765960161
2017-06-16,24.76000022888184,-0.010552634270348707,-0.01049715056325562,-0.01407427037263746,0.01245039987879716,-0.034871335222448,22.943533515930177,21.581920051574706,16.56561339378357,24.051939412345185,22.948512352417573,75.01622979784695,1.1034270599276113,0.9472913605818926,0.1561356993457187,26.25328477323294,19.633782258627413,0.7744113638364423,0.3159398896951146
2017-06-19,24.65333366394043,-0.004317325799357918,-0.004308019545855468,-0.010552634270348707,-0.01407427037263746,0.004718521925286707,23.14010019302368,21.67672004699707,16.61821006298065,24.1444616048983,23.074795412530378,70.63021112043613,1.0696661923679223,0.9717663269390986,0.09789986542882367,26.360073724624982,19.92012666142238,0.7349760729499248,0.3142298297095182
2017-06-20,24.81599998474121,0.00657647455825241,0.006598147050542957,-0.004317325799357918,-0.010552634270348707,0.04610591903573957,23.34640016555786,21.769653396606444,16.67536672592163,24.24777520179721,23.203773528990443,69.36625290697464,1.0440016728067683,0.9862133961126325,0.057788276694135776,26.431288580657395,20.261511750458325,0.738193351174411,0.31203731977836396
2017-06-21,25.09333229064941,0.011113559237479175,0.01117554424882039,0.00657647455825241,-0.004317325799357918,0.01245039987879716,23.588200092315674,21.855000038146972,16.734906721115113,24.377860907774473,23.343740844668883,71.40819140128943,1.0341200631055898,0.9957947295112239,0.03832533359436585,26.399592143350663,20.776808041280685,0.7676845084234402,0.2908863997106127
2017-06-22,25.507333755493164,0.016363844013778845,0.016498465012477537,0.011113559237479175,0.00657647455825241,-0.01407427037263746,23.829500102996825,21.953533363342284,16.794833388328552,24.551625961269654,23.504006986211422,73.7978546152141,1.0476189750582314,1.0061595786206254,0.04145939643760599,26.409272919551157,21.249727286442493,0.8251901953787804,0.2893062459872781
2017-06-23,25.56333351135254,0.0021930310019436993,0.0021954374532506815,0.016363844013778845,0.011113559237479175,-0.010552634270348707,24.051566791534423,22.06901336669922,16.855413389205932,24.70727327666702,23.65654969177743,71.71012525439232,1.0507235848895924,1.015072379874419,0.03565120501517338,26.404691467646177,21.69844211542267,0.8212253764462923,0.2878964956927717
2017-06-26,25.166000366210938,-0.01566514835091811,-0.015543088109582714,0.0021930310019436993,0.016363844013778845,-0.004317325799357918,24.22606678009033,22.167000045776366,16.91545672416687,24.77784667505839,23.768360852846577,64.72979865096866,1.0094858222118148,1.0139550683418983,-0.004469246130083482,26.343230836079453,22.10890272410121,0.7219793934866982,0.29431602205650964
2017-06-27,24.15800094604492,-0.04087826437777349,-0.04005401754342364,-0.01566514835091811,0.0021930310019436993,0.00657647455825241,24.316966819763184,22.24824005126953,16.971423392295836,24.682485793671702,23.79722308197238,51.47890555606541,0.8852627116993226,0.9882165970133833,-0.10295388531406069,26.24042048877705,22.393513150749317,0.4586769683410763,0.3277661892002437
2017-06-28,24.74933242797852,0.02418288870018738,0.024477666146892396,-0.04087826437777349,-0.01566514835091811,0.011113559237479175,24.417733478546143,22.342893371582033,17.029070053100586,24.692769891257363,23.867749700195056,50.68521652462733,0.8250201910623076,0.9555773158231682,-0.13055712476086057,26.197829684647996,22.63763727244429,0.5931407382072142,0.3322773893035106
2017-06-29,24.049999237060547,-0.02866355121528794,-0.028256648657213557,0.02418288870018738,-0.04087826437777349,0.016363844013778845,24.485666751861572,22.41653335571289,17.083970050811768,24.593882098304007,23.8812496658888,51.942460637008224,0.7126324324152087,0.9069883391415764,-0.1943559067263677,26.082637622503118,22.888695881220027,0.3635956601306052,0.35185239606326
2017-06-30,24.10733222961425,0.0023810712884216223,0.0023839082899159703,-0.02866355121528794,0.02418288870018738,0.0021930310019436993,24.558199977874757,22.49533332824707,17.139036712646483,24.519028272351736,23.897996522461053,51.48638543173475,0.6210317498906832,0.8497970212913978,-0.22876527140071456,25.91983049841131,23.196569457338203,0.3344382923780084,0.3514720423105223
2017-07-03,23.507999420166016,-0.02517527203212333,-0.02486101754187442,0.0023810712884216223,-0.02866355121528794,-0.01566514835091811,24.575866603851317,22.55802665710449,17.189770045280458,24.36348537201547,23.869107848216974,35.3288668559624,0.494377523798498,0.7787131217928179,-0.28433559799431996,25.86822901617235,23.283504191530284,0.08685459531144481,0.35787022408856545
2017-07-05,21.80599975585937,-0.0751556139968539,-0.07240087231100611,-0.02517527203212333,0.0023810712884216223,-0.04087826437777349,24.489999961853027,22.583439979553223,17.230333380699157,23.970026046452993,23.716285026560858,23.303082453016074,0.2537410198921357,0.6737187014126815,-0.4199776815205458,26.22813724588037,22.751862677825685,-0.2720909707933732,0.4427389811188879
2017-07-06,20.588666915893555,-0.05744437539441012,-0.05582559174516699,-0.0751556139968539,-0.02517527203212333,0.02418288870018738,24.320599937438963,22.576826667785646,17.264496717453003,23.449816949443846,23.48460961095587,20.640928136929105,-0.03479266151202509,0.5320164288277401,-0.5668090903397652,26.780094435839267,21.86110543903866,-0.2586788716081131,0.47262291418243535
2017-07-07,20.881332397460938,0.014114798423713906,0.014214882525563466,-0.05744437539441012,-0.0751556139968539,-0.02866355121528794,24.13133316040039,22.580893325805665,17.30069004535675,23.054665479908014,23.2917742618081,24.419599582268177,-0.237108781900087,0.3781913866821747,-0.6153001685822617,27.02326922775638,21.239397093044403,-0.0619074362717211,0.4607853844444002
2017-07-10,21.06999969482422,0.00899464021473339,0.0090352135473033,0.014114798423713906,-0.05744437539441012,0.0023810712884216223,23.993766498565673,22.590786666870116,17.337633380889894,22.749332282202815,23.12719836795744,26.620249784023102,-0.37786608575462566,0.22697989219481468,-0.6048459779494404,27.19320125951746,20.794331737613888,0.043080727973387974,0.4535247099769556
2017-07-11,21.814666748046875,0.0347323168510505,0.03534252795483339,0.00899464021473339,0.014114798423713906,-0.02517527203212333,23.88779983520508,22.60832000732422,17.37789671421051,22.605537584640363,23.02997380351962,31.799796758076184,-0.42443621887925786,0.09669666998000018,-0.521132888859258,27.232651126552806,20.542948543857353,0.19010085851636085,0.4750551866031064
2017-07-12,21.968000411987305,0.0070043375963415155,0.007028925342357439,0.0347323168510505,0.00899464021473339,-0.0751556139968539,23.733033180236816,22.617240028381346,17.418586716651916,22.507454942693737,22.95130910785056,30.758497819120933,-0.4438541651568215,-0.011413497047364163,-0.43244066810945736,27.134823399879668,20.331242960593965,0.24057295507851456,0.4385334021354039
2017-07-13,21.560667037963867,-0.01871618353631403,-0.018542123378747166,0.0070043375963415155,0.0347323168510505,-0.05744437539441012,23.542199897766114,22.623266716003418,17.456726717948914,22.36179526504299,22.84829858415525,25.68187908104983,-0.4865033191122592,-0.10643146146034317,-0.38007185765191603,26.9835872028056,20.100812592726626,0.21210260802372694,0.4345209800425466
2017-07-14,21.85199928283692,0.013421733471090613,0.013512209263288444,-0.01871618353631403,0.0070043375963415155,0.014114798423713906,23.383666515350342,22.64561336517334,17.497383379936217,22.283365113934366,22.774498635909445,27.77642753144164,-0.49113352197507965,-0.1833718735632905,-0.30776164841178916,26.830015768677708,19.937317262022976,0.2777840955854034,0.4404690333036003
2017-07-17,21.30466651916504,-0.02536628358788018,-0.025047262567950535,0.013421733471090613,-0.01871618353631403,0.00899464021473339,23.210899829864502,22.6777600479126,17.535150046348573,22.13279609935447,22.665622182817266,27.286256197484803,-0.5328260834627976,-0.2532627155431919,-0.2795633679196057,26.712726872587165,19.70907278714184,0.22782303531225082,0.445266882204395
2017-07-18,21.882667541503903,0.026768752883781957,0.027130254389051922,-0.02536628358788018,0.013421733471090613,0.0347323168510505,23.072366523742676,22.70428005218506,17.577663383483888,22.094314782762073,22.60762554271998,35.90251198179534,-0.513310759957907,-0.30527232442613494,-0.20803843553177204,26.553080943286265,19.59165210419909,0.3291013224815533,0.4616009865838046
2017-07-19,21.68400001525879,-0.00912022490848701,-0.009078761803985258,0.026768752883781957,-0.02536628358788018,0.0070043375963415155,22.915766525268555,22.728373374938965,17.618073382377624,22.031189433915415,22.539208836982116,30.036473328955807,-0.5080194030667009,-0.34582174015424816,-0.16219766291245274,26.347655796565753,19.483877253971357,0.3205410471264741,0.4593034921731845
2017-07-20,21.994667053222656,0.014225355199591715,0.014327017051524393,-0.00912022490848701,0.026768752883781957,-0.01871618353631403,22.760833263397217,22.73992004394531,17.656813383102417,22.02557060611653,22.49887240855549,35.90049092469694,-0.47330180243895725,-0.37131775261119,-0.10198404982776726,26.055850206785507,19.465816320008926,0.3837386539526097,0.4610378403701018
2017-07-21,21.8933334350586,-0.004617836178905434,-0.004607190366594294,0.014225355199591715,-0.00912022490848701,0.013421733471090613,22.58013324737549,22.74416004180908,17.695810050964354,22.005226425953776,22.45401766977794,34.90318068040801,-0.44879124382416435,-0.3868124508537849,-0.06197879297037945,25.628088220280052,19.532178274470926,0.3873343244204164,0.45313066022915044
2017-07-24,22.834667205810547,0.042097691544076006,0.04299636569936638,-0.004617836178905434,0.014225355199591715,-0.02536628358788018,22.44369993209839,22.770053367614747,17.7404967212677,22.132832699777893,22.482213931706283,45.61328079178156,-0.34938123192839043,-0.379326207068706,0.029944975140315577,25.155105197413924,19.732294666782856,0.5720967976852142,0.48559144073082644
2017-07-25,22.63999938964844,-0.00856164629055223,-0.008525099770780531,0.042097691544076006,-0.004617836178905434,0.026768752883781957,22.317399883270262,22.789773368835448,17.78669672012329,22.210858344373364,22.493901743405704,56.76142584104959,-0.28304339903234066,-0.36006964546143294,0.07702624642909228,24.711658046041936,19.923141720498588,0.5673694072331629,0.48430006178303653
2017-07-26,22.92333221435547,0.01243703947371854,0.012514701075326595,-0.00856164629055223,0.042097691544076006,-0.00912022490848701,22.25566644668579,22.8270666885376,17.835776715278627,22.320469708985996,22.5257114079205,72.3057101985404,-0.20524169893450406,-0.32910405615604715,0.1238623572215431,24.509662387755824,20.001670505615756,0.6481071361984616,0.46907312124022343
2017-07-27,22.297332763671875,-0.027688201547354872,-0.027308396738741525,0.01243703947371854,-0.00856164629055223,0.014225355199591715,22.13306646347046,22.85033332824707,17.880280046463014,22.31691017893767,22.508794471309493,62.718559772050284,-0.19188429237182447,-0.30166010339920263,0.10977581102737816,24.058798861354582,20.207334065586338,0.5426503444564523,0.465883805932873
2017-07-28,22.33799934387207,0.0018221704435549752,0.001823831604937487,-0.027688201547354872,0.01243703947371854,-0.004617836178905434,22.047466468811034,22.888946647644044,17.925270042419434,22.32015466585065,22.496142980388203,61.70028754536789,-0.17598831453755182,-0.2765257456268725,0.10053743108932067,23.754167445890538,20.34076549173153,0.5851153421023388,0.4580359589481796
2017-07-31,21.564666748046875,-0.03523305813685584,-0.034619599719763694,0.0018221704435549752,-0.027688201547354872,0.042097691544076006,21.920333194732667,22.902826652526855,17.965923376083374,22.2039257554193,22.427144740955512,47.7052996317891,-0.22321898553621367,-0.26586439360874076,0.04264540807252709,23.33474959287324,20.505916796592093,0.3742709547367524,0.4707057750672618
2017-08-01,21.30466651916504,-0.012130042482567917,-0.01205677008226358,-0.03523305813685584,0.0018221704435549752,-0.00856164629055223,21.810166549682616,22.91447998046875,18.005700044631958,22.06557818061095,22.34399820600807,44.02832381376257,-0.2784200253971214,-0.2683755199664169,-0.010044505430704509,23.034339990972153,20.58599310839308,0.2935341457885711,0.46575203723535996
2017-08-02,21.72599983215332,0.019583558159459852,0.019776573954314758,-0.012130042482567917,-0.03523305813685584,0.01243703947371854,21.806166553497313,22.935199966430662,18.04882670879364,22.013335357771314,22.298220548685496,51.484669276481924,-0.2848851909141814,-0.2716774541559698,-0.01320773675821163,23.03091998457794,20.581413122416684,0.46727230179169216,0.39180407457592736
2017-08-03,23.139333724975582,0.06302423584878529,0.06505265137352167,0.019583558159459852,-0.012130042482567917,-0.027688201547354872,21.933699893951417,22.992839965820313,18.0998700428009,22.18656587580274,22.360525228410687,59.62133013712373,-0.17395935260794815,-0.25213383384636545,0.0781744812384173,23.15584932696965,20.711550460933182,0.9932432149670594,0.39164902862604695
2017-08-04,23.79400062561035,0.027899546212380746,0.02829238336833151,0.06302423584878529,0.019583558159459852,0.0018221704435549752,22.079333305358887,23.055093307495117,18.15247338294983,22.433863529619295,22.46670859116622,68.31109933828361,-0.03284506154692579,-0.20827607938647755,0.17543101783955176,23.457653681236312,20.70101292948146,1.1220133396634742,0.39850857030159315
2017-08-07,23.67799949645996,-0.004887148623823236,-0.004875225943531958,0.027899546212380746,0.06302423584878529,-0.03523305813685584,22.209733295440675,23.106213302612304,18.2030100440979,22.6252690629794,22.5564338434102,64.16919134823272,0.06883521956919836,-0.15285381959534236,0.22168903916454072,23.676616108045813,20.742850482835536,1.0004715401947109,0.40041126825552725
2017-08-08,24.347999572753903,0.027903367360907157,0.028296312633764087,-0.004887148623823236,0.027899546212380746,-0.012130042482567917,22.336399936676024,23.15965328216553,18.258383378982543,22.89030452602163,22.68914241595418,69.5690393159328,0.20116211006745033,-0.08205063366278384,0.2832127437302342,24.072457537520748,20.6003423358313,1.079358552129573,0.39456569207187026
2017-08-09,24.235332489013672,-0.00463810450759401,-0.0046273651107793246,0.027903367360907157,-0.004887148623823236,0.019583558159459852,22.449766540527342,23.197559928894044,18.31286337852478,23.097231904943484,22.803675013958586,66.95247061485568,0.2935568909848989,-0.006929128733247296,0.3004860197181462,24.370796574542922,20.528736506511763,0.9647418095681497,0.396135498653015
2017-08-10,23.69333267211914,-0.02261790186544433,-0.02236403470594972,-0.00463810450759401,0.027903367360907157,0.06302423584878529,22.556399822235107,23.21674659729004,18.363743376731872,23.188939715278202,22.86957558122974,62.76715544489785,0.3193641340484632,0.0583295238230948,0.2610346102253684,24.50617651783684,20.606623126633377,0.7915546309607415,0.3994503021656867
2017-08-11,23.857999801635746,0.006925895834226055,0.006949935317051237,-0.02261790186544433,-0.00463810450759401,0.027899546212380746,22.656699848175048,23.240079917907714,18.415586709976196,23.291872036256287,22.942792190148705,58.15707494028772,0.3490798461075819,0.11647958827999222,0.2326002578275897,24.65956721405881,20.653832482291286,0.7998950339706158,0.39823629628795243
2017-08-14,24.253332138061523,0.016434433153642215,0.016570221297372623,0.006925895834226055,-0.02261790186544433,-0.004887148623823236,22.804133129119872,23.272013206481933,18.469440035820007,23.439788974995555,23.039869223327432,62.46137545371963,0.3999197516681221,0.17316762095761823,0.22675213071050387,24.822002151264993,20.786264106974752,0.8590914457374103,0.3842034456462804
2017-08-15,24.155332565307617,-0.00404884981775345,-0.004040664276399042,0.016434433153642215,0.006925895834226055,0.027903367360907157,22.91776638031006,23.29202651977539,18.52221336364746,23.549872604274334,23.12249613754819,59.79644028327525,0.4273764667261446,0.22400939011132354,0.20336707661482106,24.972768947945994,20.862763812674125,0.801110617691648,0.3781459499905956
2017-08-16,24.194000244140625,0.0015995127473417625,0.0016007926501722114,-0.00404884981775345,0.016434433153642215,-0.00463810450759401,23.043266391754152,23.3054398727417,18.57652669906616,23.648969164253764,23.20186681211059,66.63548349968819,0.4471023521431725,0.2686279825176933,0.1784743696254792,25.087565641190082,20.99896714231822,0.7814494631116231,0.37475861165816643
2017-08-17,23.461332321166992,-0.03075104583225396,-0.030283041893870877,0.0015995127473417625,-0.00404884981775345,-0.02261790186544433,23.11659965515137,23.29513317108154,18.62792335987091,23.620101957625028,23.221086479448104,58.78610216016232,0.3990154781769242,0.2947054816495395,0.10430999652738465,25.10703311490291,21.126166195399826,0.5865973851893183,0.39432774465052245
2017-08-18,23.16399955749512,-0.012754302535945717,-0.012673311114715147,-0.03075104583225396,0.0015995127473417625,0.006925895834226055,23.180132961273195,23.265079803466797,18.68014669418335,23.549932357605044,23.216857818562698,63.515481268933165,0.33307453904234663,0.30237929312810097,0.03069524591424566,25.0854610769505,21.274804845595888,0.49576624003883474,0.39751958206852933
2017-08-21,22.52400016784668,-0.028017915416138413,-0.027629053784943514,-0.012754302535945717,-0.03075104583225396,0.016434433153642215,23.164599609375,23.23913314819336,18.730093359947205,23.39209663610376,23.16553502962077,59.682370531565454,0.2265616064829885,0.2872157557990785,-0.06065414931608998,25.08677739231551,21.242421826434487,0.3333662351074669,0.3832943914544244
2017-08-22,22.75666618347168,0.010276706684685338,0.010329693388882788,-0.028017915416138413,-0.012754302535945717,-0.00404884981775345,23.17043294906616,23.215586471557618,18.78140335559845,23.29433810492959,23.13524844842454,58.43701754210656,0.15908965650504925,0.26159053594027265,-0.1025008794352234,25.086606165125822,21.2542597330065,0.39203304739711015,0.3839922254018841
2017-08-23,23.51799964904785,0.03290794894955897,0.03345540420719151,0.010276706684685338,-0.028017915416138413,0.0015995127473417625,23.200166320800783,23.184679794311524,18.835473351478576,23.328747573255477,23.163600389211453,53.470178107726056,0.16514718404402373,0.24230186556102287,-0.07715468151699914,25.118648801753586,21.28168383984798,0.5828345662268489,0.39917933672160866
2017-08-24,23.52866744995117,0.00045349869582472275,0.00045360154190454693,0.03290794894955897,0.010276706684685338,-0.03075104583225396,23.261733055114746,23.14770648956299,18.888713355064393,23.359504477362506,23.190642393710693,47.24300649061087,0.16886208365181332,0.22761390917918098,-0.05875182552736766,25.13676157114642,21.386704539083073,0.57118142272347,0.3843146373478776
2017-08-25,23.203332901000977,-0.01392364129421783,-0.013827155730014251,0.00045349869582472275,0.03290794894955897,-0.012754302535945717,23.30499973297119,23.111319808959962,18.939750018119813,23.33547808099919,23.191582431287753,45.27350257879394,0.14389564971143898,0.21087025728563258,-0.0669746075741936,25.12953504200838,21.480464423934,0.4721389793152693,0.3888227714958028
2017-08-28,23.04400062561035,-0.0068904688614768155,-0.006866784012039551,-0.01392364129421783,0.00045349869582472275,-0.028017915416138413,23.378966426849367,23.07699981689453,18.99161668777466,23.290635395554755,23.18065044568202,35.54538923391331,0.10998494987273588,0.19069319580305327,-0.08070824593031739,25.016831108342895,21.741101745355838,0.39774313927644867,0.3652218010645297
2017-08-29,23.15733337402344,0.0049060477662369924,0.004918102123601553,-0.0068904688614768155,-0.01392364129421783,0.010276706684685338,23.471599769592284,23.047079811096193,19.045620021820067,23.270127392242244,23.178923255188792,38.05232285292223,0.09120413705345243,0.17079538405313313,-0.0795912469996807,24.794844249134073,22.148355290050496,0.38125157503862506,0.3606425383382439
2017-08-30,23.545333862304688,0.01661615656396125,0.016754972691133796,0.0049060477662369924,-0.0068904688614768155,0.03290794894955897,23.562566471099853,23.021666488647462,19.100493354797365,23.31246684917493,23.20606478164182,48.30172755677615,0.10640206753310721,0.15791672074912794,-0.05151465321602072,24.59976457268817,22.525368369511536,0.49169271098318823,0.3591109375253949
2017-08-31,23.726667404174805,0.007671959148600524,0.0077014640323460615,0.01661615656396125,0.0049060477662369924,0.00045349869582472275,23.591933155059813,22.99433319091797,19.158643355369566,23.3761900114826,23.244627938866486,48.49871535245387,0.13156207261611286,0.15264579112252494,-0.02108371850641208,24.61178966204762,22.572076648072006,0.5660554931952807,0.28448437244376934
2017-09-01,23.69333267211914,-0.0014059357862915352,-0.001404947921586297,0.007671959148600524,0.01661615656396125,-0.01392364129421783,23.586899757385254,22.958053169250487,19.21585335254669,23.424981190042068,23.27786532651483,43.02094896705166,0.1471158635272367,0.1515398056034673,-0.0044239420762305914,24.603545796091133,22.570253718679375,0.5523451184983559,0.2665304297808963
2017-09-05,23.30599975585937,-0.016482859035526903,-0.016347760005731904,-0.0014059357862915352,0.007671959148600524,-0.0068904688614768155,23.568299770355225,22.912906494140625,19.271073350906374,23.40667635401396,23.27994935831813,40.12710524717096,0.12672699569582946,0.14657724362193975,-0.019850247926110287,24.591518634232724,22.545080906477725,0.3718260463348651,0.27234300327204336
2017-09-06,22.96866607666016,-0.01457988507446753,-0.014474113221184748,-0.016482859035526903,-0.0014059357862915352,0.0049060477662369924,23.499333095550536,22.868959808349608,19.323030014038086,23.33929015749799,23.25689133745458,36.68115698051936,0.08239882004341226,0.13374155890623424,-0.05134273886282198,24.486582410428863,22.51208378067221,0.23123961146745453,0.25411469644508006
2017-09-07,23.374000549316406,0.017493374410974535,0.01764727961577761,-0.01457988507446753,-0.016482859035526903,0.01661615656396125,23.456266498565675,22.853279800415038,19.378226680755617,23.34463021777775,23.265566093888786,48.97801848035073,0.079064123888962,0.1228060719027798,-0.0437419480138178,24.381532804544893,22.531000192586458,0.45554471792733975,0.26407340260047685
2017-09-08,22.8933334350586,-0.020778565207527456,-0.0205641782733621,0.017493374410974535,-0.01457988507446753,0.007671959148600524,23.416266536712648,22.816159820556642,19.43118668079376,23.275199943513265,23.23799330434581,46.96290474949163,0.03720663916745437,0.10568618535571471,-0.06847954618826034,24.367194346805547,22.46533872661975,0.22504058872620422,0.2622253306184745
2017-09-11,24.246000289916992,0.05740591547709379,0.05908562240162607,-0.020778565207527456,0.017493374410974535,-0.0014059357862915352,23.43566656112671,22.82007984161377,19.488693346977232,23.424553842959995,23.312660488462193,66.65805617387103,0.11189335449780202,0.10692761918413217,0.004965735313669853,24.43893020176318,22.432402920490237,0.9038488468874473,0.33532617528392605
2017-09-12,24.183332443237305,-0.002588013425793526,-0.00258466740618446,0.05740591547709379,-0.020778565207527456,-0.016482859035526903,23.432166576385498,22.82159984588623,19.545230007171632,23.541289012233428,23.377154707334423,64.27045144432276,0.1641343048990045,0.11836895632710664,0.045765348571897846,24.423841125892466,22.44049202687853,0.8787360819259025,0.3303290278287871
2017-09-13,24.415332794189453,0.009547674291395884,0.009593398738436676,-0.002588013425793526,0.05740591547709379,-0.01457988507446753,23.44516658782959,22.8397465133667,19.601756672859192,23.67575728638051,23.4540567878422,60.03876715000427,0.22170049853830776,0.13903526476934688,0.08266523376896087,24.482521951597988,22.40781122406119,0.9676151684585419,0.33172038378278945
2017-09-14,25.176000595092773,0.030679855252103608,0.031155332074128017,0.009547674291395884,-0.002588013425793526,0.017493374410974535,23.4942666053772,22.907146530151365,19.662263340950012,23.90656394925932,23.581608180971873,65.78105032200642,0.3249557682874453,0.17621936547296657,0.14873640281447875,24.750687796691437,22.23784541406296,1.1692556609764164,0.34858962992585596
2017-09-15,25.320667266845703,0.005729766880258297,0.005746213391062849,0.030679855252103608,0.009547674291395884,-0.020778565207527456,23.587233352661134,23.00178653717041,19.725676679611205,24.124118305811074,23.710427372518083,71.01083954930802,0.41369093329299034,0.2237136790369713,0.18997725425601902,25.08531077912948,22.089155926192788,1.078552844985812,0.3264973631746895
2017-09-18,25.666667938232425,0.013572232447427963,0.013664753291860121,0.005729766880258297,0.030679855252103608,0.05740591547709379,23.712366771697997,23.097493247985838,19.79087668418884,24.361433633875897,23.855334081089516,75.0956623690541,0.506099552786381,0.28019085378685327,0.2259086989995277,25.459055355013284,21.96567818838271,1.05943033726856,0.32212335015491556
2017-09-19,25.00666618347168,-0.026050746064111407,-0.025714352807659324,0.013572232447427963,0.005729766880258297,-0.002588013425793526,23.836500072479247,23.17622657775879,19.855283350944518,24.460700179967557,23.940617940525232,66.01983679174674,0.5200822394423241,0.32816913091794747,0.19191310852437665,25.58046343753147,22.092536707427023,0.8354904507863306,0.3195035387207042
2017-09-20,24.92733383178711,-0.0031774910244818664,-0.0031724481425279283,-0.026050746064111407,0.013572232447427963,0.009547674291395884,23.945033454895018,23.238479919433594,19.919430022239684,24.532489972555183,24.01370800654463,62.64793859998244,0.5187819660105539,0.36629169793646876,0.15249026807408517,25.676170969526705,22.21389594026333,0.7837152937272818,0.3202522280229632
2017-09-21,24.43199920654297,-0.020071229638365835,-0.019871143403731972,-0.0031774910244818664,-0.026050746064111407,0.030679855252103608,23.990733432769776,23.287759895324708,19.979323353767395,24.51702985470715,24.04469253987784,56.1042934759463,0.47233731482931063,0.38750082131503716,0.08483649351427347,25.7226617290594,22.258805136480152,0.62739146727914,0.3131804009122653
2017-09-22,23.4060001373291,-0.042901310380301975,-0.041994069357169206,-0.020071229638365835,-0.0031774910244818664,0.005729766880258297,23.984600067138672,23.32466655731201,20.034403352737428,24.34610220587976,23.997381991540895,47.877900498473984,0.348720214338865,0.37974469991980275,-0.031024485580937733,25.72426972134624,22.244930412931105,0.3337040804240714,0.3513350252212556
2017-09-25,22.99933242797852,-0.017527214982414267,-0.01737450683433983,-0.042901310380301975,-0.020071229638365835,0.013572232447427963,23.97440004348755,23.347613220214843,20.085016679763793,24.138906855433415,23.923452394239977,47.741553052756416,0.21545446119343836,0.3468866521745299,-0.13143219098109155,25.73561571387293,22.213184373102166,0.22318335797691688,0.35342027613660215
2017-09-26,23.01666641235352,0.000753389500683819,0.0007536733698372267,-0.017527214982414267,-0.042901310380301975,-0.026050746064111407,23.973033332824706,23.381853218078614,20.136003346443175,23.96625447957497,23.856283062248387,50.370983177653855,0.10997141732658378,0.2995036052049407,-0.1895321878783569,25.737328707433335,22.208737958216076,0.2289663243935739,0.3526109530223235
2017-09-27,22.731332778930664,-0.012474308755910282,-0.012396827077865269,0.000753389500683819,-0.017527214982414267,-0.0031774910244818664,23.951733303070068,23.39882652282715,20.18560000896454,23.776266525629694,23.77295341163226,44.93909818999345,0.003313113997435835,0.24026550696343973,-0.2369523929660039,25.767041675859204,22.13642493028093,0.16385861971640794,0.35475544160575856
2017-09-28,22.63999938964844,-0.00402604500620368,-0.00401795135245564,-0.012474308755910282,0.000753389500683819,-0.020071229638365835,23.906466579437257,23.41794651031494,20.234656672477723,23.601456197017193,23.68903089148531,47.87471677824854,-0.08757469446811683,0.17469746667712843,-0.26227216114524526,25.807568207347778,22.005364951526737,0.16691228622512516,0.348731394750601
2017-09-29,22.739999771118164,0.004407251881234954,0.004416978099188729,-0.00402604500620368,-0.012474308755910282,-0.042901310380301975,23.857133197784425,23.432853164672853,20.282306671142578,23.468924439186573,23.61873228997663,34.00370015907605,-0.14980785079005798,0.10979640318369116,-0.25960425397374914,25.827814702607096,21.886451692961753,0.21656165039038516,0.347726481005862
2017-10-02,22.768667221069336,0.0012598678729923024,0.001260661839917132,0.004407251881234954,-0.00402604500620368,-0.017527214982414267,23.810899925231933,23.450359840393066,20.32992000579834,23.361192559476226,23.55576450709461,34.86451585518755,-0.19457194761838537,0.048922733023275856,-0.24349468064166122,25.840274152313462,21.781525698150404,0.24321327967650255,0.34792815933824883
2017-10-03,23.209333419799805,0.01916915421763953,0.019354062073632994,0.0012598678729923024,0.004407251881234954,0.000753389500683819,23.806066608428956,23.45785316467285,20.38010667324066,23.33782961491062,23.530102945072777,37.64852551808365,-0.19227333016215553,0.0006835203861895733,-0.1929568505483451,25.840956994186335,21.771176222671578,0.3533746110341344,0.3512316811555897
2017-10-04,23.66733360290528,0.019541268032736613,0.019733448385672148,0.01916915421763953,0.0012598678729923024,-0.012474308755910282,23.84099998474121,23.47839984893799,20.430946674346924,23.38852253614057,23.540268178986295,33.52745562899133,-0.15174564284572511,-0.029802312260193368,-0.12194333058553175,25.839014792669612,21.842985176812807,0.4565402665819101,0.3535887462515465
2017-10-05,23.68866729736328,0.0009009922922390553,0.0009013983077241772,0.019541268032736613,0.01916915421763953,-0.00402604500620368,23.856733322143555,23.493706550598144,20.481813344955444,23.434698653251758,23.55126070627348,31.687633494989797,-0.11656205302172395,-0.04715426041249948,-0.06940779260922447,25.84419221743096,21.869274426856148,0.4577183645964237,0.34850230600753923
2017-10-06,23.79199981689453,0.0043526213488720815,0.004362107763772327,0.0009009922922390553,0.019541268032736613,0.004407251881234954,23.90166664123535,23.5235998916626,20.53117667675018,23.489668063042952,23.56909323298615,27.753166362004137,-0.07942516994319959,-0.05360844231863951,-0.025816727624560082,25.837377423685496,21.965955858785208,0.47167272473370003,0.33928485973877337
2017-10-09,22.862667083740234,-0.039844060130650255,-0.03906072378558045,0.0043526213488720815,0.0009009922922390553,0.0012598678729923024,23.832499980926514,23.53409324645996,20.576256675720217,23.393206373919455,23.516765370079046,26.085680039519843,-0.12355899615959132,-0.06759855308682988,-0.055960443072761434,25.814705609913442,21.850294351939585,0.25536521463670137,0.30192168896390525
2017-10-10,23.70599937438965,0.03622283237587314,0.03688687271526536,-0.039844060130650255,0.0043526213488720815,0.01916915421763953,23.80863332748413,23.576919898986816,20.62530333995819,23.441328373991794,23.53078270373168,38.36085598006372,-0.08945432973988687,-0.07196970841744128,-0.01748462132244559,25.784537524658457,21.832729130309804,0.4740286109920573,0.3324085854850537
2017-10-11,23.63999938964844,-0.002787987547624931,-0.0027841047196056623,0.03622283237587314,-0.039844060130650255,0.019541268032736613,23.76986665725708,23.623626556396484,20.672390003204345,23.47189314563128,23.538872828614405,41.77968618228036,-0.06697968298312418,-0.07097170333057787,0.00399202034745369,25.725976314103246,21.813757000410913,0.46680470669062,0.33009459303638267
2017-10-12,23.71199989318848,0.0030410778898386976,0.003045706658163727,-0.002787987547624931,0.03622283237587314,0.0009009922922390553,23.696666622161864,23.66334655761719,20.717773337364196,23.508832645255467,23.551697055619893,53.960306097259995,-0.042864410364426675,-0.06535024473734763,0.022485834372920954,25.53738757411887,21.855945670204857,0.5041650177910765,0.308077149979794
2017-10-13,23.704666137695312,-0.0003093323999991927,-0.0003092845616651241,0.0030410778898386976,-0.002787987547624931,0.0043526213488720815,23.615866565704344,23.674653205871582,20.76305000305176,23.538960874861594,23.56302809873659,60.180911760916274,-0.024067223874997268,-0.05709364056487756,0.033026416689880295,25.290841357343012,21.940891774065676,0.5265077338579208,0.30655067655969304
2017-10-16,23.37333297729492,-0.014076156056894912,-0.01397755017833835,-0.0003093323999991927,0.0030410778898386976,-0.039844060130650255,23.501199817657472,23.666239852905274,20.80835666656494,23.513479659851335,23.54897660825943,54.72030937619894,-0.03549694840809536,-0.05277430213352113,0.017277353725425763,24.871285073149924,22.13111456216502,0.45333617384394287,0.3020476530648456
2017-10-17,23.71666717529297,0.01458230116144749,0.014689141609866674,-0.014076156056894912,-0.0003093323999991927,0.03622283237587314,23.436699867248535,23.667013206481933,20.85571000099182,23.544739277611583,23.561398131743395,62.843251859987895,-0.016658854131812006,-0.04555121253317931,0.0288923584013673,24.61663536649488,22.25676436800219,0.6186367001515151,0.2983311153387028
2017-10-18,23.976667404174805,0.010903108656870027,0.010962764159067495,0.01458230116144749,-0.014076156056894912,-0.002787987547624931,23.38916654586792,23.659586563110352,20.90326333999634,23.61118975862131,23.592158818590164,66.68887725703807,0.019030940031147026,-0.032634782020314036,0.05166572205146106,24.37726029362372,22.401072798112118,0.7972900393516512,0.3021620182647971
2017-10-19,23.45400047302246,-0.022040089763599495,-0.021798981582458632,0.010903108656870027,0.01458230116144749,0.0030410778898386976,23.340266609191893,23.64395992279053,20.944870009422303,23.587006791606104,23.581924867066633,58.063551665993145,0.005081924539471316,-0.02509144070835697,0.030173365247828286,24.199451456895112,22.481081761488674,0.5661870749551754,0.30380494046367124
2017-10-20,23.00666618347168,-0.019257068207608512,-0.019072835359806528,-0.022040089763599495,0.010903108656870027,-0.0003093323999991927,23.320299911499024,23.63022659301758,20.984320006370545,23.497723621123885,23.539313112726266,52.45562246624946,-0.041589491602380235,-0.028391050887161623,-0.013198440715218612,24.191528726566393,22.449071096431656,0.3200049616109791,0.2715053044777598
2017-10-23,22.468000411987305,-0.02369191499254562,-0.023413464914415094,-0.019257068207608512,-0.022040089763599495,-0.014076156056894912,23.293733310699462,23.602426605224608,21.020323343276978,23.339304665872103,23.459956616375234,42.502700533934146,-0.12065195050313093,-0.04684323081035549,-0.07380871969277544,24.235704028178976,22.35176259321995,0.06169927398506635,0.2773435452875265
2017-10-24,22.48933219909668,0.0009489792864177772,0.0009494297097303317,-0.02369191499254562,-0.019257068207608512,0.01458230116144749,23.26736660003662,23.567146606445313,21.05567667007446,23.208539670983576,23.388058511391637,36.93238657041048,-0.1795188404080612,-0.07337835272989664,-0.10614048767816457,24.269586028511807,22.265147171561434,0.11184428338030171,0.27736239151657477
2017-10-25,21.7226676940918,-0.034684762757907564,-0.03409014097073426,0.0009489792864177772,-0.02369191499254562,0.010903108656870027,23.21693334579468,23.518493309020997,21.08766667366028,22.979943982230996,23.264696228628686,31.285685651082076,-0.2847522463976908,-0.11565313146345547,-0.16909911493423535,24.415089838372158,22.0187768532172,-0.1235686494042232,0.2996867495805537
2017-10-26,21.744667053222656,0.0010122249793837756,0.0010127374519861565,-0.034684762757907564,0.0009489792864177772,-0.022040089763599495,23.172166728973387,23.469506645202635,21.11981334209442,22.789901377768174,23.152101474894906,30.204966978525903,-0.3622000971267312,-0.1649625245961106,-0.19723757253062058,24.518790921866838,21.825542536079936,-0.030028972925068825,0.29982864808362153
2017-10-27,21.391332626342773,-0.01638271198924271,-0.0162492452064249,0.0010122249793837756,-0.034684762757907564,-0.019257068207608512,23.104733371734618,23.42810665130615,21.15024000644684,22.57473695447196,23.021674152779934,33.99098567744598,-0.4469371983079746,-0.22135745933848341,-0.2255797389694912,24.66119975248766,21.548266990981574,-0.0504136698933623,0.30298531631726694
2017-10-30,21.338666915893555,-0.002465047399103143,-0.002462011664685293,-0.01638271198924271,0.0010122249793837756,-0.02369191499254562,23.03323335647583,23.39159999847412,21.177683339118957,22.384572333152203,22.897006950047608,18.889078275865515,-0.5124346168954048,-0.2795728908498677,-0.23286172604553712,24.775047069317328,21.29141964363433,0.013562665143492029,0.30256963866531794
2017-10-31,22.10199928283692,0.035147294592348444,0.035772261217256185,-0.002465047399103143,-0.01638271198924271,0.0009489792864177772,22.97786664962769,23.383159980773925,21.20966667175293,22.34109955618062,22.838117493217187,32.918690207313176,-0.49701793703656705,-0.3230619000872076,-0.17395603694935946,24.7658954096526,21.189837889602778,0.2550745865020188,0.32290009230226774
2017-11-01,21.405332565307617,-0.03202799343765304,-0.03152052936995131,0.035147294592348444,-0.002465047399103143,-0.034684762757907564,22.864766597747806,23.356133308410644,21.23723999977112,22.197135403738617,22.731985276334996,27.503229349278726,-0.5348498725963786,-0.36541949458904177,-0.16943037800733685,24.752546628069915,20.976986567425698,0.11345230667813336,0.32817334582736857
2017-11-02,19.950666427612305,-0.07037752861026653,-0.06795811899941895,-0.03202799343765304,0.035147294592348444,0.0010122249793837756,22.677866554260255,23.284786643981935,21.255739994049073,21.85152479202688,22.525961657911093,21.448112045637203,-0.6744368658842141,-0.4272229688480762,-0.24721389703613794,24.927646602800117,20.428086505720394,-0.10610372298792978,0.4006410262887937
2017-11-03,20.4060001373291,0.02256643431216386,0.022822982448676532,-0.07037752861026653,-0.03202799343765304,-0.01638271198924271,22.508566570281985,23.22233329772949,21.27619333267212,21.629136383611836,22.368927471201314,27.84910010282836,-0.7397910875894773,-0.4897365925963565,-0.2500544949931208,24.909838521180156,20.107294619383815,0.06219735291405853,0.4134546791022581
2017-11-06,20.185333251953125,-0.010872717933080492,-0.010813823575954284,0.02256643431216386,-0.07037752861026653,-0.002465047399103143,22.37469987869263,23.161973304748535,21.294146661758422,21.407012824895112,22.207179751257005,23.14709259185132,-0.8001669263618929,-0.5518226593494637,-0.24834426701242918,24.982486930893643,19.76691282649162,0.08022519037901354,0.3959787929370979
2017-11-07,20.40333366394043,0.010742038348578922,0.010799941188298634,-0.010872717933080492,0.02256643431216386,0.035147294592348444,22.20956659317017,23.109159965515136,21.311293325424195,21.2526006462867,22.073561522566887,22.653040014059926,-0.8209608762801857,-0.6056503027356082,-0.2153105735445775,24.87991743100734,19.539215755333,0.16179857274996032,0.36917120361621103
2017-11-08,20.292667388916016,-0.00543869397228035,-0.005423931052012332,0.010742038348578922,-0.010872717933080492,-0.03202799343765304,22.042199993133547,23.05186664581299,21.32793333053589,21.10491860669121,21.94164343859275,24.17772008503934,-0.8367248319015381,-0.6518652085687942,-0.18485962333274397,24.75432899116316,19.330070995103934,0.17746139555150522,0.36884208726545364
2017-11-09,20.19933319091797,-0.004610014914461036,-0.004599405105758847,-0.00543869397228035,0.010742038348578922,-0.07037752861026653,21.86656665802002,22.984946632385252,21.344759998321532,20.965597773495325,21.81258342024647,25.661754760080342,-0.8469856467511434,-0.690889296205264,-0.15609635054587945,24.578345742357953,19.154787573682086,0.19259415770051624,0.3668998639709375
2017-11-10,20.19933319091797,0.0,0.0,-0.004610014914461036,-0.00543869397228035,0.02256643431216386,21.691300010681154,22.914399948120117,21.361440000534056,20.847710914637272,21.693083403259173,28.305472718484708,-0.8453724886219014,-0.7217859346885915,-0.12358655393330986,24.35556577678099,19.02703424458132,0.22000413045368866,0.36698768001082116
2017-11-13,21.02666664123535,0.040141878705538876,0.040958453553772145,0.0,-0.004610014914461036,-0.010872717933080492,21.573966693878177,22.861066627502442,21.3830299949646,20.87524256488313,21.643719198664815,37.88113538282792,-0.7684766337816846,-0.7311240745072102,-0.03735255927447445,24.130862131063488,19.017071256692866,0.39297566793632643,0.4037099288489456
2017-11-14,20.57999992370605,-0.021471745518534195,-0.021242868646299984,0.040141878705538876,0.0,0.010742038348578922,21.41713333129883,22.806546630859376,21.401953325271606,20.829820620086657,21.5649251782975,40.002322995890324,-0.7351045582108426,-0.7319201712479367,-0.003184386962905905,23.799481281010937,19.034785381586726,0.32430496609574944,0.40044310200422123
2017-11-15,20.753332138061523,0.00838709205242765,0.008422362244803194,-0.021471745518534195,0.040141878705538876,-0.00543869397228035,21.255966567993166,22.762239952087402,21.422639989852904,20.818053161313557,21.504807175317058,41.55016155238563,-0.6867540140035011,-0.7228869397990496,0.0361329257955485,23.324728525307876,19.187204610678457,0.37851806048674846,0.399040566590728
2017-11-16,20.83333206176757,0.0038473882879454502,0.0038547989871624555,0.00838709205242765,-0.021471745518534195,-0.004610014914461036,21.12493314743042,22.711426582336426,21.442956647872926,20.820403761383407,21.455068278017094,45.011317568201214,-0.6346645166336877,-0.7052424551659773,0.07057793853228955,22.92158546732467,19.328280827536165,0.4188487715642138,0.3968621689399133
2017-11-17,21.003332138061523,0.008126891338093018,0.00816000416015683,0.0038473882879454502,0.00838709205242765,0.0,21.024766445159912,22.673626556396485,21.464196643829347,20.848546588564655,21.42160634172409,47.0636179369633,-0.5730597531594341,-0.6788059147646688,0.10574616160523465,22.587894760931118,19.461638129388707,0.493143778766552,0.39656431095666544
2017-11-20,20.582666397094727,-0.020231813822732335,-0.02002852395999022,0.008126891338093018,0.0038473882879454502,0.040141878705538876,20.930499744415282,22.60035987854004,21.48118663787842,20.807641943723127,21.359462642121915,35.846480560960984,-0.5518206983987888,-0.6534088714914928,0.10158817309270407,22.347747787709167,19.513251701121398,0.3772856491259843,0.3945347380136577
2017-11-21,21.187332153320312,0.028954178587658665,0.02937742586698744,-0.020231813822732335,0.008126891338093018,-0.021471745518534195,20.865399742126463,22.5404398727417,21.501296634674073,20.866055822122693,21.346712235544018,47.9337752319136,-0.48065641342132537,-0.6188583798774594,0.13820196645613403,22.087309906416916,19.64348957783601,0.6317332569128726,0.41170387749406806
2017-11-22,20.84000015258789,-0.01652923893506532,-0.016393380639855182,0.028954178587658665,-0.020231813822732335,0.00838709205242765,20.82126636505127,22.46893321990967,21.51813663482666,20.862047257578876,21.3091780071769,60.668597507540376,-0.4471307495980241,-0.5845128538215724,0.13738210422354824,21.974644728480175,19.667888001622362,0.5081212671100087,0.39797644614262756
2017-11-24,21.036666870117188,0.009392732392230188,0.009436982537875505,-0.01652923893506532,0.028954178587658665,0.0038473882879454502,20.785866355895998,22.386146545410156,21.5335866355896,20.888911813354,21.288991997024326,58.066173403297675,-0.40008018367032605,-0.5476263197913231,0.1475461361209971,21.86069835427642,19.711034357515576,0.6166696351611699,0.3999453582362987
2017-11-27,21.12066650390625,0.003985059690953488,0.003993010599430358,0.009392732392230188,-0.01652923893506532,0.008126891338093018,20.77233304977417,22.30214653015137,21.549446630477906,20.92456638113127,21.276523441978544,62.396193657916555,-0.35195706084727263,-0.508492468002513,0.1565354071552404,21.82157757944842,19.723088520099918,0.6659925042641038,0.3965176874947042
2017-11-28,21.170000076293945,0.0023330724604189385,0.0023357961917807035,0.003985059690953488,0.009392732392230188,-0.020231813822732335,20.763899707794188,22.2122131729126,21.56176329612732,20.962325411156296,21.268632822298205,60.636337463456535,-0.3063074111419084,-0.4680554566303921,0.1617480454884837,21.79655846178514,19.731240953803237,0.6966285410985418,0.3965900229872605
2017-11-29,20.502666473388672,-0.032030139192276555,-0.031522607487023624,0.0023330724604189385,0.003985059690953488,0.028954178587658665,20.683933067321775,22.12213317871094,21.5706166267395,20.89160865149974,21.211894574230833,52.52362488802991,-0.3202859227310917,-0.438501549850532,0.11821562711944034,21.506658134104082,19.861208000539467,0.3898376862139138,0.38833818538679954
2017-11-30,20.59000015258789,0.00425057889210658,0.004259625415678148,-0.032030139192276555,0.0023330724604189385,-0.01652923893506532,20.64316644668579,22.035386505126954,21.580313291549682,20.84520734397484,21.165828320775802,54.70154803878359,-0.32062097680096,-0.41492543524061765,0.09430445843965762,21.392949763215718,19.89338313015586,0.46454556074683157,0.3744093111052189
2017-12-01,20.435333251953125,-0.00754010366639291,-0.00751174839672486,0.00425057889210658,-0.032030139192276555,0.009392732392230188,20.66739978790283,21.955453186035157,21.59283995628357,20.782149791356115,21.111717574937085,52.73824540903719,-0.32956778358096983,-0.3978539049086881,0.06828612132771827,21.35138572453597,19.98341385126969,0.3303572313986214,0.27543068491950917
2017-12-04,20.34666633605957,-0.00434834272470056,-0.004338902370729869,-0.00754010366639291,0.00425057889210658,0.003985059690953488,20.664433097839353,21.894266510009764,21.60382995605469,20.71515233669511,21.055047112798007,40.477955787647396,-0.33989477610289853,-0.38626207914753025,0.046367303044631714,21.35368727324532,19.975178922433386,0.2694850658012916,0.2640740570406684
2017-12-05,20.24666786193848,-0.004926852074403625,-0.004914735046490981,-0.00434834272470056,-0.00754010366639291,0.0023330724604189385,20.667499828338624,21.839213218688965,21.612599964141847,20.643077802117165,20.995167168289896,44.830450416552885,-0.3520893661727307,-0.37942753655257033,0.027338170379839655,21.348272113517922,19.986727543159326,0.19091576172985125,0.26170337611058664
2017-12-06,20.88400077819824,0.030993122826219764,0.03147841020585296,-0.004926852074403625,-0.00434834272470056,-0.032030139192276555,20.69153318405151,21.79655990600586,21.625849971771242,20.680142875360406,20.9869326208757,51.77153992713999,-0.30678974551529237,-0.3648999783451148,0.05811023282982242,21.36695564840291,20.016110719700112,0.6424794142222909,0.2816824229741976
2017-12-07,20.74933242797852,-0.00646927879763817,-0.006448398065580729,0.030993122826219764,-0.004926852074403625,0.00425057889210658,20.71436643600464,21.756919898986816,21.644266633987428,20.69078742191704,20.969332606587017,48.877809680191184,-0.27854518466997646,-0.34762901961008713,0.06908383494011067,21.363373504750395,20.065359367258882,0.5269380671318837,0.28202637956229815
2017-12-08,21.0086669921875,0.01242099248059274,0.01249845338924227,-0.00646927879763817,0.030993122826219764,-0.00754010366639291,20.754833126068114,21.724293251037597,21.66364330291748,20.73969197118942,20.972246264779645,50.06960928707846,-0.23255429359022628,-0.324614074406115,0.09205978081588873,21.36859646916594,20.141069782970288,0.7067848047410419,0.2839158567290622
2017-12-11,21.92733383178711,0.042798912246750316,0.04372799282987505,0.01242099248059274,-0.00646927879763817,-0.00434834272470056,20.84123315811157,21.708039932250976,21.691203308105468,20.922406103589065,21.042993491965383,65.52733785664233,-0.12058738837631822,-0.28380873720015565,0.16322134882383743,21.59603940896259,20.086426907260552,1.2194565972731393,0.3185250219716214
2017-12-12,22.735332489013672,0.0361862329733906,0.036848923969736935,0.042798912246750316,0.01242099248059274,-0.004926852074403625,20.926666450500488,21.707373237609865,21.721549968719483,21.20131785519285,21.168351936191183,67.0735350298641,0.03296591900166845,-0.22045380595979083,0.25341972496145926,22.061147923730022,19.792184977270953,1.2971333517525168,0.312848139615197
2017-12-13,22.60199928283692,-0.0058818455064059555,-0.0058645813181391615,0.0361862329733906,0.042798912246750316,0.030993122826219764,21.02776641845703,21.695226554870604,21.751219968795777,21.41680730559963,21.27454803594272,70.39665279357075,0.14225926965691116,-0.14791119083645043,0.2901704604933616,22.372981514551984,19.682551322362077,1.0851231037139548,0.30073470932349605
2017-12-14,22.525999069213867,-0.0033682099029073466,-0.003362543847205801,-0.0058818455064059555,0.0361862329733906,-0.00646927879763817,21.11639976501465,21.672399864196777,21.78035662651062,21.587452192309513,21.367248112481324,67.73577200132112,0.22020407982818924,-0.0742881367035225,0.29449221653171176,22.610802434572722,19.621997095456575,0.9716263336895894,0.3017091471306721
2017-12-15,22.89666748046875,0.016321218795082817,0.016455137466531822,-0.0033682099029073466,-0.0058818455064059555,0.01242099248059274,21.21956653594971,21.65655986785889,21.810983295440675,21.788869928949396,21.48053843603595,69.79785746604036,0.30833149291344597,0.0022357892198711996,0.30609570369357475,22.904436983618364,19.534696088281056,0.9976943321783688,0.3048047668357705
2017-12-18,22.591333389282227,-0.0134250207187917,-0.013335307046188238,0.016321218795082817,-0.0033682099029073466,0.042798912246750316,21.298966598510745,21.63254653930664,21.84020329475403,21.91232584592368,21.562819543683823,64.9887401612181,0.3495063022398561,0.07168989182386819,0.2778164104159879,23.087417537005127,19.510515660016363,0.8613089861608024,0.3111459832543762
2017-12-19,22.07333374023437,-0.023196092496225406,-0.02292913127888252,-0.0134250207187917,0.016321218795082817,0.0361862329733906,21.373499965667726,21.616759872436525,21.867706632614137,21.93709629120225,21.600635410094974,67.10220258754612,0.3364608811072749,0.12464408968054955,0.21181679142672535,23.160505614196143,19.58649431713931,0.6958118529571946,0.314324589533651
2017-12-20,21.93199920654297,-0.0064235405212955754,-0.006402953688585011,-0.023196092496225406,-0.0134250207187917,-0.0058818455064059555,21.41073331832886,21.58127986907959,21.895076627731324,21.93631212433159,21.625180876498526,64.44250945462852,0.3111312478330639,0.16194152131105244,0.14918972652201146,23.21237789681179,19.609088739845927,0.6446639071988993,0.30112946098221854
2017-12-21,22.11066627502441,0.008113407607173046,0.008146410493583334,-0.0064235405212955754,-0.023196092496225406,-0.0033682099029073466,21.474266624450685,21.55069320678711,21.923996620178222,21.963135839822794,21.661142757870813,67.93716945614476,0.3019930819519807,0.1899518334392381,0.11204124851274261,23.280779713350892,19.667753535550478,0.6761403375607872,0.293933000856751
2017-12-22,21.68000030517578,-0.01966993832310353,-0.01947774727779672,0.008113407607173046,-0.0064235405212955754,0.016321218795082817,21.506433296203614,21.510053215026854,21.951166620254515,21.919576526800178,21.662539613226738,63.301408476432044,0.2570369135734403,0.20336884946607856,0.05366806410736172,23.3030215379145,19.709845054492728,0.5483046156438384,0.30344580564426127
2017-12-26,21.152666091918945,-0.02462423674446112,-0.02432353347942262,-0.01966993832310353,0.008113407607173046,-0.0134250207187917,21.508033275604248,21.459013214111327,21.97487328529358,21.801590306049217,21.624771204240975,58.32820203522012,0.1768191018082419,0.19805889993451126,-0.02123979812626936,23.303231446269653,19.712835104938844,0.40102285377396996,0.3170348883007365
2017-12-27,20.775999069213867,-0.01796752434393836,-0.01780707079988264,-0.02462423674446112,-0.01966993832310353,-0.023196092496225406,21.488333225250244,21.407066535949706,21.992753276824953,21.64380703884378,21.56189919423897,48.95724528896742,0.08190784460481026,0.17482868886857106,-0.0929208442637608,23.30763581213825,19.669030638362237,0.30422878492828004,0.32324628824179213
2017-12-28,21.02400016784668,0.011866220726355485,0.011936903626468931,-0.01796752434393836,-0.02462423674446112,-0.0064235405212955754,21.514399909973143,21.35321319580078,22.01262993812561,21.548452135613456,21.522054821913613,52.59511954255394,0.02639731369984233,0.14514241383482532,-0.11874510013498299,23.288620025614534,19.740179794331752,0.361798505776387,0.3042442713519196
2017-12-29,20.75666618347168,-0.012797193348550452,-0.012715657450566908,0.011866220726355485,-0.01796752434393836,0.008113407607173046,21.522733211517334,21.288813171386717,22.029063272476197,21.42663891220703,21.465359367214212,47.62263610449238,-0.038720455007183574,0.10836984006642354,-0.1470902950736071,23.28015820876862,19.76530821426605,0.28204844324968975,0.30801306123936095
2018-01-02,21.368667602539062,0.029058261481362566,0.029484572024129463,-0.012797193348550452,0.011866220726355485,-0.01966993832310353,21.569399929046632,21.24710651397705,22.048739948272704,21.417720249181187,21.458197014275314,44.405885831192975,-0.04047676509412668,0.0786005190343135,-0.11907728412844018,23.253275117500984,19.88552474059228,0.4403957229479032,0.32254856722136643
2018-01-03,21.14999961853028,-0.010285830962693594,-0.010233112708571523,0.029058261481362566,-0.012797193348550452,-0.02462423674446112,21.609566593170168,21.209973182678223,22.067183284759523,21.376532459850278,21.43536757755346,32.00125250707136,-0.058835117703182505,0.0511133916868143,-0.10994850938999681,23.20672665843033,20.012406527910006,0.3561299569667651,0.32483586226512695
2018-01-04,20.974666595458984,-0.008324530558682238,-0.008289977599700737,-0.010285830962693594,0.029058261481362566,-0.01796752434393836,21.64596652984619,21.180106506347656,22.088496618270874,21.314706942251618,21.401241578879795,31.69894838628575,-0.08653463662817629,0.023583786023816184,-0.11011842265199247,23.14234653009902,20.149586529593364,0.27569202532986786,0.3260097262501277
2018-01-05,21.10533332824707,0.006210416017176824,0.006229740634655645,-0.008324530558682238,-0.010285830962693594,0.011866220726355485,21.657033157348636,21.152426528930665,22.109019947052,21.28249561702015,21.379322449203297,34.21719322780919,-0.09682683218314736,-0.0004983376175765261,-0.09632849456557083,23.13281807225755,20.18124824243972,0.31308257608270224,0.3079082296431935
2018-01-08,22.42733383178711,0.060754702381703427,0.06263821959024418,0.006210416017176824,-0.008324530558682238,-0.012797193348550452,21.740933227539063,21.16651985168457,22.13622995376587,21.45862457313814,21.456952921987284,45.69577200287431,0.001671651150857656,-6.433986388968966e-05,0.0017359910147473456,23.18998942680355,20.291877028274577,0.7368440246128654,0.3731911947392299
2018-01-09,22.246000289916992,-0.008118245093933886,-0.00808538113492141,0.060754702381703427,0.006210416017176824,0.029058261481362566,21.802799892425536,21.17654651641846,22.159739952087403,21.579759298796425,21.515400875167263,46.75926555715057,0.06435842362916233,0.012820212834720715,0.05153821079444162,23.225636761394085,20.379963023456988,0.6557453307394062,0.37408321115944293
2018-01-10,22.31999969482422,0.003320893638202626,0.003326413914539472,-0.008118245093933886,0.060754702381703427,-0.010285830962693594,21.822433185577392,21.195119857788086,22.181266613006592,21.693642436646854,21.575000787734446,52.525241874447936,0.11864164891240847,0.03398450005025827,0.0846571488621502,23.26322866754711,20.381637703607673,0.672670762600741,0.34315107887657187
2018-01-11,22.530000686645508,0.009364661080734738,0.009408646715617364,0.003320893638202626,-0.008118245093933886,-0.008324530558682238,21.812166595458983,21.218946533203123,22.20143327713013,21.82231293664665,21.645741520987116,56.037158975855995,0.17657141565953438,0.0625018831721135,0.11406953248742088,23.228287596236576,20.39604559468139,0.753450831811816,0.3189087289243063
2018-01-12,22.4146671295166,-0.005132257768969449,-0.005119110235858537,0.009364661080734738,0.003320893638202626,0.006210416017176824,21.80279998779297,21.225199890136718,22.22104660987854,21.913444350934334,21.70269897347078,53.10881314118397,0.21074537746355304,0.09215058203040141,0.11859479543315163,23.199266229095336,20.406333746490603,0.7190769542531136,0.3187505660625404
2018-01-16,22.67066764831543,0.01135638767539583,0.011421116241414841,-0.005132257768969449,0.009364661080734738,0.060754702381703427,21.81003341674805,21.250506591796874,22.24175994873047,22.029940242839118,21.774400356792604,60.50621256089071,0.25553988604651323,0.12482844283362379,0.13071144321288944,23.22366563569664,20.396401197799456,0.804405283082572,0.3212175753082736
2018-01-17,23.143999099731445,0.02066361394773987,0.02087858455510405,0.01135638767539583,-0.005132257768969449,-0.008118245093933886,21.82239999771118,21.314373245239256,22.26471327781677,22.201333913130245,21.875852115528815,71.36315680485723,0.32548179760143015,0.16495911378718509,0.16052268381424506,23.279709952682655,20.365090042739705,0.9534378899669748,0.32444021861684064
2018-01-18,22.971332550048828,-0.007488501129632502,-0.007460532163804823,0.02066361394773987,0.01135638767539583,0.003320893638202626,21.841399955749512,21.365679893493652,22.280063276290893,22.31979524188695,21.95699881438215,74.62974716455125,0.3627964275048008,0.20452657653070824,0.15826985097409255,23.349929454379083,20.33287045711994,0.8745145836809314,0.32172475834312536
2018-01-19,23.334667205810547,0.015693090065018588,0.015816873268893028,-0.007488501129632502,0.02066361394773987,0.009364661080734738,21.90446662902832,21.4286665725708,22.295503273010254,22.47592939018289,22.059048324858328,75.26973814030347,0.4168810653245636,0.24699747428947932,0.16988359103508427,23.55280848315224,20.2561247749044,0.9338300860358745,0.3126875501871228
2018-01-22,23.437332153320312,0.004390024536005943,0.004399674810198428,0.015693090065018588,-0.007488501129632502,-0.005132257768969449,21.979733276367188,21.489346542358398,22.314356594085694,22.623837507588647,22.161143423262917,80.41141413927217,0.46269408432572945,0.2901367962967294,0.17255728802900006,23.765142793417454,20.194323759316923,0.9081973527735172,0.31081717102015877
2018-01-23,23.519332885742188,0.00349261668007839,0.0034987229726255453,0.004390024536005943,0.015693090065018588,0.01135638767539583,22.050166606903076,21.553879852294923,22.332386589050294,22.761606027304577,22.261750050113235,77.73381082623325,0.49985597719134134,0.3320806324756518,0.16777534471568956,23.96385801677412,20.13647519703203,0.8838566320726996,0.3103042111963558
2018-01-24,23.05933380126953,-0.01975213430064165,-0.019558338950656062,0.00349261668007839,0.004390024536005943,0.02066361394773987,22.119133281707764,21.611079864501953,22.34683659553528,22.807410300222262,22.320830327976665,73.17903811626265,0.4865799722455968,0.3629805004296408,0.12359947181595599,24.075595591113576,20.162670972301953,0.7402807646847311,0.3103842929636144
2018-01-25,22.50933265686035,-0.02414061666578032,-0.02385156263182675,-0.01975213430064165,0.00349261668007839,-0.007488501129632502,22.186966609954833,21.6572798538208,22.355253257751464,22.761552201243507,22.334793463449532,67.07714276375636,0.4267587377939748,0.37573614790250764,0.05102258989146713,24.095835504220748,20.27809771568892,0.5844390224687194,0.3098159074596147
2018-01-26,22.856666564941406,0.015312820217281293,0.015430662178036458,-0.02414061666578032,-0.01975213430064165,0.015693090065018588,22.290999984741212,21.693879852294923,22.366633253097532,22.776185180273952,22.373450730226708,68.59164403293597,0.4027344500472445,0.38113580833145505,0.021598641715789457,24.100284049656995,20.48171591982543,0.6563233190324164,0.302217910781245
2018-01-29,23.302000045776367,0.019296367584641105,0.019483745784611983,0.015312820217281293,-0.02414061666578032,0.004390024536005943,22.404899978637694,21.748319854736327,22.384196586608887,22.857079774966632,22.442232161008164,61.408687855482036,0.41484761395846803,0.38787816945685766,0.026969444501610373,24.164477400760536,20.645322556514852,0.7549191799859444,0.3056623346444975
2018-01-30,23.05466651916504,-0.01067099478570611,-0.010614261699658623,0.019296367584641105,0.015312820217281293,0.00349261668007839,22.519799995422364,21.794346542358397,22.398136587142943,22.887477735612542,22.487597669019785,60.369286637376526,0.39988006659275754,0.3902785488840377,0.009601517708719864,24.11901144470014,20.92058854614459,0.6672282061212819,0.30409628758811313
2018-01-31,23.62066650390625,0.024253827172148544,0.024550343604870628,-0.01067099478570611,0.019296367584641105,-0.01975213430064165,22.63239994049072,21.85009323120117,22.415759916305543,23.000276007657728,22.57152869382619,64.80947077822236,0.42874731383153986,0.3979723018735381,0.030775011958001752,24.207284618881893,21.05751526209955,0.8137583903683334,0.2995516296069803
2018-02-01,23.28333282470703,-0.014384252958894271,-0.014281293846785892,0.024253827172148544,-0.01067099478570611,-0.02414061666578032,22.73906660079956,21.895693244934083,22.43209324836731,23.0438232102807,22.624254925743287,58.33577802044082,0.41956828453741224,0.40229149840631295,0.017276786131099287,24.173961842923006,21.304171358676115,0.6896536443671081,0.30266434187712477
2018-02-02,22.916667938232425,-0.015873271824704643,-0.015747955382294787,-0.014384252958894271,0.024253827172148544,0.015312820217281293,22.836166667938233,21.942373275756836,22.444836587905883,23.024260860734813,22.645915148890634,55.262064583564126,0.37834571184417953,0.3975023410938863,-0.01915662924970679,24.006839626523274,21.665493709353193,0.5343824762090225,0.3081440179471402
2018-02-05,22.20866775512696,-0.031381851268344446,-0.030894551730371367,-0.015873271824704643,-0.014384252958894271,0.019296367584641105,22.891333389282227,21.96279998779297,22.455043258666993,22.898784998333603,22.613526453056288,45.57640701708768,0.28525854527731553,0.37505358193057214,-0.08979503665325661,23.79125860006209,21.991408178502365,0.12070979567086547,0.3331378800683788
2018-02-06,22.264667510986328,0.002518353306341153,0.0025215270216485397,-0.031381851268344446,-0.015873271824704643,-0.01067099478570611,22.883200073242186,21.991293334960936,22.46449993133545,22.80122846181864,22.587685049939992,40.84919228798078,0.21354341187864634,0.342751547920187,-0.1292081360415407,23.803492028725557,21.962908117758815,0.16394764260925118,0.2525780853215553
2018-02-07,23.0,0.032493210526077794,0.03302687941110416,0.002518353306341153,-0.031381851268344446,0.024253827172148544,22.920900058746337,22.030559997558594,22.476823263168335,22.831808698461927,22.618226898092583,50.26705491203357,0.2135818003693437,0.3169175984100184,-0.10333579804067466,23.791730875197633,22.05006924229504,0.5454163654749847,0.27608564855698736
2018-02-08,21.01533317565918,-0.09024189341458241,-0.0862898619278617,0.032493210526077794,0.002518353306341153,-0.014384252958894271,22.855666732788087,22.028453330993653,22.47730326652527,22.552350925723044,22.499494029764186,33.4064577861849,0.052856895958857564,0.26410545791978624,-0.21124856196092867,24.051020997733147,21.660312467843028,-0.2697858329946613,0.4271040509726696
2018-02-09,20.69466781616211,-0.015376248848248276,-0.015258637910555595,-0.09024189341458241,0.032493210526077794,-0.015873271824704643,22.763900089263917,22.018946685791015,22.47738660812378,22.266553524252128,22.365803199126994,30.97133471382351,-0.09924967487486569,0.19143443136085586,-0.29068410623572155,24.298249033704685,21.229551144823148,-0.17430302624413443,0.42662415766529427
2018-02-12,21.048667907714844,0.016961202165830976,0.017105860055229627,-0.015376248848248276,-0.09024189341458241,-0.031381851268344446,22.69560012817383,22.02986671447754,22.479753284454347,22.079186506323317,22.268237621985353,33.48191036206818,-0.18905111566203558,0.11533732195627758,-0.30438843761831313,24.406822333958218,20.98437792238944,0.018784815060278227,0.4331750372534829
2018-02-13,21.577333450317383,0.024806110575996826,0.025116342037434514,0.016961202165830976,-0.015376248848248276,0.002518353306341153,22.640933418273924,22.049613380432127,22.482949953079224,22.001978343860863,22.217059535195133,40.181957176883834,-0.21508119133427073,0.04925361929816792,-0.26433481063243863,24.42386220802481,20.858004628523037,0.20172673915228295,0.441693542802833
2018-02-14,21.48733329772949,-0.004179773833776598,-0.004171050736881954,0.024806110575996826,0.016961202165830976,0.032493210526077794,22.558100128173827,22.070653381347658,22.482776622772217,21.922802182917575,22.16300573982731,42.78995490071857,-0.2402035569097336,-0.008637815943412383,-0.2315657409663212,24.395716298998693,20.72048395734896,0.20865329565431118,0.4331555787227714
2018-02-15,22.271333694458008,0.03583675439422329,0.036486630791516816,-0.004179773833776598,0.024806110575996826,-0.09024189341458241,22.523100185394288,22.109146728515626,22.487836627960206,21.97642241546226,22.171030032762918,46.11022624806039,-0.19460761730065812,-0.045831776214861536,-0.14877584108579658,24.35423050595657,20.691969864832007,0.43125380315395284,0.45490283553047256
2018-02-16,22.36599922180176,0.004241546843597737,0.004250554934988493,0.03583675439422329,-0.004179773833776598,-0.015376248848248276,22.474666786193847,22.15153335571289,22.49599328994751,22.03635730874526,22.18547219491394,43.47582620071315,-0.1491148861686824,-0.06648839820562572,-0.08262648796305669,24.266229202966553,20.68310436942114,0.46967240343547795,0.45094550739608785
2018-02-20,22.31800079345703,-0.0021483504963464924,-0.002146044443118056,0.004241546843597737,0.03583675439422329,0.016961202165830976,22.418700218200684,22.180213356018065,22.509096632003786,22.079687075623994,22.195289128139354,44.71847983019275,-0.11560205251536004,-0.07631112906757259,-0.03929092344778745,24.152647948987045,20.684752487414322,0.47096238169244464,0.4502903823655723
2018-02-21,22.21999931335449,-0.0044008100064994865,-0.004391140631703649,-0.0021483504963464924,0.004241546843597737,0.024806110575996826,22.3537335395813,22.209626693725586,22.517413291931152,22.10127357373638,22.197119512229364,39.23556478057115,-0.09584593849298528,-0.08021809095265514,-0.015627847540330142,24.00965791977259,20.697809159390008,0.4596194645641484,0.4497809069923046
2018-02-22,23.077999114990234,0.03788699111449636,0.03861385365210501,-0.0044008100064994865,-0.0021483504963464924,-0.004179773833776598,22.354666805267335,22.25101333618164,22.530406618118285,22.251539041621587,22.262369853174615,48.538895557376044,-0.010830811553027786,-0.06634063507272966,0.05550982351970188,24.012285760342273,20.697047850192398,0.7181841331834308,0.4672342832267371
2018-02-23,23.46999931335449,0.016843236182783695,0.016985883239315713,0.03788699111449636,-0.0044008100064994865,0.03583675439422329,22.40270013809204,22.28186664581299,22.540669946670533,22.438994468042033,22.35182388726201,53.92322511945948,0.08717058078002182,-0.035638391902179364,0.12280897268220119,24.133260066205644,20.672140209978437,0.8083681639461795,0.4617178004690857
2018-02-26,23.827999114990234,0.015138342018226796,0.01525350712013207,0.016843236182783695,0.03788699111449636,0.004241546843597737,22.451266765594482,22.30371997833252,22.55140327453613,22.65268749064945,22.461170200427063,62.0809636129337,0.19151729022238584,0.009792744522733678,0.18172454569965216,24.286804616985073,20.615728914203892,0.8750215089143352,0.4616519365505199
2018-02-27,23.39933204650879,-0.018153845689605118,-0.017990057260484416,0.015138342018226796,0.016843236182783695,-0.0021483504963464924,22.456133365631104,22.31966663360596,22.56069993019104,22.76755588385858,22.530663670507188,58.01921243105918,0.23689221335139266,0.055212638288465475,0.18167957506292717,24.301657293831656,20.61060943743055,0.7555368333255196,0.4622684758319327
2018-02-28,22.87066650390625,-0.022852326172335676,-0.022593189478732012,-0.018153845689605118,0.015138342018226796,-0.0044008100064994865,22.446933364868165,22.326559982299806,22.566783266067503,22.783419056173607,22.55584906557379,49.05843355158065,0.22756999059981808,0.08968410875073601,0.13788588184908207,24.281697436434865,20.612169293301466,0.6154734675712993,0.46805684571004796
2018-03-01,22.062000274658203,-0.03599846676634224,-0.03535822749677753,-0.022852326172335676,-0.018153845689605118,0.03788699111449636,22.369000053405763,22.309866638183593,22.571799936294557,22.672431551325083,22.519267673654113,59.19420154846532,0.15316387767096984,0.10238006253478278,0.05078381513618706,24.12454814137293,20.613451965438596,0.4125629822242438,0.47477882440207564
2018-03-02,22.341333389282227,0.012581794044277577,0.012661277814635996,-0.03599846676634224,-0.022852326172335676,0.016843236182783695,22.32190008163452,22.304866638183594,22.577836599349975,22.62149337254926,22.506087356293232,64.57055095651582,0.11540601625602775,0.10498525327903178,0.01042076297699597,24.023889694710988,20.619910468558054,0.5057089971344122,0.4761613072512809
2018-03-05,22.22333335876465,-0.0052956889346357445,-0.0052816914935877035,0.012581794044277577,-0.03599846676634224,0.015138342018226796,22.287233352661133,22.307866630554198,22.586916599273682,22.560237985813167,22.48514261573556,60.84707748896289,0.07509537007760869,0.09900727663874717,-0.02391190656113848,23.966304650354676,20.60816205496759,0.48097162580759356,0.4735662050826929
2018-03-06,21.8799991607666,-0.015569849908619472,-0.015449266428910424,-0.0052956889346357445,0.012581794044277577,-0.018153845689605118,22.270799922943116,22.30682662963867,22.591963262557982,22.455585858882927,22.440317174626745,52.89392327904536,0.01526868425618133,0.082259558162234,-0.06699087390605267,23.959514662475616,20.582085183410616,0.3842904745757407,0.4635696946787042
2018-03-07,22.15333366394043,0.012415049984329452,0.012492436638843696,-0.015569849908619472,-0.0052956889346357445,-0.022852326172335676,22.26523323059082,22.307679977416992,22.599119930267335,22.409085521199465,22.41905913679813,56.1522392730133,-0.009973615598664054,0.06381292341005439,-0.07378653900871844,23.954766890568955,20.575699570612684,0.46688448141014305,0.4658194889871671
2018-03-08,21.940000534057617,-0.0096765099931042,-0.009629843215428147,0.012415049984329452,-0.015569849908619472,-0.03599846676634224,22.2122332572937,22.31287998199463,22.605369930267333,22.33691860010072,22.383573314372903,46.57854992629803,-0.04665471427218293,0.04171939587360693,-0.08837411014578986,23.87093935429075,20.55352716029665,0.41793822795703894,0.4502962007150357
2018-03-09,21.81133270263672,-0.005881795723518265,-0.005864531827206032,-0.0096765099931042,0.012415049984329452,0.012581794044277577,22.252033233642578,22.326053314208984,22.61313992500305,22.256059231260103,22.34118512091096,44.31228091998641,-0.08512588965085754,0.01635033876871404,-0.10147622841957159,23.82584348027885,20.678222987006308,0.3599893055888486,0.3094760280219286
2018-03-12,23.03400039672852,0.054541719005022145,0.05605653312252645,-0.005881795723518265,-0.0096765099931042,-0.0052956889346357445,22.368999862670897,22.371213340759276,22.624903259277342,22.375742487486015,22.39250477097152,55.91669624568216,-0.016762283485505236,0.009727814317870185,-0.02649009780337542,23.79637401001742,20.941625715324374,0.7329454177427316,0.35412625581644147
2018-03-13,22.78933334350586,-0.010678811790388843,-0.010621995702379539,0.054541719005022145,-0.005881795723518265,-0.015569849908619472,22.456033134460448,22.406520004272462,22.63323992729187,22.439371849950607,22.421899480048136,54.593376993459,0.01747236990247103,0.011276725434790354,0.006195644467680676,23.75051888883329,21.161547380087605,0.6287384615549091,0.35569893923972257
2018-03-14,21.775333404541016,-0.04551475671341543,-0.044494497652946774,-0.010678811790388843,0.054541719005022145,0.012415049984329452,22.46593313217163,22.42689334869385,22.63373659133911,22.33721208911836,22.37400569667724,39.74817606120486,-0.036793607558880836,0.0016626588360561167,-0.038456266394936954,23.734900577119912,21.19696568722335,0.22788910764422227,0.387256361010265
2018-03-15,21.706666946411133,-0.003158388052850371,-0.003153405592199232,-0.04551475671341543,-0.010678811790388843,-0.0096765099931042,22.476899814605712,22.43365333557129,22.630569925308226,22.24020514408648,22.324573196657532,35.37867654733992,-0.08436805257105107,-0.01554348344536532,-0.06882456912568574,23.71363953789391,21.240160091317513,0.1886034896062399,0.3871111138229763
2018-03-16,21.42333221435547,-0.013138827430316807,-0.01305288982206032,-0.003158388052850371,-0.04551475671341543,-0.005881795723518265,22.434499740600586,22.439119987487793,22.62401659011841,22.114532385666323,22.2578146053759,29.810826080161135,-0.143282219709576,-0.04109123069820746,-0.10219098901136854,23.756144359051945,21.112855122149227,0.11745861477120982,0.3663060741390251
2018-03-19,20.90399932861328,-0.024540122382657712,-0.024241461624452176,-0.013138827430316807,-0.003158388052850371,0.054541719005022145,22.361399745941164,22.43770664215088,22.615079917907714,21.928296530735086,22.157531992282372,29.363783173131097,-0.2292354615472867,-0.0787200768680233,-0.1505153846792634,23.8501578556399,20.872641636242427,0.010531493385852776,0.37402886897064275
2018-03-20,20.703332901000977,-0.009645799079847998,-0.00959942757640797,-0.024540122382657712,-0.013138827430316807,-0.010678811790388843,22.28066635131836,22.429666633605958,22.605313243865968,21.73984058769907,22.049813541076343,31.04816368628377,-0.3099729533772724,-0.12497065216987313,-0.18500230120739924,23.94419765814332,20.6171350444934,0.025908095673924072,0.3746476992057157
2018-03-21,21.10199928283692,0.01907309171350638,0.019256145072983344,-0.009645799079847998,-0.024540122382657712,-0.04551475671341543,22.224766349792482,22.403159942626953,22.59504990577698,21.641711156181817,21.979605077503052,40.95704408637977,-0.3378939213212355,-0.16755530600014562,-0.1703386153210899,23.970011155854017,20.479521543730947,0.17833536502844827,0.3832774920717759
2018-03-22,20.606666564941406,-0.023753145635011064,-0.023473260104713844,0.01907309171350638,-0.009645799079847998,-0.003158388052850371,22.10119972229004,22.37037326812744,22.58046657562256,21.482473526760213,21.87790592842441,34.29882717479546,-0.39543240166419835,-0.21313072513295617,-0.18230167653124218,23.939551034035617,20.262848410544464,0.09351263607783303,0.3586173120853369
2018-03-23,20.1026668548584,-0.02476215748924565,-0.024458090225057294,-0.023753145635011064,0.01907309171350638,-0.013138827430316807,21.932833099365233,22.326026611328125,22.561096572875975,21.27019557723686,21.74640673778989,32.05867013668362,-0.4762111605530315,-0.2657468122169712,-0.21046434833606026,23.858087354510644,20.00757884421982,0.024694922861343036,0.35436996550323685
2018-03-26,20.27866744995117,0.008716983357954528,0.00875508689287341,-0.02476215748924565,-0.023753145635011064,-0.024540122382657712,21.75536651611328,22.28099994659424,22.53915657043457,21.117652788423673,21.637685309061098,36.05760304608756,-0.5200325206374252,-0.316603953901062,-0.20342856673636323,23.59762432729229,19.91310870493427,0.0992148717727372,0.3495712179669006
2018-03-27,18.61199951171875,-0.0857629612204003,-0.08218823758246663,0.008716983357954528,-0.02476215748924565,-0.009645799079847998,21.51599988937378,22.20494659423828,22.51310990333557,20.732167668930607,21.41356043518389,25.18685245131337,-0.6813927662532819,-0.38956171637150594,-0.291831049881776,23.675595201014747,19.356404577732814,-0.1723482779392655,0.44484695980668265
2018-03-28,17.185333251953125,-0.07975020560866929,-0.0766530355251378,-0.0857629612204003,0.008716983357954528,0.01907309171350638,21.23173322677612,22.095239906311036,22.479366569519044,20.186500835549456,21.10035842161124,21.52667633285722,-0.9138575860617841,-0.4944208903095616,-0.41943669575222253,24.03986794207228,18.423598511479963,-0.2204782507017731,0.5058622006052105
2018-03-29,17.742000579833984,0.0318784406408496,0.032392000767142104,-0.07975020560866929,-0.0857629612204003,-0.023753145635011064,21.015733242034912,21.987199935913086,22.44275990486145,19.81042387313169,20.851591174072183,26.819093704013113,-1.0411673009404936,-0.603770172435748,-0.43739712850474555,24.19502374413772,17.836442739932103,-0.014852710067805041,0.5242723531554078
2018-04-02,16.832000732421875,-0.05265286271087222,-0.05129071230255955,0.0318784406408496,-0.07975020560866929,-0.02476215748924565,20.740266609191895,21.864413299560546,22.40003324508667,19.3522049284071,20.55384373394994,13.365370835552852,-1.2016388055428386,-0.7233438990571661,-0.4782949064856725,24.36013090164757,17.12040231673622,-0.03983596635313341,0.53652082427462
2018-04-03,17.8353328704834,0.057899602458025494,0.05960860827013281,-0.05265286271087222,0.0318784406408496,0.008716983357954528,20.52086658477783,21.754426612854004,22.364096574783325,19.11883999641884,20.352472558878343,23.144197003815194,-1.2336325624595048,-0.8254016317376338,-0.408230930721871,24.29104482245671,16.750688347098954,0.1438452581027322,0.594163669345619
2018-04-04,19.12933349609375,0.07004145954947365,0.07255264788199489,0.057899602458025494,-0.05265286271087222,-0.0857629612204003,20.38333330154419,21.668266639709472,22.335943241119384,19.12045438098421,20.261869665338743,36.07857044799342,-1.141415284354533,-0.8886043622610138,-0.2528109220935193,24.14542884388894,16.621237759199442,0.3333375918639113,0.6595432459102767
2018-04-05,20.381332397460938,0.0633964612779032,0.06544916484533281,0.07004145954947365,0.057899602458025494,-0.07975020560866929,20.294733238220214,21.605506629943847,22.314583234786987,19.31443561428832,20.270718756607053,43.79912084672002,-0.9562831423187319,-0.9021401182725575,-0.05414302404617444,23.96362312991434,16.62584334652609,0.5118018204139585,0.7025808795521433
2018-04-06,19.953332901000977,-0.021223211265089487,-0.020999583742291605,0.0633964612779032,0.07004145954947365,0.0318784406408496,20.195399856567384,21.543386611938477,22.290269899368287,19.412727504551807,20.247208693228828,43.214133706139236,-0.8344811886770209,-0.8886083323534502,0.054127143676429235,23.78341746577203,16.60738224736274,0.46626731221365625,0.7049729653077973
2018-04-09,19.310667037963867,-0.032738552591198074,-0.03220844689083846,-0.021223211265089487,0.0633964612779032,-0.05265286271087222,20.07036657333374,21.479413299560548,22.26135657310486,19.397025894307507,20.177835237283276,42.72760781551134,-0.7808093429757683,-0.8670485344779139,0.08623919150214554,23.59500857793378,16.5457245687337,0.39223025567158565,0.7119581439618806
2018-04-10,20.31333351135254,0.05061985415504579,0.05192293313418306,-0.032738552591198074,-0.021223211265089487,0.057899602458025494,19.93433322906494,21.42854663848877,22.235386571884156,19.53799629692982,20.18787214647359,48.34136885902025,-0.649875849543772,-0.8236139974910854,0.17373814794731346,23.17602015399669,16.69264630413319,0.5584572617689753,0.70765151604124
2018-04-11,20.062000274658203,-0.012450001501353107,-0.012372820864378187,0.05061985415504579,-0.032738552591198074,0.07004145954947365,19.79796657562256,21.363746643066406,22.207879905700683,19.618612293503418,20.178548304116898,45.520848718823665,-0.5599360106134803,-0.7708784001155645,0.21094238950208422,22.750535234450805,16.845397916794315,0.5447125417805572,0.707825292817536
2018-04-12,19.60533332824707,-0.02302585434608351,-0.022762782382571456,-0.012450001501353107,0.05061985415504579,0.0633964612779032,19.689466571807863,21.294759979248045,22.180076570510863,19.61656937577167,20.136087935533947,45.67296604999274,-0.5195185597622753,-0.7206064320449067,0.20108787228263136,22.491742938941595,16.88719020467413,0.484988410752854,0.6957293514469611
2018-04-13,20.022666931152344,0.021063340553558362,0.021286738456213206,-0.02302585434608351,-0.012450001501353107,-0.021223211265089487,19.605266571044922,21.222799987792968,22.1593999004364,19.679045922753314,20.127686379653827,49.65168961635949,-0.44864045690051313,-0.666213237016028,0.21757278011551484,22.249056048495813,16.96147709359403,0.5789397876925273,0.7019791841673335
2018-04-16,19.41399955749512,-0.030870545862284802,-0.030398916175857993,0.021063340553558362,-0.02302585434608351,-0.032738552591198074,19.504799938201906,21.145413322448732,22.132723236083983,19.63826955886744,20.074820689123552,46.37202263529441,-0.43655113025611314,-0.620280815664045,0.1837296854079319,22.0065912040929,17.003008672310912,0.4818529263522616,0.7078256556870683
2018-04-17,19.179332733154297,-0.012161153367676808,-0.012087505392479825,-0.030870545862284802,0.021063340553558362,0.05061985415504579,19.418566608428954,21.07066661834717,22.10836990356445,19.56766389337311,20.008488247940644,52.70553816420058,-0.44082435456753544,-0.5843895234447432,0.14356516887720772,21.83471857428748,17.00241464257043,0.4504927921225248,0.7046323542769078
2018-04-18,19.55666732788086,0.019482988950550416,0.019674020987929586,-0.012161153367676808,-0.030870545862284802,-0.012450001501353107,19.36123332977295,21.017626609802246,22.085616579055785,19.56597211406661,19.975020031639918,62.56624441662866,-0.4090479175733073,-0.549321202270456,0.14027328469714873,21.70227265431213,17.020194005233773,0.5417408618598022,0.7092751477436581
2018-04-19,20.005332946777344,0.022682617268948137,0.02294182395058919,0.019482988950550416,-0.012161153367676808,-0.02302585434608351,19.30640001296997,20.972439918518067,22.068103246688842,19.6335660883298,19.97726543276121,62.13279680537106,-0.3436993444314105,-0.508196830702647,0.1644974862712365,21.5238748060899,17.08892521985004,0.6575965904947206,0.710868744983445
2018-04-20,19.34933280944824,-0.033340946599311444,-0.032791263163394646,0.022682617268948137,0.019482988950550416,0.021063340553558362,19.243533325195312,20.899426574707032,22.05581991195679,19.58983789157879,19.930751905108398,63.87214819975197,-0.34091401352960915,-0.4747402672680394,0.13382625373843027,21.375435336683175,17.11163131370745,0.52481340223022,0.7154404872697206
2018-04-23,18.891332626342773,-0.023954713067764807,-0.023670076256160355,-0.033340946599311444,0.022682617268948137,-0.030870545862284802,19.18296661376953,20.856946563720705,22.047333240509033,19.48237554308094,19.853757884459093,56.19136826322128,-0.3713823413781512,-0.4540686820900618,0.08268634071191061,21.280651942943756,17.085281284595304,0.4304867171041424,0.7151226179371951
2018-04-24,18.8973331451416,0.0003175829962110711,0.0003176334310297513,-0.023954713067764807,-0.033340946599311444,-0.012161153367676808,19.113899898529052,20.820999870300295,22.037413244247436,19.39236902032104,19.78291160747261,48.397787580894374,-0.3905425871515682,-0.44136346310236313,0.05082087595079493,21.149735157039082,17.078064640019022,0.4468113265839718,0.7139010717577887
2018-04-25,18.71266746520996,-0.009820109595590503,-0.009772049765610302,0.0003175829962110711,-0.023954713067764807,0.019482988950550416,19.118933296203615,20.774279861450196,22.025626583099367,19.28779955030395,19.7036342636013,36.48343532879826,-0.41583471329735033,-0.4362577131413606,0.020422999844010248,21.150036002380663,17.087830590026567,0.39998885094335546,0.6454926566287135
2018-04-26,19.03199958801269,0.016921052271252953,0.01706502418195721,-0.009820109595590503,0.0003175829962110711,0.022682617268948137,19.211266613006593,20.723373184204103,22.011713247299195,19.248445709951447,19.653883546891034,42.40325331316942,-0.405437836939587,-0.43009373790100586,0.024655900961418842,21.02894506150223,17.393588164510955,0.4506879159121164,0.5737719930005087
2018-04-27,19.60533332824707,0.029679886452107593,0.030124724287798665,0.016921052271252953,-0.009820109595590503,-0.033340946599311444,19.304433250427245,20.685733184814453,21.999899911880494,19.30335149738154,19.65028723439889,52.45773691572074,-0.3469357370173469,-0.4134621377242741,0.06652640070692717,20.991332082345636,17.617534418508853,0.589187351406733,0.5724628269666104
2018-04-30,19.59333229064941,-0.0006123186992794156,-0.0006121312704420179,0.029679886452107593,0.016921052271252953,-0.023954713067764807,19.442499828338622,20.632173156738283,21.99006323814392,19.34796392711506,19.646068349676707,42.80574552379265,-0.2981044225616465,-0.39039059469174864,0.09228617213010215,20.665612675822786,18.21938698085446,0.5616592584327103,0.5312813587411999
2018-05-01,19.994667053222656,0.020276271552001207,0.02048323157183307,-0.0006123186992794156,0.029679886452107593,0.0003175829962110711,19.550466537475586,20.5847465133667,21.98077657699585,19.447456715747,19.671890475865297,49.34678715201271,-0.2244337601182984,-0.3571992277770586,0.13276546765876018,20.53399303214571,18.566940042805463,0.7258203099531427,0.4998913172718623
2018-05-02,20.07666778564453,0.0040927434643586716,0.0041011301765416786,0.020276271552001207,-0.0006123186992794156,-0.009820109595590503,19.597833251953126,20.53991985321045,21.974636583328248,19.544258418808155,19.70187398029339,54.93096076263025,-0.15761556148523326,-0.3172824945186935,0.15966693303346025,20.587192783152773,18.60847372075348,0.7419921770555921,0.438359535217355
2018-05-03,18.96333312988281,-0.05705105475694038,-0.05545415542303256,0.0040927434643586716,0.020276271552001207,0.016921052271252953,19.52693328857422,20.474786529541017,21.96003991127014,19.454885297435027,19.64716725063335,40.326315884812296,-0.19228195319832153,-0.29228238625461916,0.10000043305629763,20.482541305233028,18.571325271915413,0.20510913006884057,0.42440902448812734
2018-05-04,19.606000900268555,0.03332840839172635,0.033890021653050884,-0.05705105475694038,0.0040927434643586716,0.029679886452107593,19.509566688537596,20.40534656524658,21.94964991569519,19.478133851717107,19.64411789134707,51.74250817038716,-0.16598403962996144,-0.26702271692968765,0.10103867729972621,20.44495738303707,18.57417599403812,0.5515475577734714,0.43832120777404343
2018-05-07,20.18466758728028,0.029087598107581752,0.029514774071228267,0.03332840839172635,-0.05705105475694038,-0.0006123186992794156,19.553266716003417,20.3396399307251,21.94059991836548,19.58683134949606,19.684158609564342,58.587705106335164,-0.0973272600682833,-0.23308362555740678,0.13575636548912348,20.53027031168893,18.576263120317904,0.823131293510666,0.43363203044590737
2018-05-08,20.131332397460938,-0.002645858763480803,-0.002642361564227702,0.029087598107581752,0.03332840839172635,0.020276271552001207,19.54416666030884,20.26570659637451,21.93178991317749,19.670600741490652,19.71728259385298,55.196507996299346,-0.046681852362326026,-0.19580327091839064,0.14912141855606462,20.494385283555232,18.593948037062447,0.8089634968140619,0.3941956124649761
2018-05-09,20.456666946411133,0.016031414306226816,0.016160606885176954,-0.002645858763480803,0.029087598107581752,0.0040927434643586716,19.563899993896484,20.206853294372557,21.919899911880492,19.79153400378611,19.77205180515358,54.17437431751344,0.019482198632530867,-0.15274617700820636,0.17222837564073723,20.573909408415116,18.553890579377853,0.9419597182369531,0.39565781313268106
2018-05-10,20.334667205810547,-0.005981667768512261,-0.0059638132116135445,0.016031414306226816,-0.002645858763480803,-0.05705105475694038,19.60036668777466,20.156133308410645,21.908373250961304,19.875092957943718,19.81372702001706,60.11220141445815,0.06136593792665934,-0.10992375402123322,0.17128969194789256,20.667713058945562,18.533020316603757,0.843984173211899,0.38646426375882975
2018-05-11,20.070667266845703,-0.013067764405920593,-0.012982751883414467,-0.005981667768512261,0.016031414306226816,0.03332840839172635,19.602766704559325,20.116306648254394,21.894109926223756,19.905181313159407,19.832759630893253,62.60509666589599,0.0724216822661532,-0.07345466676375595,0.14587634902990915,20.674318874250012,18.53121453486864,0.7183284097224316,0.38290477479960144
2018-05-14,19.46466636657715,-0.030658568488625318,-0.030193360898847388,-0.013067764405920593,-0.005981667768512261,0.029087598107581752,19.60530004501343,20.058773307800294,21.87994659423828,19.837409782915984,19.805493463166133,55.3745018422981,0.03191631974985043,-0.052380469461034675,0.0842967892108851,20.67521145895728,18.53538863106958,0.434277886653305,0.38267789996635415
2018-05-15,18.94533348083496,-0.027043193851452124,-0.02668080078854762,-0.030658568488625318,-0.013067764405920593,-0.002645858763480803,19.59360008239746,19.9932133102417,21.862983264923095,19.70016727490352,19.74177790891938,52.072683947641885,-0.041610634015860626,-0.05022650237199987,0.008615868356139242,20.687963102372436,18.499237062422488,0.20381555766690412,0.3925368951647094
2018-05-16,19.09866714477539,0.008060902728221242,0.008093479277920368,-0.027043193851452124,-0.030658568488625318,0.016031414306226816,19.570700073242186,19.937586669921874,21.85065326690674,19.60762879334535,19.694140074538343,50.61200219776605,-0.086511281192994,-0.0574834581361987,-0.029027823056795306,20.687259720558547,18.454140425925825,0.28862171420876553,0.38683332807164883
2018-05-17,18.96933364868164,-0.006794892876662789,-0.006771859790704271,0.008060902728221242,-0.027043193851452124,-0.005981667768512261,19.5189001083374,19.873906669616698,21.83897660255432,19.509429540320163,19.64045070966007,43.643405266727775,-0.13102116933990615,-0.07219100037694019,-0.05883016896296596,20.646629264242357,18.391170952432446,0.2563393405330746,0.3767303418758679
2018-05-18,18.454666137695312,-0.027506411041860752,-0.027131554566867888,-0.006794892876662789,0.008060902728221242,-0.013067764405920593,19.474166774749754,19.804199981689454,21.82261993408203,19.347158247608647,19.552614815440457,39.658534810844785,-0.20545656783180988,-0.09884411386791414,-0.10661245396389574,20.69716924372861,18.2511643057709,0.08319763740719459,0.3709528734496209
2018-05-21,18.965999603271484,0.02733063584059411,0.027707543542699442,-0.027506411041860752,-0.006794892876662789,-0.030658568488625318,19.477900123596193,19.74729331970215,21.80175326347351,19.28851845617216,19.509161836761272,40.840561456711455,-0.22064338058911304,-0.12320396721215393,-0.0974394133769591,20.693846876897723,18.261953370294663,0.2895053714585776,0.3760030155682265
2018-05-22,18.333999633789062,-0.033890641978487256,-0.033322787235185114,0.02733063584059411,-0.027506411041860752,-0.027043193851452124,19.449733448028564,19.65329330444336,21.774453258514406,19.14166940657476,19.422112784689254,35.86721874116378,-0.2804433781144944,-0.15465184939262203,-0.12579152872187235,20.745766585150818,18.15370031090631,0.06955814543565393,0.394985586090078
2018-05-23,18.60466766357422,0.0146552593259178,0.014763174167753412,-0.033890641978487256,0.02733063584059411,0.008060902728221242,19.444333457946776,19.569599990844726,21.749086599349976,19.059053753805447,19.36156129423629,46.63077731280647,-0.3025075404308417,-0.18422298760026595,-0.11828455283057576,20.75412417715865,18.1345427387349,0.17946566498890787,0.3977038600799117
2018-05-24,18.523332595825195,-0.00438134008245393,-0.004371756014124761,0.0146552593259178,-0.033890641978487256,-0.006794892876662789,19.418900108337404,19.50455997467041,21.71996326446533,18.976635114116178,19.299470279539168,38.630637011209366,-0.3228351654229904,-0.21194542316481085,-0.11088974225817955,20.78110860701819,18.056691609656617,0.1712810434748023,0.3926333582126163
2018-05-25,18.59000015258789,0.0035926511327837147,0.003599112439287566,-0.00438134008245393,0.0146552593259178,-0.027506411041860752,19.368133449554442,19.442226638793944,21.6917366027832,18.917152812342593,19.246916936802037,31.23630143288746,-0.3297641244594445,-0.23550916342373762,-0.09425496103570685,20.77600079447144,17.960266104637444,0.22364821878426797,0.3758457729911814
2018-05-29,18.91733360290528,0.017454813671737904,0.0176080391409692,0.0035926511327837147,-0.00438134008245393,0.02733063584059411,19.334333515167238,19.392106666564942,21.667856607437134,18.917180626275314,19.22250335651339,36.58072647523784,-0.30532273023807477,-0.24947187678660507,-0.0558508534514697,20.75186190245296,17.916805127881517,0.3529130294665818,0.3825621285393216
2018-05-30,19.44799995422364,0.027665611046886498,0.028051857754248344,0.017454813671737904,0.0035926511327837147,-0.033890641978487256,19.307000160217285,19.36298667907715,21.645806608200072,18.998845138267363,19.239206808195632,39.3345638447459,-0.24036166992826935,-0.24764983541493796,0.007288165486668607,20.691616724555942,17.922383595878628,0.5509165488980342,0.38905047106752666
2018-05-31,18.98200035095215,-0.02425305446305825,-0.023961312441811655,0.027665611046886498,0.017454813671737904,0.0146552593259178,19.252266788482665,19.328560028076172,21.619449949264528,18.99625363252656,19.22015447802945,36.667116618995564,-0.22390084550288947,-0.24290003743252828,0.01899919192963881,20.5946798691861,17.90985370777923,0.39933559147498227,0.39669207201554013
2018-06-01,19.454666137695312,0.024595765346737457,0.024900736382056587,-0.02425305446305825,0.027665611046886498,-0.00438134008245393,19.27683343887329,19.295613365173338,21.595946617126465,19.06677863332175,19.237525712078774,44.16813353259116,-0.17074707875702444,-0.22846944569742753,0.057722366940403086,20.614959277316466,17.938707600430114,0.5664484212594385,0.3519512424861455
2018-06-04,19.78266716003418,0.016719212816101784,0.016859761047419486,0.024595765346737457,-0.02425305446305825,0.0035926511327837147,19.285666751861573,19.279133377075194,21.573889951705933,19.176915329739046,19.277906560075472,53.17788646647783,-0.10099123033642599,-0.20297380262522724,0.10198257228880125,20.63522532258594,17.936108181137207,0.6841344343824386,0.3364895549138774
2018-06-05,19.408666610717773,-0.019086459534572997,-0.018905466401010762,0.016719212816101784,0.024595765346737457,0.017454813671737904,19.246866703033447,19.265253372192383,21.553626623153686,19.21256937296654,19.28759248975268,54.76875877995786,-0.07502311678613793,-0.17738366545740938,0.10236054867127145,20.530613864771745,17.96311954129515,0.5630186038601387,0.32537552794422087
2018-06-06,21.299999237060547,0.09298733807137727,0.09744783937389845,-0.019086459534572997,0.016719212816101784,0.027665611046886498,19.30530004501343,19.28568000793457,21.544306621551513,19.533712428981,19.436659656219927,66.68686018126158,0.09705277276107438,-0.12249637781371264,0.21954915057478702,20.840351335848624,17.770248754178233,1.1497174406992736,0.4683649540486556
2018-06-07,21.07266616821289,-0.010730278490089475,-0.01067291441269691,0.09298733807137727,-0.019086459534572997,-0.02425305446305825,19.336100006103514,19.334893341064454,21.537049951553346,19.770474542708985,19.55784532377496,65.71057099042449,0.2126292189340262,-0.05547125846416488,0.2681004773981911,20.988643897125772,17.683556115081256,1.0254220996923544,0.4679873003644266
2018-06-08,21.17733383178711,0.004954692435399038,0.004966987221204366,-0.010730278490089475,0.09298733807137727,0.024595765346737457,19.378233337402342,19.414733352661134,21.529153289794923,19.986914433336388,19.677807435479565,71.66347763692892,0.30910699785682283,0.017444392800032654,0.2916626050567902,21.174679093081867,17.581787581722818,1.000738886408579,0.46728310304331494
2018-06-11,22.13999938964844,0.04445444887073472,0.0454573538627594,0.004954692435399038,-0.010730278490089475,0.016719212816101784,19.48169994354248,19.502693328857426,21.522263288497925,20.31815827276901,19.86019202467726,73.56229624813378,0.45796624809175057,0.10554876385837625,0.3524174842333743,21.64663886992994,17.31676101715502,1.1139432881235476,0.4868338067130785
2018-06-12,22.851333618164062,0.031623579957868575,0.03212891816285257,0.04445444887073472,0.004954692435399038,-0.019086459534572997,19.651033306121825,19.623079986572268,21.51887661933899,20.707877556675943,20.081758068639246,83.14418461452335,0.6261194880366965,0.2096629086940403,0.4164565793426562,22.288565160394615,17.013501451849034,1.1066846750794241,0.4765774444716044
2018-06-13,22.985332489013672,0.005846814961109414,0.005863940944921264,0.031623579957868575,0.04445444887073472,0.09298733807137727,19.85303325653076,19.726079978942874,21.517786617279054,21.058255238574056,20.296837655333647,82.79922060918605,0.7614175832404086,0.320013843603314,0.44140373963709467,22.856441392185683,16.84962512087584,1.0214574728119465,0.4584374083392041
2018-06-14,23.847999572753903,0.036844043828737995,0.037531198826580514,0.005846814961109414,0.031623579957868575,-0.010730278490089475,20.090499877929688,19.820453300476075,21.52180661201477,21.487446674601724,20.559886686253666,85.69130562521232,0.9275599883480581,0.4415230725522628,0.4860369157957953,23.55794446257037,16.623055293289006,1.0418254860464615,0.4683789871879374
2018-06-15,23.87800025939941,0.0012572053263429782,0.001257995940245893,0.036844043828737995,0.005846814961109414,0.004954692435399038,20.335933208465576,19.890386657714842,21.525409946441652,21.855224149185982,20.805672876857056,85.62062280055959,1.0495512723289266,0.5631287125075957,0.486422559821331,24.147093048010202,16.52477336892095,0.9646967327611555,0.46515881638489903
2018-06-18,24.722000122070312,0.03473599661662311,0.03534633777963325,0.0012572053263429782,0.036844043828737995,0.04445444887073472,20.649299907684327,19.98576000213623,21.531293277740478,22.296266606552805,21.095771191317297,86.55638670730566,1.2004954152355083,0.6906020530531782,0.5098933621823301,24.822596098255442,16.476003717113212,0.9879476591653847,0.4480776228346601
2018-06-19,23.503332138061523,-0.05055133619592977,-0.04929487816484701,0.03473599661662311,0.0012572053263429782,0.031623579957868575,20.876166534423827,20.069613304138183,21.530176601409913,22.481968996015684,21.274109039224275,73.50281039474632,1.2078599567914097,0.7940536338008246,0.41380632299058506,25.156120688832747,16.596212380014908,0.8069151571321584,0.5009376285551147
2018-06-20,24.14800071716309,0.027059386425411523,0.027428816276547696,-0.05055133619592977,0.03473599661662311,0.005846814961109414,21.16686658859253,20.146306648254395,21.532449941635132,22.7382815684999,21.48698990425678,79.3322636359344,1.2512916642431193,0.8855012398892836,0.3657904243538357,25.509135989603326,16.824597187581734,0.8432691357054688,0.47498749192939776
2018-06-21,23.16733360290528,-0.04145833852996407,-0.04061069592236699,0.027059386425411523,-0.05055133619592977,0.036844043828737995,21.39499988555908,20.20841331481934,21.53175661087036,22.804289573793035,21.611459807860374,69.9305642730485,1.192829765932661,0.9469669450979591,0.2458628208347019,25.649008540867285,17.140991230250876,0.7083133652225484,0.5137828268502568
2018-06-22,22.242000579833984,-0.04076083263689155,-0.03994128279636189,-0.04145833852996407,0.027059386425411523,0.0012572053263429782,21.58093328475952,20.261146659851075,21.52812328338623,22.717783574722414,21.65816653171027,62.40666846919835,1.059617043012146,0.9694969646807965,0.0901200783313496,25.626419745957232,17.53544682356181,0.581704301993727,0.543561770981189
2018-06-25,22.200666427612305,-0.0018601117764972604,-0.0018583828407574554,-0.04076083263689155,-0.04145833852996407,0.03473599661662311,21.761466598510744,20.304706649780275,21.52225661277771,22.63822709055163,21.698351709184493,64.57404666125844,0.9398753813671377,0.9635726480180649,-0.023697266650927196,25.559661626387307,17.96327157063418,0.5578169138074911,0.5446443811215147
2018-06-26,22.799999237060547,0.02663819480865757,0.02699616299368457,-0.0018601117764972604,-0.04076083263689155,-0.05055133619592977,21.955599880218507,20.372426643371583,21.52178994178772,22.663115113091465,21.779955229767904,59.050679440832546,0.883159883323561,0.9474900950791642,-0.06433021175560316,25.532148022147467,18.379051738289547,0.6180466924159205,0.5475309929470572
2018-06-27,22.96666717529297,0.007283408999648192,0.007309997535504653,0.02663819480865757,-0.0018601117764972604,0.027059386425411523,22.131533241271974,20.448173332214356,21.5153932762146,22.709815430353235,21.867859818325314,61.51227649070347,0.8419556120279204,0.9263831984689155,-0.08442758644099513,25.530471392502584,18.732595090041364,0.6228521816024556,0.5432434573461156
2018-06-28,23.32866668701172,0.015639022752901306,0.01576195226568089,0.007283408999648192,0.02663819480865757,-0.04145833852996407,22.348866558074953,20.523613319396972,21.51111994743347,22.805023315993004,21.976067734524307,62.67975534387117,0.8289555814686977,0.906897675068872,-0.07794209360017423,25.441969353458074,19.25576376269183,0.6583846696590964,0.5298128418322103
2018-06-29,22.86333274841309,-0.020148496990899354,-0.019946872439894126,0.015639022752901306,0.007283408999648192,-0.04076083263689155,22.51929988861084,20.58077331542969,21.50335994720459,22.813993997903786,22.04179106888644,54.52875554070525,0.7722029290173467,0.8799587258585669,-0.10775579684122027,25.300890961998302,19.737708815223375,0.5618410202516365,0.5375604100919981
2018-07-02,22.33799934387207,-0.02324520251387864,-0.022977114068266413,-0.020148496990899354,0.015639022752901306,-0.0018601117764972604,22.647066497802733,20.640546646118164,21.489169940948486,22.740764051129677,22.06373242258908,46.70939776972399,0.6770316285405968,0.839373306394973,-0.16234167785437614,25.11663527928643,20.177497716319035,0.4374248742841296,0.5476575140162672
2018-07-03,20.724000930786133,-0.0749967408799285,-0.07225349003910242,-0.02324520251387864,-0.020148496990899354,0.02663819480865757,22.712833213806153,20.67720001220703,21.46618660926819,22.430492801846054,21.9644930528259,37.81610742807111,0.4659997490201526,0.764698594920009,-0.2986988458998564,24.86951680177758,20.556149625834728,0.038914216690749244,0.6137030163303869
2018-07-05,20.61066627502441,-0.00548377173144179,-0.005468763302039825,-0.0749967408799285,-0.02324520251387864,0.007283408999648192,22.678366565704344,20.711466674804687,21.440906600952147,22.15051949002734,21.86420958780357,31.02533264736799,0.2863099022237705,0.6690208563807614,-0.38271095415699086,24.94913487827369,20.407598253135,0.04471350528483515,0.5142782570264839
2018-07-06,20.59333229064941,-0.0008413739443247261,-0.0008410200885162755,-0.00548377173144179,-0.0749967408799285,0.015639022752901306,22.654399871826172,20.749079971313478,21.418839931488037,21.91095222858458,21.770070528755113,30.719265686913815,0.14088169982946752,0.5633930250705026,-0.4225113252410351,25.00523186689083,20.303567876761512,0.06163018337682786,0.5131579164654704
2018-07-09,21.233999252319336,0.030636287189681716,0.031110407612896518,-0.0008413739443247261,-0.00548377173144179,-0.020148496990899354,22.657233142852782,20.793119964599608,21.400373258590697,21.806805616851467,21.730361545315425,29.025025445698333,0.07644407153604149,0.4660032343636104,-0.3895591628275689,25.000694634012614,20.31377165169295,0.19633939027753022,0.5251669973309301
2018-07-10,21.49799919128418,0.012356234552786241,0.012432888210448967,0.030636287189681716,-0.0008413739443247261,-0.02324520251387864,22.62513313293457,20.830973281860352,21.385703258514404,21.75929693599496,21.713149519090887,36.376822410918344,0.046147416904073424,0.38203207087170304,-0.3358846539676296,25.015543370745053,20.23472289512409,0.26423838807626576,0.5010441440960908
2018-07-11,21.263999938964844,-0.010944370832144498,-0.010884699093960615,0.012356234552786241,0.030636287189681716,-0.0749967408799285,22.54576644897461,20.86438663482666,21.374993257522583,21.683097397990327,21.679879179822294,29.24980780594673,0.00321821816803336,0.30626930033096916,-0.3030510821629358,25.00885504283142,20.0826778551178,0.23980503315905458,0.4863198953029263
2018-07-12,21.11400032043457,-0.007079156356632034,-0.007054158152785206,-0.010944370832144498,0.012356234552786241,-0.00548377173144179,22.452199840545653,20.886773300170898,21.365566596984863,21.59554400144329,21.637962227275054,33.220748242488,-0.04241822583176358,0.23653179509842262,-0.27895002093018617,24.98613655265616,19.918263128435147,0.23594456528543264,0.48515281329461074
2018-07-13,21.257999420166016,0.006796925091447165,0.006820076610119186,-0.007079156356632034,-0.010944370832144498,-0.0008413739443247261,22.32269983291626,20.910399932861328,21.356773262023925,21.54361406586217,21.60981683415587,40.7819032984312,-0.06620276829369942,0.1759848824199982,-0.24218765071369763,24.820758877422772,19.82464078840975,0.2868944661072703,0.4625997423921056
2018-07-16,20.67333221435547,-0.027888696957791365,-0.027503397391944295,0.006796925091447165,-0.007079156356632034,0.030636287189681716,22.16246643066406,20.944599914550782,21.34648325920105,21.409724550245755,21.540447603059544,37.0139366617983,-0.1307230528137886,0.11464329537324086,-0.24536634818702946,24.65157447054018,19.673358390787943,0.20086991154013834,0.4682795998956914
2018-07-17,21.512666702270508,0.039797339718765146,0.040599864560402654,-0.027888696957791365,0.006796925091447165,0.012356234552786241,22.00199975967407,20.98273323059082,21.34084659576416,21.425561804403408,21.538389758556654,39.48372589158033,-0.11282795415324642,0.06914904546794341,-0.18197699962118985,24.19218914739666,19.81181037195148,0.3882897844025299,0.47459413678989437
2018-07-18,21.59000015258789,0.003588340997915393,0.0035947868010812734,0.039797339718765146,-0.027888696957791365,-0.010944370832144498,21.90633316040039,21.010839881896974,21.33509659767151,21.450860011816406,21.542212750707115,38.58737519591065,-0.09135273889070916,0.0370486885962129,-0.12840142748692207,23.984698823149692,19.827967497651088,0.42389861575319526,0.44671937548911894
2018-07-19,21.34866714477539,-0.011240942684509224,-0.011177999356501767,0.003588340997915393,0.039797339718765146,-0.007079156356632034,21.766366481781006,21.035186576843262,21.32799659729004,21.435138032271635,21.527876039156617,33.25062635290293,-0.09273800688498213,0.011091349499973896,-0.10382935638495602,23.567665586720704,19.965067376841308,0.38405608600477303,0.43155128674502974
2018-07-20,20.905332565307617,-0.02098503581790621,-0.020766382110007697,-0.011240942684509224,0.003588340997915393,0.006796925091447165,21.653266429901123,21.04415988922119,21.31647659301758,21.353629498892555,21.481761707760395,33.37484671359783,-0.12813220886783938,-0.01675336217358876,-0.11137884669425062,23.36607027506632,19.940462584735926,0.2816638879271757,0.41514858354841583
2018-07-23,20.21333312988281,-0.03366183049098469,-0.033101575077221224,-0.02098503581790621,-0.011240942684509224,-0.027888696957791365,21.551833057403563,21.041733207702638,21.299206590652467,21.17819928827567,21.38780403532502,32.45624285964925,-0.2096047470493474,-0.05532363914874049,-0.1542811079006069,23.3556936095551,19.747972505252026,0.12899018831464792,0.4077683007349972
2018-07-24,19.82866668701172,-0.019213739494976158,-0.01903033212777805,-0.03366183049098469,-0.02098503581790621,0.039797339718765146,21.433233070373536,21.036893196105957,21.279906587600706,20.970578888081217,21.272312379894405,40.72385153040356,-0.301733491813188,-0.10460560968162999,-0.197127882131558,23.36485822167531,19.501607919071763,0.08465896390910592,0.4107607953417053
2018-07-25,20.582666397094727,0.037320581448582704,0.03802573929879505,-0.019213739494976158,-0.03366183049098469,0.003588340997915393,21.322366428375243,21.05925319671631,21.26385992050171,20.910900043314065,21.221227492279613,49.74390357934875,-0.3103274489655483,-0.14574997753841368,-0.16457747142713464,23.176674093732082,19.468058763018405,0.3005454960091073,0.42345187769470494
2018-07-26,20.44333267211914,-0.006792485928422633,-0.006769469139103035,0.037320581448582704,-0.019213739494976158,-0.011240942684509224,21.196199703216553,21.089213180541993,21.251763248443602,20.83896660159177,21.163605653749208,48.65800180268673,-0.32463905215743694,-0.18152779246221834,-0.1431112596952186,22.918088806995396,19.47431059943771,0.28138341503956976,0.4209256387911928
2018-07-27,19.812000274658203,-0.03136897003681015,-0.030882068378310756,-0.006792485928422633,0.037320581448582704,-0.02098503581790621,21.020366382598876,21.10347984313965,21.232293252944945,20.68097178206353,21.063486736779506,37.2565489199457,-0.3825149547159761,-0.22172522491296992,-0.16078972980300615,22.530579361332215,19.510153403865537,0.09993519955239488,0.42221293247427116
2018-07-30,19.344667434692383,-0.023871031864305167,-0.023588372374675926,-0.03136897003681015,-0.006792485928422633,-0.03366183049098469,20.844433116912843,21.110986518859864,21.210816593170165,20.475386497852586,20.936166788476754,31.381148116850085,-0.46078029062416803,-0.26953623805520954,-0.1912440525689585,22.267988492086516,19.42087774173917,-0.02676759484592871,0.4238174186755267
2018-07-31,19.8759994506836,0.027096149377992935,0.02746658828770232,-0.023871031864305167,-0.03136897003681015,-0.019213739494976158,20.72133312225342,21.13941318511963,21.191636590957643,20.383173105980433,20.85763587456615,38.58551857626424,-0.4744627685857168,-0.310521544161311,-0.16394122442440578,22.02153339607789,19.42113284842895,0.17492174529262516,0.43780134207939786
2018-08-01,20.05599975585937,0.009015402580141685,0.00905616372260365,0.027096149377992935,-0.023871031864305167,0.037320581448582704,20.68793306350708,21.161213188171388,21.173393259048463,20.33283874442335,20.798255421328612,41.342055735173766,-0.46541667690526367,-0.34150057071010154,-0.12391610619516213,22.021730465072093,19.35413566194207,0.2631074603585855,0.3556411468510872
2018-08-02,23.30266761779785,0.1500394953693686,0.16188013070702012,0.009015402580141685,0.027096149377992935,-0.006792485928422633,20.822533130645752,21.260586547851563,21.173039932250976,20.78973549417327,20.98376743588189,61.09704765396759,-0.19403194170861937,-0.3120068449098051,0.11797490320118575,22.594766139938507,19.050300121352997,1.199720204439101,0.6444984382575002
2018-08-03,23.211332321166992,-0.00392722251966948,-0.003919521066382159,0.1500394953693686,0.009015402580141685,-0.03136897003681015,20.953433132171632,21.352719841003417,21.170513257980346,21.162288852172306,21.148772242199307,64.55386187687344,0.013516609972999305,-0.24690215393324424,0.2604187639062435,23.017153792375225,18.88971247196804,1.047045739410442,0.6450345117299209
2018-08-06,22.79933357238769,-0.017909315280774534,-0.017749896605615767,-0.00392722251966948,0.1500394953693686,-0.023871031864305167,21.031699848175048,21.43823986053467,21.16462658882141,21.414141886051596,21.271036044435483,57.75848346918475,0.14310584161611217,-0.16890055482337296,0.31200639643948513,23.252941633950407,18.81045806239969,0.897893136967893,0.6434419651536998
2018-08-07,25.30466651916504,0.10425751987100265,0.10988623587715574,-0.017909315280774534,-0.00392722251966948,0.027096149377992935,21.22203321456909,21.57253318786621,21.173879919052123,22.012684137299818,21.569823487008044,67.32587035686458,0.4428606502917738,-0.046548313800343605,0.4894089640921174,24.15110239933369,18.29296402980449,1.1969165026609052,0.7361300999914052
2018-08-08,24.689332962036133,-0.02461753965428242,-0.024316999264261008,0.10425751987100265,-0.017909315280774534,0.009015402580141685,21.393299865722657,21.68797317504883,21.182293252944945,22.424476264182328,21.80089826293605,65.05618288540555,0.6235780012462762,0.08747694920898036,0.5361010520372957,24.707896956115228,18.078702775330086,0.9971996605359814,0.7424077009167774
2018-08-09,23.49666786193848,-0.04951266848117073,-0.0483068984460443,-0.02461753965428242,0.10425751987100265,0.1500394953693686,21.51243324279785,21.768946533203124,21.187436590194704,22.589428817683274,21.926510825825122,60.94006167507018,0.6629179918581514,0.20256515773881456,0.4603528341193368,24.95362105336635,18.07124543222935,0.7883066441544823,0.768264864916681
2018-08-10,23.69933319091797,0.008588294353453393,0.008625279557523235,-0.04951266848117073,-0.02461753965428242,-0.00392722251966948,21.634499931335448,21.86329319000244,21.193486595153807,22.76018333664246,22.057831001017185,65.35142330520748,0.7023523356252745,0.3025225933161066,0.39982974230916796,25.208329180492008,18.060670682178888,0.7888824725005862,0.7683360439193275
2018-08-13,23.76066780090332,0.002584687857127241,0.0025880310425296926,0.008588294353453393,-0.04951266848117073,-0.017909315280774534,21.78886671066284,21.949413223266603,21.203676595687867,22.914104023451824,22.18396706026801,67.82304744135861,0.7301369631838135,0.38804546728964795,0.34209149589416554,25.453444750946765,18.124288670378917,0.769035216137423,0.7583556746745825
2018-08-14,23.176000595092773,-0.024914314053937747,-0.024606514038646665,0.002584687857127241,0.008588294353453393,0.10425751987100265,21.872033405303956,22.017279891967775,21.210833263397216,22.95439580370428,22.257451025810585,61.938380174717,0.6969447778936946,0.44982532941045733,0.24711944848323725,25.585391879503494,18.158674931104418,0.6755778763145005,0.755975284505616
2018-08-15,22.57933235168457,-0.026082295987135885,-0.02574509095993638,-0.024914314053937747,0.002584687857127241,-0.02461753965428242,21.92150001525879,22.08069320678711,21.216773262023924,22.896693734162785,22.28129408698644,59.435739128222124,0.6153996471763463,0.4829401929636351,0.13245945421271121,25.64538276919284,18.19761726132474,0.5883261342923353,0.763346309344345
2018-08-16,22.36333274841309,-0.009612303405664177,-0.009566252885921389,-0.026082295987135885,-0.024914314053937747,-0.04951266848117073,21.972233295440674,22.10195987701416,21.221896591186525,22.8146381978936,22.287371024869895,61.69978170159402,0.5272671730237057,0.49180558897564924,0.035461584048056494,25.690899991595867,18.25356659928548,0.5525859783799367,0.7629866301823689
2018-08-17,20.36666679382324,-0.09352310299855524,-0.08928302310985092,-0.009612303405664177,-0.026082295987135885,0.008588294353453393,21.945300006866454,22.087839889526368,21.213219928741456,22.438027212652006,22.145096637384956,54.110137339532486,0.29293057526705013,0.45203058623392944,-0.1591000109668793,25.70408895149335,18.186511062239557,0.2900077343661666,0.8326421336266708
2018-08-20,20.562667846679688,0.009577607495927778,0.00962361955643587,-0.09352310299855524,-0.009612303405664177,0.002584687857127241,21.9627667427063,22.07554656982422,21.209006605148314,22.149510387117804,22.027879689925307,52.8380976045993,0.1216306971924972,0.385950608425643,-0.2643199112331458,25.690788900955358,18.234744584457243,0.31221961182170144,0.8244622701579832
2018-08-21,21.459999084472656,0.04271350329177862,0.043638852919460236,0.009577607495927778,-0.09352310299855524,-0.024914314053937747,22.044333362579344,22.061946563720703,21.216553268432616,22.043431725172397,21.985814459891778,55.47809535830213,0.05761726528061928,0.3202839397966383,-0.262666674516019,25.644963095798705,18.443703629359984,0.418856655446181,0.8337199896966081
2018-08-22,21.44266700744629,-0.0008079720701797333,-0.0008076457486387856,0.04271350329177862,0.009577607495927778,-0.026082295987135885,22.087333393096923,22.03377323150635,21.221736602783203,21.951006383983767,21.94558131526619,40.297671423630895,0.005425068717578085,0.25731216558082626,-0.25188709686324817,25.63461080103732,18.540055985156528,0.40913222853566766,0.8244140499423436
2018-08-23,21.34000015258789,-0.0047994694464031625,-0.004787970396720964,-0.0008079720701797333,0.04271350329177862,-0.009612303405664177,22.13216676712036,22.00086658477783,21.227509937286378,21.857005425307477,21.90072345136409,40.2500886927435,-0.04371802605661301,0.1971061272533384,-0.2408241533099514,25.61401923128421,18.65031430295651,0.38624351222723274,0.8241609498341382
2018-08-24,21.521333694458008,0.008461454998839912,0.008497354291167936,-0.0047994694464031625,-0.0008079720701797333,-0.09352310299855524,22.21763343811035,21.954333267211915,21.233099937438965,21.805363620561405,21.872620506408083,43.177449047750954,-0.06725688584667822,0.14423352463333508,-0.2114904104800133,25.539950708627238,18.895316167593464,0.3952087222626976,0.8147514779792734
2018-08-27,21.284666061401367,-0.011057797782740283,-0.010996885063753514,0.008461454998839912,-0.0047994694464031625,0.009577607495927778,22.3146333694458,21.902466583251954,21.23805993080139,21.725256303767555,21.829068325296475,21.67949549669636,-0.10381202152892044,0.09462441540088398,-0.19843643692980442,25.38770236361901,19.241564375272592,0.3324204061156231,0.810165876875497
2018-08-28,20.790666580200195,-0.0234827463444085,-0.02320917226401842,-0.011057797782740283,0.008461454998839912,0.04271350329177862,22.36036672592163,21.823839912414552,21.2410165977478,21.581473269372577,21.752149677511564,22.056568652540903,-0.17067640813898777,0.04156425069290964,-0.2122406588318974,25.3051760948247,19.41555735701856,0.23348017662920204,0.8115783553478213
2018-08-29,20.333999633789062,-0.02220982005243565,-0.021964997834462707,-0.0234827463444085,-0.011057797782740283,-0.0008079720701797333,22.374266719818117,21.7604532623291,21.24168992996216,21.389554248513573,21.64710152612471,24.65810621670353,-0.25754727761113827,-0.018258054967899943,-0.23928922264323832,25.275581405624468,19.472952034011765,0.1483892119647803,0.8156840872101923
2018-08-30,20.209999084472656,-0.006116857728366764,-0.006098187840544389,-0.02220982005243565,-0.0234827463444085,-0.0047994694464031625,22.219633293151855,21.681693229675293,21.237606592178345,21.208084223276508,21.540649493409745,21.683619610972826,-0.33256527013323733,-0.08111949800096742,-0.25144577213226993,25.23983280001759,19.199433786286118,0.16730108323791987,0.5949274703539394
2018-08-31,20.11066627502441,-0.004927151351277619,-0.004915032852453871,-0.006116857728366764,-0.02220982005243565,0.008461454998839912,22.064599990844727,21.620559883117675,21.235259923934937,21.039250692776186,21.43472481056639,20.56133769978551,-0.39547411779020436,-0.1439904219588148,-0.2514836958313895,25.187054911203326,18.942145070486127,0.18711578458978748,0.5948668921528718
2018-09-04,19.26333236694336,-0.0430469232692942,-0.04213355721254053,-0.004927151351277619,-0.006116857728366764,-0.011057797782740283,21.88779993057251,21.560986518859863,21.227809925079345,20.766032488801905,21.27388092585357,19.725562574879405,-0.5078484370516669,-0.21676202497738525,-0.29108641207428165,25.227932109002325,18.547667752142694,0.10713118172722992,0.6074454194111827
2018-09-05,18.715999603271484,-0.028824659687569285,-0.028413192133419196,-0.0430469232692942,-0.004927151351277619,-0.0234827463444085,21.558366584777833,21.491293182373045,21.217223262786867,20.450642814104917,21.08440823529194,19.877320101853556,-0.6337654211870216,-0.30016270421931257,-0.33360271696770905,24.777000082010474,18.33973308754519,0.05845128313767385,0.44085412882583
2018-09-06,18.729999542236328,0.0007477402091871391,0.000748019836589231,-0.028824659687569285,-0.0430469232692942,-0.02220982005243565,21.260399913787843,21.409893188476563,21.20585659980774,20.185928464586674,20.910007591361893,20.749240597178854,-0.7240791267752194,-0.3849459887304939,-0.33913313804472545,24.359776234124723,18.161023593450963,0.09178878102861697,0.44276653031316643
2018-09-07,17.549333572387695,-0.06511051590830808,-0.06303609176210712,0.0007477402091871391,-0.028824659687569285,-0.006116857728366764,20.963033199310303,21.30154651641846,21.190689935684205,19.780298481171446,20.661068775141583,23.88778223973067,-0.8807702939701372,-0.4841108497784226,-0.39665944419171456,24.291750805341106,17.6343155932795,-0.012764979032441472,0.4624703935717846
2018-09-10,19.03333282470703,0.08117582516337454,0.08456157301917577,-0.06511051590830808,0.0007477402091871391,-0.004927151351277619,20.729733180999755,21.215639839172365,21.179919939041138,19.66538068786923,20.540495741776063,38.557443116301904,-0.875115053906832,-0.5623116906041046,-0.3128033633027274,23.90130234929617,17.55816401270334,0.2325613495599825,0.5700009406283537
2018-09-11,18.62933349609375,-0.021454393137783412,-0.021225884732538947,0.08117582516337454,-0.06511051590830808,-0.0430469232692942,20.473166465759277,21.130959854125976,21.168866605758666,19.505988812211466,20.39892816802182,27.132701713902534,-0.892939355810352,-0.6284372236453541,-0.26450213216499785,23.435673468743044,17.51065946277551,0.1888052977075729,0.5688088898431966
2018-09-12,19.36933326721192,0.03895364779566284,0.03972228911320608,-0.021454393137783412,0.08117582516337454,-0.028824659687569285,20.282833099365234,21.071586532592775,21.16052993774414,19.484964882211536,20.32266187907294,35.00192335393196,-0.8376969968614034,-0.670289178288564,-0.16740781857283937,22.992532106546843,17.573134092183626,0.33143887388742566,0.5944243222190266
2018-09-13,19.297332763671875,-0.00372416834177945,-0.003717242227533335,0.03895364779566284,-0.021454393137783412,0.0007477402091871391,20.1187331199646,21.043053169250488,21.15141326904297,19.456098402436204,20.246711574228417,35.15790786628973,-0.7906131717922129,-0.6943539769892939,-0.096259194802919,22.633341068948308,17.60412517098089,0.3366742703122575,0.5911773638010929
2018-09-14,19.68000030517578,0.019636019543975154,0.019830074248618157,-0.00372416834177945,0.03895364779566284,-0.06511051590830808,19.984566497802735,21.024439849853515,21.143963270187378,19.490544849011524,20.204732961706,37.00112862835437,-0.714188112694476,-0.6983208041303304,-0.015867308564145644,22.270896480059157,17.698236515546313,0.43339408681366903,0.5990867092356711
2018-09-17,19.6560001373291,-0.0012202649255036756,-0.001219520705005639,0.019636019543975154,-0.00372416834177945,0.08117582516337454,19.949033164978026,21.00569320678711,21.13972993850708,19.515999508752692,20.16408608582623,38.14653437198248,-0.6480865770735385,-0.688273958718972,0.04018738164543356,22.23244707282305,17.665619257133002,0.4358344480073972,0.5029070960995976
2018-09-18,18.997333526611328,-0.034084013592407654,-0.03350969709584439,-0.0012202649255036756,0.019636019543975154,-0.021454393137783412,19.87076644897461,20.96095989227295,21.131766605377198,19.436204742269403,20.07765997032883,37.25360210466326,-0.6414552280594279,-0.6789102125870632,0.03745498452763529,22.172851165805554,17.568681732143666,0.3102952258929784,0.5136010410129687
2018-09-19,19.93466758728028,0.04816167725201569,0.04934029606607382,-0.034084013592407654,-0.0012202649255036756,0.03895364779566284,19.79449987411499,20.92969326019287,21.129263277053834,19.512891333809538,20.067067941954864,47.34321794406836,-0.5541766081453261,-0.6539634916987158,0.09978688355338972,21.97262861630558,17.6163711319244,0.5321761772961869,0.5204854744146693
2018-09-20,19.8886661529541,-0.0023102764367657494,-0.0023076098021083125,0.04816167725201569,-0.034084013592407654,-0.00372416834177945,19.716799831390382,20.902186584472656,21.126973276138305,19.570702844447162,20.053852994621472,47.839730413496774,-0.4831501501743105,-0.6198008233938348,0.1366506732195243,21.753661676654126,17.67993798612664,0.5421889982286612,0.5204025887800185
2018-09-21,19.940000534057617,0.0025777618885772795,0.0025810871734046614,-0.0023102764367657494,0.04816167725201569,0.019636019543975154,19.646799850463868,20.878706588745118,21.1254399394989,19.627517873618,20.04541947902415,48.845188867722925,-0.4179016054061506,-0.579420979796298,0.1615193743901474,21.5399380784432,17.753661622484536,0.5774377378419697,0.5208661021340178
2018-09-24,19.978666305541992,0.001937228201131435,0.0019391058399589323,0.0025777618885772795,-0.0023102764367657494,-0.0012202649255036756,19.569666481018068,20.853119926452635,21.12091326713562,19.681540709298616,20.040474799506953,55.43511687122208,-0.35893409020833644,-0.5353236018787058,0.17638951167036931,21.255591855011755,17.88374110702438,0.6212983180729611,0.5194095547065914
2018-09-25,20.06599998474121,0.004361820224937156,0.004371346808820453,0.001937228201131435,0.0025777618885772795,-0.034084013592407654,19.508733177185057,20.84097328186035,21.117496604919435,19.74068829013594,20.042365553968747,61.028210407439296,-0.3016772638328078,-0.4885943342695262,0.1869170704367184,21.011852864795696,18.00561348957442,0.6853700713753493,0.5194038474769264
2018-09-26,20.6386661529541,0.028139474409747497,0.028539129305709343,0.004361820224937156,0.001937228201131435,0.04816167725201569,19.501133155822753,20.823493270874025,21.115646600723267,19.878838730569502,20.086535968708404,64.28784986414493,-0.20769723813890195,-0.43241491504340135,0.2247176769044994,20.978274196094592,18.023992115550914,0.8850454919734705,0.5246316020264006
2018-09-27,20.501333236694336,-0.006676394186811727,-0.006654156583666082,0.028139474409747497,0.004361820224937156,-0.0023102764367657494,19.50949983596802,20.801719932556153,21.1085165977478,19.974607116127167,20.117261692262918,76.18877602129069,-0.14265457613575094,-0.3744628472618713,0.23180827112612035,21.0082414453812,18.010758226554838,0.8308887250800563,0.5189203008095423
2018-09-28,17.65133285522461,-0.14967862356105288,-0.13901536785757185,-0.006676394186811727,0.028139474409747497,0.0025777618885772795,19.381566524505615,20.727773246765135,21.08309659957886,19.61718030675754,19.934600296926746,40.131395077070295,-0.3174199901692063,-0.36305427584333827,0.04563428567413197,21.05515844757157,17.70797460143966,-0.016922209480816623,0.7441898557220152
2018-10-01,20.71333312988281,0.15996630906971668,0.1734713349848751,-0.14967862356105288,-0.006676394186811727,0.001937228201131435,19.411699867248537,20.72393325805664,21.073653268814088,19.785819202622964,19.99228421047905,60.78674349764163,-0.20646500785608524,-0.3317364222458877,0.12527141438980244,21.160574851292143,17.66282488320493,0.8721344505782631,0.9510330950872863
2018-10-02,20.06800079345703,-0.0316510593141639,-0.031155407600468088,0.15996630906971668,-0.14967862356105288,0.004361820224937156,19.451933288574217,20.721026611328124,21.0613632774353,19.829231755058974,19.997892846255198,53.652080332746316,-0.16866109119622408,-0.29912135603595497,0.1304602648397309,21.22331520812791,17.680551369020524,0.6738946011817809,0.9447969617136912
2018-10-03,19.65333366394043,-0.020879570125520365,-0.0206631011122842,-0.0316510593141639,0.15996630906971668,0.028139474409747497,19.498799991607665,20.7175199508667,21.04514660835266,19.802170510271505,19.972369943861512,51.79653208389328,-0.17019943359000678,-0.27333697154676534,0.10313753795675856,21.23749611610339,17.76010386711194,0.5444395286087107,0.9417698871086428
2018-10-04,18.788667678833008,-0.04499307098653701,-0.043995894024528526,-0.020879570125520365,-0.0316510593141639,-0.006676394186811727,19.5017333984375,20.681639976501465,21.026133279800415,19.646246997742505,19.884688294600142,45.71062312282681,-0.23844129685763704,-0.2663578366089397,0.02791653975130265,21.235158161065012,17.76830863580999,0.29431881470193305,0.9567392185828226
2018-10-05,17.463333129882812,-0.07315047194650469,-0.07053903829718033,-0.04499307098653701,-0.020879570125520365,-0.14967862356105288,19.497433376312255,20.622039985656738,21.003083276748658,19.31041409499486,19.70532865276923,40.62268389251093,-0.3949145577743671,-0.2920691808420252,-0.10284537693234191,21.251553786078784,17.743312966545727,-0.07980633344896176,0.9644085770390393
2018-10-08,16.70400047302246,-0.0444551930837214,-0.043481542224090175,-0.07315047194650469,-0.04499307098653701,0.15996630906971668,19.38096675872803,20.559879989624022,20.976943283081056,18.909427383922182,19.48300804686206,40.27589586900245,-0.5735806629398787,-0.3483714772615959,-0.22520918567828285,21.529750799688433,17.232182717767625,-0.12290258924975345,0.9260736219653776
2018-10-09,17.520000457763672,0.04769487161816516,0.04885057241581614,-0.0444551930837214,-0.07315047194650469,-0.0316510593141639,19.325500106811525,20.52338665008545,20.95398995399475,18.695669395282412,19.337600077299218,39.6549743241761,-0.641930682016806,-0.40708331821263793,-0.2348473638041681,21.60902268951199,17.04197752411106,0.10466787963342734,0.9436525603565379
2018-10-10,17.125333786010742,-0.0227842365240576,-0.02252663592700077,0.04769487161816516,-0.0444551930837214,-0.020879570125520365,19.213300132751463,20.46837333679199,20.931216621398924,18.454079301548308,19.17372850016674,38.50463501921419,-0.7196491986184306,-0.46959649429379646,-0.2500527043246341,21.699294242569735,16.727306022933192,0.08005404387435305,0.9325691011855781
2018-10-11,16.815332412719727,-0.018267761294738935,-0.01810191714594478,-0.0227842365240576,0.04769487161816516,-0.04499307098653701,19.08920011520386,20.4035599899292,20.90952995300293,18.20196439557468,18.99903249368918,37.27533738229368,-0.7970680981145009,-0.5350908150579374,-0.2619772830565634,21.795565450478666,16.382834779929052,0.07990377853896773,0.9334944161645978
2018-10-12,17.25200080871582,0.025637011844725322,0.025968466473239804,-0.018267761294738935,-0.0227842365240576,-0.07315047194650469,18.96780014038086,20.28254665374756,20.89190996170044,18.05581615144255,18.86962273924671,39.24477375142118,-0.8138065878041623,-0.5908339696071825,-0.22297261819697978,21.778398902489442,16.157201378272276,0.19476266858208488,0.9359952510362753
2018-10-15,17.305999755859375,0.0031251224150275823,0.003130010700919561,0.025637011844725322,-0.018267761294738935,-0.0444551930837214,18.850300121307374,20.164440002441406,20.873319959640504,17.940459782891292,18.753798814551352,39.084581359691825,-0.8133390316600604,-0.6353349820177581,-0.17800404964230232,21.73526283565152,15.965337406963231,0.2323534966726468,0.9364524869378047
2018-10-16,18.439332962036133,0.0634327959715364,0.06548787831763603,0.0031251224150275823,0.025637011844725322,0.04769487161816516,18.822400093078613,20.077239990234375,20.861733293533327,18.01720950275973,18.730505047698372,41.67129659725382,-0.7132955449386422,-0.650927094601935,-0.06236845033670724,21.7121643814888,15.932635804668426,0.43372000398461114,0.9618028043297949
2018-10-17,18.118667602539062,-0.017543278006273536,-0.017390290644313078,0.0634327959715364,0.0031251224150275823,-0.0227842365240576,18.731600093841553,19.933520011901855,20.845483293533324,18.03281844118732,18.68518375546435,41.10060185490595,-0.6523653142770307,-0.6512147385369542,-0.001150575740076487,21.588142407256434,15.875057780426673,0.39271426360043044,0.9449450205662897
2018-10-18,17.5939998626709,-0.029384839017495768,-0.028957302566477883,-0.017543278006273536,0.0634327959715364,-0.018267761294738935,18.616866779327392,19.791613349914552,20.827703294754027,17.965307890646333,18.604355318961133,49.740840528854655,-0.6390474283148002,-0.6487812764925234,0.009733848177723159,21.462038837622373,15.77169472103241,0.32024515640901796,0.9488869946490794
2018-10-19,17.333332061767578,-0.014926570471279743,-0.014815721435600171,-0.029384839017495768,-0.017543278006273536,0.025637011844725322,18.48653335571289,19.66834663391113,20.80949662208557,17.8680808400496,18.51020544805791,29.539950399711827,-0.6421246080083094,-0.6474499427956806,0.005325334787371183,21.315269789575378,15.657796921850402,0.2961631772864259,0.9487908817728616
2018-10-22,17.39666748046875,0.0036473072126550357,0.0036539667315824698,-0.014926570471279743,-0.029384839017495768,0.0031251224150275823,18.35743341445923,19.54229331970215,20.79095329284668,17.795555707806393,18.427721154162416,32.603988686086595,-0.6321654463560229,-0.6443930435077491,0.012227597151726166,21.134646049559468,15.580220779358992,0.32702694027679247,0.9490240326392786
2018-10-23,19.60933303833008,0.11972696455952778,0.12718904700256495,0.0036473072126550357,-0.014926570471279743,0.0634327959715364,18.334600067138673,19.459266624450684,20.776863288879394,18.074598374040807,18.51524796039706,49.76783131766221,-0.4406495863562512,-0.6036443520774495,0.1629947657211983,21.05968619058032,15.609513943697028,0.7338885659843817,1.050173394972507
2018-10-24,19.233333587646484,-0.019360730257469993,-0.019174515010206394,0.11972696455952778,0.0036473072126550357,-0.017543278006273536,18.26433343887329,19.380413284301756,20.76179995536804,18.252865329980143,18.56843948834146,52.47384683166406,-0.3155741583613185,-0.5460303133342234,0.23045615497290484,20.80553919238361,15.72312768536297,0.6906575544767788,1.0461294955211937
2018-10-25,20.99066734313965,0.0874330286431297,0.09136917152114976,-0.019360730257469993,0.11972696455952778,-0.029384839017495768,18.288800144195555,19.34863998413086,20.75515329360962,18.67406563969699,18.747863773882067,68.72389993206362,-0.07379813418507553,-0.4515838775043938,0.3777857433193183,20.928216260116315,15.649384028274794,1.0118304731578005,1.0945846155195413
2018-10-26,22.059999465942383,0.049688062904440625,0.05094321706509364,0.0874330286431297,-0.019360730257469993,-0.014926570471279743,18.509233474731445,19.342573318481445,20.752803287506104,19.194978536042438,18.993207158479127,77.5249981670167,0.2017713775633112,-0.32091282649085284,0.522684204054164,21.618971000371587,15.399495949091303,1.0709108826604279,0.949274171835458
2018-10-29,22.32333374023437,0.011866497865424763,0.011937184073759433,0.049688062904440625,0.0874330286431297,0.0036473072126550357,18.589733505249022,19.38170665740967,20.752346620559692,19.676263952071967,19.23988320157211,76.17143933199449,0.4363807504998576,-0.16945411109271075,0.6058348615925684,22.007779144730073,15.17168786576797,1.0461600909975282,0.7699637401399984
2018-10-30,21.99333381652832,-0.014893088379068472,-0.014782734852513357,0.011866497865424763,0.049688062904440625,0.11972696455952778,18.68600015640259,19.41031997680664,20.748959951400757,20.032736238911404,19.44384250638368,76.7120185108201,0.5888937325277226,-0.017784542368624076,0.6066782748963466,22.376907804309713,14.995092508495466,0.948037986266211,0.7620033494719505
2018-10-31,22.488000869750977,0.022242473178064662,0.022491681222557736,-0.014893088379068472,0.011866497865424763,-0.019360730257469993,18.827733516693115,19.43088001251221,20.745679960250854,20.410469259040568,19.669335718484962,80.50914501289665,0.7411335405556052,0.1339990742162218,0.6071344663393834,22.87550106024918,14.779965973137049,0.9521340854769322,0.758258393855481
2018-11-01,22.95199966430664,0.020423191772720273,0.020633172207841666,0.022242473178064662,-0.014893088379068472,0.0874330286431297,19.035900115966797,19.461066665649415,20.745583295822144,20.80147393677381,19.91249601076805,80.56627638023501,0.8889779260057615,0.28499484457412977,0.6039830814316318,23.483664388574663,14.58813584335893,0.9402323626341499,0.7342414618059552
2018-11-02,23.0939998626709,0.006167773529960309,0.006186833410645631,0.020423191772720273,0.022242473178064662,0.049688062904440625,19.317433452606203,19.496146659851075,20.744379959106446,21.15417023306567,20.148162962760853,80.74797972439097,1.006007270304817,0.42919732972026725,0.5768099405845498,24.049793931889816,14.585072973322589,0.8990150820713043,0.6658946888161212
2018-11-05,22.76000022888184,-0.01456821826868683,-0.014462615214999475,0.006167773529960309,0.020423191772720273,0.011866497865424763,19.62023344039917,19.52091999053955,20.740993299484252,21.401221001652775,20.341632389880925,75.08321304443923,1.0595886117718507,0.5552755861305839,0.5043130256412668,24.4229705332869,14.817496347511437,0.8268726486332432,0.6390216840669892
2018-11-06,22.73733329772949,-0.0009964070977677931,-0.0009959108490511515,-0.01456821826868683,0.006167773529960309,-0.014893088379068472,19.88110008239746,19.549973335266113,20.73708330154419,21.60677673951073,20.519091716388225,77.77420175483064,1.087685023122507,0.6617574735289686,0.4259275495935384,24.769521458459543,14.992678706335377,0.7921426975708972,0.629759347500149
2018-11-07,23.21066665649414,0.020603730470361386,0.020817452625894184,-0.0009964070977677931,-0.01456821826868683,0.022242473178064662,20.185366725921632,19.598373336791994,20.737839965820314,21.853529034431254,20.718467637877552,83.98547491475212,1.1350613965537022,0.7564182581339154,0.3786431384197868,25.108980156085558,15.261753295757705,0.807223543590808,0.6157055802749879
2018-11-08,23.426666259765625,0.009263014594603545,0.00930604908804078,0.020603730470361386,-0.0009964070977677931,0.020423191772720273,20.515933418273924,19.660226669311523,20.74242663383484,22.095550146021157,20.919074943202595,87.07009228238536,1.1764752028185619,0.8404296470708448,0.3360455557477171,25.37419298058233,15.65767385596552,0.7995653900497511,0.6034901326689414
2018-11-09,23.367332458496094,-0.0025359590842054585,-0.0025327462564075365,0.009263014594603545,0.020603730470361386,0.006167773529960309,20.821700000762938,19.723373336791994,20.74497996330261,22.291208963324994,21.100427351742855,86.34150249021904,1.190781611582139,0.9105000399731037,0.28028157160903533,25.583833859656966,16.05956614186891,0.7672785491926891,0.6061617187594764
2018-11-12,22.0853328704834,-0.05642528101968433,-0.05486289846261738,-0.0025359590842054585,0.009263014594603545,-0.01456821826868683,21.060666656494142,19.76286666870117,20.738896627426147,22.259535718272442,21.173383316094007,66.9961583309177,1.0861524021784348,0.94563051241417,0.14052188976426483,25.551936159219217,16.569397153769067,0.6140731160051229,0.6566143233567412
2018-11-13,22.582000732421875,0.022239444014452457,0.022488583932654294,-0.05642528101968433,-0.0025359590842054585,-0.0009964070977677931,21.267800045013427,19.82924003601074,20.736533298492432,22.30914572044928,21.277725346933106,72.611868904517,1.0314203735161733,0.9627884846345707,0.06863188888160265,25.630310561100362,16.90528952892649,0.6506243575301743,0.6297087498451742
2018-11-14,22.933332443237305,0.015438256266650938,0.015558041777538723,0.022239444014452457,-0.05642528101968433,0.020603730470361386,21.50853328704834,19.913586692810057,20.733096628189088,22.405174447032053,21.400362909622306,66.1924790494711,1.004811537409747,0.9711930951896061,0.03361844222014099,25.665899069088685,17.351167505007997,0.671358407088455,0.6213094746793664
2018-11-15,23.22933387756348,0.012824453818193816,0.012907039788430774,0.015438256266650938,0.022239444014452457,0.009263014594603545,21.79029998779297,20.003573379516602,20.73282663345337,22.53196820557535,21.535842240580912,61.1890873783573,0.9961259649944374,0.9761796691505724,0.01994629584386498,25.578015920446255,18.002584055139685,0.6899606405756081,0.6019806522690614
2018-11-16,23.62066650390625,0.016706156871619596,0.016846485069498485,0.012824453818193816,0.015438256266650938,-0.0025359590842054585,22.104666709899902,20.125000038146972,20.736346626281737,22.69946025147241,21.6902736674939,62.11705754255552,1.009186583978508,0.9827810521161596,0.026405531862348286,25.33792843945523,18.871404980344575,0.7344381495856885,0.5922889746786778
2018-11-19,23.564666748046875,-0.0023736096914838216,-0.0023707949075066903,0.016706156871619596,0.012824453818193816,-0.05642528101968433,22.41306667327881,20.21562671661377,20.743126621246336,22.832568943253097,21.829117599386713,65.46790820842247,1.0034513438663843,0.9869151104662046,0.016536233400179734,24.828828265075778,19.99730508148184,0.7383513502902093,0.5942658970876421
2018-11-20,23.166000366210938,-0.017062716138914934,-0.01691797240752324,-0.0023736096914838216,0.016706156871619596,0.022239444014452457,22.590900039672853,20.306360054016114,20.74763328552246,22.883866085246613,21.928145952484805,56.80267278957675,0.9557201327618081,0.9806761149253254,-0.024955982163517243,24.632263724800794,20.549536354544912,0.640861800062354,0.45775623477510885
2018-11-21,22.54599952697754,-0.02712805667626346,-0.026763395900558984,-0.017062716138914934,-0.0023736096914838216,0.015438256266650938,22.756533336639404,20.369893379211426,20.74536328315735,22.831886614743677,21.973912883928712,46.05007031012537,0.8579737308149653,0.9561356381032534,-0.09816190728828811,24.052203278857327,21.46086339442148,0.41875484534993784,0.46476567055846457
2018-11-23,21.722000122070312,-0.037232068164504986,-0.03654747725516738,-0.02712805667626346,-0.017062716138914934,0.012824453818193816,22.79309997558594,20.418386726379396,20.748896617889404,22.66113484664008,21.95525267934661,38.215759545617644,0.7058821672934705,0.9060849439412969,-0.20020277664782637,23.90753603589099,21.67866391528089,0.019443110436304773,0.3859679875154245
2018-11-26,23.06666755676269,0.06006303506598446,0.061903481591741194,-0.037232068164504986,-0.02712805667626346,0.016706156871619596,22.843433380126953,20.486120071411133,20.760756616592406,22.723524494351253,22.037579707303358,52.244344957587124,0.6859447870478945,0.8620569125626165,-0.176112125514722,23.90828627942107,21.778580480832836,0.6048192556848552,0.4043895755327471
2018-11-27,22.92799949645996,-0.00602976341947075,-0.006011620879413759,0.06006303506598446,-0.037232068164504986,-0.0023736096914838216,22.87366666793823,20.55156005859375,20.77015327453613,22.75498218698336,22.103536728722364,51.37209375104662,0.6514454582609943,0.819934621702292,-0.16848916344129772,23.9103057027313,21.837027633145162,0.5262062428184444,0.40372303517281277
2018-11-28,23.19133377075196,0.011419815399028825,0.011485270415007465,-0.00602976341947075,0.06006303506598446,-0.017062716138914934,22.933566665649415,20.635440063476562,20.778223276138306,22.822113199870834,22.184114287391225,49.8565384552238,0.6379989124796097,0.7835474798577556,-0.14554856737814592,23.89148255961616,21.97565077168267,0.634545791924971,0.4004850370311026
2018-11-29,22.744667053222656,-0.01944796184859784,-0.019260070246266858,0.011419815399028825,-0.00602976341947075,-0.02712805667626346,22.946399974823,20.69164005279541,20.784509944915772,22.810198408078808,22.22563671448985,45.10667589959464,0.5845616935889595,0.7437503226039965,-0.15918862901503705,23.885881790921694,22.006918158724304,0.39263606908430576,0.4007782533709809
2018-11-30,23.365333557128903,0.02692274930708413,0.027288440954263304,-0.01944796184859784,0.011419815399028825,-0.037232068164504986,22.96706666946411,20.761173400878906,20.789979944229128,22.895603815624977,22.310058702833484,49.986727087127534,0.5855451127914932,0.7121092806414959,-0.12656416785000268,23.92506959635988,22.00906374256834,0.7078630850091986,0.40568313030553577
2018-12-03,23.89933204650879,0.022597058720560136,0.022854306277042546,0.02692274930708413,-0.01944796184859784,0.06006303506598446,23.007333278656006,20.84036003112793,20.79764660835266,23.050023543453257,22.42778265421684,63.37362707208267,0.6222408892364157,0.6941356023604799,-0.07189471312406415,24.051614380064148,21.963052177247864,0.927087479917995,0.4126485861920064
2018-12-04,23.979999542236328,0.003369619807877731,0.00337530335871139,0.022597058720560136,0.02692274930708413,-0.00602976341947075,23.068333244323732,20.920386695861815,20.805956602096558,23.193096774035265,22.542761682959025,60.98019605598962,0.65033509107624,0.6853755001036319,-0.03504040902739192,24.191343339012295,21.94532314963517,0.9059029844096914,0.40814909105285213
2018-12-06,24.20400047302246,0.009297797793253366,0.009341156591416766,0.003369619807877731,0.022597058720560136,0.011419815399028825,23.141666603088378,21.00314670562744,20.815876607894896,23.348620420033292,22.665816408148906,60.183804870890214,0.6828040118843859,0.6848612024597828,-0.0020571905753968833,24.36107922313908,21.922253983037677,0.9355924534756386,0.4085779081592022
2018-12-07,23.86466789245605,-0.014118894034547757,-0.014019689883274733,0.009297797793253366,0.003369619807877731,-0.01944796184859784,23.174366664886474,21.06766674041748,20.819809951782226,23.42801233886756,22.75462022180129,55.05678019466969,0.6733921170662711,0.6825673853810804,-0.009175268314809304,24.435917747060213,21.912815582712735,0.7735922616705069,0.4074661476744116
2018-12-10,24.34333229064941,0.01985894986280649,0.020057450635827756,-0.014118894034547757,0.009297797793253366,0.02692274930708413,23.220199966430663,21.144506721496583,20.8241766166687,23.568830792987846,22.87230259727152,55.673009688967774,0.6965281957163256,0.6853595474481294,0.01116864826819619,24.582897724128557,21.857502208732768,0.9120988377188416,0.411893639688874
2018-12-11,24.450666427612305,0.0043994881709961495,0.004409180127082468,0.01985894986280649,-0.014118894034547757,0.022597058720560136,23.274366664886475,21.280493392944337,20.827289953231812,23.704497813699298,22.989218436556023,56.899591507418116,0.7152793771432755,0.6913435133871586,0.023935863756116893,24.7436456657935,21.80508766397945,0.9002982966474262,0.4116343290436439
2018-12-12,24.440000534057617,-0.00043631614730297,-0.00043622097525497505,0.0043994881709961495,0.01985894986280649,0.003369619807877731,23.392100048065185,21.35502674102783,20.832493295669554,23.81765207836981,23.096683777111696,60.55917833729334,0.7209683012581145,0.6972684709613498,0.0236998302967647,24.83737450237536,21.94682559375501,0.8625264678509076,0.34896101452817646
2018-12-13,25.11933326721192,0.027416643182222842,0.027795937737711718,-0.00043631614730297,0.0043994881709961495,0.009297797793253366,23.518966674804688,21.45605339050293,20.843736629486084,24.01791072280706,23.24650966526727,71.12060193577756,0.7714010575397907,0.712094988277038,0.059306069262752725,25.103567408301977,21.934365941307398,1.0049747102145876,0.3528031496441545
2018-12-14,24.38066673278809,-0.029847328127938777,-0.029406295404663774,0.027416643182222842,-0.00043631614730297,-0.014118894034547757,23.591333389282227,21.550600051879883,20.855329961776732,24.07371933972722,23.33052129989844,72.13096690834527,0.7431980398287799,0.7183155985873864,0.024882441241393494,25.1953991617433,21.987267616821153,0.746041451995703,0.37169930420427644
2018-12-17,23.22800064086914,-0.04843199610928875,-0.04727787408573192,-0.029847328127938777,0.027416643182222842,0.01985894986280649,23.59126672744751,21.639386711120604,20.859763298034668,23.943608770672128,23.322927177007383,51.3872947841915,0.6206815936647452,0.6987887976028582,-0.07810720393811299,25.195395952588495,21.987137502306528,0.3867715640096128,0.4117931530094403
2018-12-18,22.46866607666016,-0.03323675529970292,-0.03269048317800327,-0.04843199610928875,-0.029847328127938777,0.0043994881709961495,23.533666706085206,21.739493370056152,20.860989961624146,23.7166945100549,23.25964857698166,46.43115952230717,0.45704593307323904,0.6504402246969344,-0.19339429162369537,25.214259197916128,21.853074214254285,0.1831472725833787,0.4229250150186101
2018-12-19,22.19799995422364,-0.01211952713286755,-0.012046381459096978,-0.03323675529970292,-0.04843199610928875,-0.00043631614730297,23.46533336639404,21.849373359680175,20.86257996559143,23.48304919377317,23.181007938258844,42.29096891448339,0.30204125551432526,0.5807604308604126,-0.27871917534608737,25.248619133277447,21.682047599510636,0.1446633972789225,0.42429903856891
2018-12-20,21.025333404541016,-0.05427412940561658,-0.05282757690336415,-0.01211952713286755,-0.03323675529970292,0.027416643182222842,23.358300018310548,21.919480018615722,20.856939964294433,23.10493907235284,23.021328343168634,38.00798947649616,0.08361072918420476,0.4813304905251711,-0.3977197613409663,25.447892797427656,21.26870723919344,-0.058234752025524715,0.4597502947921347
2018-12-21,21.31800079345703,0.01382376022500745,0.013919750202525005,-0.05427412940561658,-0.01211952713286755,-0.029847328127938777,23.296900081634522,22.00333335876465,20.85382996559143,22.83002549098425,22.895155932078886,35.0355697149126,-0.0651304410946345,0.37203830420121,-0.4371687452958445,25.552558706949448,21.041241456319597,0.06134778863064765,0.45639698487414887
2018-12-24,19.69266700744629,-0.07930549016355178,-0.07624231754928879,0.01382376022500745,-0.05427412940561658,-0.04843199610928875,23.19543342590332,22.06088005065918,20.843236637115478,22.347354955055334,22.657934530254252,23.482945916128656,-0.31057957519891843,0.2355147283211843,-0.5460943035201027,25.889374258185633,20.50149259362101,-0.15011940434665771,0.5186810864672105
2018-12-26,21.73933219909668,0.09887683028497694,0.10393032040182759,-0.07930549016355178,0.01382376022500745,-0.03323675529970292,23.12906665802002,22.150626678466796,20.83676329612732,22.253812992600157,22.58988991313147,38.68120810089645,-0.3360769205313119,0.12119639855068509,-0.457273319081997,25.90064481052283,20.357488505517207,0.24928824257249063,0.595735914122399
2018-12-27,21.07533264160156,-0.03101987613917527,-0.030543696163891854,0.09887683028497694,-0.07930549016355178,-0.01211952713286755,23.0364333152771,22.22601333618164,20.828193292617797,22.072508323215757,22.477700485610736,34.868111895620885,-0.4051921623949788,0.015918686361552317,-0.4211108487565311,25.95618790468602,20.116678725868184,0.1641668651212648,0.6039890852159189
2018-12-28,22.257999420166016,0.054598181031400884,0.05611616189772195,-0.03101987613917527,0.09887683028497694,-0.05427412940561658,22.989766597747803,22.302386665344237,20.830606622695925,22.10104541505426,22.46142633261483,42.81539623867138,-0.36038091756057256,-0.05934123442287267,-0.3010396831376999,25.928867861157233,20.050665334338373,0.37551174457784436,0.6373373412047767
2018-12-31,22.18666648864746,-0.003209968679503924,-0.0032048222381534375,0.054598181031400884,-0.03101987613917527,0.01382376022500745,22.961866569519042,22.383746643066406,20.833006620407104,22.11421788791475,22.44107375158021,39.99133956653225,-0.3268558636654575,-0.11284416027138963,-0.21401170339406786,25.9212879173233,20.002445221714783,0.3690284366829447,0.6340575096320376
2019-01-02,20.67466735839844,-0.07058234811465275,-0.0681489998068292,-0.003209968679503924,0.054598181031400884,-0.07930549016355178,22.82733325958252,22.445359992980958,20.82926329612732,21.892748575681473,22.310228833566743,34.497481412664186,-0.4174802578852699,-0.17377137979416568,-0.2437088780911042,25.94967517020187,19.70499134896317,0.15528024111282002,0.67005489263441
2019-01-03,20.02400016784668,-0.031977589194740155,-0.03147171266518334,-0.07058234811465275,-0.003209968679503924,0.09887683028497694,22.633566665649415,22.49917335510254,20.824863300323486,21.605248820629967,22.140878562031926,32.77511534560833,-0.5356297414019586,-0.2461430521157243,-0.28948668928623433,25.950712726502545,19.316420604796285,0.10665486988963245,0.667032735727542
2019-01-04,21.179332733154297,0.0560942725927254,0.0576973909120706,-0.031977589194740155,-0.07058234811465275,-0.03101987613917527,22.493533325195312,22.57482666015625,20.827243299484252,21.539723268710635,22.069652945078026,35.1820233269103,-0.5299296763673915,-0.30290037696605776,-0.22702929940133376,25.807813545803672,19.17925310458695,0.3017366510126015,0.7050133699973837
2019-01-07,22.33066749572754,0.05293512263076508,0.05436123871697496,0.0560942725927254,-0.031977589194740155,0.054598181031400884,22.399866676330568,22.6292533493042,20.833386640548706,21.661406995944006,22.088987356237247,42.52225325223784,-0.4275803602932413,-0.3278363736314945,-0.09974398666174683,25.61501215559033,19.184721197070807,0.489238561513092,0.7341576817414511
2019-01-08,22.356666564941406,0.001163599158188828,0.0011642764023440666,0.05293512263076508,0.0560942725927254,-0.003209968679503924,22.324466609954833,22.691720008850098,20.842136640548706,21.76837000655899,22.10881544577089,46.53701121849782,-0.3404454392119014,-0.3303581867475759,-0.010087252464325513,25.464833078596186,19.18410014131348,0.505126783021681,0.7333754143784578
2019-01-09,22.568666458129883,0.009437947481978803,0.009482625353500751,0.001163599158188828,0.05293512263076508,-0.07058234811465275,22.235733318328858,22.7232799911499,20.854466638565064,21.891492537569896,22.14287848372341,50.415514133852454,-0.2513859461535155,-0.31456373862876386,0.06317779247524835,25.232938170074274,19.238528466583443,0.5555406047082737,0.7299424669649806
2019-01-10,22.99799919128418,0.018844716086450743,0.019023398389568458,0.009437947481978803,0.001163599158188828,-0.031977589194740155,22.16309995651245,22.74203998565674,20.86806329727173,22.061724330449014,22.206220758357542,53.28083743134901,-0.14449642790852835,-0.28055027648471675,0.1360538485761884,25.000444299130884,19.325755613894017,0.6471268788618807,0.7338809262461963
2019-01-11,23.15066719055176,0.006616379981298151,0.0066383165769237085,0.018844716086450743,0.009437947481978803,0.0560942725927254,22.09863328933716,22.758586654663088,20.890756635665895,22.22925400123405,22.27617975333489,59.51187782177762,-0.04692575210084016,-0.23382537160794142,0.18689961950710127,24.77200599226016,19.425260586414165,0.6967615477004633,0.7346422657963328
2019-01-14,22.293333053588867,-0.037735932883165346,-0.0370328047095243,0.006616379981298151,0.018844716086450743,0.05293512263076508,21.95733327865601,22.764586639404296,20.916296634674072,22.239112316980943,22.277450368168516,54.15506534362423,-0.03833805118757283,-0.1947279075238677,0.15638985633629487,24.226663967043997,19.68800259026802,0.5740305889864679,0.7356072841835882
2019-01-15,22.96199989318848,0.029553003459965647,0.02999402727229117,-0.037735932883165346,0.006616379981298151,0.001163599158188828,21.88639993667603,22.774066619873047,20.942396631240843,22.35032579024364,22.328157740392214,65.16388337641087,0.02216804985142673,-0.1513487160488088,0.17351676590023554,23.91244210485225,19.860357768499806,0.7654436253616262,0.7402358704049449
2019-01-16,23.06999969482422,0.004692387937454119,0.004703414429845676,0.029553003459965647,-0.037735932883165346,0.009437947481978803,21.87849988937378,22.7764266204834,20.973586626052857,22.461044852486808,22.383108996276064,57.52526478268888,0.07793585621074328,-0.1054918015968984,0.1834276578076417,23.88364014394496,19.873359634802604,0.7971113374074806,0.7207515689929282
2019-01-17,23.15399932861328,0.003634463829550445,0.0036410765019605495,0.004692387937454119,0.029553003459965647,0.018844716086450743,21.912766551971437,22.777626609802248,21.000179958343505,22.567653233429343,22.440211983856596,62.58069714576487,0.1274412495727475,-0.058905191362969234,0.18634644093571673,23.982747937596155,19.84278516634672,0.7998173764415861,0.7102384664335455
2019-01-18,20.15066719055176,-0.13893012374879604,-0.1297111611448506,0.003634463829550445,0.004692387937454119,0.006616379981298151,21.81039991378784,22.725439949035646,21.005286626815796,22.195809226832793,22.270616073241424,39.54903553264923,-0.07480684640863089,-0.06208552237210157,-0.01272132403652932,24.01885097581255,19.60194885176313,0.12423149152455436,0.8676863937217838
2019-01-22,19.92799949645996,-0.011111646346251997,-0.011050140026936939,-0.13893012374879604,0.003634463829550445,-0.037735932883165346,21.75553321838379,22.669253273010256,21.00301996231079,21.84691542216005,22.09708891940576,38.96416806487123,-0.2501734972457115,-0.09970311734682355,-0.15047037989888792,24.09664682049148,19.4144196162761,0.10968709073354857,0.8483821472079907
2019-01-23,19.172666549682617,-0.03864010516794837,-0.03790309945117787,-0.011111646346251997,-0.13893012374879604,0.029553003459965647,21.648266506195068,22.588493270874025,20.999116630554198,21.43549251870198,21.88046504016701,42.07526894921869,-0.4449725214650293,-0.16875699817046472,-0.27621552329456456,24.255281492925427,19.04125151946471,0.025204118673426867,0.855257404984393
2019-01-24,19.43400001525879,0.01353846267844261,0.013630522645296628,-0.03864010516794837,-0.011111646346251997,0.004692387937454119,21.635333156585695,22.508639945983887,20.999733295440674,21.127570595095335,21.699245408692327,46.75372241508864,-0.5716748135969922,-0.24934056125577025,-0.322334252341222,24.2854082372563,18.98525807591509,0.0846658916603494,0.8110635352985394
2019-01-25,19.80266761779785,0.01879254659466642,0.018970237843449533,0.01353846267844261,-0.03864010516794837,0.003634463829550445,21.538499927520753,22.43734664916992,20.9971799659729,20.923739367818797,21.558758164922367,41.70750476626407,-0.6350187971035695,-0.3264762084253301,-0.30854258867823936,24.311265177472052,18.765734677569455,0.1869853461714095,0.7260726780179781
2019-01-28,19.7586669921875,-0.002224426662412959,-0.0022219544588429896,0.01879254659466642,0.01353846267844261,-0.13893012374879604,21.47266664505005,22.390813331604004,20.995663299560547,20.744497463875522,21.425418078053116,32.12233509281354,-0.6809206141775945,-0.397365089575783,-0.28355552460181155,24.35220168775132,18.59313160234878,0.20238256742056168,0.7193737481406229
2019-01-29,19.83066749572754,0.0036373727345903615,0.0036439960027925267,-0.002224426662412959,0.01879254659466642,-0.011111646346251997,21.35130004882813,22.335786666870117,20.99678997039795,20.6039082380066,21.307288405288258,32.553655028577296,-0.703380167281658,-0.458568105116958,-0.24481206216469997,24.29535727153865,18.40724282611761,0.24174541490389542,0.6870622766590719
2019-01-30,20.584667205810547,0.03731688539222895,0.038021902704256094,0.0036373727345903615,-0.002224426662412959,-0.03864010516794837,21.27120008468628,22.288813362121584,20.99959997177124,20.600948079207207,21.25376090903065,37.2515510479915,-0.6528128298234428,-0.497417050058255,-0.1553957797651878,24.206719949429242,18.33568021994332,0.3830645148886007,0.7039212363038276
2019-01-31,20.468000411987305,-0.005683777190272844,-0.005667655087972956,0.03731688539222895,0.0036373727345903615,0.01353846267844261,21.260866737365724,22.233586692810057,21.0048699760437,20.580494591942607,21.19555642776818,33.0625880103194,-0.6150618358255748,-0.520946007211719,-0.09411582861385581,24.20666510191576,18.315068372815688,0.3654242030072673,0.6584194252170835
2019-02-01,20.81399917602539,0.016763086556941698,0.01690437546773982,-0.005683777190272844,0.03731688539222895,0.01879254659466642,21.30036668777466,22.17745334625244,21.013043308258055,20.61641837410919,21.167292927639085,34.751580433123934,-0.5508745535298942,-0.5269317164753541,-0.023942837054540145,24.197110951207414,18.403622424341904,0.4160492836925646,0.6501958690018506
2019-02-04,20.85933303833008,0.002175678198907091,0.002178046704109926,0.016763086556941698,-0.005683777190272844,-0.002224426662412959,21.28436670303345,22.123346672058105,21.019556636810304,20.653789860912404,21.144481083986566,39.53284718685586,-0.4906912230741618,-0.5196836177951156,0.02899239472095383,24.187453853972755,18.381279552094142,0.4267962615993382,0.6179993780992133
2019-02-05,21.42333221435547,0.026679142656293394,0.027038217137096865,0.002175678198907091,0.016763086556941698,0.0036373727345903615,21.238999938964845,22.088493309020997,21.026646633148193,20.772180992211336,21.16513672327315,38.59457536652792,-0.39295573106181436,-0.4943380404484554,0.10138230938664106,24.10131403689186,18.37668584103783,0.5321998685476418,0.594315781019537
2019-02-06,21.14800071716309,-0.012935246198518718,-0.012851945460094383,0.026679142656293394,0.002175678198907091,0.03731688539222895,21.178566646575927,22.060533332824708,21.035639972686766,20.829999411434684,21.163867389487223,36.09798723976177,-0.3338679780525382,-0.462244027969272,0.1283760499167338,23.99214492613114,18.364988367020715,0.4945681395049599,0.5954032296615467
2019-02-07,20.500667572021484,-0.03108792218182639,-0.030609661584522718,-0.012935246198518718,0.026679142656293394,-0.005683777190272844,21.075166702270508,22.036106681823732,21.04368664741516,20.779332974601882,21.114741477082354,32.25433057044947,-0.3354085024804725,-0.43687692287151214,0.10146842039103965,23.82491871756514,18.325414686975876,0.39553619252689837,0.6017186780825056
2019-02-08,20.38666725158692,-0.0055763290189384624,-0.005560810155770035,-0.03108792218182639,-0.012935246198518718,0.016763086556941698,20.944600105285645,21.982506675720217,21.05113331794739,20.71892286336881,21.060810052971583,52.57267539777792,-0.3418871896027724,-0.41787897621776426,0.07599178661499184,23.554346641859283,18.334853568712006,0.3931059308098098,0.5951969347859769
2019-02-11,20.856000900268555,0.02276059871306023,0.023021597541653005,-0.0055763290189384624,-0.03108792218182639,0.002175678198907091,20.829866790771483,21.941066703796388,21.06184998512268,20.74001179212262,21.04563900462321,59.60001704775505,-0.30562721250059255,-0.39542862347432994,0.0898014109737374,23.22411577069017,18.435617810852797,0.505457684166573,0.6024596166080114
2019-02-12,20.78733253479004,-0.0032979313639255247,-0.003292499161602569,0.02276059871306023,-0.0055763290189384624,0.026679142656293394,20.754566764831544,21.892986679077147,21.070626649856568,20.747291906379143,21.026505192042976,69.46944133708186,-0.2792132856638325,-0.37218555591223046,0.09297227024839794,23.047609222130944,18.461524307532144,0.5071446060351373,0.5900816229299725
2019-02-13,20.544666290283203,-0.011742429097439224,-0.011673755836671518,-0.0032979313639255247,0.02276059871306023,-0.012935246198518718,20.63370008468628,21.84898666381836,21.075323314666747,20.716118734672076,20.990813421542253,63.45283678816931,-0.27469468687017695,-0.3526873821038198,0.07799269523364283,22.67819614833491,18.58920402103765,0.47822598047848897,0.5774768893552003
2019-02-14,20.251333236694336,-0.01438072910139189,-0.014277820308407851,-0.011742429097439224,-0.0032979313639255247,-0.03108792218182639,20.492766761779784,21.786706657409667,21.078613319396972,20.644613273444733,20.936037111553517,55.53543828867584,-0.29142383810878414,-0.34043467330481264,0.0490108351960285,22.189093090786123,18.796440432773444,0.4288363562608638,0.5769533350122119
2019-02-15,20.525333404541016,0.013439268798795676,0.013529981687833148,-0.01438072910139189,-0.011742429097439224,-0.0055763290189384624,20.361333465576173,21.719226684570312,21.081266651153566,20.626262524382625,20.905614614737775,58.950809450642474,-0.2793520903551503,-0.3282181567148802,0.0488660663597299,21.507644886769988,19.21502204438236,0.5715337629603507,0.5802812509600825
2019-02-19,20.3759994506836,-0.007302188315000321,-0.007275592114103113,0.013439268798795676,-0.01438072910139189,0.02276059871306023,20.372600078582764,21.64714668273926,21.08276330947876,20.587760513044312,20.866383861844874,56.253808683251094,-0.2786233488005614,-0.31829919513201643,0.039675846331455045,21.514614732698423,19.230585424467105,0.5014883224521622,0.30163236555130885
2019-02-20,20.17066764831543,-0.010128258243083346,-0.010077140160174247,-0.007302188315000321,0.013439268798795676,-0.0032979313639255247,20.384733486175538,21.566480026245117,21.088799982070924,20.5235923800091,20.81484932750936,44.56883199423489,-0.291256947500262,-0.31289074560566554,0.021633798105403557,21.511919140401822,19.257547831949253,0.40504410828088216,0.30114765498656215
2019-02-21,19.415332794189453,-0.038166348352112064,-0.03744719150082565,-0.010128258243083346,-0.007302188315000321,-0.011742429097439224,20.39686679840088,21.477493324279784,21.087846641540526,20.353090905267617,20.71118143615233,38.17227091558327,-0.3580905308847129,-0.32193070266147505,-0.03615982822323782,21.473194641086558,19.3205389557152,0.04403576434375283,0.30033238529531675
2019-02-22,19.6473331451416,0.011878507177307875,0.011949336815981981,-0.038166348352112064,-0.010128258243083346,-0.01438072910139189,20.40753345489502,21.38357334136963,21.085159969329833,20.244512788325153,20.632377859040425,36.546749171803405,-0.38786507071527154,-0.3351175762722344,-0.05274749444303717,21.4472905543169,19.36777635547314,0.13443370082488457,0.2994425133333778
2019-02-25,19.917999267578125,0.013682197437311697,0.013776227055194656,0.011878507177307875,-0.038166348352112064,0.013439268798795676,20.413300037384033,21.292919998168944,21.08409330368042,20.194279938979456,20.579460926339515,39.68137349192031,-0.3851809873600587,-0.3451302584897992,-0.040050728870259455,21.44013127885965,19.386468795908417,0.25882075369359997,0.29584012657657993
2019-02-26,19.85733222961425,-0.0030504879645210357,-0.0030458399535452374,0.013682197437311697,0.011878507177307875,-0.007302188315000321,20.41823329925537,21.201266632080078,21.081096630096436,20.142441829846348,20.525969911767273,30.704783552621876,-0.38352808192092525,-0.35280982317602444,-0.030718258744900806,21.43269560751666,19.40377099099408,0.22354760493642198,0.2959477712569766
2019-02-27,20.98266792297364,0.055123439170999725,0.0566710412228042,-0.0030504879645210357,0.013682197437311697,-0.010128258243083346,20.475833320617674,21.118533325195312,21.084336633682252,20.271707382635164,20.559799394078855,48.31568221457422,-0.2880920114436911,-0.3398662608295578,0.051774249385866666,21.480599127575626,19.471067513659722,0.7522152917854896,0.35441910186413306
2019-02-28,21.32533264160156,0.016198931980320224,0.01633084600518031,0.055123439170999725,-0.0030504879645210357,-0.038166348352112064,20.512866592407228,21.05742664337158,21.09060996055603,20.433803576322305,20.616505560562018,58.957254148998466,-0.1827019842397135,-0.30843340551158893,0.12573142127187542,21.586743785214335,19.43898939960012,0.8782862950420574,0.3345287132418768
2019-03-01,19.652666091918945,-0.08168268383461422,-0.07843566043230521,0.016198931980320224,0.055123439170999725,0.011878507177307875,20.47209987640381,20.985919952392578,21.09154995918274,20.313628578721787,20.545110044366236,44.044134580383414,-0.2314814656444497,-0.2930430175381611,0.061561551893711375,21.61296303015781,19.33123672264981,0.140871132620716,0.44688526988747185
2019-03-04,19.02400016784668,-0.03251165931845648,-0.03198883658491347,-0.08168268383461422,0.016198931980320224,0.013682197437311697,20.382599925994874,20.91702663421631,21.0919432926178,20.115224207817924,20.43243523869812,35.50938386337579,-0.31721103088019476,-0.29787662020656785,-0.0193344106736269,21.680561429474498,19.08463842251525,-0.023359034341931657,0.45357687712236333
2019-03-05,18.43600082397461,-0.03139602921927177,-0.03090829156245878,-0.03251165931845648,-0.08168268383461422,-0.0030504879645210357,20.2614333152771,20.84178665161133,21.088629961013794,19.856882148765106,20.28455120797786,32.81357565456261,-0.42766905921275367,-0.323835108007805,-0.10383395120494865,21.801815425013388,18.72105120554081,-0.09252586736903907,0.4625920245775422
2019-03-06,18.416000366210938,-0.001085447687041993,-0.0010848588017886573,-0.03139602921927177,-0.03251165931845648,0.055123439170999725,20.11106672286987,20.789599990844728,21.08586329460144,19.63520802837216,20.146140034513643,33.91760415339718,-0.5109320061414842,-0.3612544876345408,-0.14967751850694333,21.75737694717246,18.464756498567283,-0.014807698949023892,0.446662840580048
2019-03-07,18.439332962036133,0.0012661721837979227,0.0012669741182240735,-0.001085447687041993,-0.03139602921927177,0.016198931980320224,19.975633335113525,20.732026634216307,21.085786628723145,19.451227248935847,20.01970988099679,35.72778515585095,-0.5684826320609417,-0.402700116519821,-0.16578251554112072,21.706268754943782,18.244997915283268,0.05614557651083031,0.4472416493366463
2019-03-08,18.94266700744629,0.02693084728297493,0.02729675994497449,0.0012661721837979227,-0.001085447687041993,-0.08168268383461422,19.897733306884767,20.71702663421631,21.085669965744017,19.372987211783606,19.939928927400455,37.96878393767344,-0.5669417156168493,-0.4355484363392267,-0.13139327927762257,21.66865101361023,18.126815600159304,0.2303470692592331,0.45292465969620377
2019-03-11,19.39466667175293,0.023581223114604224,0.023861458586003748,0.02693084728297493,0.0012661721837979227,-0.03251165931845648,19.848133277893066,20.670133323669432,21.09097330093384,19.376322513317348,19.899539130685824,42.868220213406794,-0.523216617368476,-0.4530820725450766,-0.07013454482339943,21.61695843771268,18.079308118073453,0.37181700700526527,0.46324561071008147
2019-03-12,18.89066696166992,-0.026330125897717833,-0.025986510550194408,0.023581223114604224,0.02693084728297493,-0.03139602921927177,19.749866580963136,20.6264400100708,21.092403297424315,19.301606274602356,19.82480785890687,41.08469111023784,-0.5232015843045126,-0.4671059748969638,-0.05609560940754876,21.50121759910285,17.99851556282342,0.2547037657231445,0.46051557141329874
2019-03-13,19.263999938964844,0.01957007740939458,0.019762826693860758,-0.026330125897717833,0.023581223114604224,-0.001085447687041993,19.673699951171876,20.566560020446776,21.096106634140014,19.295820684504278,19.783266531503756,48.88671244678552,-0.4874458469994778,-0.47117394931746664,-0.01627189768201115,21.36659830824703,17.98080159409672,0.37899450356993747,0.4686843966417305
2019-03-14,19.33066749572754,0.003454758260783156,0.0034607328163371864,0.01957007740939458,-0.026330125897717833,0.0012661721837979227,19.613000011444093,20.50944004058838,21.099809970855713,19.30118173238478,19.749740677001814,47.612352763863036,-0.4485589446170337,-0.4666509483773801,0.018092003760346365,21.26086608118436,17.965133941703826,0.4143339010065743,0.46837530521612314
2019-03-15,18.36199951171875,-0.05140953908927527,-0.05011042604829263,0.003454758260783156,0.01957007740939458,0.02693084728297493,19.518533325195314,20.463186683654786,21.09703330039978,19.15669215997462,19.646945035128997,39.38512216207329,-0.49025287515437554,-0.4713713337327792,-0.01888154142159637,21.227796085365323,17.809270565025304,0.16168635963216946,0.4977807379548018
2019-03-18,17.965999603271484,-0.021802224404734522,-0.021566273770704303,-0.05140953908927527,0.003454758260783156,0.023581223114604224,19.390566635131837,20.42202667236328,21.08962329864502,18.9735086897126,19.522430558695106,37.66200413936275,-0.5489218689825073,-0.48688144078272483,-0.06204042819978245,21.164453607340665,17.61667966292301,0.09846172439992212,0.49627943767085453
2019-03-19,17.83133316040039,-0.007523861011181039,-0.007495627621330492,-0.021802224404734522,-0.05140953908927527,-0.026330125897717833,19.263333320617676,20.3550666809082,21.083869962692262,18.79778937751072,19.39716408474735,26.390951722687234,-0.5993747072366276,-0.5093800940735054,-0.08999461316312218,21.10341747610906,17.423249165126293,0.11088731840232632,0.49628387218938697
2019-03-20,18.239999771118164,0.02265977238418918,0.02291845522943481,-0.007523861011181039,-0.021802224404734522,0.01957007740939458,19.16679992675781,20.273253326416015,21.077796630859375,18.711975591911866,19.311448209663705,27.111773180583228,-0.5994726177518395,-0.5273985988091723,-0.07207401894266718,21.009032732226558,17.324567121289064,0.2484573738757661,0.5067894941084908
2019-03-21,18.26799964904785,0.001533904013606828,0.0015350810461096653,0.02265977238418918,-0.007523861011181039,0.003454758260783156,19.109433269500734,20.191479988098145,21.070223293304444,18.643671600702017,19.23415572369216,36.41240507864352,-0.5904841229901443,-0.5400157036453667,-0.05046841934477764,20.99013346419646,17.228733074805007,0.2762977791925482,0.49173092143767133
2019-03-22,17.635332107543945,-0.035246480304529995,-0.03463255713040714,0.001533904013606828,0.02265977238418918,-0.05140953908927527,19.00883321762085,20.092813301086426,21.061356620788573,18.48854244790847,19.115724344718217,36.38383105419075,-0.6271818968097485,-0.557448942278243,-0.06973295453150541,20.98138904602236,17.03627738921934,0.15184734183418738,0.5011237395698124
2019-03-25,17.3613338470459,-0.0156588550190791,-0.015536892576059724,-0.035246480304529995,0.001533904013606828,-0.021802224404734522,18.880999946594237,19.98007999420166,21.0416632938385,18.31512574008346,18.985769493038788,38.77124293463294,-0.6706437529553284,-0.5800879044136601,-0.09055584854166832,20.93516043449684,16.826839458691634,0.13010044529188888,0.49711064693893015
2019-03-26,17.851333618164062,0.02783267714915969,0.028223624718877183,-0.0156588550190791,-0.035246480304529995,-0.007523861011181039,18.78070001602173,19.874093322753907,21.025556631088257,18.24377310594201,18.90173720601103,44.62767864790434,-0.6579641000690195,-0.5956631435447319,-0.062300956524287576,20.830026951607884,16.731373080435574,0.2732508215942991,0.5121177729249412
2019-03-27,18.32200050354004,0.0260243331388298,0.026365922874079573,0.02783267714915969,-0.0156588550190791,0.02265977238418918,18.647666645050048,19.79466667175293,21.01127996444702,18.255808090187863,18.858793746568736,48.97124929762128,-0.6029856563808735,-0.5971276461119603,-0.005858010268913194,20.422137907798945,16.87319538230115,0.4082357239740507,0.4756829633323725
2019-03-28,18.57466697692871,0.01369611080354769,0.013790332193247767,0.0260243331388298,0.02783267714915969,0.001533904013606828,18.510133361816408,19.706920013427734,20.993453302383422,18.30486330353261,18.837747319187994,46.62509122178772,-0.5328840156553838,-0.5842789200206451,0.051394904365261285,19.759443059929303,17.260823663703512,0.5258277091780295,0.47415993399825607
2019-03-29,18.65733337402344,0.0044406173269008605,0.004450491478388718,0.01369611080354769,0.0260243331388298,-0.035246480304529995,18.46036672592163,19.618666687011718,20.97248330116272,18.359089468223505,18.82438332324988,42.74658968222909,-0.4652938550263741,-0.5604819070217909,0.0951880519954168,19.591777803137056,17.328955648706206,0.5870446878541153,0.38399500146855814
2019-04-01,19.27866744995117,0.03275989192109375,0.03330240519756211,0.0044406173269008605,0.01369611080354769,-0.0156588550190791,18.473100090026854,19.541160049438478,20.953949975967408,18.500563003873914,18.858033999301828,53.730773378405445,-0.3574709954279136,-0.5198797247030155,0.16240872927510186,19.636500099860072,17.309700080193636,0.8462125464653375,0.386446836919939
2019-04-02,19.058666229248047,-0.011477252828966774,-0.01141164041935272,0.03275989192109375,0.0044406173269008605,0.02783267714915969,18.504233360290527,19.519320030212402,20.930003309249877,18.586425038546857,18.87289564596451,47.96565111107415,-0.28647060741765173,-0.47319790124594274,0.186727293828291,19.69642274441532,17.312043976165736,0.7325271791295722,0.3706753559668029
2019-04-03,19.45400047302246,0.0205308104637668,0.020743017324461155,-0.011477252828966774,0.03275989192109375,0.0260243331388298,18.556133365631105,19.50984004974365,20.90788331031799,18.719898182312335,18.9159404479688,51.14721186108698,-0.19604226565646599,-0.4177667741280474,0.22172450847158143,19.820349290916536,17.291917440345674,0.8551082886369424,0.3764478898202466
2019-04-04,17.851999282836914,-0.08593722216784855,-0.08234816239503528,0.0205308104637668,-0.011477252828966774,0.01369611080354769,18.52676668167114,19.48342670440674,20.873533306121825,18.586375274700732,18.837129991292365,45.756129706853976,-0.25075471659163284,-0.38436436262076457,0.13360964602913172,19.82911787385974,17.224415489482542,0.24094261099408926,0.49085832278844677
2019-04-05,18.33066749572754,0.026459970073128034,0.02681314318395822,-0.08593722216784855,0.0205308104637668,0.0044406173269008605,18.496166706085205,19.46136005401611,20.847669982910155,18.547035616397164,18.799614250880154,52.99333200777176,-0.25257863448299034,-0.35800721699320975,0.10542858251021942,19.786072302113332,17.206261110057078,0.4358483245334889,0.4904977950049601
2019-04-08,18.21333312988281,-0.006421561243439995,-0.0064009870820076475,0.026459970073128034,-0.08593722216784855,0.03275989192109375,18.4371000289917,19.429573364257813,20.817996644973753,18.495696772318034,18.756186019695164,53.14454763782887,-0.2604892473771301,-0.3385036230699938,0.07801437569286374,19.66023089674331,17.21396916124009,0.40852700025459027,0.48151417142190905
2019-04-09,18.15399932861328,-0.003263030302426529,-0.003257712404775459,-0.006421561243439995,0.026459970073128034,-0.011477252828966774,18.400266647338867,19.397480010986328,20.792929973602295,18.443127934824993,18.711579598133543,49.248861439266044,-0.2684516633085501,-0.3244932311177051,0.056041567809155035,19.61018377389435,17.190349520783386,0.39822967485934946,0.47367911419120806
2019-04-10,18.40399932861328,0.01367711069116183,0.013771070245990558,-0.003263030302426529,-0.006421561243439995,0.0205308104637668,18.35726661682129,19.368946647644044,20.77373996734619,18.437108149253962,18.688795874465374,51.14349395352895,-0.25168772521141136,-0.30993212993644637,0.058244404725035004,19.4970284648667,17.21750476877588,0.5205010862015321,0.4705734798153073
2019-04-11,17.89466667175293,-0.0280652786610601,-0.027675107337592375,0.01367711069116183,-0.003263030302426529,-0.08593722216784855,18.285466575622557,19.31514663696289,20.752209968566895,18.353655614253803,18.629971489079267,52.22668325305444,-0.27631587482546394,-0.3032088789142499,0.026893004088785977,19.34514930902946,17.225783842215655,0.3156052318540674,0.47870642321350826
2019-04-12,17.84666633605957,-0.0026859862524520168,-0.00268238221889483,-0.0280652786610601,0.01367711069116183,0.026459970073128034,18.2596999168396,19.262719955444336,20.72744330406189,18.275657263762383,18.571948885151883,54.33538538917161,-0.29629162138949994,-0.30182542740929996,0.005533806019800025,19.33647048316229,17.18292935051691,0.3082072478120415,0.4445398774069251
2019-04-15,17.7586669921875,-0.004943052898305119,-0.004930856117047799,-0.0026859862524520168,-0.0280652786610601,-0.006421561243439995,18.2493332862854,19.201613311767577,20.701403303146364,18.19612029890471,18.511705781969336,49.10817540147159,-0.31558548306462697,-0.3045774385403654,-0.011008044524261573,19.341886098563926,17.156780474006872,0.27544962193881917,0.43827313445641225
2019-04-16,18.224000930786133,0.025865779778642663,0.026203202008537207,-0.004943052898305119,-0.0026859862524520168,-0.003263030302426529,18.268966674804688,19.1489066696167,20.675879974365234,18.200409626886465,18.49039431151132,49.0558819400395,-0.28998468462485505,-0.30165888775726335,0.0116742031324083,19.343861876578668,17.194071473030707,0.4790836613912015,0.4471921276025703
2019-04-17,18.082000732421875,-0.007822448958816279,-0.007791933226055425,0.025865779778642663,-0.004943052898305119,0.01367711069116183,18.261066722869874,19.082080039978027,20.65197331428528,18.182192873891914,18.460142935282473,45.15029269214058,-0.277950061390559,-0.2969171224839225,0.01896706109336349,19.3391759398326,17.182957505907147,0.41695368723751963,0.44073423085871694
2019-04-18,18.21733283996582,0.007456485905066215,0.007484354720840525,-0.007822448958816279,0.025865779778642663,-0.0280652786610601,18.25853338241577,19.023466682434083,20.631369981765747,18.18759902251867,18.442157002296057,45.71317180353137,-0.25455797977738825,-0.28844529394261564,0.03388731416522739,19.336812106108134,17.180254658723406,0.4808952260929038,0.4415857279234176
2019-04-22,17.516666412353516,-0.039220700589321714,-0.03846152638080802,0.007456485905066215,-0.007822448958816279,-0.0026859862524520168,18.25260009765625,18.96378665924072,20.615333309173582,18.084378620954798,18.373602143781795,33.0945428699215,-0.2892235228269975,-0.288600939719492,-0.0006225831075054589,19.346510175097233,17.158690020215264,0.1636224034866175,0.4459798865351586
2019-04-23,17.593332290649414,0.004367189004715511,0.004376739071872082,-0.039220700589321714,0.007456485905066215,-0.004943052898305119,18.264200019836426,18.90791996002197,20.600246639251708,18.008833031677046,18.3158043768831,35.54327981745463,-0.30697134520605474,-0.29227502081680456,-0.01469632438925017,19.322662044239344,17.20573799543351,0.18309315132706272,0.44250680181234414
2019-04-24,17.243999481201172,-0.020055756342084126,-0.019855977462206353,0.004367189004715511,-0.039220700589321714,0.025865779778642663,18.23383331298828,18.835679931640627,20.583499975204468,17.891166331603834,18.236411421647404,27.996809692458143,-0.3452450900435693,-0.30286903466215753,-0.04237605538141176,19.373873160578622,17.09379346539794,0.06587752880775011,0.43611357611984963
2019-04-25,16.5086669921875,-0.043578711545985846,-0.0426428039397303,-0.020055756342084126,0.004367189004715511,-0.007822448958816279,18.143166637420656,18.750106620788575,20.559873313903807,17.678474125539783,18.10843035279852,33.8360435712807,-0.4299562272587387,-0.32828647318147375,-0.10166975407726497,19.517943022430718,16.768390252410594,-0.09446018387244592,0.4472050403046668
2019-04-26,15.675999641418455,-0.051754657790314504,-0.050438194141482984,-0.043578711545985846,-0.020055756342084126,0.007456485905066215,17.99823327064514,18.65273328781128,20.53076331615448,17.370401127982657,17.928250300103702,20.564730773371068,-0.5578491721210455,-0.3741990129693881,-0.18365015915165733,19.742888558194757,16.253577983095525,-0.16552792571657055,0.4702580232445663
2019-04-29,16.097999572753906,0.026564156668391885,0.026920128922461872,-0.051754657790314504,-0.043578711545985846,-0.039220700589321714,17.870266580581664,18.56966661453247,20.504933314323424,17.17464704256285,17.792676172151864,28.02934402463471,-0.618029129589015,-0.4229650362933135,-0.1950640932957015,19.779089338684425,15.9614438224789,0.035769625465575716,0.48465887198536545
2019-04-30,15.912667274475098,-0.011579538159972131,-0.011512753335668258,0.026564156668391885,-0.051754657790314504,0.004367189004715511,17.701966571807862,18.477413291931153,20.478926649093626,16.98049630901089,17.653416253805435,27.31443344843717,-0.6729199447945469,-0.4729560179935602,-0.19996392680098668,19.680228685469363,15.723704458146363,0.047759802663103486,0.4609315644647937
2019-05-01,15.600666999816896,-0.01980180623126662,-0.019607038171323365,-0.011579538159972131,0.026564156668391885,-0.020055756342084126,17.529066610336304,18.38190664291382,20.45063998699188,16.768214876827198,17.50136075350999,21.977863375083174,-0.7331458766827907,-0.5249939897314063,-0.20815188695138442,19.609864164988384,15.448269055684225,0.03662007959206609,0.4623276791337776
2019-05-02,16.273332595825195,0.0422140612366804,0.04311774592818329,-0.01980180623126662,-0.011579538159972131,-0.043578711545985846,17.37003321647644,18.303959941864015,20.42863998889923,16.692079141288428,17.4103957047926,34.30560684164659,-0.7183165635041711,-0.5636585044859592,-0.15465805901821184,19.31300044450146,15.427065988451421,0.2177768608670731,0.4870703674304442
2019-05-03,17.00200080871582,0.0438033007844267,0.044776827893111326,0.0422140612366804,-0.01980180623126662,-0.051754657790314504,17.327533292770386,18.25569330215454,20.40608665943146,16.739759397815718,17.380144231009133,42.7756929395436,-0.6403848331934157,-0.5790037702274505,-0.06138106296596513,19.263283359681207,15.391783225859564,0.41591567278774055,0.4292926163919805
2019-05-06,17.022666931152344,0.0012147730661703946,0.0012155112018303882,0.0438033007844267,0.0422140612366804,0.026564156668391885,17.262133264541625,18.203199977874757,20.38324999332428,16.78328363371366,17.35366443101974,43.63174509288758,-0.5703807973060826,-0.577279175643177,0.006898378337094391,19.14278161426725,15.381484914816,0.43633410163462577,0.415896246968004
2019-05-07,16.470666885375977,-0.03296477054208545,-0.03242735395158203,0.0012147730661703946,0.0438033007844267,-0.011579538159972131,17.174999952316284,18.134253330230713,20.358859992027284,16.735188749354016,17.2882572054165,35.053406011208665,-0.5530684560624834,-0.5724370317270383,0.019368575664554855,19.031412740256588,15.318587164375979,0.3102972917672674,0.4286748255630993
2019-05-08,16.32266616821289,-0.009026329942036213,-0.008985714919320764,-0.03296477054208545,0.0012147730661703946,-0.01980180623126662,17.083433294296263,18.063560009002686,20.33594666004181,16.671723736870767,17.216731943401417,35.017581315207124,-0.5450082065306496,-0.5669512666877605,0.021943060157110894,18.91704457892727,15.249822009665255,0.29254950805004787,0.428848105353503
2019-05-09,16.131999969482422,-0.01174982922375762,-0.011681069548660883,-0.009026329942036213,-0.03296477054208545,0.0422140612366804,16.96983332633972,17.966546649932862,20.315539994239806,16.588689311118713,17.136381426814825,32.407196135268194,-0.5476921156961119,-0.5630994364894308,0.015407320793318968,18.739362005545704,15.200304647133738,0.2632608709022877,0.42337440833427603
2019-05-10,15.968000411987305,-0.010218129749463936,-0.010166102021160528,-0.01174982922375762,-0.009026329942036213,0.0438033007844267,16.87350001335144,17.859400005340575,20.296236662864686,16.49319871125234,17.04983468497575,35.633889390005564,-0.5566359737234094,-0.5618067439362266,0.0051707702128171995,18.640811448908725,15.106188577794153,0.24382002426227625,0.41604275083537867
2019-05-13,15.133999824523926,-0.053642888692410726,-0.052229494360313766,-0.010218129749463936,-0.01174982922375762,0.0012147730661703946,16.73786668777466,17.769026679992677,20.26899333000183,16.2840911902172,16.907920991608947,29.99674989470124,-0.6238298013917465,-0.5742113554273307,-0.04961844596441578,18.604300459145083,14.871432916404236,0.07033919771149992,0.44915525707700943
2019-05-14,15.487333297729492,0.023078626554257343,0.02334699863237777,-0.053642888692410726,-0.010218129749463936,-0.03296477054208545,16.624300003051758,17.698293342590333,20.24421333312988,16.1615130529114,16.8026922735438,35.72125566266779,-0.6411792206324023,-0.587604928468345,-0.05357429216405729,18.505555687813597,14.743044318289918,0.19781707119035186,0.46269592216872907
2019-05-15,15.463333129882812,-0.0015508662931841915,-0.00154966432150061,0.023078626554257343,-0.053642888692410726,-0.009026329942036213,16.486266613006592,17.638839988708497,20.222469997406005,16.054100757060848,16.70348048512447,40.392152944101014,-0.6493797280636215,-0.5999598883874003,-0.04941983967622121,18.276213434118187,14.696319791894997,0.21425590105282688,0.4469575340506499
2019-05-16,15.222000122070312,-0.015729859074043964,-0.01560679096708617,-0.0015508662931841915,0.023078626554257343,-0.01174982922375762,16.343266582489015,17.574959983825682,20.201856660842896,15.92608527475461,16.59374119897231,45.31830506107655,-0.6676559242176996,-0.6134990955534603,-0.05415682866423932,18.0515493713623,14.634983793615731,0.17181474059156038,0.4477464428533065
2019-05-17,14.0686674118042,-0.07879160253819237,-0.07576748791335908,-0.015729859074043964,-0.0015508662931841915,-0.010218129749463936,16.135833311080933,17.487546672821043,20.1728200006485,15.640328680454548,16.406698696219117,31.816016706736363,-0.7663700157645685,-0.644073279595682,-0.12229673616888659,17.892786338655352,14.378880283506515,-0.08828149268469161,0.5073954346437335
2019-05-20,13.690667152404783,-0.02723578438615981,-0.026868234803977042,-0.07879160253819237,-0.015729859074043964,-0.053642888692410726,15.944533348083496,17.382506675720215,20.140993337631226,15.340380753062277,16.20551117445509,30.754128476742395,-0.8651304213928128,-0.6882847079551082,-0.1768457134377046,17.89134843639392,13.997718259773073,-0.07885985402824502,0.5008981280881822
2019-05-21,13.67199993133545,-0.0013644301491679894,-0.0013634997375606694,-0.02723578438615981,-0.07879160253819237,0.023078626554257343,15.748466730117798,17.268053340911866,20.092839999198915,15.083706780488919,16.017843674964745,32.40053342634526,-0.9341368944758255,-0.7374551452592517,-0.19668174921657378,17.78393902741042,13.712994432825177,-0.010070021965971785,0.4987739686663134
2019-05-22,12.84866714477539,-0.06210985897149923,-0.06022036210467108,-0.0013644301491679894,-0.02723578438615981,-0.0015508662931841915,15.528700113296509,17.147213344573974,20.041026673316956,14.739854528840684,15.783089857913682,19.585570148068484,-1.0432353290729974,-0.7986111820220009,-0.24462414705099655,17.81763103383214,13.239769192760878,-0.08543334455326555,0.5285516852013386
2019-05-23,13.03266716003418,0.014218982156523499,0.014320552722358215,-0.06210985897149923,-0.0013644301491679894,-0.015729859074043964,15.354900121688843,17.02258668899536,19.992193341255188,14.477210318255068,15.57935484325594,10.97272538715518,-1.1021445250008721,-0.8593178506177752,-0.2428266743830969,17.849185771289417,12.86061447208827,0.03448937133031675,0.5264974923533307
2019-05-24,12.708666801452637,-0.025174877946532528,-0.02486063325357668,0.014218982156523499,-0.06210985897149923,-0.07879160253819237,15.206533479690552,16.890146675109865,19.929213342666625,14.205126700285463,15.366711284603845,9.971547283063757,-1.1615845843183816,-0.9197711973578966,-0.24181338696048504,17.95994789428914,12.453119065091965,0.04640560734442285,0.507883622681654
2019-05-28,12.579999923706056,-0.010175940821913055,-0.01012434110963345,-0.025174877946532528,0.014218982156523499,-0.02723578438615981,15.03063349723816,16.77450668334961,19.868666677474977,13.955107196196323,15.160288220833639,10.821698905028882,-1.2051810246373158,-0.9768531628137804,-0.22832786182353537,17.986316074279145,12.074950920197173,0.08543694905399851,0.48871177512072317
2019-05-29,12.657333374023438,0.006128515358594707,0.006147333130873234,-0.010175940821913055,-0.025174877946532528,-0.0013644301491679894,14.867866802215577,16.66833335876465,19.8144700050354,13.755449685092803,14.974884158106956,12.557891680938624,-1.2194344730141538,-1.0253694248538552,-0.19406504816029857,17.973752303801064,11.761981300630092,0.14413797175335152,0.49309476716305767
2019-05-30,12.54800033569336,-0.008675443485018194,-0.008637920413351985,0.006128515358594707,-0.010175940821913055,-0.06210985897149923,14.7152334690094,16.56266670227051,19.75871334075928,13.569688246723658,14.79511498607632,12.77008828355666,-1.2254267393526614,-1.0653808877536166,-0.16004585159904483,17.96613903231689,11.464327905701913,0.16667239464331177,0.49217428281091125
2019-05-31,12.343999862670898,-0.016391213145480147,-0.016257608189742534,-0.008675443485018194,0.006128515358594707,0.014218982156523499,14.518766832351684,16.44474670410156,19.701630001068114,13.381120803023233,14.613550902861103,12.66483791797745,-1.2324300998378703,-1.0987907301704674,-0.13363936966740297,17.847206685078163,11.190326979625205,0.17330535237112168,0.45051114841863243
2019-06-03,11.9313325881958,-0.034002173460743926,-0.03343059616543187,-0.016391213145480147,-0.008675443485018194,-0.025174877946532528,14.265233421325684,16.31801336288452,19.64540666103363,13.158076462280551,14.414868064737748,13.868835385783939,-1.2567916024571968,-1.1303909046278133,-0.12640069782938346,17.569639171838855,10.960827670812513,0.14685014351409012,0.4003909109260494
2019-06-04,12.90666675567627,0.0785760501617263,0.08174561896341825,-0.034002173460743926,-0.016391213145480147,-0.010175940821913055,14.05943341255188,16.223440055847167,19.597043333053588,13.119398045879892,14.303149449251713,24.469077772357963,-1.1837514033718204,-1.1410630043766148,-0.0426883989952056,17.146278282088925,10.972588543014833,0.31327752031664335,0.5239779307590132
2019-06-05,13.105999946594238,0.0153261559057241,0.01544420373527533,0.0785760501617263,-0.034002173460743926,0.006128515358594707,13.891200065612793,16.138333377838133,19.550756669044496,13.117336799835945,14.214471708314122,27.460487238196308,-1.0971349084781767,-1.1322773851969272,0.03514247671875048,16.785471822535897,10.99692830868969,0.3643527310211361,0.5286188648624602
2019-06-06,13.729999542236328,0.04651304989708485,0.0476117502048552,0.0153261559057241,0.0785760501617263,-0.008675443485018194,13.761566734313964,16.055906696319582,19.51757333278656,13.21159260635908,14.17858488119725,36.70705450318712,-0.9669922748381694,-1.0992203631251758,0.13222808828700638,16.41992811930894,11.10320534931899,0.49406265975427266,0.5673083872049794
2019-06-07,13.633333206176758,-0.0070654213857223955,-0.007040519976872828,0.04651304989708485,0.0153261559057241,-0.016391213145480147,13.636633396148682,15.962133350372314,19.482926659584045,13.2764757755618,14.138195868232769,45.221710353461596,-0.8617200926709696,-1.0517203090343346,0.19000021636336495,16.049451285256712,11.223815507040651,0.4993161129178415,0.5672124245192811
2019-06-10,14.19200038909912,0.04016068793025768,0.04097803335938788,-0.0070654213857223955,0.04651304989708485,-0.034002173460743926,13.547833395004272,15.874480018615722,19.446586666107176,13.417325716106003,14.142181388296944,55.292789572735565,-0.7248556721909409,-0.9863473816656559,0.261491709474715,15.717891838008308,11.377774952000236,0.6484215773477326,0.5927044400074095
2019-06-11,14.473333358764648,0.01962942455513551,0.01982334850283829,0.04016068793025768,-0.0070654213857223955,0.0785760501617263,13.514800071716309,15.790800018310547,19.41173999786377,13.57978843036118,14.166711163887145,58.01547004922081,-0.5869227335259648,-0.9064624520377177,0.3195397185117529,15.601715804037124,11.427884339395494,0.7296530885754489,0.5710881881842101
2019-06-12,13.95066738128662,-0.0367805294636728,-0.03611234292213117,0.01962942455513551,0.04016068793025768,0.0153261559057241,13.437966775894164,15.684240016937256,19.374793334007265,13.636846730503555,14.15070792073155,61.72839531234044,-0.5138611902279955,-0.8279421996757733,0.31408100944777784,15.322435592716046,11.553497959072283,0.636033188985614,0.5754129245223246
2019-06-13,14.260666847229004,0.021977829297588538,0.022221120858935794,-0.0367805294636728,0.01962942455513551,0.04651304989708485,13.377833461761474,15.588280029296875,19.338489999771117,13.732819056153623,14.158853026398027,62.72802234571047,-0.42603397024440426,-0.7475605537894996,0.32152658354509533,15.055596016795956,11.700070906726992,0.7630984291604319,0.5834109798692503
2019-06-14,14.32800006866455,0.004710492177676777,0.004721603986466594,0.021977829297588538,-0.0367805294636728,-0.0070654213857223955,13.333133459091187,15.485760021209718,19.303706669807433,13.82438536577069,14.171382436936288,67.72733878504869,-0.34699707116559786,-0.6674478572647192,0.32045078609912137,14.843282860045644,11.82298405813673,0.829393439134095,0.5824937236200625
2019-06-17,15.001999855041504,0.045967846334089235,0.04704074421740101,0.004710492177676777,0.021977829297588538,0.04016068793025768,13.379800081253052,15.428760032653809,19.27476333618164,14.005556825658509,14.23290965309223,73.686271210753,-0.22735282743372132,-0.5794288512985196,0.3520760238647983,15.03624952713824,11.723350635367863,0.9896617212853019,0.5335528151667588
2019-06-18,14.982666969299316,-0.0012895183084361763,-0.0012886872369679558,0.045967846334089235,0.004710492177676777,0.01962942455513551,13.444400072097778,15.361800022125244,19.24800667285919,14.15588146314171,14.288447232070533,73.00185408062825,-0.13256576892882244,-0.49005623482458016,0.3574904658957577,15.246284956013525,11.642515188182031,0.9268493817037495,0.5217329853267901
2019-06-19,15.095333099365234,0.007491632206456829,0.007519764691878983,-0.0012895183084361763,0.045967846334089235,-0.0367805294636728,13.515566730499268,15.299440021514892,19.222433342933655,14.300412484099176,14.348216555573844,75.18123210681757,-0.047804071474667253,-0.40160580215459757,0.3538017306799303,15.461938939720481,11.569194521278055,0.9058232956115999,0.5213576025518617
2019-06-20,14.641332626342772,-0.03053709900280504,-0.03007555183009203,0.007491632206456829,-0.0012895183084361763,0.021977829297588538,13.605200004577636,15.229186687469483,19.195086674690245,14.352861736752036,14.369928857112283,71.64029149238925,-0.017067120360247046,-0.3246980657957275,0.3076309454354805,15.58704624686373,11.623353762291542,0.7614059051750499,0.4777124588085301
2019-06-21,14.790666580200195,0.010147814582239045,0.01019947826256895,-0.03053709900280504,0.007491632206456829,0.004710492177676777,13.693099975585938,15.15692003250122,19.17272334575653,14.420216328051755,14.401094614378055,78.34017522683165,0.01912171367369986,-0.25593410990184207,0.2750558235755419,15.723378828825135,11.66282112234674,0.770299472129937,0.4770615469630607
2019-06-24,14.90933322906494,0.007991062700448779,0.008023076459826362,0.010147814582239045,-0.03053709900280504,0.045967846334089235,13.803133296966553,15.09721336364746,19.153690013885498,14.495465082053784,14.438741919169676,73.90959308508332,0.056723162884107836,-0.19340265534465212,0.25012581822875996,15.847258180901347,11.75900841303176,0.7705803204080738,0.4623128469361783
2019-06-25,14.650667190551758,-0.017501531619481456,-0.0173492693830819,0.007991062700448779,0.010147814582239045,-0.0012895183084361763,13.906666660308838,15.033293380737305,19.133293352127076,14.51934232951501,14.4544400874202,68.18397677949024,0.06490224209480999,-0.1417416758567597,0.2066439179515697,15.89904669041933,11.914286630198346,0.6867115005669021,0.4668387523336968
2019-06-26,14.618000030517578,-0.002232228297383763,-0.002229738728571129,-0.017501531619481456,0.007991062700448779,0.007491632206456829,14.004699993133546,14.970480041503906,19.118636684417723,14.53452043736156,14.466555638760749,62.144432688715945,0.06796479860081206,-0.09980038096524535,0.1677651795660574,15.930067883736173,12.079332102530918,0.6592682729304459,0.4681342962482043
2019-06-27,14.855999946594238,0.016150172309638413,0.016281291255971775,-0.002232228297383763,-0.017501531619481456,-0.03053709900280504,14.120099973678588,14.903120021820069,19.09775002002716,14.583978823397358,14.495403365266935,66.0990242832936,0.088575458130423,-0.06212521314611168,0.1507006712765347,15.95225957376272,12.287940373594456,0.7008285667039754,0.46525282897202874
2019-06-28,14.897333145141602,0.0027783929288936193,0.002782256239630465,0.016150172309638413,-0.002232228297383763,0.010147814582239045,14.247766637802124,14.839426670074463,19.0790900182724,14.63218718058878,14.525175941553947,60.75203084789555,0.10701123903483278,-0.028297922709922787,0.13530916174475557,15.90645515313677,12.589078122467479,0.6958072601739891,0.4565770870364222
2019-07-01,15.14466667175293,0.016466221724361078,0.016602537125377292,0.0027783929288936193,0.016150172309638413,0.007991062700448779,14.40843334197998,14.777973346710205,19.057966685295106,14.711030179229418,14.57106414379091,60.34093726899974,0.13996603543850838,0.005354868919763448,0.13461116651874494,15.705451235366878,13.111415448593084,0.7838177227649596,0.42714226776581987
2019-07-02,14.970000267028809,-0.011600218839631889,-0.011533195712382427,0.016466221724361078,0.0027783929288936193,-0.017501531619481456,14.511600017547607,14.727040023803712,19.03633002281189,14.750871731198554,14.600614967734458,67.58684100024618,0.1502567634640961,0.03433524782862998,0.11592151563546613,15.62021703152726,13.402983003567956,0.7067441883449278,0.35422605442011007
2019-07-03,15.65999984741211,0.04506146454972541,0.0460921555160565,-0.011600218839631889,0.016466221724361078,-0.002232228297383763,14.639300012588501,14.688373374938966,19.01623002052307,14.890737595231409,14.679087921784653,71.34431756259617,0.21164967344675567,0.06979813295225512,0.14185154049450055,15.650278208262,13.628321816915003,1.0048080360148783,0.3779639861093834
2019-07-05,15.539999961853027,-0.007692338334116885,-0.0076628280158580475,0.04506146454972541,-0.011600218839631889,0.016150172309638413,14.729800033569337,14.654293384552002,18.99565001964569,14.990624113173197,14.74285918401194,68.1945599314637,0.24776492916125825,0.10539149219405575,0.1423734369672025,15.721926225657109,13.737673841481564,0.9083149576863572,0.35468097484037514
2019-07-08,15.355999946594238,-0.01191106882403326,-0.011840412851381266,-0.007692338334116885,0.04506146454972541,0.0027783929288936193,14.81593337059021,14.631240043640137,18.977443351745606,15.046835779853359,14.788277018277295,56.230935180789714,0.2585587615760634,0.1360249460704573,0.1225338155056061,15.700538676861925,13.931328064318496,0.8052584990023459,0.35748913215025097
2019-07-09,15.337332725524902,-0.0012163699243967914,-0.0012156304463569745,-0.01191106882403326,-0.007692338334116885,0.016466221724361078,14.8731999874115,14.624466705322266,18.954456677436827,15.091527617648982,14.828947811406746,56.24411509102216,0.2625798062422362,0.16133591810481307,0.10124388813742313,15.735751492063184,14.010648482759816,0.769046390627322,0.33439620028566125
2019-07-10,15.928000450134276,0.03778869128614836,0.038511763106394925,-0.0012163699243967914,-0.01191106882403326,-0.011600218839631889,14.94593334197998,14.621066722869873,18.93465334892273,15.220215745723642,14.910359117979155,62.547723211552594,0.3098566277444874,0.19104006003274793,0.11881656771173948,15.906293427349208,13.985573256610753,1.0113015019656515,0.3515138393770252
2019-07-11,15.90666675567627,-0.0013402808651118304,-0.0013393830898482673,0.03778869128614836,-0.0012163699243967914,0.04506146454972541,15.043733310699462,14.620946712493897,18.914486680030823,15.325823593408662,14.984159683734498,71.92698842800172,0.34166390967416405,0.22116482996103115,0.1204990797131329,15.975290272995032,14.112176348403892,0.9631672994265115,0.3167154472169204
2019-07-12,16.338666915893555,0.02679618785170417,0.027158434061185455,-0.0013402808651118304,0.03778869128614836,-0.007692338334116885,15.14763331413269,14.63570671081543,18.89628668308258,15.481645643021722,15.084493552783318,74.43181441890013,0.3971520902384036,0.2563622820165057,0.1407898082218979,16.170508314767442,14.124758313497939,1.0821989984219775,0.32026822660565946
2019-07-15,16.899999618530273,0.033779097347802406,0.034356089485530594,0.02679618785170417,-0.0013402808651118304,-0.01191106882403326,15.276233291625976,14.648240051269532,18.880456681251527,15.699853946946114,15.218975483579388,77.56646158974286,0.48087846336672513,0.30126551828654957,0.17961294508017556,16.493480223403008,14.058986359848944,1.1669831258205747,0.3340751687693788
2019-07-16,16.825332641601562,-0.004427953346815866,-0.004418164415035952,0.033779097347802406,0.02679618785170417,-0.0012163699243967914,15.36739993095398,14.644706687927247,18.861390013694763,15.873004515354644,15.337964902692143,81.7314858777409,0.5350396126625014,0.34802033716173997,0.18701927550076147,16.75882522347729,13.97597463843067,1.023899025869963,0.30527310185457973
2019-07-17,16.99066734313965,0.009778567486270942,0.009826533897421275,-0.004427953346815866,0.033779097347802406,0.03778869128614836,15.467799949645997,14.644066696166993,18.84383668422699,16.044952642706185,15.460387305688254,83.33019848166008,0.5845653370179313,0.39532933713297824,0.1892359998849531,17.022533299727396,13.913066599564598,0.9897519543830203,0.3044220754136423
2019-07-18,16.902666091918945,-0.005192847091315009,-0.00517938756868408,0.009778567486270942,-0.004427953346815866,-0.0013402808651118304,15.558166599273681,14.652706680297852,18.840093350410463,16.17690855796969,15.567222771334972,80.01560301979137,0.6096857866347172,0.4382006270333261,0.1714851596013911,17.22761130154336,13.888721897004004,0.9026786544104644,0.3070753531560036
2019-07-19,17.211999893188477,0.018135442365715914,0.01830088813133579,-0.005192847091315009,0.009778567486270942,0.02679618785170417,15.686699962615966,14.670493354797363,18.82258668422699,16.33615337877258,15.689058113694491,81.47204541116527,0.6470952650780877,0.47997955464227837,0.1671157104358093,17.452016703928184,13.921383221303747,0.9320187688920645,0.2782410169758545
2019-07-22,17.045333862304688,-0.009730316261804303,-0.009683129904604848,0.018135442365715914,-0.005192847091315009,0.033779097347802406,15.799433326721191,14.688760032653809,18.80747334957123,16.44525806854675,15.789522983961913,76.42259521841068,0.6557350845848369,0.51513066063079,0.14060442395404682,17.611176552969965,13.987690100472415,0.8438402632152078,0.28515023445924775
2019-07-23,17.344667434692383,0.01740861417421435,0.017561027246856264,-0.009730316261804303,0.018135442365715914,-0.004427953346815866,15.921200037002563,14.71629337310791,18.795930018424986,16.583628740261464,15.904718869201206,81.90609940019556,0.6789098710602577,0.5478865027166836,0.1310233683435741,17.806902019359715,14.035498054645414,0.8774369998568031,0.28749304291281225
2019-07-24,17.658666610717773,0.01794158228530698,0.018103499372800647,0.01740861417421435,-0.009730316261804303,0.009778567486270942,16.071600008010865,14.766786708831788,18.790280013084413,16.74901918187013,16.03464092412836,79.87242861704073,0.7143782577417674,0.5811848537217004,0.13319340402006707,18.009723093290372,14.133476922731358,0.9094339040593051,0.27370371974207675
2019-07-25,15.254667282104492,-0.14634118145360764,-0.13613708110635003,0.01794158228530698,0.01740861417421435,-0.005192847091315009,16.10343337059021,14.762133388519286,18.77923668384552,16.51911888959849,15.97686509879326,47.46566325364612,0.5422537908052316,0.5733986411384067,-0.031144850333175045,17.960237876337118,14.2466288648433,0.2714444127373828,0.6170967940944052
2019-07-26,15.202667236328123,-0.003414618982496043,-0.003408795800965869,-0.14634118145360764,0.01794158228530698,0.018135442365715914,16.120766735076906,14.756920070648194,18.771730017662048,16.316587866018434,15.919517108981028,48.605390870649444,0.39707075703740635,0.5381330643182066,-0.14106230728080027,17.934513348292196,14.307020121861616,0.2469052479383445,0.6151065815168271
2019-07-29,15.718000411987305,0.03333569012283758,0.0338975501895975,-0.003414618982496043,-0.14634118145360764,-0.009730316261804303,16.16180009841919,14.766840076446533,18.762720017433168,16.224497488475183,15.904589946240751,53.17540488582085,0.3199075422344322,0.4944879599014518,-0.1745804176670196,17.894320071078532,14.429280125759847,0.3719207589420537,0.6256505006701785
2019-07-30,16.150667190551758,0.02715478226865056,0.02752683338998274,0.03333569012283758,-0.003414618982496043,0.01740861417421435,16.212100124359132,14.808480072021485,18.75784668445587,16.21313898110235,15.922817890263788,51.90769951291701,0.29032109083856206,0.4536545860888738,-0.16333349525031177,17.87739179131824,14.546808457400026,0.4815549026557151,0.6299098954519647
2019-07-31,16.107332229614258,-0.0026867746162287836,-0.002683168467668695,0.02715478226865056,0.03333569012283758,0.01794158228530698,16.268966722488404,14.856813373565673,18.754306683540346,16.19686101933495,15.936485619104564,51.71274652380334,0.2603754002303855,0.41499874891717614,-0.15462334868679062,17.830084449782383,14.707848995194427,0.4482311647455563,0.6279207469060641
2019-08-01,15.59000015258789,-0.032644893450348864,-0.032117800120570084,-0.0026867746162287836,0.02715478226865056,-0.14634118145360764,16.265466737747193,14.895173377990723,18.745996680259704,16.103497809066173,15.91082002899222,43.701626979809824,0.19267778007395364,0.3705345551485317,-0.17785677507457803,17.832635193608922,14.698298281885462,0.28449458236833686,0.6205079876084364
2019-08-02,15.62266731262207,0.002093199627884857,0.002095391899579857,-0.032644893450348864,-0.0026867746162287836,-0.003414618982496043,16.269600105285644,14.950653381347657,18.737580018043516,16.02952388653631,15.88947538333517,38.20489029697279,0.1400485032011396,0.3244373447590532,-0.18438884155791363,17.829129586720008,14.71007062385128,0.2925871872365752,0.6199178245120157
2019-08-05,15.221332550048828,-0.026024991318455336,-0.025689260005491543,0.002093199627884857,-0.032644893450348864,0.03333569012283758,16.262866735458374,14.99442668914795,18.72149001598358,15.905186757845929,15.839983321610255,36.031127060304044,0.0652034362356737,0.27259056305437734,-0.20738712681870364,17.840067508211067,14.68566596270568,0.16981559881188965,0.6255931355735859
2019-08-06,15.383333206176758,0.010586762848221487,0.010643000906475075,-0.026024991318455336,0.002093199627884857,0.02715478226865056,16.265166759490967,15.047920017242431,18.70781334400177,15.82490159605067,15.8061573871337,35.99395818194995,0.018744208916970706,0.221821292226896,-0.2030770833099253,17.836808947364368,14.693524571617566,0.21945473336159818,0.6268007510802298
2019-08-07,15.56133270263672,0.01150450033738322,0.011570931609834245,0.010586762848221487,-0.026024991318455336,-0.0026867746162287836,16.24683337211609,15.107546672821044,18.6976500082016,15.784352535525448,15.788022225319109,38.49233738857577,-0.0036696897936607797,0.17672309582278464,-0.18039278561644542,17.843392833445456,14.650273910786721,0.28531940523261523,0.6126510153528305
2019-08-08,15.886667251586914,0.020691055468529226,0.020906599400388748,0.01150450033738322,0.010586762848221487,-0.032644893450348864,16.24583339691162,15.172133350372315,18.690416684150694,15.800093261073368,15.795329264301909,38.660744009347454,0.004763996771458778,0.1423312760125195,-0.1375672792410607,17.843314726863653,14.648352066959587,0.3875836172259081,0.6175389113934553
2019-08-09,15.667332649230955,-0.013902398156972823,-0.013806206102419005,0.020691055468529226,0.01150450033738322,0.002093199627884857,16.21226668357849,15.234519996643066,18.68177000999451,15.779668551559151,15.785848033555911,38.31542944348206,-0.006179481996760217,0.11262912441066356,-0.11880860640742377,17.829623651355565,14.594909715801416,0.33153563338076736,0.6109238876512316
2019-08-12,15.267333030700684,-0.025862371865182993,-0.025530805242071963,-0.013902398156972823,0.020691055468529226,-0.026024991318455336,16.13063335418701,15.292986660003661,18.66006000995636,15.700847702196311,15.747439514825896,32.681191534671214,-0.04659181262958434,0.080784937002614,-0.12737674963219833,17.766539665038895,14.494727043335129,0.23614004733658236,0.601072172489965
2019-08-13,15.666666984558104,0.0258198835342497,0.026156104216395137,-0.025862371865182993,-0.013902398156972823,0.010586762848221487,16.07270007133484,15.367693347930908,18.64222667694092,15.695589130251971,15.741456364435688,33.62561798943673,-0.04586723418371719,0.05545450276534776,-0.10132173694906495,17.686941448441523,14.458458694228156,0.37423408526905155,0.6110147293367715
2019-08-14,14.641332626342772,-0.06768680255284285,-0.06544687260065951,0.0258198835342497,-0.025862371865182993,0.01150450033738322,15.955233335494995,15.402386665344238,18.610480003356933,15.533395821958248,15.659965717169547,43.480720152912056,-0.1265698952112988,0.01904962317001845,-0.14561951838131726,17.62903219669456,14.28143447429543,0.10750937893141244,0.649250071122331
2019-08-15,14.37600040435791,-0.018288353171501865,-0.018122136062087235,-0.06768680255284285,0.0258198835342497,0.020691055468529226,15.828900051116943,15.427786674499512,18.57206000804901,15.355334988481273,15.564857175479796,41.59436701774544,-0.2095221869985231,-0.02666473886368986,-0.18285744813483323,17.58117726601756,14.076622836216327,0.08542528704813501,0.6503119092039032
2019-08-16,14.662667274475098,0.019744444624820005,0.01994065540164347,-0.018288353171501865,-0.06768680255284285,-0.013902398156972823,15.701433420181274,15.446440029144288,18.533756675720216,15.248770724788015,15.498028293923893,38.745927176005175,-0.24925756913587804,-0.0711833049181275,-0.17807426421775055,17.400159704998842,14.002707135363707,0.19425146505643973,0.6511971760249439
2019-08-19,15.121999740600586,0.030845997748934404,0.03132666502806747,0.019744444624820005,-0.018288353171501865,-0.025862371865182993,15.60526671409607,15.476213359832764,18.499400005340576,15.229267496451486,15.470174327011055,39.092324836835274,-0.24090683055956852,-0.1051280100464157,-0.13577882051315282,17.1981225730042,14.012410855187941,0.34830172460590575,0.6655499421425566
2019-08-20,15.057332992553713,-0.004285505421123528,-0.004276335746339899,0.030845997748934404,0.019744444624820005,0.0258198835342497,15.490899991989135,15.493520011901856,18.46224666595459,15.202816034313368,15.439593487421622,38.916270935688836,-0.23677745310825316,-0.1314578986587832,-0.10531955444946994,16.872338833301285,14.109461150676983,0.3430741244311617,0.6598664805038343
2019-08-21,14.722000122070312,-0.022522132632969878,-0.022270402776456644,-0.004285505421123528,0.030845997748934404,-0.06768680255284285,15.344066667556763,15.498493347167969,18.421096668243408,15.128844355506745,15.386438423321525,40.47131881242516,-0.25759406781478056,-0.1566851324899827,-0.10090893532479786,16.320156335220283,14.367976999893244,0.1813476435133766,0.6551385878686418
2019-08-22,14.8100004196167,0.005959674684834935,0.00597746887764683,-0.022522132632969878,-0.004285505421123528,-0.018288353171501865,15.321833324432372,15.51568000793457,18.379676671028136,15.079791442292892,15.343739311935982,41.18583209262673,-0.2639478696430899,-0.17813767992060417,-0.08581018972248575,16.32634058912616,14.317326059738585,0.2452318550569666,0.40865059257602687
2019-08-23,14.09333324432373,-0.04960079059483937,-0.048390759958635954,0.005959674684834935,-0.022522132632969878,0.019744444624820005,15.266366624832154,15.512333335876464,18.336343336105347,14.928028642605328,15.251116640261001,38.54901135404966,-0.32308799765567286,-0.20712774346761792,-0.11596025418805495,16.411277221929204,14.121456027735102,-0.012281650411253548,0.44299480880733405
2019-08-26,14.333333015441896,0.01688593882877696,0.01702931215472603,-0.04960079059483937,0.005959674684834935,0.030845997748934404,15.197133255004882,15.512439994812011,18.29432333469391,14.836537007657109,15.183132668052178,39.5069969237819,-0.34659566039506906,-0.23502132685310817,-0.11157433354196089,16.393365036496313,14.000901473513453,0.13894946910454778,0.42831614705806254
2019-08-27,14.272000312805176,-0.0042882070919238085,-0.004279025860254859,0.01688593882877696,-0.04960079059483937,-0.004285505421123528,15.103199911117553,15.497840003967285,18.249630002975465,14.749685208449119,15.115641382478326,36.807653643812095,-0.36595617402920766,-0.2612082962883281,-0.10474787774087957,16.27903415374251,13.927365668492595,0.14654899126904622,0.4116031204832694
2019-08-28,14.37266731262207,0.007028701855971562,0.007053461155446694,-0.0042882070919238085,0.01688593882877696,-0.022522132632969878,15.016466665267945,15.485640010833741,18.204360008239746,14.691682455244957,15.060606266192679,33.762336702218406,-0.368923810947722,-0.28275139922020687,-0.08617241172751511,16.13494564512525,13.897987685410643,0.21219872512578997,0.4141346449034453
2019-08-29,14.780667304992676,0.027991764077430346,0.028387214669075345,0.007028701855971562,-0.0042882070919238085,0.005959674684834935,14.976000022888183,15.479346694946289,18.16142668247223,14.705372432129222,15.03987004684453,40.860375298940774,-0.3344976147153087,-0.2931006423192272,-0.04139697239608148,16.065291152030774,13.886708893745592,0.41033952601392315,0.4177211298846166
2019-08-30,15.040666580200195,0.01743757434314575,0.01759049641281729,0.027991764077430346,0.007028701855971562,-0.04960079059483937,14.94689998626709,15.487333374023438,18.126203351020813,14.756956147217064,15.039929049315319,47.59411445430309,-0.28297290209825476,-0.29107509427503275,0.00810219217677799,15.993720130325661,13.900079842208518,0.5447863916572948,0.42354992026027977
2019-09-03,15.000666618347168,-0.002662996693731353,-0.0026594540634046204,0.01743757434314575,0.027991764077430346,0.01688593882877696,14.935866689682006,15.491533374786377,18.08829668045044,14.794450065852464,15.037020721095455,42.34716621861347,-0.24257065524299115,-0.28137420646862443,0.03880355122563328,15.975132312232557,13.896601067131456,0.5311758261117743,0.4139080573474771
2019-09-04,14.711999893188477,-0.01943116129601614,-0.01924359313509616,-0.002662996693731353,0.01743757434314575,-0.0042882070919238085,14.902300024032593,15.487586708068848,18.047190017700196,14.78176542390416,15.012945104213458,50.97750807994199,-0.2311796803092978,-0.27133530123675914,0.04015562092746133,15.923929532617569,13.880670515447617,0.40686441158708564,0.4167279249317851
2019-09-05,15.305333137512209,0.03953785869897764,0.040329883675328304,-0.01943116129601614,-0.002662996693731353,0.007028701855971562,14.889500045776368,15.500680027008057,18.00757001399994,14.862314302920783,15.034603477050403,61.78559057845515,-0.1722891741296202,-0.2515260758153314,0.07923690168571118,15.882373322375864,13.896626769176871,0.7094089455000909,0.44020242554844674
2019-09-06,15.16333293914795,-0.009321131822989943,-0.009277824735237417,0.03953785869897764,-0.01943116129601614,0.027991764077430346,14.853333330154419,15.511586685180664,17.965283346176147,14.908624862340346,15.044138992761331,56.59117788117483,-0.1355141304209848,-0.22832368673646208,0.09280955631547727,15.740317430391833,13.966349229917004,0.674749247991342,0.43358354294852697
2019-09-09,15.452667236328123,0.018901418181459656,0.019081180789296326,-0.009321131822989943,0.03953785869897764,0.01743757434314575,14.842600059509277,15.523520030975341,17.924723348617555,14.992323689107696,15.074400344136649,54.5571592073463,-0.08207665502895267,-0.19907428039496022,0.11699762536600755,15.692531443675875,13.992668675342678,0.8588920165696956,0.43758832147958887
2019-09-10,15.702667236328123,0.016048960489895236,0.016178436782244843,0.018901418181459656,-0.009321131822989943,-0.002662996693731353,14.86436676979065,15.539626712799071,17.88740668296814,15.101607311756993,15.120938632447128,58.46155000412642,-0.0193313206901351,-0.1631256884539952,0.1437943677638601,15.779866358201092,13.948867181380207,0.9578377080392753,0.43084859868300457
2019-09-11,16.47333335876465,0.047912327846942035,0.04907867630625118,0.016048960489895236,0.018901418181459656,-0.01943116129601614,14.904700088500977,15.566200046539306,17.857043352127075,15.31264208821971,15.22111601958176,70.61038596648743,0.09152606863794865,-0.11219533703560644,0.2037214056735551,16.018604074314975,13.79079610268698,1.2041151168506568,0.4539688454871332
2019-09-12,16.391332626342773,-0.0049902167042224325,-0.004977786258313466,0.047912327846942035,0.016048960489895236,0.03953785869897764,14.992200088500976,15.594626693725585,17.830390014648437,15.478594478700181,15.307798731193687,68.63606232659487,0.17079574750649407,-0.05559712012718634,0.2263928676336804,16.2803079466937,13.704092230308252,1.0430960338231483,0.37265396463009287
2019-09-13,16.34666633605957,-0.002728713996813491,-0.0027249944407460314,-0.0049902167042224325,0.047912327846942035,-0.009321131822989943,15.09073338508606,15.608360023498536,17.79679000854492,15.61214399521701,15.38475188710968,81.55339779894575,0.22739210810733113,0.0010007255197171591,0.22639138258761396,16.478044632554475,13.703422137617643,0.952650028342722,0.3633773952922153
2019-09-16,16.187332153320312,-0.009795012235959525,-0.009747197346762881,-0.002728713996813491,-0.0049902167042224325,0.018901418181459656,15.16696662902832,15.62130666732788,17.763086671829225,15.700634481079057,15.444202277199356,76.56158671698634,0.2564322038797009,0.05208702119171391,0.204345182687987,16.62118463022157,13.712748627835069,0.8508296292078414,0.3641420856299857
2019-09-17,16.319332122802734,0.008121454351540124,0.008154522822672039,-0.009795012235959525,-0.002728713996813491,0.016048960489895236,15.226833248138428,15.640573310852051,17.728726663589477,15.795818733651931,15.509026710207014,78.74926579514684,0.2867920234449173,0.09902802164235458,0.1877640018025627,16.76916957877025,13.684496917506607,0.8541701161304946,0.3514168655658452
2019-09-18,16.232667922973633,-0.005324674641613693,-0.005310523689140867,0.008121454351540124,-0.009795012235959525,0.047912327846942035,15.285599994659425,15.658480014801025,17.696166667938233,15.863026301239884,15.562629763004542,76.22182402120167,0.30039653823534174,0.13930172496095203,0.1610948132743897,16.889096758561546,13.682103230757301,0.7953133269846805,0.3517535711496822
2019-09-19,16.440000534057617,0.012691671904217687,0.012772552981913154,-0.005324674641613693,0.008121454351540124,-0.0049902167042224325,15.371500015258789,15.668720016479492,17.661540002822875,15.951791567827229,15.627620190489957,74.79579071936901,0.3241713773372723,0.1762756554362161,0.1478957219010562,17.030962731699056,13.712037298818522,0.8219417068588565,0.3388312587904514
2019-09-20,16.041332244873047,-0.024548765463603572,-0.024249895148037104,0.012691671904217687,-0.005324674641613693,-0.002728713996813491,15.433066606521606,15.671413326263428,17.6222500038147,15.965567056603508,15.658265527851668,64.3581253978584,0.30730152875183947,0.2024808300993408,0.10482069865249868,17.096178016923464,13.76995519611975,0.6828697808658728,0.3552145932861663
2019-09-23,16.082000732421875,0.002532023019229352,0.002535231296753704,-0.024548765463603572,0.012691671904217687,-0.009795012235959525,15.532499980926513,15.666280002593995,17.582760009765625,15.983479929806334,15.689653320782794,65.51262655490731,0.2938266090235402,0.22074998588418068,0.0730766231393595,17.09297919377668,13.972020768076343,0.6760679498228355,0.29378096841189943
2019-09-24,14.880666732788086,-0.07763784395676024,-0.0747005313345035,0.002532023019229352,-0.024548765463603572,0.008121454351540124,15.559866666793823,15.62589334487915,17.536143341064452,15.813816361034295,15.629728388338743,51.91753909672047,0.18408797269555244,0.21341758324645504,-0.029329610550902607,17.04938156399075,14.070351769596897,0.2720063306235126,0.4160459965171775
2019-09-25,15.24666690826416,0.024298080060291966,0.02459568391983602,-0.07763784395676024,0.002532023019229352,-0.005324674641613693,15.608599996566772,15.594320030212403,17.493053336143493,15.72656259906966,15.601353463888774,49.29668092299022,0.12520913518088506,0.19577589363334108,-0.07056675845245602,16.97977736864,14.237422624493542,0.36802105414146175,0.4227506850970667
2019-09-26,16.17066764831543,0.058838046284869626,0.060603458159791845,0.024298080060291966,-0.07763784395676024,0.012691671904217687,15.69850001335144,15.577920036315918,17.452190012931823,15.794886452799778,15.643524884957415,60.169612445075344,0.151361567842363,0.18689302847514547,-0.03553146063278248,16.95985728295795,14.437142743744928,0.6871664937211982,0.466539759597362
2019-09-27,16.142000198364258,-0.0017743788664326618,-0.0017728055869207227,0.058838046284869626,0.024298080060291966,-0.024548765463603572,15.76656665802002,15.562706718444824,17.410646681785583,15.848288567502005,15.68044898224681,57.345827840360094,0.16783958525519438,0.18308233983115524,-0.01524275457596086,16.964720451750246,14.568412864289794,0.6566716820114538,0.45975513512062166
2019-09-30,16.058000564575195,-0.005217380269892639,-0.005203793381044264,-0.0017743788664326618,0.058838046284869626,0.002532023019229352,15.81743335723877,15.53962673187256,17.36873668193817,15.880551951667112,15.708415766122988,53.92546511083983,0.17213618554412413,0.18089310897374902,-0.008756923429624891,16.971394390596767,14.663472323880773,0.6042354119343096,0.45826834278370154
2019-10-01,16.312667846679688,0.015734771560612624,0.015859214917846032,-0.005217380269892639,-0.0017743788664326618,-0.07763784395676024,15.883033418655396,15.524973411560058,17.32470335483551,15.947031320130584,15.753175179497557,47.99669139558323,0.19385614063302725,0.1834857153056047,0.01037042532742255,16.989693234072565,14.776373603238229,0.6941131421051623,0.4597586704189469
2019-10-02,16.208667755126953,-0.006395828716893808,-0.006375418940066435,0.015734771560612624,-0.005217380269892639,0.024298080060291966,15.95786681175232,15.50225341796875,17.283843359947205,15.987283079360795,15.78691537028492,47.7348125364546,0.2003677090758753,0.18686211405965883,0.013505595016216482,16.924687234571348,14.99104638893329,0.6297039954138307,0.45315615145900195
2019-10-03,15.535332679748535,-0.04242918829553246,-0.041541666813759925,-0.006395828716893808,0.015734771560612624,0.058838046284869626,15.969366788864136,15.459786739349365,17.245380020141603,15.917752248651217,15.768279615430373,41.295958784293816,0.14947263322084403,0.17938421789189588,-0.029911584671051844,16.90858405811991,15.030149519608363,0.2689383898043496,0.4632178893459517
2019-10-04,15.428667068481444,-0.0068896805364283085,-0.006866001099940289,-0.04242918829553246,-0.006395828716893808,-0.0017743788664326618,15.982633495330811,15.463266735076905,17.21018002510071,15.842508374778944,15.743123130471194,41.76796343920184,0.09938524430775075,0.16338442317506685,-0.0639991788673161,16.880497467603302,15.084769523058318,0.1915087118111675,0.46259703144216535
2019-10-07,15.847999572753906,0.026816005504508238,0.027178790132110553,-0.0068896805364283085,-0.04242918829553246,-0.005217380269892639,16.0024001121521,15.47617338180542,17.17843002319336,15.8433531744674,15.750891755825469,45.18590209641989,0.09246141864193014,0.1491998222684395,-0.056738403626509365,16.867964279856356,15.136835944447844,0.4108093049832969,0.46751625115786666
2019-10-08,16.003332138061523,0.009753676748550492,0.009801398882838708,0.026816005504508238,-0.0068896805364283085,0.015734771560612624,16.01743335723877,15.481880016326905,17.153320016860963,15.86796532271265,15.76959104339851,47.69001232628697,0.09837427931413956,0.13903471367757952,-0.04066043436343997,16.87144524087731,15.163421473600229,0.4917441317577645,0.46540486331627384
2019-10-09,16.302000045776367,0.018490843294478566,0.018662857531057897,0.009753676748550492,0.026816005504508238,-0.006395828716893808,16.008866691589354,15.484906673431396,17.128240013122557,15.934739895491683,15.80902874727835,48.6351017599249,0.12571114821333218,0.13637000058473006,-0.010658852371397881,16.846911162995355,15.170822220183355,0.6748912881050442,0.4368704455138847
2019-10-10,16.31599998474121,0.000858418039820759,0.0008587865860343324,0.018490843294478566,0.009753676748550492,-0.04242918829553246,16.005100059509278,15.489080028533936,17.111356678009034,15.993395293837764,15.8465821722756,52.94034532340021,0.14681312156216464,0.13845862478021698,0.008354496781947662,16.836557874298677,15.173642244719879,0.6869607331255171,0.43657037724900105
2019-10-11,16.525999069213867,0.012788621436352825,0.012870745566869735,0.000858418039820759,0.018490843294478566,-0.0068896805364283085,16.014066696166992,15.507800006866455,17.085290012359618,16.07533433620332,15.896909349826583,54.58675772544831,0.17842498637673643,0.1464518970995209,0.03197308927721554,16.864681360612217,15.163452031721768,0.8009190850129301,0.43886129651198147
2019-10-14,17.130666732788086,0.03593539155955349,0.036588871936986234,0.012788621436352825,0.000858418039820759,0.026816005504508238,16.06123342514038,15.537959995269775,17.06556668281555,16.23769316644713,15.98829878560151,76.51216102628182,0.2493943808456205,0.1670403938487408,0.08235398699687968,17.04629243237136,15.0761744179094,1.0428270285319783,0.45431875653133014
2019-10-15,17.19266700744629,0.0036127226196520047,0.0036192563678525413,0.03593539155955349,0.012788621436352825,0.009753676748550492,16.10490016937256,15.577386684417725,17.040240020751952,16.38461221890854,16.077511246478903,74.69959641154642,0.3071009724296374,0.19505250956492012,0.11204846286471729,17.20843632756685,15.001364011178268,0.9928550958645682,0.45390424349955544
2019-10-16,17.316667556762695,0.007186524142577059,0.007212409177860479,0.0036127226196520047,0.03593539155955349,0.018490843294478566,16.159100151062013,15.616053371429443,17.015890026092528,16.528005347809177,16.16930060279622,68.25226803798004,0.35870474501295746,0.22778295665452758,0.13092178835842988,17.3883759405182,14.929824361605828,0.9708330773409172,0.4531767126265097
2019-10-17,17.46466636657715,0.008510294825121641,0.008546610329575488,0.007186524142577059,0.0036127226196520047,0.000858418039820759,16.21033344268799,15.654120044708252,16.999840021133423,16.67210704300425,16.26525362233555,70.29458934257349,0.4068534206686998,0.26359704945736206,0.14325637121133772,17.567646283762368,14.853020601613611,0.9620647819467669,0.45226122639648264
2019-10-18,17.1299991607666,-0.019348511759363377,-0.019162530722660276,0.008510294825121641,0.007186524142577059,0.012788621436352825,16.264766788482667,15.678986682891846,16.985370016098024,16.742551984198457,16.329308847404516,65.27353087283996,0.4132431367939411,0.29352626692467787,0.11971686986926322,17.679641159029863,14.849892417935473,0.8057629674743876,0.44841675939467196
2019-10-21,16.899999618530273,-0.01351766398714735,-0.01342671065408474,-0.019348511759363377,0.008510294825121641,0.03593539155955349,16.305666732788087,15.703640022277831,16.963973350524903,16.766774697172583,16.371582237858274,58.427373425602724,0.395192459314309,0.3138595054026041,0.08133295391170492,17.745370010644677,14.865963454931494,0.7064081171736378,0.452374878547321
2019-10-22,17.038667678833008,0.008171731125572387,0.00820521085401027,-0.01351766398714735,-0.019348511759363377,0.0036127226196520047,16.41356678009033,15.739066715240478,16.93751335144043,16.808604386658804,16.420995974226773,61.79200008671405,0.38760841243203004,0.3286092868084893,0.05899912562354076,17.720983537390858,15.106150022789805,0.7390595405987248,0.33919572466626813
2019-10-23,16.978666305541992,-0.003527697705131321,-0.0035214826899614415,0.008171731125572387,-0.01351766398714735,0.007186524142577059,16.500166749954225,15.765306701660156,16.91062335014343,16.834767758794676,16.46230488765753,74.83367315762231,0.37246287113714516,0.3373800036742205,0.03508286746292466,17.7077785130481,15.292554986860349,0.698118124637119,0.33447372960659266
2019-10-24,19.978666305541992,0.1627073867407585,0.1766923235319593,-0.003527697705131321,0.008171731125572387,0.008510294825121641,16.69056668281555,15.87205337524414,16.897673349380494,17.318444458294262,16.72277610379712,89.22862587410978,0.5956683544971426,0.38903767383880494,0.20663068065833767,18.647653460914405,14.733479904716695,1.340049521442415,0.6285729164738934
2019-10-25,21.875333786010746,0.09069467139827285,0.09493463935290958,0.1627073867407585,-0.003527697705131321,-0.019348511759363377,16.977233362197875,16.022040042877197,16.892060022354126,18.01950435486603,17.10444704322035,91.41546775931562,0.915057311645679,0.4942416014001798,0.42081571024549924,19.990562528137787,13.963904196257962,1.3127390261868495,0.6874251632506485
2019-10-28,21.84733390808105,-0.001280794756315601,-0.0012799748887764029,0.09069467139827285,0.1627073867407585,-0.01351766398714735,17.26670002937317,16.165733375549316,16.885543355941774,18.608401209206804,17.455771996172995,90.8709307016064,1.1526292130338085,0.6259191237269056,0.5267100893069029,20.946739975055102,13.586660083691237,1.122361977902262,0.6860152374524002
2019-10-29,21.08133316040039,-0.03569093158335326,-0.03506152059118417,-0.001280794756315601,0.09069467139827285,0.008171731125572387,17.505133295059203,16.284920043945313,16.87948335647583,18.988852278621202,17.72433208241206,81.37416175827232,1.2645201962091406,0.7536393382233526,0.510880857985788,21.526969392732983,13.483297197385422,0.9445979123079695,0.7095586503665622
2019-10-30,21.000667572021484,-0.0038337382146187405,-0.0038263988223681267,-0.03569093158335326,-0.001280794756315601,-0.003527697705131321,17.74473328590393,16.403786735534666,16.869676694869995,19.298362323759704,17.967023600160907,80.48589460367832,1.3313387235987975,0.8691792152984417,0.4621595083003558,22.005245003540228,13.484221568267632,0.8821060123646278,0.7086960352400545
2019-10-31,20.994667053222656,-0.00028577073587868494,-0.0002857299073112385,-0.0038337382146187405,-0.03569093158335326,0.1627073867407585,18.017700004577637,16.529240074157716,16.859300031661988,19.55933228213862,18.19129348557289,79.87342040079797,1.368038796565731,0.9689511315518997,0.3990876650138313,22.380514458814375,13.654885550340898,0.8411750694272685,0.6802346246875769
2019-11-01,20.88733291625977,-0.005125560958197279,-0.00511244768449004,-0.00028577073587868494,-0.0038337382146187405,0.09069467139827285,18.290633296966554,16.650786724090576,16.84796669960022,19.76364007200341,18.391000110068212,76.90249170828348,1.3726399619351994,1.0496888976285597,0.3229510643066398,22.654457360709735,13.926809233223373,0.7975257000927106,0.6795081474680665
2019-11-04,21.1646671295166,0.013190251778298889,0.013277626893232641,-0.005125560958197279,-0.00028577073587868494,-0.001280794756315601,18.55646667480469,16.792213401794434,16.853036699295043,19.979182696236208,18.596456926323647,77.59353572486708,1.382725769912561,1.11629627208536,0.26642949782720105,22.94147283686527,14.171460512744108,0.7973998619749122,0.6781242916709145
2019-11-05,21.14800071716309,-0.0007877741614316514,-0.0007874639488314461,0.013190251778298889,-0.005125560958197279,-0.03569093158335326,18.813700103759764,16.928506755828856,16.85913670539856,20.159000853301883,18.78546017008953,77.0192596370821,1.3735406832123545,1.1677451543107589,0.20579552890159558,23.171596685629005,14.455803521890525,0.7678242323504232,0.6801249595445625
2019-11-06,21.77199935913086,0.029079338851648758,0.029506271080336655,-0.0007877741614316514,0.013190251778298889,-0.0038337382146187405,19.08720006942749,17.078506736755372,16.8721333694458,20.407154469583265,19.006685295203702,78.46504645473077,1.4004691743795625,1.2142899583245197,0.18617921605504284,23.467907777583704,14.706492361271273,0.8064344243630636,0.6821008446050183
2019-11-07,22.36933326721192,0.027066259147669598,0.02743587753370691,0.029079338851648758,-0.0007877741614316514,-0.00028577073587868494,19.389866733551024,17.238440055847168,16.886810035705565,20.709028130756906,19.255770330167273,83.46247683627496,1.4532578005896326,1.2620835267775423,0.1911742738120903,23.80076367879975,14.978969788302297,0.8377393045727674,0.6815096035366385
2019-11-08,22.47599983215332,0.004757095497984895,0.004768428440276695,0.027066259147669598,0.029079338851648758,-0.005125560958197279,19.687366771698,17.39234670639038,16.900176696777343,20.980869930971735,19.494305848832905,86.18271228194554,1.4865640821388304,1.3069796378498,0.17958444428903042,24.08756797265103,15.287165570744968,0.8168756305792718,0.6825722107814516
2019-11-11,23.006000518798828,0.023307008242272685,0.02358073903734903,0.004757095497984895,0.027066259147669598,0.013190251778298889,19.981133460998535,17.551653385162354,16.9164133644104,21.292428482945137,19.75443137994149,86.850536880325,1.5379971030036472,1.3531831308805695,0.1848139721230777,24.446651593149618,15.515615328847453,0.8386916107250455,0.678989713242059
2019-11-12,23.32866668701172,0.013927860226281246,0.014025304743831235,0.023307008242272685,0.004757095497984895,-0.0007877741614316514,20.287933444976808,17.718213386535645,16.93390336036682,21.605695898955382,20.01918955083558,87.98149268293353,1.5865063481198014,1.399847774328416,0.1866585737913855,24.789791700572405,15.786075189381211,0.8377197891843244,0.6777328835450654
2019-11-13,23.073999404907227,-0.010976517536210168,-0.010916495379750035,0.013927860226281246,0.023307008242272685,0.029079338851648758,20.575800037384035,17.88545337677002,16.946350021362306,21.831588746024895,20.245471762248297,77.56797177641565,1.5861169837765985,1.4371016162180525,0.14901536755854594,25.01351770310598,16.13808237166209,0.7814734460035523,0.6836434310041231
2019-11-14,23.290000915527344,0.009317706491661899,0.009361251460125342,-0.010976517536210168,0.013927860226281246,0.027066259147669598,20.86706676483154,18.045146732330323,16.960460023880003,22.05595984902527,20.470992440268965,67.98304335998284,1.584967408756306,1.4666747747257032,0.11829263403060275,25.208649387794445,16.52548414186864,0.7790381251620954,0.6835579291547784
2019-11-15,23.47800064086914,0.008039716546772512,0.008072121852793046,0.009317706491661899,-0.010976517536210168,0.004757095497984895,21.18446683883667,18.211440086364746,16.973780031204225,22.27473535546279,20.69373378846157,69.91855409403266,1.5810015670012199,1.4895401331808067,0.09146143382041316,25.297880294713195,17.071053382960145,0.7787871711213312,0.6724507087647547
2019-11-18,23.332666397094727,-0.006209469761818026,-0.006190230846208622,0.008039716546772512,0.009317706491661899,0.023307008242272685,21.506100177764893,18.369040069580077,16.98614669799805,22.43749397725232,20.889210277989953,82.41502208791348,1.5482836992623668,1.5012888463971188,0.04699485286524796,25.192774634613407,17.819425720916378,0.7477254556524148,0.6687203076403455
2019-11-19,23.968000411987305,0.02686525453277175,0.02722937893509192,-0.006209469761818026,0.008039716546772512,0.013927860226281246,21.85256681442261,18.534346733093262,16.998870038986205,22.672956505673085,21.117268806434204,86.83987809527432,1.5556876992388808,1.5121686169654713,0.043519082273409504,25.040113887862095,18.665019740983123,0.831827820707611,0.6690628458065397
2019-11-20,23.481332778930664,-0.020513868869493704,-0.020304890883314552,0.02686525453277175,-0.006209469761818026,-0.010976517536210168,22.177700138092042,18.67450672149658,17.010536699295045,22.797322086174248,21.292384656248757,77.58055555908149,1.5049374299254907,1.5107223795574751,-0.005784949631984393,24.473962844229153,19.881437431954932,0.7838596466672706,0.6786440586517146
2019-11-21,23.655332565307617,0.0073828123156505394,0.00741013246629163,-0.020513868869493704,0.02686525453277175,0.009317706491661899,22.361533451080323,18.81978672027588,17.026310024261473,22.92932369834861,21.46741783469756,80.25353927232022,1.461905863651051,1.5009590763761904,-0.03905321272513951,24.499789529883344,20.223277372277302,0.8025360542764253,0.4011918595340197
2019-11-22,22.202667236328125,-0.06337614052816848,-0.06140963459164972,0.0073828123156505394,-0.020513868869493704,0.008039716546772512,22.37790012359619,18.93690673828125,17.03539002418518,22.817530396499304,21.521880753336863,59.02608489124966,1.2956496431624416,1.4598971897334407,-0.16424754657099916,24.505471089871158,20.250329157321225,0.4588185564557522,0.35200491135135137
2019-11-25,22.422666549682617,0.009859919333317325,0.009908688492819007,-0.06337614052816848,0.0073828123156505394,-0.006209469761818026,22.40666675567627,19.061613426208496,17.04322335243225,22.75678211237366,21.58860562714025,60.705477463923216,1.1681764852334098,1.4015530488334347,-0.2333765636000249,24.519539814357557,20.29379369699498,0.5037862648540593,0.3533742269835666
2019-11-26,21.92799949645996,-0.02230801073802288,-0.022061027047189374,0.009859919333317325,-0.06337614052816848,0.02686525453277175,22.449000072479247,19.17378677368164,17.048926687240602,22.629277094540782,21.613745913756524,51.339286152898936,1.015531180784258,1.3243486752235993,-0.30881749443934137,24.482502401598243,20.415497743360252,0.37189575134516634,0.3376364725421348
2019-11-27,22.086000442504883,0.007179607623328355,0.0072054427979364455,-0.02230801073802288,0.009859919333317325,-0.020513868869493704,22.503266716003417,19.290853424072267,17.056633358001708,22.545696071150644,21.648727730700845,47.36907915290817,0.8969683404497992,1.2388726082688395,-0.34190426781904026,24.429106519666412,20.57742691234042,0.391666411529951,0.3373892560717616
2019-11-29,21.996000289916992,-0.00408331183446667,-0.0040749864522633406,0.007179607623328355,-0.02230801073802288,0.0073828123156505394,22.553333377838136,19.401973419189453,17.065356693267823,22.461127489422392,21.674451623976115,45.529068569276355,0.7866758654462771,1.148433259704327,-0.36175739425804987,24.362572408420494,20.74409434725578,0.3459758278203434,0.33807662683963885
2019-12-02,22.32466697692871,0.014831577778426516,0.014942111414791182,-0.00408331183446667,0.007179607623328355,-0.06337614052816848,22.625200080871583,19.527640113830568,17.07435336112976,22.440133564423366,21.722615724194828,43.406453651641314,0.7175178402285383,1.0622501758091694,-0.3447323355806311,24.26174504262838,20.988655119114785,0.4081806149645117,0.33965797370427253
2019-12-03,22.413333892822266,0.0039638352301946105,0.003971701615311352,0.014831577778426516,-0.00408331183446667,0.009859919333317325,22.687633419036864,19.654266777038575,17.084540033340453,22.436010538023197,21.773780032982046,40.72173200213445,0.6622305050411512,0.9822462416555658,-0.3200157366144146,24.178348510715352,21.196918327358375,0.40799733371393343,0.33767779028641004
2019-12-04,22.20199966430664,-0.009473685044135857,-0.009428951066637326,0.0039638352301946105,0.014831577778426516,-0.02230801073802288,22.740333366394044,19.800693435668947,17.09469669342041,22.40000886514373,21.805500005672755,41.082639176319454,0.5945088594709738,0.9046987652186476,-0.3101899057476738,24.067413671716164,21.413253061071924,0.29717365259341477,0.340321582723122
2019-12-05,22.024667739868164,-0.008019273672589195,-0.007987205077007897,-0.009473685044135857,0.0039638352301946105,0.007179607623328355,22.752966785430907,19.936253452301024,17.107743368148803,22.342264076639797,21.821734652650193,36.95712438172075,0.5205294239896041,0.8278648969728389,-0.3073354729832348,24.04559687649273,21.460336694369083,0.2182879113681759,0.3270118248930808
2019-12-06,22.392667770385746,0.016570487479172825,0.016708539482366058,-0.008019273672589195,-0.009473685044135857,-0.00408331183446667,22.7541335105896,20.06069345474243,17.121470041275025,22.35001849106225,21.864025994704676,39.21283600231889,0.485992496357575,0.7594904168497862,-0.2734979204922112,24.045346983298806,21.462920037880394,0.3600286676666128,0.3177259160639012
2019-12-09,22.635332107543945,0.010778479484683797,0.010836776557687555,0.016570487479172825,-0.008019273672589195,0.014831577778426516,22.76210012435913,20.190560092926024,17.135056705474852,22.393912893597896,21.921159780840917,43.2007165205903,0.47275311275697973,0.7021429560312249,-0.22938984327424516,24.048043496615545,21.476156752102714,0.45071010918904336,0.31962180459589173
2019-12-10,23.256000518798828,0.02705113248298345,0.027420335973247223,0.010778479484683797,0.016570487479172825,0.0039638352301946105,22.774600124359132,20.334520092010496,17.152050046920778,22.526541759013423,22.020036872541503,43.03780989600721,0.5065048864719195,0.6630153421193639,-0.15651045564744437,24.0753015052997,21.473898743418566,0.685054156739491,0.32344157579439914
2019-12-11,23.51333236694336,0.011004409475391042,0.011065180701923305,0.02705113248298345,0.010778479484683797,-0.009473685044135857,22.78383340835571,20.478533382415772,17.164703369140625,22.67835569869495,22.130651353608307,50.327596313550494,0.5477043450866432,0.6399531427128198,-0.09224879762617655,24.10357779277861,21.464089023932814,0.7763788833648442,0.3219999445207369
2019-12-12,23.978666305541992,0.01959693606267636,0.019790216517877823,0.011004409475391042,0.02705113248298345,-0.008019273672589195,22.82906675338745,20.633933353424073,17.177970037460327,22.878403484363727,22.26754135004784,53.123797618012176,0.6108621343158873,0.6341349410334334,-0.023272806717546057,24.248903892129153,21.40922961464575,0.9048350056448542,0.3259447002735997
2019-12-13,23.892667770385746,-0.0035929070843364005,-0.0035864603168680453,0.01959693606267636,0.011004409475391042,0.016570487479172825,22.859200096130373,20.801080055236817,17.19917004585266,23.03444414375173,22.387921084887683,72.18626257426126,0.646523058864048,0.6366125645995563,0.009910494264491754,24.344307186527242,21.374093005733503,0.8479438220105718,0.3252808946242018
2019-12-16,25.433332443237305,0.062488990606601645,0.06448273954410255,-0.0035929070843364005,0.01959693606267636,0.010778479484683797,22.95696668624878,21.001173362731933,17.231216707229613,23.403503882134128,22.6135071114321,79.34755689884827,0.7899967707020288,0.6672894058200508,0.12270736488197798,24.822352588789233,21.091580783708327,1.1637676830343746,0.3910630217046675
2019-12-17,25.266000747680664,-0.006600966624869255,-0.006579228102730705,0.062488990606601645,-0.0035929070843364005,0.02705113248298345,23.053633403778075,21.18953338623047,17.265366706848145,23.69004186144898,22.809988121524583,84.75640563260343,0.8800537399243957,0.7098422726409198,0.17021146728347591,25.182730352162743,20.924536455393408,1.0195553320343393,0.3912010244117644
2019-12-18,26.209999084472656,0.036681334404645764,0.03736239645598238,-0.006600966624869255,0.062488990606601645,0.011004409475391042,23.165733337402344,21.393666725158692,17.304336700439453,24.077727588068008,23.061840785446662,86.90054363612599,1.0158868026213455,0.7710511786370049,0.24483562398434056,25.69585732048439,20.635609354320298,1.1016040651418928,0.4002639319100574
2019-12-19,26.93600082397461,0.0273227300440061,0.02769941872802484,0.036681334404645764,-0.006600966624869255,0.01959693606267636,23.338466739654542,21.606346740722657,17.346820039749147,24.51746193205364,23.3488156031154,89.68513697591146,1.1686463289382374,0.8505702086972515,0.31807612024098586,26.379444157114495,20.29748932219459,1.0915095034354105,0.3966613134645777
2019-12-20,27.03933334350586,0.0038288839658321035,0.003836223506470837,0.0273227300440061,0.036681334404645764,-0.0035929070843364005,23.507666778564452,21.820813407897948,17.387303371429443,24.905442149200134,23.62218728758877,89.29766853999575,1.2832548616113648,0.9371071392800743,0.34614772233129054,26.970226493689257,20.045107063439648,1.009979156390392,0.39680010965381024
2019-12-23,27.94799995422364,0.03305304263759932,0.03360536294198302,0.0038288839658321035,0.0273227300440061,0.062488990606601645,23.79493341445923,22.049253425598145,17.430070037841798,25.373527965357596,23.942617855487647,90.58471174769043,1.4309101098699486,1.0358677333980493,0.3950423764718993,27.723569483188722,19.866297345729738,1.0285634081534432,0.3088719040432078
2019-12-24,28.350000381469727,0.014281404577190782,0.01438387104281258,0.03305304263759932,0.0038288839658321035,-0.006600966624869255,24.091300106048585,22.27364009857178,17.4773667049408,25.831446798605615,24.269090635190025,93.85586838299226,1.5623561634155898,1.1411654194015575,0.42119074401403234,28.454331786708384,19.728268425388787,0.9880437029942813,0.3089579874105719
2019-12-26,28.72933387756348,0.013291643487755205,0.013380370052541446,0.014281404577190782,0.03305304263759932,0.036681334404645764,24.43136682510376,22.50437343597412,17.52469337463379,26.27727557998375,24.599479023513982,96.48705092980032,1.6777965564697688,1.2484916468151996,0.42930490965456913,29.13164220652518,19.731091443682338,0.957203749108841,0.2815716027313983
2019-12-27,28.691999435424805,-0.0013003685301451115,-0.0012995234173470704,0.013291643487755205,0.014281404577190782,0.0273227300440061,24.761666774749756,22.731880073547362,17.571500034332278,26.648771557743913,24.902628683655525,95.77562864385017,1.7461428740883882,1.3480218922698373,0.39812098181855093,29.69085122266522,19.832482326834292,0.8986798122696721,0.2856783058568277
2019-12-30,27.64666748046875,-0.0371131230011561,-0.03643287242176041,-0.0013003685301451115,0.013291643487755205,0.0038288839658321035,25.044200134277343,22.935520095825197,17.617923374176026,26.802294007393886,25.1058908167528,82.61174690816942,1.6964031906410852,1.4176981519440868,0.2787050386969985,29.953651765338616,20.13474850321607,0.76504664285987,0.33226397398227464
2019-12-31,27.8886661529541,0.008715179630272204,0.008753267375039453,-0.0371131230011561,-0.0013003685301451115,0.03305304263759932,25.322400093078613,23.150693435668945,17.66753670692444,26.969428183633923,25.31202232313808,81.71034886134717,1.6574058604958424,1.4656396936544378,0.19176616684140457,30.21353320375458,20.431266982402647,0.7623386035307496,0.3321433264633885
2020-01-02,28.68400001525879,0.02811910133608081,0.0285181750157113,0.008715179630272204,-0.0371131230011561,0.014281404577190782,25.63593339920044,23.386373443603517,17.721800041198733,27.233208465422365,25.561798448480356,82.96500837951531,1.6714100169420085,1.506793758311952,0.16461625863005658,30.545789114811004,20.726077683589875,0.8104028705331626,0.33627604401163075
2020-01-03,29.53400039672852,0.02920267893223429,0.02963325829792085,0.02811910133608081,0.008715179630272204,0.013291643487755205,26.002533435821533,23.636280097961425,17.778270044326785,27.58717645485408,25.85603562983207,83.76147475975945,1.7311408250220097,1.5516631716539635,0.17947765336804622,30.927696722200537,21.07737014944253,0.8585126782165361,0.3309922115227655
2020-01-06,30.1026668548584,0.019071612174755247,0.01925463704513497,0.02920267893223429,0.02811910133608081,-0.0013003685301451115,26.406433391571046,23.898760108947755,17.837443380355836,27.974174977931668,26.170600905759947,85.64869378300358,1.8035740721717204,1.602045351757515,0.20152872041420533,31.282731247675354,21.530135535466737,0.8789999680454597,0.32060424605164717
2020-01-07,31.270666122436523,0.03806670586808656,0.03880052465815398,0.019071612174755247,0.02920267893223429,-0.0371131230011561,26.850333309173585,24.124600105285644,17.9056200504303,28.481327461701646,26.548383514402655,85.00721318496086,1.932943947298991,1.6682250708658102,0.2647188764331809,31.803935646933528,21.896730971413643,0.9461735633851714,0.33037845206860966
2020-01-08,32.80933380126953,0.048032568493066904,0.04920482578812169,0.03806670586808656,0.019071612174755247,0.008715179630272204,27.359033393859864,24.34328010559082,17.982860050201417,29.147174590865937,27.012157609726128,88.84845339133305,2.1350169811398096,1.7615834529206102,0.3734335282191994,32.5728666697157,22.145200118004027,1.0226768980750554,0.3475455991554523
2020-01-09,32.089332580566406,-0.022189385476863444,-0.021945011900097344,0.048032568493066904,0.03806670586808656,0.02811910133608081,27.800699996948243,24.548120079040526,18.05405004501343,29.599814281589087,27.388244644603187,80.9938789767647,2.2115696369858995,1.8515806897336682,0.3599889472522313,33.04752834500275,22.553871648893733,0.908688096801219,0.37449628841272203
2020-01-10,31.87666702270508,-0.006649355680979514,-0.006627297633174156,-0.022189385476863444,0.048032568493066904,0.02920267893223429,28.218866729736327,24.764026756286622,18.121823377609257,29.950099318683854,27.72072037631444,77.53585474157671,2.229378942369415,1.9271403402608178,0.3022386021085972,33.358976380692184,23.07875707878047,0.8558095586821333,0.38283105098781084
2020-01-13,34.990665435791016,0.09320702322102203,0.0976889588509331,-0.006649355680979514,-0.022189385476863444,0.019071612174755247,28.76946668624878,25.043826713562012,18.203903369903568,30.725571029008034,28.259234825164555,83.18032517576358,2.466336203843479,2.0349795129773502,0.4313566908661288,34.33842588503026,23.2005074874673,1.058560273785402,0.47263892429421545
2020-01-14,35.861331939697266,0.024578286172624794,0.024882822120200876,0.09320702322102203,-0.006649355680979514,0.03806670586808656,29.367899894714355,25.341160011291503,18.289923362731933,31.51568809219099,28.822353129944755,83.12681299149884,2.6933349622462366,2.166650602831128,0.5266843594151087,35.291308322415425,23.444491467013286,1.0481161838018886,0.4653834666346882
2020-01-15,34.56666564941406,-0.03676981311758122,-0.03610201351305786,0.024578286172624794,0.09320702322102203,0.048032568493066904,29.824566555023193,25.61474666595459,18.366363353729252,31.985069254840695,29.247857761016554,74.21448894809876,2.737211493824141,2.280762781029731,0.4564487127944101,35.87762321175671,23.77150989828967,0.89171111087451,0.4792182169264621
2020-01-16,34.232666015625,-0.00970946227670784,-0.009662477636014799,-0.03676981311758122,0.024578286172624794,-0.022189385476863444,30.27289981842041,25.876106643676756,18.442233352661134,32.33085337188443,29.617102816913476,71.51196158978495,2.7137505549709537,2.367360335817976,0.34639021915297796,36.23185354253289,24.313946094307934,0.8322534777524517,0.48122879719322786
2020-01-17,34.03333282470703,-0.005839913304383257,-0.005822894156913949,-0.00970946227670784,-0.03676981311758122,-0.006649355680979514,30.664066505432128,26.133813285827635,18.515130014419558,32.592773287703295,29.944230965638926,70.61760862282857,2.648542322064369,2.4235967330672548,0.22494558899711414,36.526378453520856,24.801754557343397,0.7873666864805254,0.47970556541222825
2020-01-21,36.47999954223633,0.06942373110021945,0.07189030619278935,-0.005839913304383257,-0.00970946227670784,0.09320702322102203,31.141266441345216,26.427973289489746,18.608270015716556,33.190808096092994,30.428361971312807,80.76816062975472,2.762446124780187,2.491366611409841,0.27107951337034564,37.27339132979712,25.00914155289331,0.9353085755759053,0.5180533601593155
2020-01-22,37.97066879272461,0.04004983514491321,0.04086264444061727,0.06942373110021945,-0.005839913304383257,0.024578286172624794,31.68783321380615,26.74,18.70647002220154,33.92617128019016,30.98705136549146,82.30720551115739,2.9391199146987006,2.5809172720676132,0.35820264263108736,38.21638130626209,25.159285121350212,0.9811816877154189,0.5234673719275021
2020-01-23,38.14666748046875,0.004624413044606698,0.004635122144013071,0.04004983514491321,0.06942373110021945,-0.03676981311758122,32.197766590118405,27.05341335296631,18.80613669395447,34.57547838792533,31.51739329993422,81.57590742586717,3.0580850879911097,2.6763508352523124,0.38173425273879724,39.07999025521332,25.315542925023493,0.9321932256083038,0.5216104778626401
2020-01-24,37.654666900634766,-0.012981499419033645,-0.012897603180825445,0.004624413044606698,0.04004983514491321,-0.00970946227670784,32.66299991607666,27.34638668060303,18.90364003181458,35.04919969757294,31.97200615924537,77.7610652567292,3.077193538327567,2.7565193758673634,0.3206741624602034,39.7061358427669,25.619863989386417,0.8543639535368038,0.5313787952140634
2020-01-27,37.20133209228516,-0.01211233185789717,-0.012039272835579373,-0.012981499419033645,0.004624413044606698,-0.005839913304383257,33.086599826812744,27.623839988708497,18.99762669563294,35.380296989067126,32.35936363576684,74.46016039656308,3.0209333533002862,2.809402171353948,0.21153118194633835,40.15262484263779,26.020574810987696,0.7911631544083892,0.5395381077761587
2020-01-28,37.79333114624024,0.01578809278786119,0.015913383222044608,-0.01211233185789717,-0.012981499419033645,0.06942373110021945,33.541666412353514,27.918226623535155,19.097120018005374,35.75153301324761,32.76187974765376,73.40445146232871,2.9896532655938515,2.845452390201929,0.1442008753919226,40.58828509245427,26.495047732252758,0.8016811982386093,0.5369675706599382
2020-01-29,38.732666015625,0.024550664730790914,0.024854513769903663,0.01578809278786119,-0.01211233185789717,0.04004983514491321,34.09596633911133,28.227079925537108,19.2015500164032,36.21016885976721,33.20416021194792,72.2091620234466,3.006008647819286,2.8775636417254002,0.12844500609388554,40.93103014285936,27.26090253536329,0.839184813020408,0.5029961782410374
2020-01-30,42.72066879272461,0.09799952270077929,0.10296225866535558,0.024550664730790914,0.01578809278786119,0.004624413044606698,34.837566471099855,28.611933288574217,19.326360025405886,37.21178423406835,33.90908677348693,82.01566238901408,3.3026974605814132,2.962590405496603,0.3401070550848102,42.04525919489659,27.629873747303122,1.046853384551072,0.5780666229397552
2020-01-31,43.37133407592773,0.015115867923964002,0.015230690473505115,0.09799952270077929,0.024550664730790914,-0.012981499419033645,35.5719331741333,29.012706642150878,19.452096691131594,38.159407286662095,34.60999398107514,83.72583878705721,3.5494133055869526,3.079954985514673,0.4694583200722797,43.12440762008344,28.01945872818316,1.0163473877079252,0.5778817853459184
2020-02-03,52.0,0.18144500086765877,0.19894859376394924,0.015115867923964002,0.09799952270077929,-0.01211233185789717,36.69523315429687,29.573346633911132,19.621686687469484,40.28872924256024,35.89814257506958,87.70467252987147,4.390586667490659,3.34208132190987,1.048505345580789,46.738592565228316,26.651873743365428,1.2619346385754668,0.8126704955395707
2020-02-04,59.137332916259766,0.1286186970285338,0.13725640223576474,0.18144500086765877,0.015115867923964002,0.01578809278786119,38.14696645736694,30.286466636657714,19.826286687850953,43.18851442312939,37.61956408182441,90.37794033370879,5.5689503413049835,3.787455125788893,1.7814952155160904,51.8902013011957,24.403731613538184,1.263661783321643,0.8859273144321872
2020-02-05,48.97999954223633,-0.18845037343186985,-0.1717583947927872,0.1286186970285338,0.18144500086765877,0.024550664730790914,39.032433128356935,30.79295997619629,19.983603353500367,44.07951213376123,38.4610778196327,69.12326519374207,5.618434314128528,4.153650963456821,1.4647833506717074,53.18612685404688,24.878739402666987,0.8514123806361538,1.185542118244589
2020-02-06,49.93066787719727,0.019223358515689692,0.01940931694254444,-0.18845037343186985,0.1286186970285338,0.09799952270077929,39.88849983215332,31.347519989013673,20.145290031433106,44.97968994044369,39.310677083156,70.49240182972383,5.66901285728769,4.456723342222995,1.212289515064695,54.52041174997743,25.256587914329216,0.8431598037714715,1.1816967595283763
2020-02-07,49.87133407592773,-0.0011890304222132414,-0.001188323805631386,0.019223358515689692,-0.18845037343186985,0.015115867923964002,40.77759990692139,31.896493339538573,20.30842670440674,45.732250576672,40.09294797150946,70.7510070281302,5.639302605162541,4.6932391948109045,0.9460634103516368,55.574192765972434,25.981007047870342,0.8072914912112257,1.1738428405548185
2020-02-10,51.41866683959961,0.030554904345579816,0.031026496329857656,-0.0011890304222132414,0.019223358515689692,0.18144500086765877,41.754699897766116,32.48630668640137,20.4829767036438,46.60708384789164,40.93189010988651,70.04508308912217,5.675193738005127,4.88963010344975,0.7855636345553778,56.656993769500026,26.852406026032206,0.8242442749087014,1.1691997445402094
2020-02-11,51.62533187866211,0.0040112052857509935,0.004019260937028868,0.030554904345579816,-0.0011890304222132414,0.1286186970285338,42.586433219909665,33.077093315124515,20.66272336483002,47.37912200647171,41.72399690757359,68.97605409563941,5.655125098898118,5.042729102539424,0.6123959963586945,57.75366819432899,27.419198245490342,0.797974504713523,1.141623574309189
2020-02-12,51.15266799926758,-0.009197828567077742,-0.009155657933695438,0.0040112052857509935,0.030554904345579816,-0.18845037343186985,43.351000022888186,33.66022666931153,20.837996706962585,47.95966754382492,42.422416988439814,67.92678288267739,5.537250555385107,5.1416333931085605,0.39561716227654653,58.63205794159445,28.069942104181926,0.7552725085489338,1.1458974604431447
2020-02-13,53.59999847412109,0.04673438827304483,0.0478436525517798,-0.009197828567077742,0.0040112052857509935,0.019223358515689692,44.302666664123535,34.28573329925537,21.026433362960816,48.82741076387048,43.25038598737917,70.85411316113577,5.577024776491314,5.2287116697851115,0.3483131067062022,59.65083661327474,28.95449671497233,0.8028807942836116,1.131440858683874
2020-02-14,53.33533477783203,-0.004949986662921372,-0.00493775566834842,0.04673438827304483,-0.009197828567077742,-0.0011890304222132414,45.25780010223389,34.904173316955564,21.215106701850893,49.52093753524918,43.99741923111642,71.20551758439223,5.5235183041327645,5.287672996654643,0.2358453074781215,60.34267301478996,30.172927189677814,0.7677362521521383,1.1298003985947929
2020-02-18,57.22666549682617,0.0704209168261074,0.0729597130158357,-0.004949986662921372,0.04673438827304483,0.030554904345579816,46.417466735839845,35.60466663360596,21.419873366355898,50.706434144722564,44.977363398946764,73.50352206898714,5.7290707457758,5.375952546478874,0.3531181992969259,61.43498033893158,31.39995313274811,0.8598864314915946,1.1371293965606708
2020-02-19,61.16133117675781,0.06649517653196184,0.06875580895325561,0.0704209168261074,-0.004949986662921372,0.0040112052857509935,47.65153331756592,36.38739990234375,21.640670018196104,52.314879841958756,46.17617582693277,75.29359209842076,6.138704015025986,5.528502840188297,0.6102011748376892,63.2748426459281,32.02822398920374,0.9323603141706517,1.13569219598495
2020-02-20,59.96066665649414,-0.019826354777620056,-0.019631105097986157,0.06649517653196184,0.0704209168261074,-0.009197828567077742,48.75103321075439,37.13875988006592,21.855360016822814,53.491154736502665,47.19724922171509,70.7464278054599,6.293905514787575,5.681583375108153,0.6123221396794216,64.59922519503732,32.90284122647147,0.8536565387665873,1.1455987335618671
2020-02-21,60.06666564941406,0.0017662480443414094,0.0017678087791648256,-0.019826354777620056,0.06649517653196184,0.04673438827304483,49.84703311920166,37.88738655090332,22.073340010643005,54.5027718000275,48.15053932747057,70.35785151960769,6.352232472556935,5.81571319459791,0.5365192779590249,65.6391117298925,34.054954508510825,0.823568314917517,1.146246359338616
2020-02-24,55.58599853515625,-0.07752369493467591,-0.07459490327646512,0.0017662480443414094,-0.019826354777620056,-0.004949986662921372,50.74359970092773,38.53398651123047,22.269656672477723,54.66942206697039,48.701314083595435,54.86479157502522,5.968107983374956,5.84619215235332,0.12191583102163683,65.63129575008999,35.85590365176548,0.662630900652388,1.1947631577790105
2020-02-25,53.32733154296875,-0.041482357972054684,-0.040633739641448896,-0.07752369493467591,0.0017662480443414094,0.0704209168261074,51.549899673461915,39.13026649475098,22.455633330345155,54.462946601739375,49.043982043549015,40.91562319534545,5.4189645581903605,5.7607466335207285,-0.341782075330368,65.02960652785261,38.070192819071224,0.5659299155651845,1.2095188141577036
2020-02-26,51.91999816894531,-0.026744949535016983,-0.026390470576789893,-0.041482357972054684,-0.07752369493467591,0.06649517653196184,52.256233024597165,39.689093132019046,22.635393319129943,54.0717237659249,49.25702027505986,56.328569995091215,4.814703490865043,5.571538004989592,-0.7568345141245496,64.07951531332645,40.43295073586788,0.4857808158749464,1.219930890397829
2020-02-27,45.26666641235352,-0.1371331162906117,-0.12814583958462689,-0.026744949535016983,-0.041482357972054684,-0.019826354777620056,52.582933044433595,40.1165731048584,22.786056652069092,52.71709955768315,48.96143850745198,41.93934174015914,3.7556610502311685,5.208362614037908,-1.4527015638067393,63.1244303723803,42.04143571648689,0.1529778263717898,1.3343247614168297
2020-02-28,44.53266525268555,-0.01634795032742122,-0.016215047800994253,-0.1371331162906117,-0.026744949535016983,0.0017662480443414094,52.67353286743164,40.49855976104736,22.93128331184387,51.457955818452746,48.63338122932114,40.98359768561613,2.8245745891316076,4.731605009056648,-1.9070304199250403,62.88408908596851,42.46297664889477,0.10135043378113624,1.2928882864699416
2020-03-02,49.574668884277344,0.1072570247859105,0.11322034293215233,-0.01634795032742122,-0.1371331162906117,-0.07752369493467591,52.98369960784912,40.9847331237793,23.101839990615844,51.16821936704115,48.70310624079938,47.214503507736524,2.465113126241768,4.278306632493672,-1.8131935062519045,62.34612635554928,43.621272860148956,0.31794086002279337,1.3455122317595574
2020-03-03,49.70066833496094,0.0025383850988232293,0.0025416095259802596,0.1072570247859105,-0.01634795032742122,-0.041482357972054684,52.86873302459717,41.454546508789065,23.274233331680296,50.94244228518265,48.77699972925579,47.085549521206374,2.165442555926859,3.85573381718031,-1.690291261253451,62.33788179413991,43.39958425505443,0.33271650035607075,1.1765754649597693
2020-03-04,49.96666717529297,0.005337746224066965,0.0053520173720666975,0.0025383850988232293,0.1072570247859105,-0.026744949535016983,52.41019973754883,41.91515983581543,23.45372333049774,50.792323037507316,48.86512324377706,48.19276926344636,1.927199793730253,3.4700270124902985,-1.5428272187600456,61.481023800142964,43.339375674954695,0.36530812716716704,1.071365847648059
2020-03-05,48.30266571044922,-0.033869376791647296,-0.033302230445070524,0.005337746224066965,0.0025383850988232293,-0.1371331162906117,52.37633304595947,42.340426483154296,23.626783323287963,50.409298833344536,48.82345972278981,41.73049639984109,1.5858391105547227,3.0931894321031836,-1.507350321548461,61.50594832495729,43.24671776696165,0.2768981928032882,0.8430415359142447
2020-03-06,46.89866638183594,-0.029497510135476336,-0.029066704869448956,-0.033869376791647296,0.005337746224066965,-0.01634795032742122,52.22473297119141,42.71943981170654,23.792916655540466,49.869201533112445,48.680882438274715,40.29706384130772,1.1883190948377305,2.7122153646500933,-1.5238962698123628,61.62211008834024,42.82735585404257,0.21661951398991003,0.845508200154621
2020-03-09,40.53333282470703,-0.14586457137702016,-0.13572525720249962,-0.029497510135476336,-0.033869376791647296,0.1072570247859105,51.75783290863037,42.96310646057129,23.931339983940124,48.432914039511616,48.07736024467711,26.58237358526148,0.3555537948345062,2.240883050686976,-1.88532925585247,62.4817976791381,41.03386813812264,-0.023337232270295546,0.9854730515930414
2020-03-10,43.02199935913086,0.059586929551683376,0.061398023823663106,-0.14586457137702016,-0.029497510135476336,0.0025383850988232293,51.337999534606936,43.24895977020264,24.08128664493561,47.60046562714535,47.70288906796998,23.477924080348032,-0.10242344082463006,1.7722217523846548,-1.874645193209285,62.753047772870815,39.92295129634306,0.1357439757634847,1.006623526817486
2020-03-11,42.28200149536133,-0.01735009892797303,-0.017200452670558586,0.059586929551683376,-0.14586457137702016,0.005337746224066965,50.870833015441896,43.52075981140137,24.229153318405153,46.782240376101655,47.30134184036934,23.798516230216123,-0.5191014642676848,1.313957109054187,-1.8330585733218718,62.980024385873904,38.76164164500989,0.14535899808088704,1.005841042063546
2020-03-12,37.369998931884766,-0.12349328402408655,-0.11617242301113506,-0.01735009892797303,0.059586929551683376,-0.033869376791647296,50.18169956207275,43.71522644042969,24.353103313446045,45.33420323083752,46.565686810111224,20.55593303545139,-1.231483579273707,0.8048689713886082,-2.0363525506623152,63.7090554011036,36.654343723041904,0.026452146944266883,1.0834835215083154
2020-03-13,36.44133377075195,-0.02516454136147571,-0.0248505535904755,-0.12349328402408655,-0.01735009892797303,-0.029497510135476336,49.3237663269043,43.88627979278564,24.472023315429688,43.966069467747424,45.81573473312165,22.642663838187076,-1.8496652653742274,0.27396212403604114,-2.1236273894102684,64.06069692846249,34.586835725346106,0.06292009155589579,1.0583010320509185
2020-03-16,29.67133331298828,-0.20552230217550044,-0.18577806455584012,-0.02516454136147571,-0.12349328402408655,-0.14586457137702016,48.14056625366211,43.906026458740236,24.55763998031616,41.76687929009217,44.6198531464451,20.056710559632904,-2.852973856352932,-0.35142507204175355,-2.5015487843111783,65.14655609966078,31.134576407663427,-0.04302140327983999,1.2452238180651627
2020-03-17,28.68000030517578,-0.03398134500612111,-0.03341046380880208,-0.20552230217550044,-0.02516454136147571,0.059586929551683376,46.71323299407959,43.88894645690918,24.639319982528686,39.75351329241273,43.43912330635108,20.270181903430284,-3.6856100139383514,-1.0182620604210733,-2.667347953517278,65.23280075902002,28.19366522913915,0.013130303099117599,1.1881475352740658
2020-03-18,24.08133316040039,-0.17476304366003273,-0.1603440409986845,-0.03398134500612111,-0.20552230217550044,-0.01735009892797303,44.85923309326172,43.76851978302002,24.70006998538971,37.342408656718526,42.00521292516955,21.394882732374,-4.662804268451026,-1.747170502027064,-2.915633766423962,64.66798921028058,25.050476976242862,-0.024462510672485477,1.2241257544662083
2020-03-19,28.50933265686035,0.16879451260286096,0.1838768421567878,-0.17476304366003273,-0.03398134500612111,-0.12349328402408655,43.28666639328003,43.713293113708495,24.77808331489563,35.983473887509575,41.00551809047998,30.327239993714713,-5.022044202970406,-2.402145242215733,-2.619898960754673,63.041180962650415,23.53215182390964,0.12597578177567295,1.4424783529500904
2020-03-20,28.50200080871582,-0.00025720668994270134,-0.0002571736151377735,0.16879451260286096,-0.17476304366003273,-0.02516454136147571,41.70843315124512,43.62714645385742,24.855063319206238,34.83247802923361,40.079331625164116,20.47818714966361,-5.246853595930503,-2.971086912958687,-2.275766682971816,60.85246108343782,22.564405219052414,0.15507696736272292,1.4417715972766447
2020-03-23,28.952667236328125,0.015688043665694176,0.015811747064244486,-0.00025720668994270134,0.16879451260286096,-0.20552230217550044,40.37676658630371,43.564413146972655,24.931176657676698,33.927891753402,39.25513426302812,21.195064774725807,-5.327242509626117,-3.442318032292173,-1.8849244773339442,59.1580652481081,21.595467924499317,0.19586503160165317,1.445219595697665
2020-03-24,33.66666793823242,0.15084593365171223,0.16281749323562988,0.015688043665694176,-0.00025720668994270134,-0.03398134500612111,39.39373340606689,43.6002131652832,25.031343331336974,33.88770347414514,38.841173794524735,29.85797646752701,-4.953470320379594,-3.7445484899096573,-1.208921830469937,57.361440161680136,21.426026650453647,0.34062892539012274,1.5841366097359462
2020-03-25,35.95000076293945,0.06562083944686455,0.06782176450892674,0.15084593365171223,0.015688043665694176,-0.17476304366003273,38.5952335357666,43.619399871826175,25.140133333206176,34.20497998011349,38.627012829222124,34.965841640745225,-4.422032849108632,-3.8800453617494526,-0.5419874873591795,55.613383311597076,21.577083759936134,0.42228201045145436,1.614869058543961
2020-03-26,35.21066665649414,-0.0207800386755252,-0.020565621439638027,0.06562083944686455,0.15084593365171223,0.16879451260286096,38.092433547973634,43.60638656616211,25.243819999694825,34.35970100724898,38.373950149760795,35.54085681189743,-4.014249142511815,-3.9068861179019256,-0.10736302460988956,54.873211230810725,21.311655865136547,0.4141348826035969,1.5530150296341114
2020-03-27,34.29066848754883,-0.026475805312348537,-0.026128393930185068,-0.0207800386755252,0.06562083944686455,-0.00025720668994270134,37.5803337097168,43.600866622924805,25.345520005226135,34.3490806196028,38.0714848414488,41.07476696169889,-3.7224042218459985,-3.8699897386907405,0.14758551684474197,54.15746305025388,21.003204369179716,0.4007769935738044,1.553758496265574
2020-03-30,33.47533416748047,-0.024064387275638185,-0.02377714859552571,-0.026475805312348537,-0.0207800386755252,0.015688043665694176,36.775366973876956,43.585719985961916,25.441593341827392,34.21465808850706,37.731029235969665,35.665092802248125,-3.516371147462607,-3.799266020445114,0.28289487298250693,52.43848689980918,21.112247047944734,0.39465595545454274,1.4873833398190632
2020-03-31,34.93333435058594,0.04263263821287683,0.04355446239344318,-0.024064387275638185,-0.026475805312348537,0.15084593365171223,36.037000274658205,43.60372001647949,25.544620013237,34.32522366728843,37.523792577793095,39.19843135759675,-3.198568910504669,-3.679126598457025,0.4805576879523561,50.47933030155277,21.594670247763638,0.461790586352167,1.5020470529163827
2020-04-01,32.104000091552734,-0.08446087652228773,-0.08099239055277141,0.04263263821287683,-0.024064387275638185,0.06562083944686455,35.14386692047119,43.51620002746582,25.630130014419557,33.98349696332909,37.12232646770122,41.754870745377126,-3.138829504372133,-3.571067179640047,0.43223767526791423,48.091033939087225,22.196699901855155,0.3826049426663148,1.5175777108817565
2020-04-02,30.29800033569336,-0.057898921000518445,-0.05625466454987249,-0.08446087652228773,0.04263263821287683,-0.0207800386755252,34.2436336517334,43.36274665832519,25.706706681251525,33.41649748215436,36.616820828293235,40.638396966781976,-3.200323346138873,-3.4969184129398125,0.2965950668009394,45.763487672986884,22.723779630479907,0.3287463839055355,1.5224347609342805
2020-04-03,32.000667572021484,0.05467504939194526,0.05619734693587186,-0.057898921000518445,-0.08446087652228773,-0.026475805312348537,33.49873371124268,43.23982666015625,25.791233353614807,33.19867749598008,36.27488355005089,54.19790639884405,-3.076206054070809,-3.412775941166012,0.33656988709520297,43.38377769533261,23.61368972715275,0.42422562096676825,1.547024997455196
2020-04-06,34.41600036621094,0.07276481895829454,0.0754775752334993,0.05467504939194526,-0.057898921000518445,-0.024064387275638185,33.19286708831787,43.17505332946777,25.89010669231415,33.38595793755405,36.137188499396075,59.83269371411951,-2.7512305618420214,-3.2804668653012143,0.5292363034591929,42.52449587155755,23.86123830507819,0.5655369660701629,1.503481366959023
2020-04-07,36.36333465576172,0.05503939414254686,0.05658223700690801,0.07276481895829454,0.05467504939194526,0.04263263821287683,32.859933853149414,43.158293380737305,25.997970032691956,33.844015894201384,36.15394006653427,73.159022526375,-2.3099241723328845,-3.0863583267075487,0.7764341543746642,41.12972399140655,24.590143714892278,0.7118192084709086,1.5008471240630814
2020-04-08,36.589332580566406,0.006195761068727163,0.006214994497730331,0.05503939414254686,0.07276481895829454,-0.08446087652228773,32.57530040740967,43.13421340942383,26.10637002944946,34.26637230748831,36.18619136386998,68.10468582295145,-1.9198190563816695,-2.853050472642373,0.9332314162607034,39.806264813735105,25.344336001084233,0.7775585625650003,1.5013135020911492
2020-04-09,38.20000076293945,0.043078797207400474,0.04402015748241661,0.006195761068727163,0.05503939414254686,-0.057898921000518445,32.616800498962405,43.123560104370114,26.224116697311402,34.87154591601926,36.33536243046772,70.27343314204292,-1.4638165144484603,-2.57520368100359,1.1113871665551298,39.972087815448,25.261513182476808,0.8795365173202193,1.4456250358746687
2020-04-13,43.39666748046875,0.12754711640906993,0.13603839302984921,0.043078797207400474,0.006195761068727163,0.05467504939194526,32.96456718444824,43.137080078125,26.368010034561156,36.18310307978072,36.85842206380113,75.19536614916818,-0.6753189840204072,-2.1952267416069535,1.5199077575865463,41.62343350995864,24.305700858937847,1.1023941185744999,1.5090681345808135
2020-04-14,47.32600021362305,0.0866771798728856,0.09054457315006381,0.12754711640906993,0.043078797207400474,0.07276481895829454,33.84730052947998,43.21617340087891,26.5303600358963,37.897394946525694,37.6337982230472,74.49723605713973,0.26359672347849283,-1.7034620485898644,1.9670587720683572,44.469589358613085,23.225011700346876,1.13445364275804,1.3009175230268741
2020-04-15,48.65533447265625,0.02770162075738181,0.028088878270565276,0.0866771798728856,0.12754711640906993,0.05503939414254686,34.846067237854,43.149280090332034,26.699150042533873,39.5524625659304,38.45020831561083,73.59364097521859,1.102254250319568,-1.142318788807978,2.244573039127546,47.05980431632247,22.632330159385535,1.0653170338481632,1.283171804154074
2020-04-16,49.68066787719727,0.020854428493631533,0.02107340162500071,0.02770162075738181,0.0866771798728856,0.006195761068727163,36.12603397369385,42.960146789550784,26.871830048561097,41.11064799843299,39.28209420906168,76.5881876632487,1.8285537893713055,-0.5481442731721213,2.3766980625434266,48.94052086797565,23.31154707941205,1.028879307276513,1.041489829332109
2020-04-17,50.25933456420898,0.011580411041559125,0.011647723586206249,0.020854428493631533,0.02770162075738181,0.043078797207400474,37.21353406906128,42.98573348999023,27.048276720046996,42.5181382393216,40.09522312425778,79.71467146331318,2.422915115063823,0.046067604475067525,2.3768475105887554,50.96382991821295,23.463238219909613,0.9743825383201686,0.9182608969683201
2020-04-20,49.75733184814453,-0.010038465581097729,-0.009988248360572882,0.011580411041559125,0.020854428493631533,0.12754711640906993,38.27630062103272,42.98226676940918,27.21876338005066,43.63186033298666,40.810934881582725,80.65519317773088,2.8209254514039372,0.6010391738608415,2.219886277543096,52.47008811903659,24.082513123028846,0.9044386048729571,0.9229466647545924
2020-04-21,45.78133392333984,-0.08328137479063692,-0.0799077799617377,-0.010038465581097729,0.011580411041559125,0.0866771798728856,39.1177339553833,42.900466766357425,27.369970049858093,43.962548577656385,41.17911258837955,68.65541378292386,2.783435989276832,1.0375185369440396,1.7459174523327923,52.97556321549217,25.25990469527443,0.740427264720975,1.0035933770981496
2020-04-22,48.80733489990234,0.06400415510269586,0.06609682849410836,-0.08328137479063692,-0.010038465581097729,0.02770162075738181,39.8747673034668,42.84824012756348,27.537226724624634,44.70790031954038,41.744166092936794,78.53189727242693,2.9637342266035844,1.4227616748759486,1.5409725517276358,54.127372287890125,25.622162319043465,0.8133661392495598,0.8986166445128225
2020-04-23,47.04199981689453,-0.036839791089286145,-0.036169462779073736,0.06400415510269586,-0.08328137479063692,0.020854428493631533,40.429367256164554,42.75657348632812,27.695750060081483,45.06699254990256,42.13659822063737,78.64114806310354,2.930394329265191,1.7242882057537972,1.2061061235113937,54.900488147918054,25.958246364411053,0.7284768612671271,0.9010580301105299
2020-04-24,48.34333419799805,0.02728753098899391,0.02766324531628772,-0.036839791089286145,0.06400415510269586,0.011580411041559125,41.08600063323975,42.70038681030273,27.8578267288208,45.571045111148024,42.5963564411826,78.3438117520779,2.974688669965424,1.9743682985961226,1.0003203713693014,55.75057343425589,26.421427832223607,0.7474444248473239,0.8929603529538834
2020-04-27,53.25,0.09666945779957149,0.10149622245552825,0.02728753098899391,-0.036839791089286145,-0.010038465581097729,42.03396720886231,42.69338684082031,28.04454339504242,46.75242278635602,43.38551522331722,80.06640500255405,3.366907563038801,2.2528761514846583,1.1140314115541425,57.28829934505971,26.779635072664902,0.8676343444929613,0.9220609748576856
2020-04-28,51.27466583251953,-0.037801017814305886,-0.037095477323576875,0.09666945779957149,0.02728753098899391,-0.08328137479063692,42.923933792114255,42.65217346191406,28.21922338962555,47.44815248576579,43.9698967499248,73.78303564453351,3.478255735840989,2.4979520683559246,0.9803036674850643,58.15270907208233,27.695158512146175,0.7741760872717659,0.9323954688928212
2020-04-29,53.367332458496094,0.040002020280935593,0.040812876924676944,-0.037801017814305886,0.09666945779957149,0.06400415510269586,43.84563369750977,42.57498680114746,28.401560053825378,48.358795558493526,44.66600309870786,75.2564026882574,3.6927924597856645,2.736920146641873,0.9558723131437916,59.26826481623167,28.423002578787866,0.8086924237404507,0.9316443814102235
2020-04-30,52.12533187866211,-0.023547759980736722,-0.023272674923369818,0.040002020280935593,-0.037801017814305886,-0.036839791089286145,44.846700286865236,42.394266815185546,28.57806005001068,48.93826268467331,45.21854597129707,71.19747640048416,3.7197167133762434,2.9334794599887473,0.7862372533874962,59.64690029527739,30.04650027845308,0.7458963928750908,0.8625572998054682
2020-05-01,46.75466537475586,-0.10873700220740792,-0.1030337133662409,-0.023547759980736722,0.040002020280935593,0.02728753098899391,45.66953353881836,42.13014678955078,28.726880040168762,48.60232463699371,45.3323325937755,55.08469044800525,3.2699920432182097,3.00078197663464,0.2692100665835695,58.79967315943129,32.53939391820542,0.5413221742986633,0.9419816267426833
2020-05-04,50.74599838256836,0.0819187203405193,0.08536758793631605,-0.10873700220740792,-0.023547759980736722,0.09666945779957149,46.6068000793457,41.94373344421387,28.89609670162201,48.932120597851345,45.73334487442682,55.168866282368114,3.198775723424525,3.0403807259926174,0.15839499743190766,58.21683129378744,34.99676886490396,0.6782595682462033,0.9594360862319429
2020-05-05,51.2140007019043,0.009180180665024101,0.009222447764407393,0.0819187203405193,-0.10873700220740792,-0.037801017814305886,47.44670009613037,41.856293487548825,29.06610670566559,49.28317907539795,46.139319380165894,53.970452834982375,3.1438596952320594,3.0610765198405057,0.08278317539155378,57.69383553121218,37.19956466104856,0.683822133982747,0.9421324678222548
2020-05-06,52.172000885009766,0.018533023597782732,0.018705825945557253,0.009180180665024101,0.0819187203405193,0.040002020280935593,48.23713340759277,41.83318687438965,29.241740040779113,49.727613199953616,46.586184676821,53.87406305389264,3.1414285231326176,3.0771469204989286,0.06428160263368898,57.24893571149059,39.225331103694955,0.7183174544183615,0.9329270603673858
2020-05-07,52.00266647338867,-0.003250973870209664,-0.003245695176505081,0.018533023597782732,0.009180180665024101,-0.023547759980736722,49.00780010223389,41.83484024047851,29.415030035972595,50.0776213958667,46.98740555064082,52.74586513582121,3.0902158452258774,3.0797607054443183,0.010455139781559097,56.297146195359694,41.71845400910808,0.7054276428155252,0.9351190646491006
2020-05-08,54.62799835205078,0.04925154604829151,0.05048456274844226,-0.003250973870209664,0.018533023597782732,-0.10873700220740792,49.829199981689456,42.02206687927246,29.59987669467926,50.777679389125794,47.5533753877823,57.19066072828856,3.2243040013434907,3.108669364624153,0.11563463671933771,55.5171065854067,44.14129337797221,0.9218422263847602,0.9376051655777952
2020-05-11,54.08599853515625,-0.009971196406895207,-0.0099216488475673,0.04925154604829151,-0.003250973870209664,0.0819187203405193,50.36366653442383,42.213133544921874,29.79403335094452,51.28665156543817,48.03727339869889,63.64372584322168,3.2493781667392767,3.1368111250471777,0.11256704169209897,55.48746255537711,45.23987051347055,0.8632396747948491,0.8469688606823969
2020-05-12,53.96066665649414,-0.0023199593370761967,-0.002317270311292141,-0.009971196406895207,0.04925154604829151,0.009180180665024101,50.695399856567384,42.30085350036621,29.98782334804535,51.6980385025237,48.47604326964669,59.35834952385797,3.2219952328770134,3.153847946613145,0.06814728626386835,55.850125030043756,45.54067468309101,0.8167255954525161,0.7990751217990105
2020-05-13,52.73066711425781,-0.02305818093053759,-0.02279437261341355,-0.0023199593370761967,-0.009971196406895207,0.018533023597782732,50.89916648864746,42.361453475952146,30.1728866815567,51.85690444279049,48.79120059146973,60.53534903673175,3.0657038513207553,3.1362191275546674,-0.07051527623391207,56.036505332823836,45.76182764447108,0.6782538276296997,0.8015727077219668
2020-05-14,53.55533218383789,0.015518160889563192,0.01563919280204029,-0.02305818093053759,-0.0023199593370761967,-0.003250973870209664,51.09289970397949,42.43322677612305,30.359910006523133,52.118201018336244,49.144099227941446,59.826048758933595,2.9741017903947977,3.1037956601226937,-0.12969386972789598,56.328064519344885,45.8577348886141,0.7351819442848364,0.8003092616884183
2020-05-15,53.27799987792969,-0.005191880165631997,-0.005178425650618879,0.015518160889563192,-0.02305818093053759,0.04925154604829151,51.243832969665526,42.53273345947266,30.54576334476471,52.296631612119846,49.45031409090353,50.06395002767103,2.8463175212163137,3.0523000323414182,-0.20598251112510457,56.551369428093636,45.936296511237416,0.6916300457092484,0.8003485646161441
2020-05-18,54.242000579833984,0.01793204109959487,0.018093785504579962,-0.005191880165631997,0.015518160889563192,-0.009971196406895207,51.46806640625,42.679600143432616,30.73902334690094,52.595919145614324,49.805253830824306,57.105460415463575,2.7906653147900187,2.9999730888311387,-0.20930777404112,56.88890225607519,46.047230556424815,0.7558585290563111,0.8005020515594554
2020-05-19,53.867332458496094,-0.0069313094591098995,-0.006907343337870575,0.01793204109959487,-0.005191880165631997,-0.0023199593370761967,51.87236633300781,42.9462801361084,30.93024667263031,52.791521193749986,50.106148543985185,51.30462011817545,2.685372649764801,2.9370530010178713,-0.2516803512530701,56.678706966791474,47.06602569922415,0.7075348250876883,0.7326975160787313
2020-05-20,54.37066650390625,0.00930057241369536,0.00934395713390801,-0.0069313094591098995,0.01793204109959487,-0.02305818093053759,52.15053291320801,43.173253479003904,31.125993342399596,53.03446662608172,50.422038763238604,56.09350480698655,2.61242786284312,2.8721279733829213,-0.25970011053980135,56.8528028465597,47.448262979856324,0.7360704109042684,0.702478659753169
2020-05-21,55.17333221435547,0.014654934735012084,0.01476284478490908,0.00930057241369536,-0.0069313094591098995,0.015518160889563192,52.55709953308106,43.43108009338379,31.32494333744049,53.36352287043153,50.773986426284296,80.37914063035564,2.5895364441472353,2.8156096675357842,-0.22607322338854896,56.78141894609344,48.332780120068676,0.8096632173712409,0.6849770023589513
2020-05-22,54.45866775512695,-0.013037700356063059,-0.012953077701596039,0.014654934735012084,0.00930057241369536,-0.005191880165631997,52.8628662109375,43.772853469848634,31.51943001270294,53.53200669884621,51.04692578397634,67.5468069179478,2.4850809148698687,2.749503917002601,-0.2644230021327325,56.66739072146379,49.058341700411205,0.7097241770652575,0.6848512010863194
2020-05-26,54.5913314819336,0.0024330819473817387,0.0024360442933193394,-0.013037700356063059,0.014654934735012084,0.01793204109959487,52.92993278503418,44.135853424072266,31.712953333854674,53.69497974239812,51.309474354195395,66.48444682935624,2.3855053882027235,2.676704211242626,-0.2911988230399025,56.80973726147945,49.05012830858892,0.7141085597207228,0.595108560619187
2020-05-27,54.68199920654297,0.0016594670418678843,0.0016608447192640874,0.0024330819473817387,-0.013037700356063059,-0.0069313094591098995,53.10029945373535,44.63606674194336,31.908026666641234,53.8468288907281,51.55929100992485,63.38428866960805,2.2875378808032494,2.5988709451547507,-0.3113330643515013,56.973297074471084,49.22730183299962,0.7041958074463197,0.5769784609777018
2020-05-28,53.72066879272461,-0.017736751939729612,-0.017580381620416863,0.0016594670418678843,0.0024330819473817387,0.00930057241369536,53.11796627044678,45.13688011169434,32.100293345451355,53.82741964488141,51.71939306791001,58.44753928869935,2.1080265769713975,2.5007020715180803,-0.3926754945466828,56.9993071774134,49.23662536348016,0.5776410184938973,0.5644197028729956
2020-05-29,55.66666793823242,0.035583725409644835,0.03622440280883765,-0.017736751939729612,0.0016594670418678843,0.014654934735012084,53.295033073425294,45.768586807250976,32.300293350219725,54.110380920781566,52.011783799045006,55.47283311538294,2.09859712173656,2.4202810815617766,-0.32168395982521636,57.30663043142091,49.283435715429675,0.7955973211120204,0.5702392095678914
2020-06-01,59.87333297729492,0.07284966703702293,0.07556883131087,0.035583725409644835,-0.017736751939729612,-0.013037700356063059,53.95096645355225,46.395866813659666,32.52645335197449,54.996988929475926,52.59412077521167,71.99840266292446,2.4028681542642545,2.416798496102272,-0.013930341838017668,57.74386803638119,50.15806487072331,1.2807171362624008,0.4483791309821948
2020-06-02,58.77066802978516,-0.018588326218028313,-0.018416628784101774,0.07284966703702293,0.035583725409644835,0.0024330819473817387,54.352199935913085,47.00124015808105,32.748426690101624,55.577554944908115,53.05164279406897,67.01893754010392,2.5259121508391473,2.4386212270496475,0.08729092378949987,58.40635760120442,50.29804227062175,1.0449304712172023,0.37800956680229325
2020-06-03,58.86399841308594,0.0015867839932886055,0.0015880436011630472,-0.018588326218028313,0.07284966703702293,0.0016594670418678843,54.73469982147217,47.59946678161621,32.96943334579468,56.083161632320085,53.48218765473689,73.59944458633133,2.6009739775831946,2.471091777156357,0.12988220042683762,58.98115546052666,50.48824418241768,0.9862053136310631,0.37848010294437123
2020-06-04,57.62533187866211,-0.02126741082055923,-0.021042854169221026,0.0015867839932886055,-0.018588326218028313,-0.017736751939729612,55.00736637115479,48.0786400604248,33.18195000648498,56.320418593295784,53.789087226879495,65.17676539218516,2.531331366416289,2.4831396950083433,0.04819167140794578,59.2612863714781,50.753446370831476,0.8077121228547255,0.38857314416689004
2020-06-05,59.04399871826172,0.024320646383694,0.024618805538279664,-0.02126741082055923,0.0015867839932886055,0.035583725409644835,55.359432983398435,48.54052001953125,33.401883335113524,56.73943092021362,54.17833992994485,69.81444562832706,2.5610909902687737,2.4987299540604297,0.06236103620834399,59.730206231726,50.98865973507087,0.9215004446036119,0.3931339944738396
2020-06-08,63.32799911499024,0.07004464847857836,0.0725560681818036,0.024320646383694,-0.02126741082055923,0.07284966703702293,55.79443302154541,49.102866668701175,33.644913330078126,57.7530567963331,54.85609246217043,75.42250950472945,2.896964334162668,2.5783768300808774,0.3185875040817905,61.41246654441227,50.17639949867855,1.170480699588322,0.42856188085811603
2020-06-09,62.711334228515625,-0.00978535494822059,-0.00973763414433615,0.07004464847857836,0.024320646383694,-0.018588326218028313,56.22569980621338,49.671279983520506,33.88441999912262,58.51586870897656,55.43796222264045,74.41477876337315,3.0779064863361114,2.678282761331924,0.3996237250041874,62.56896612862273,49.88243348380402,1.0112219866435324,0.4284625307637601
2020-06-10,68.336669921875,0.08590431690632504,0.08970205725269786,-0.00978535494822059,0.07004464847857836,0.0015867839932886055,56.94449996948242,50.3685066986084,34.15563668251038,60.026761203268634,56.39342205221338,80.05511726991372,3.633339151055253,2.86929403927659,0.7640451117786631,65.18225170357537,48.70674823538947,1.1914611122137049,0.5088311376716577
2020-06-11,64.85600280761719,-0.052277046427824686,-0.0509341048991272,0.08590431690632504,-0.00978535494822059,-0.02126741082055923,57.55076675415039,50.96696006774902,34.408250031471255,60.76972145009149,57.020279885947,68.6837668593449,3.7494415641444903,3.0453235442501705,0.7041180198943198,66.25432841224043,48.84720509606036,0.9196693457486176,0.5446936519346339
2020-06-12,62.35200119018555,-0.03937370329089697,-0.03860863311078977,-0.052277046427824686,0.08590431690632504,0.024320646383694,57.990600204467775,51.57192008972168,34.648650035858154,61.01314910241365,57.41522220477948,64.24721306310227,3.597926897634167,3.15584421492697,0.4420826827071971,66.7330100459196,49.248190363015944,0.7494392887552781,0.5719520751417948
2020-06-15,66.05999755859375,0.05776761532071402,0.059468762792361796,-0.03937370329089697,-0.052277046427824686,0.07004464847857836,58.629700088500975,52.287160034179685,34.90708668708801,61.78958732644136,58.055575934691646,68.3342261264439,3.7340113917497106,3.2714776502915184,0.46253374145819226,67.7808152383353,49.47858493866666,0.9059777059098257,0.596409314649338
2020-06-16,65.47533416748047,-0.008889888882897297,-0.008850490655781473,0.05776761532071402,-0.03937370329089697,-0.00978535494822059,59.1913667678833,52.956653366088865,35.16056002140045,62.35662530198584,58.605187655638964,66.98632860762447,3.751437646346872,3.3674696495025893,0.38396799684428284,68.58431176984162,49.798421765924985,0.8345046414243368,0.5997167680223496
2020-06-17,66.11933135986328,0.009787666254598352,0.009835722116904755,-0.008889888882897297,0.05776761532071402,0.08590431690632504,59.80396671295166,53.59071998596191,35.41595334529877,62.935503157043904,59.16179089298892,69.70962484198571,3.7737122640549856,3.448718172413069,0.3249940916419165,69.33205265651712,50.275880769386205,0.8314078338670179,0.5966025093271633
2020-06-18,66.9306640625,0.012196058432993926,0.012270733625858066,0.009787666254598352,-0.008889888882897297,-0.052277046427824686,60.431966590881345,54.202066574096676,35.67560333251953,63.55014329634484,59.73726297961937,68.57601669280999,3.812880316725469,3.5215506012755493,0.2913297154499195,70.10675629695666,50.757176884806036,0.8358572986624079,0.5966301286286307
2020-06-19,66.72666931152344,-0.003052506049991116,-0.0030478518902198326,0.012196058432993926,0.009787666254598352,-0.03937370329089697,61.009633445739745,54.80481330871582,35.935676679611205,64.03883960637232,60.25499678198263,63.021243366566765,3.783842824389687,3.574009045898377,0.20983377849131024,70.7418745707833,51.277392320696194,0.7937163081107955,0.5982606034104008
2020-06-22,66.28800201416016,-0.006595797039905825,-0.0065740925163715325,-0.003052506049991116,0.012196058432993926,0.05776761532071402,61.60110015869141,55.366573333740234,36.190590023994446,64.38486459218583,60.70188605844023,64.65253845854137,3.6829785337456045,3.5958029434678225,0.08717559027778199,71.09184715458005,52.110353162802774,0.7469195447681355,0.5954715078086639
2020-06-23,66.78533172607422,0.007474555771254048,0.0075025599927995845,-0.006595797039905825,-0.003052506049991116,-0.008889888882897297,62.21080017089844,55.83434661865235,36.44870001792908,64.75416722816865,61.152511663450156,65.20060259837608,3.6016555647184987,3.596973467717958,0.004682097000540786,71.36627067833699,53.05532966345988,0.749825039109629,0.5949097265514841
2020-06-24,64.0566635131836,-0.04171541244464825,-0.040857298187609414,0.007474555771254048,-0.006595797039905825,0.009787666254598352,62.67953338623047,56.168959884643556,36.69171999931336,64.6468589643248,61.36763402268967,61.673809014383714,3.2792249416351353,3.5334237625013936,-0.2541988208662582,71.146033215858,54.213033556602944,0.581328184885448,0.6223438881953889
2020-06-25,65.73200225830078,0.025817844628587844,0.02615401198303724,-0.04171541244464825,0.007474555771254048,0.012196058432993926,63.28010005950928,56.510493240356446,36.94186667442322,64.81380408647496,61.69092055866086,62.027633330131856,3.1228835278140963,3.4513157155639345,-0.3284321877498382,70.71161753312714,55.84858258589143,0.6649664558749835,0.6177227713322127
2020-06-26,63.982666015625,-0.02697370050614223,-0.026613159231048233,0.025817844628587844,-0.04171541244464825,-0.003052506049991116,63.695899963378906,56.796533203125,37.17941333770752,64.68593669095958,61.86067948139895,51.295446924924185,2.8252572095606325,3.326104014363274,-0.5008468048026415,70.20745820310694,57.18434172365087,0.5220197717419229,0.623365801969807
2020-06-29,67.29000091552734,0.05039944763683731,0.05169110801188981,-0.02697370050614223,0.025817844628587844,-0.006595797039905825,64.06673336029053,57.13714653015137,37.433906679153445,65.08656195627769,62.26285143948253,58.18827876891272,2.8237105167951597,3.225625314849651,-0.4019147980544915,70.5060378502808,57.62742887030025,0.7502807221065021,0.5964039494911861
2020-06-30,71.98733520507812,0.06747855280845434,0.0698073149894527,0.05039944763683731,-0.02697370050614223,0.007474555771254048,64.72756671905518,57.58174659729004,37.71211002349853,66.14821937917006,62.983183570267386,56.752822425749294,3.1650358089026724,3.2135074136602557,-0.048471604757583275,71.57800907177788,57.87712436633247,1.0298758906523426,0.6271074253271148
2020-07-01,74.64199829101562,0.036213124954005624,0.03687680726581788,0.06747855280845434,0.05039944763683731,-0.04171541244464825,65.51646671295165,58.15895988464356,38.00438335418701,67.45495459637706,63.84679947550799,68.67224386896427,3.608155120869071,3.292436955102019,0.31571816576705203,73.1167148826091,57.9162185432942,1.1003443160248325,0.6328605958447243
2020-07-02,80.57733154296875,0.07651403502187115,0.0795173412803385,0.036213124954005624,0.06747855280845434,0.025817844628587844,66.664066696167,58.79435981750488,38.32567335128784,69.47378181892964,65.08609814717175,80.74864424126102,4.387683671757884,3.5114862984331925,0.8761973733246915,75.98408300705628,57.344050385277704,1.246418481614985,0.6595627629310856
2020-07-06,91.43866729736328,0.12645108117682743,0.1347939370342961,0.07651403502187115,0.036213124954005624,-0.02697370050614223,68.28380012512207,59.68229316711426,38.70170334815979,72.8529949694579,67.0381403064452,84.49188944704235,5.814854663012696,3.9721599713490936,1.8426946916636022,82.16936639495255,54.398233855291586,1.333774680927143,0.7661098740644726
2020-07-07,92.65733337402344,0.01323965619758905,0.013327688522591696,0.12645108117682743,0.07651403502187115,0.05039944763683731,69.75026683807373,60.56857315063476,39.08279001235962,75.89981626246798,68.935858311451,86.3169146067063,6.96395795101698,4.5705195672826715,2.393438383734308,87.17584502822541,52.324688647922045,1.1572828254529874,0.7449766108242478
2020-07-08,91.05867004394533,-0.017404076436543313,-0.01725350030984485,0.01323965619758905,0.12645108117682743,0.06747855280845434,71.16763362884521,61.32474655151367,39.457876701354984,78.2319476134645,70.57458510645058,82.49171368358948,7.657362507013914,5.18788815522892,2.469474351784994,90.67020611773356,51.66506113995686,1.0099592996368325,0.7493629332028924
2020-07-09,92.9520034790039,0.02057924378039391,0.02079245649145589,-0.017404076436543313,0.01323965619758905,0.036213124954005624,72.39840030670166,62.15829330444336,39.84222671508789,80.49657159277825,72.23217165256564,82.97179424763749,8.264399940212613,5.803190512225659,2.4612094279869536,94.1283833132226,50.66841730018073,0.9729318740409122,0.706236337687051
2020-07-10,102.97666931152344,0.10241918272489342,0.10784776505418647,0.02057924378039391,-0.017404076436543313,0.07651403502187115,74.30443363189697,63.150480041503904,40.28270672798157,83.9550481648929,74.50954184952548,86.779126458591,9.445506315367425,6.531653672854012,2.9138526425134126,99.6375668414621,48.971300422331836,1.065903858840496,0.7229521045348085
2020-07-13,99.8040008544922,-0.03129417979716158,-0.03080958510547016,0.10241918272489342,0.02057924378039391,0.12645108117682743,76.17703361511231,64.10405342102051,40.70549339771271,86.3933485786774,76.38320547952301,82.2178319944345,10.01014309915439,7.227351558114088,2.782791541040303,103.26609124220082,49.0879759880238,0.9360979913851526,0.7142053803281845
2020-07-14,101.12000274658205,0.013099686323903579,0.013185863099901995,-0.03129417979716158,0.10241918272489342,0.01323965619758905,77.93003387451172,65.19136016845704,41.13024007320404,88.65898768143197,78.2155608326385,82.49337325840455,10.443426848793465,7.870566616249963,2.5728602325435013,106.74511781613452,49.11494993288892,0.9023928737992133,0.7033141001921792
2020-07-15,103.06732940673828,0.019074500672006712,0.019257581163604653,0.013099686323903579,-0.03129417979716158,-0.017404076436543313,79.80963363647462,66.23778678894043,41.56486671924591,90.8756556391714,80.05643257886811,87.47278147792035,10.819223060303287,8.460297905060628,2.358925155242659,110.07190552305383,49.5473617498954,0.8842688324497218,0.6943477957510444
2020-07-16,100.04266357421876,-0.02978572748503654,-0.029346504366899562,0.019074500672006712,0.013099686323903579,0.02057924378039391,81.50580024719238,67.21436004638672,41.98479003429413,92.2859645522556,81.53689413407926,82.12528782746116,10.749070418176345,8.918052407683772,1.8310180104925724,112.33465113778131,50.67694935660346,0.8006414898955105,0.7179069618504597
2020-07-17,100.05599975585938,0.0001332960594379358,0.0001333049437524103,-0.02978572748503654,0.019074500672006712,0.10241918272489342,83.16206703186035,68.17204002380372,42.40350669384003,93.48135458357926,82.9086797356926,84.91058167320799,10.57267484788666,9.24897689572435,1.3236979521623091,114.25207774145008,52.07205632227061,0.7716939032572943,0.7210735749852197
2020-07-20,109.53333282470705,0.09049888548491702,0.09472028755869455,0.0001332960594379358,-0.02978572748503654,-0.03129417979716158,85.30240020751953,69.32265335083008,42.870130019187926,95.95088969759891,84.88087626080478,86.52035355550073,11.070013436794127,9.613184203938307,1.4568292328558208,117.50242465133562,53.10237576370343,0.8762564320326316,0.7568070343696158
2020-07-21,104.55733489990234,-0.046493332015906566,-0.045429074387502655,0.09049888548491702,0.0001332960594379358,0.013099686323903579,87.21586685180664,70.32124008178711,43.3152400302887,97.27495819026097,86.33839171555276,78.0225116668157,10.936566474708215,9.877860658092288,1.0587058166159267,119.20591647827146,55.22581722534181,0.7710447193828266,0.7912149564826974
2020-07-22,106.15533447265624,0.01516786071044045,0.015283476518254124,-0.046493332015906566,0.09049888548491702,0.019074500672006712,89.18436698913574,71.36262680053711,43.76887336730957,98.6411699260141,87.80631340126413,77.61550329218582,10.834856524749966,10.069259831423825,0.7655966933261418,120.72305624256782,57.645677735703664,0.7690499809162756,0.7897101438357756
2020-07-23,100.87133026123048,-0.05105769412846362,-0.049776153385742705,0.01516786071044045,-0.046493332015906566,-0.02978572748503654,91.02510032653808,72.30084007263184,44.193990020751954,98.98427151604739,88.77409242792831,67.98922043318726,10.210179088119077,10.097443682762876,0.11273540535620086,120.62662949516843,61.42357115790774,0.6663128596938626,0.800513415334079
2020-07-24,94.46666717529295,-0.06559870288489461,-0.0634933937061315,-0.05105769412846362,0.01516786071044045,0.0001332960594379358,92.46183357238769,73.13556007385255,44.58630669593811,98.28925546362362,89.1957646314368,52.91437843051843,9.093490832186816,9.896653112647664,-0.8031622804608478,119.57954787374015,65.34411927103523,0.5369653869169437,0.8594001171133794
2020-07-27,102.63999938964844,0.08298067038819532,0.08652080631985237,-0.06559870288489461,-0.05105769412846362,0.09049888548491702,94.39470024108887,74.11725341796875,45.01799669265747,98.95860068301205,90.19163387278581,58.47367532119,8.766966810226236,9.67071585216338,-0.903749041937143,118.2840158044792,70.50538467769854,0.6725729464010942,0.8714011299279446
2020-07-28,98.43267059326172,-0.04185494718429495,-0.040991122577997974,0.08298067038819532,-0.06559870288489461,-0.046493332015906566,95.95183372497559,75.0203468322754,45.42858004570007,98.87768836151201,90.80208103726551,55.993888810130045,8.075607324246505,9.351694146580005,-1.2760868223335002,116.18192765101355,75.72173979893762,0.5613155054384862,0.8950248396128048
2020-07-29,99.94066619873048,0.01520390470417965,0.01532007204904584,-0.04185494718429495,0.08298067038819532,0.01516786071044045,97.3495002746582,75.93432014465333,45.84565338134766,99.04122341339178,91.47901327144811,55.716480614272456,7.562210141943666,8.993797345652737,-1.4315872037090713,114.18626134415629,80.5127392051601,0.576949655381358,0.8765288240570684
2020-07-30,99.16600036621094,-0.00778145458192838,-0.007751257440881343,0.01520390470417965,-0.04185494718429495,-0.05105769412846362,98.57570037841796,76.84029350280761,46.25583004951477,99.06041986767165,92.04841972291203,46.327230286672986,7.012000144759625,8.597437905474115,-1.5854377607144894,111.58671739506286,85.56468336177306,0.5226846213112245,0.8772532237993766
2020-07-31,95.38400268554688,-0.038884339639871014,-0.03813804798718812,-0.00778145458192838,0.01520390470417965,-0.06559870288489461,99.31603393554687,77.66056022644042,46.64678672790527,98.49481722426785,92.29549994236646,45.78940712519604,6.199317281901386,8.117813780759569,-1.9184964988581825,109.36219011060466,89.26987776048908,0.30430170597176803,0.864077352048496
2020-08-03,99.0,0.03720897247565101,0.03790989277703116,-0.038884339639871014,-0.00778145458192838,0.08298067038819532,99.69410057067871,78.53709358215332,47.05520339012146,98.57253765130356,92.79212957626524,48.065219374195344,5.7804080750383235,7.65033263961532,-1.8699245645769969,109.03651365554008,90.35168748581735,0.46285217939017015,0.7533936421647744
2020-08-04,99.13333129882812,0.0013458747004375454,0.0013467807962437295,0.03720897247565101,-0.038884339639871014,-0.04185494718429495,100.01790046691895,79.43058685302735,47.463546714782716,98.65881359707657,93.261848222381,46.286764764127824,5.396965374695569,7.19965918663137,-1.8026938119358018,108.7632412754099,91.272559658428,0.4494262609393117,0.7526358035402174
2020-08-05,99.00133514404295,-0.0013323884879126878,-0.001331501252462508,0.0013458747004375454,0.03720897247565101,0.01520390470417965,100.41503372192383,80.31878692626952,47.872903394699094,98.71150921968679,93.68699540176337,48.960334596622225,5.02451381792342,6.7646301128897806,-1.7401162949663602,108.10502696890251,92.72504047494516,0.4080819363244364,0.7489027990630949
2020-08-06,99.30533599853516,0.0030659693985973365,0.003070674289896047,-0.0013323884879126878,0.0013458747004375454,-0.00778145458192838,100.73270034790039,81.21125366210937,48.284930076599125,98.80286718566346,94.10316877930201,49.25485987130617,4.699698406361449,6.351643771584115,-1.6519453652226659,107.60617872241873,93.85922197338205,0.3961687029774603,0.7463928010307223
2020-08-07,96.84733581542967,-0.025063424630081314,-0.024751944680412197,0.0030659693985973365,-0.0013323884879126878,-0.038884339639871014,100.42623367309571,82.07378700256348,48.683973417282104,98.50201620562748,94.30644041160775,35.368381260380104,4.195575794019732,5.920430176071239,-1.7248543820515074,107.42389603418044,93.42857131201097,0.24427904112886806,0.6532296111379995
2020-08-10,94.5713348388672,-0.023781465364230175,-0.023500914685975927,-0.025063424630081314,0.0030659693985973365,0.03720897247565101,100.16460037231445,82.85188034057617,49.07193675994873,97.89729599535667,94.32606222103438,37.71749405855472,3.5712337743222946,5.450590895721451,-1.8793571213991562,107.63550111369236,92.69369963093655,0.12566324148380723,0.6494575439891356
2020-08-11,91.6259994506836,-0.03163934754750358,-0.031144060652225525,-0.023781465364230175,-0.025063424630081314,0.0013458747004375454,99.68990020751953,83.48693367004394,49.43017342567444,96.93248114233003,94.12605757137877,32.702616439657675,2.8064235709512673,4.921757430767414,-2.115333859816147,108.0578378524356,91.32196256260346,0.018166775433899843,0.6544258801803724
2020-08-12,103.65066528320312,0.12331118921207428,0.1312363947417745,-0.03163934754750358,-0.023781465364230175,-0.0013323884879126878,99.71906700134278,84.3845336151123,49.8390500831604,97.96604793323358,94.83158406855094,52.85122517378874,3.134463864682644,4.564298717550461,-1.4298348528678169,108.14046737233369,91.29766663035187,0.7334290087550921,0.7946997425636455
2020-08-13,108.06666564941406,0.04172205380429948,0.042604650478076156,0.12331118921207428,-0.03163934754750358,0.0030659693985973365,100.12026710510254,85.36858695983886,50.270146741867066,99.51998912033827,95.8119604819482,64.54525114720838,3.7080286383900614,4.393044701718381,-0.6850160633283195,109.33385413128198,90.9066800789231,0.9312326199195093,0.7993385289700132
2020-08-14,110.04733276367188,0.018162259872136134,0.01832819678811437,0.04172205380429948,0.12331118921207428,-0.025063424630081314,100.61983375549316,86.41702697753907,50.714976739883426,101.1395804500819,96.86643250281662,59.131782146630094,4.273147947265272,4.369065350827759,-0.09591740356248657,110.84652276546149,90.39314474552484,0.960926258683988,0.8007849423939685
2020-08-17,122.3759994506836,0.10618769683979797,0.11203058154519474,0.018162259872136134,0.04172205380429948,-0.023781465364230175,101.261967086792,87.6836669921875,51.22185339927673,104.40672183478985,98.75603005451046,74.59291566047527,5.650691780279388,4.625390636718085,1.025301143561303,114.89175740299807,87.63217677058593,1.2745545556481022,0.8246453285892154
2020-08-18,125.80599975585938,0.02764276800974182,0.028028374195693928,0.10618769683979797,0.018162259872136134,-0.03163934754750358,102.32440032958985,88.93322700500488,51.74591006278992,107.69891843803131,100.75973151386964,75.55796024284959,6.939186924161675,5.088149894206803,1.8510370299548713,119.8045420069111,84.84425865226859,1.1716650202193315,0.8043371100021756
2020-08-19,125.23533630371094,-0.0045463782503080055,-0.004536059116861502,0.02764276800974182,0.10618769683979797,0.12331118921207428,103.27840042114258,90.18370704650879,52.267650079727176,110.3968288789051,102.57273927608011,75.86380989203529,7.824089602824984,5.635337835930439,2.188751766894544,123.50563861927752,83.05116222300764,1.0427566449628527,0.8054567723820126
2020-08-20,133.45533752441406,0.0635722137952821,0.06563643667445929,-0.0045463782503080055,0.02764276800974182,0.04172205380429948,104.90760078430176,91.48608039855957,52.82910343170166,113.94429174744494,104.86033914632708,84.71424063524711,9.083952601117858,6.325060788967924,2.758891812149934,129.16580917934817,80.64939238925535,1.0884139561176707,0.7962054310738137
2020-08-21,136.6653289794922,0.023768211540485355,0.024052926729070556,0.0635722137952821,-0.0045463782503080055,0.018162259872136134,107.01753387451171,92.92226692199706,53.40669007301331,117.43983593699066,107.21626431915412,84.60021922693069,10.22357161783654,7.104762954741648,3.1188086630948924,134.56917746534225,79.46589028368118,1.0380404077753016,0.7388416304496026
2020-08-24,134.27999877929688,-0.017607920006301417,-0.017453806448256226,0.023768211540485355,0.0635722137952821,0.10618769683979797,108.59953384399414,94.3608268737793,53.969230070114136,120.03063022042238,109.2209853902758,81.00374811524154,10.809644830146581,7.845739329822635,2.9639055003239463,138.61607932737837,78.58298836060989,0.9277718258671414,0.7079755473256285
2020-08-25,134.8893280029297,0.004527486632740915,0.004537751185374361,-0.017607920006301417,0.023768211540485355,0.02764276800974182,110.42236671447753,95.73741348266601,54.53183004379272,122.3165837254235,111.12234410232423,81.39331563332608,11.194239623099264,8.515439388477962,2.6788002346213027,142.21462177324162,78.63011165571346,0.8847943664774326,0.6784614225425319
2020-08-26,143.54466247558594,0.0621915738853809,0.06416619165356252,0.004527486632740915,-0.017607920006301417,-0.0045463782503080055,112.60256652832031,97.29880004882813,55.137173357009885,125.58244199467927,113.52399731515843,83.76532997924073,12.058444679520846,9.224040446686539,2.8344042328343075,147.22293030881684,77.98220274782379,0.9468771059635274,0.6981711378415222
2020-08-27,149.25,0.03897652873348478,0.039746079206424145,0.0621915738853809,0.004527486632740915,0.0635722137952821,115.10676651000976,98.96141342163087,55.76839335441589,129.2236047647286,116.17036788440595,88.10696880659023,13.053236880322657,9.989879733413762,3.0633571469088956,152.74850779548524,77.4650252245343,0.9535288794299857,0.6948992077624108
2020-08-28,147.55999755859375,-0.01138789608941323,-0.011323299439907841,0.03897652873348478,0.0621915738853809,0.023768211540485355,117.7155662536621,100.57400009155273,56.3895500087738,132.0445882714771,118.49552563804949,88.86433349240185,13.54906263342761,10.701716313416533,2.847346320011077,156.806247156378,78.62488535094622,0.8817333264059127,0.6701792613509491
2020-08-31,166.10667419433594,0.11839534141276628,0.1256890549105465,-0.01138789608941323,0.03897652873348478,-0.017607920006301417,121.0708999633789,102.56160018920899,57.104713382720945,137.28490918268614,122.0222773829596,94.45404299045623,15.262631799726535,11.613899410678535,3.648732389048,164.6590392368575,77.48276068990033,1.016605835688417,0.751890412601644
2020-09-01,158.35000610351562,-0.04782238606695396,-0.04669690804684601,0.11839534141276628,-0.01138789608941323,0.004527486632740915,124.03173370361328,104.4028402709961,57.78001340866089,140.5256933243522,124.71322025114894,84.40008076127481,15.812473073203265,12.453614143183481,3.3588589300197835,169.35581133463637,78.70765607259021,0.8785876535567094,0.7923337510901792
2020-09-02,149.1233367919922,-0.060034084286439256,-0.05826756524083643,-0.04782238606695396,0.11839534141276628,0.0621915738853809,126.53783378601074,106.04960037231446,58.4082400894165,141.84840770398912,126.52137703195214,74.34709511391338,15.327030672036983,13.028297448954183,2.2987332230828006,171.57641140979135,81.49925616223013,0.750735083095255,0.8424662568750355
2020-09-03,135.6666717529297,-0.0945727929773044,-0.09023849203316048,-0.060034084286439256,-0.04782238606695396,0.03897652873348478,128.35590057373048,107.48180053710938,58.96991011619568,140.89737140382613,127.19880627054307,63.372471897315314,13.698565133283054,13.162350985819957,0.536214147463097,171.66839643265016,85.0434047148108,0.5843956349573151,0.9354019655609359
2020-09-04,139.44000244140625,0.02743348445504921,0.027813247275265907,-0.0945727929773044,-0.060034084286439256,-0.01138789608941323,130.48553390502929,108.95596054077149,59.547270126342774,140.67316079422307,128.10556154245887,59.78036761129794,12.567599251764193,13.043400639008805,-0.4758013872446121,171.3968096942471,89.57425811581146,0.6094376594671843,0.9236208905148692
2020-09-08,110.06999969482422,-0.23651789445767657,-0.21062824320390794,0.02743348445504921,-0.0945727929773044,0.11839534141276628,131.26046714782714,109.87770721435547,59.98021346092224,135.96498216354632,126.76959399818963,43.04799616831505,9.19538816535669,12.273798144278384,-3.0784099789216945,169.827382949737,92.6935513459173,0.22527661322669765,1.2885487685747332
2020-09-09,122.09333038330078,0.10366923114657202,0.10923349433825735,-0.23651789445767657,0.02743348445504921,-0.04782238606695396,132.783833694458,110.97377380371094,60.47240345001221,133.83088188966238,126.42320410079046,48.73945299785514,7.407677788871922,11.300574073197092,-3.89289628432517,166.91027252005216,98.65739486886383,0.3433691929329065,1.322969102137225
2020-09-10,123.77999877929688,0.013720031040026988,0.013814582587770685,0.10366923114657202,-0.23651789445767657,-0.060034084286439256,133.7903003692627,112.00962707519531,60.98029010772705,132.2845921803754,126.22741111401317,45.90358984616053,6.057181066362233,10.251895471830121,-4.194714405467888,165.3930441409069,102.18755659761848,0.34162290365832676,1.258900602612129
2020-09-11,124.23999786376952,0.003709375196707332,0.003716263443279244,0.013720031040026988,0.10366923114657202,-0.0945727929773044,134.59896697998047,113.00158706665039,61.48937676429748,131.04696228551296,126.08019531769882,44.61385669057438,4.966766967814138,9.194869771026925,-4.228102803212787,164.1941578304419,105.00377612951905,0.3249889793150388,1.2529626335159378
2020-09-14,139.8733367919922,0.11852211424147725,0.1258317707423402,0.003709375196707332,0.013720031040026988,0.02743348445504921,136.09026718139648,114.18750717163086,62.07910345077514,132.40486605574054,127.10190950097981,52.174816143446684,5.302956554760726,8.416487127773685,-3.1135305730129588,163.39349423344618,108.78704012934679,0.5692787999635321,1.3140055959487529
2020-09-15,149.9199981689453,0.06936453038904387,0.07182685140266343,0.11852211424147725,0.003709375196707332,-0.23651789445767657,137.46746711730958,115.3571337890625,62.71827343940735,135.09950176546434,128.79213829119948,55.444684317750465,6.307363474264861,7.99466239707192,-1.6872989228070594,164.63637818916237,110.29855604545679,0.729168755028549,1.2851794510538437
2020-09-16,147.25332641601562,-0.017947393738460667,-0.01778729846250804,0.06936453038904387,0.11852211424147725,0.10366923114657202,138.5398334503174,116.44905364990234,63.34456007003784,136.96932094247222,130.15963370785252,51.40434986697878,6.809687234619702,7.7576673645814775,-0.9479801299617758,165.46266681216724,111.61700008846752,0.6618234761658744,1.2871365041050342
2020-09-17,141.14332580566406,-0.04237854336559032,-0.04149312452942333,-0.017947393738460667,0.06936453038904387,0.013720031040026988,139.33523292541503,117.45074676513671,63.93865336418152,137.61147553680945,130.97324052991263,46.93964626373239,6.638235006896821,7.533780893044546,-0.8955458861477252,165.53326565072427,113.13720020010578,0.5345081804272709,1.2989286041542076
2020-09-18,147.38333129882812,0.04326101937694436,0.04421041843491591,-0.04237854336559032,-0.017947393738460667,0.003709375196707332,140.03163261413573,118.5393733215332,64.56350335121155,139.1148379617354,132.18880280909156,49.935521704481346,6.926035152643834,7.412231744964403,-0.4861965923205691,166.31190190172984,113.75136332654162,0.6398710683714882,1.2889466533360285
2020-09-21,149.79666137695312,0.016241895082045352,0.016374511668703073,0.04326101937694436,-0.04237854336559032,0.11852211424147725,140.68819923400878,119.47577316284179,65.20147665977478,140.75819541023043,133.49308862893315,43.25270486939615,7.265106781297277,7.382806752230978,-0.11769997093370144,167.2687691963609,114.10762927165666,0.6713368478524969,1.2877666453244092
2020-09-22,141.41000366210938,-0.05761528541471742,-0.055986946823462835,0.016241895082045352,0.04326101937694436,0.06936453038904387,141.04469947814943,120.30789321899414,65.79840333938598,140.8584736028272,134.0795267795388,43.028422969719244,6.778946823288379,7.26203476644246,-0.48308794315408043,167.4540915189001,114.63530743739874,0.5069161793538502,1.3046320817950243
2020-09-23,126.7866668701172,-0.10915761260898606,-0.10341090738483927,-0.05761528541471742,0.016241895082045352,-0.017947393738460667,140.6395664215088,120.82122650146485,66.32037333488465,138.69358025933334,133.53931493439646,41.19841199885087,5.154265324936887,6.840480878141346,-1.686215553204459,167.6874233569557,113.59170948606189,0.24391872183342903,1.363473027390723
2020-09-24,129.26333618164062,0.019345803747202597,0.0195341463945935,-0.10915761260898606,-0.05761528541471742,-0.04237854336559032,139.9255001068115,121.3451466369629,66.85351335525513,137.24277347814984,133.22257576752565,47.23779856398093,4.020197710624188,6.276424244637915,-2.2562265340137264,167.40110613011987,112.44989408350315,0.30597035937759004,1.3446135767779572
2020-09-25,135.77999877929688,0.0491842305281949,0.05041385121376596,0.019345803747202597,-0.10915761260898606,0.04326101937694436,139.25200004577636,122.05989334106445,67.41613334655761,137.01773121678784,133.41201450913834,48.457690361384586,3.605716707649492,5.74228273724023,-2.136566029590738,166.4239059569128,112.08009413463992,0.4361104576573615,1.3495447792066237
2020-09-28,140.39999389648438,0.033459528236176775,0.034025594039789775,0.0491842305281949,0.019345803747202597,0.016241895082045352,138.8939998626709,122.86677322387695,68.00056665420533,137.53807932135655,133.9296426119047,66.14958429398143,3.608436709451837,5.315513531682552,-1.7070768222307153,165.79231137725273,111.99568834808908,0.527994211328043,1.3559838204138863
2020-09-29,139.69000244140625,-0.005069748902601041,-0.005056919415549199,0.033459528236176775,0.0491842305281949,-0.05761528541471742,137.57316627502442,123.46990661621093,68.57912333488464,137.8691444167488,134.35633593260854,60.65302970328127,3.5128084841402654,4.954972522174096,-1.4421640380338303,161.2460598103587,113.90027273969012,0.5447101272859238,1.2786177408558816
2020-09-30,143.00332641601562,0.023442192423042928,0.02371912031427703,-0.005069748902601041,0.033459528236176775,-0.10915761260898606,136.80583229064942,124.23882644653321,69.17467662811279,138.65901857048217,134.99685374619426,61.41302161790195,3.6621648242879132,4.696410982596859,-1.034246158308946,158.56025836961228,115.05140621168654,0.6424421426442355,1.2746852803641076
2020-10-01,149.3866729736328,0.043670173422939704,0.04463774876849502,0.023442192423042928,-0.005069748902601041,0.019345803747202597,136.81899909973146,125.10345321655274,69.79444333076476,140.30942694019765,136.06276628156007,63.94867839390651,4.24666065863758,4.606460917805004,-0.3598002591674234,158.60511092148286,115.03288727798005,0.7884331535779988,1.2685441238088448
2020-10-02,138.3633270263672,-0.07665503512528221,-0.0737906918190171,0.043670173422939704,0.023442192423042928,0.0491842305281949,136.9538318634033,125.85329315185547,70.3599299621582,140.0100269534545,136.23317818858283,49.11726307308769,3.776848764871687,4.44053848721834,-0.6636897223466534,158.74329415197627,115.16436957483035,0.5323435049542975,1.252300979709207
2020-10-05,141.89332580566406,0.025192518630920653,0.025512531789757986,-0.07665503512528221,0.043670173422939704,0.033459528236176775,137.0764980316162,126.8018263244629,70.93834659576416,140.29976523840983,136.6524483824407,44.92068506965137,3.6473168559691374,4.2818941609685,-0.6345773049993628,158.95234284011218,115.20065322312023,0.6100946687137114,1.251698345507399
2020-10-06,137.9933319091797,-0.02787018407731412,-0.02748539351192436,0.025192518630920653,-0.07665503512528221,-0.005069748902601041,138.472664642334,127.50889297485351,71.49363325119019,139.9449293416052,136.75177308812508,44.23029276227908,3.1931562534801117,4.0641465794708225,-0.8709903259907108,156.2764418391561,120.6688874455119,0.4865384539512248,0.895211696232714
2020-10-07,141.76666259765625,0.026977120398229415,0.027344297266189477,-0.02787018407731412,0.025192518630920653,0.023442192423042928,139.45633125305176,128.3755728149414,72.06726989746093,140.22519599638227,137.12324638512737,50.40003650672192,3.101949611254895,3.871707185827637,-0.7697575745727421,155.54061337136187,123.37204913474164,0.5718195356065797,0.82922252347582
2020-10-08,141.97332763671875,0.0014567215247855486,0.0014577830589765917,0.026977120398229415,-0.02787018407731412,0.043670173422939704,140.36599769592286,129.21622604370117,72.6373965358734,140.4941393256648,137.48251166302302,46.23660547864477,3.0116276626417857,3.699691281190467,-0.6880636185486813,154.6774405502014,126.05455484164432,0.5561554120420279,0.8291391324116824
2020-10-09,144.6666717529297,0.018793074176697643,0.01897077543397918,0.0014567215247855486,0.026977120398229415,-0.07665503512528221,141.38733139038087,130.12623947143555,73.21897989273072,141.13606739139786,138.01467166968277,46.44524186489807,3.121395721715089,3.5840321692953916,-0.4626364475803024,153.61730415071443,129.1573586300473,0.6340698146599707,0.8301079130083225
2020-10-12,147.43333435058594,0.018943822515122916,0.01912439516394837,0.018793074176697643,0.0014567215247855486,0.025192518630920653,141.76533126831055,131.16722610473633,73.81249989509583,142.1048776928114,138.7123503867867,54.526324334997426,3.3925273060247036,3.5457311966412544,-0.1532038906165507,154.26267754796396,129.26798498865713,0.7267682656558581,0.7218397820543084
2020-10-13,148.88333129882812,0.009786884708723409,0.009834932884270176,0.018943822515122916,0.018793074176697643,-0.02787018407731412,141.7134979248047,132.1648927307129,74.41345655441285,143.14771670912168,139.46575638027124,70.70397936188725,3.681960328850437,3.5729770230830913,0.1089833057673455,154.07631145591358,129.35068439369581,0.7899757953956751,0.6784642760560787
2020-10-14,153.76666259765625,0.032273287618783654,0.032799718116372834,0.009786884708723409,0.018943822515122916,0.026977120398229415,142.0391647338867,133.25755935668946,75.04405652999878,144.78140069197315,140.52508276674422,71.96820086337895,4.256317925228927,3.7096452035122587,0.5466727217166687,155.32512015132062,128.7532093164528,0.9413494361263869,0.6845769912148421
2020-10-15,149.6266632080078,-0.02729299577407529,-0.02692390743031925,0.032273287618783654,0.009786884708723409,0.0014567215247855486,142.4633316040039,134.27006591796874,75.65274651527405,145.52682569444002,141.1992739105415,62.96666223706377,4.327551783898514,3.83322651958951,0.4943252643090039,156.16406657443193,128.7625966335759,0.7614214353998308,0.673564196300604
2020-10-16,146.55667114257812,-0.020731092265373598,-0.02051768046956881,-0.02729299577407529,0.032273287618783654,0.018793074176697643,142.4219985961914,135.21509262084962,76.24210987091064,145.68526345569205,141.59611814995165,55.937772618586514,4.089145305740402,3.8844102768196884,0.2047350289207137,156.06510383153284,128.77889336084996,0.6515297461635114,0.660912224635479
2020-10-19,143.61000061035156,-0.020310891071385614,-0.020106014344170586,-0.020731092265373598,-0.02729299577407529,0.018943822515122916,142.11266555786133,136.15034591674805,76.81248987197876,145.3659922487166,141.74529462849978,53.6242585394055,3.6206976202168164,3.8316677454991144,-0.21097012528229797,155.325498086414,128.89983302930867,0.5566621520879235,0.6615277030500095
2020-10-20,140.64666748046875,-0.020850455371877373,-0.020634587544658856,-0.020310891071385614,-0.020731092265373598,0.009786884708723409,142.0744987487793,137.07185256958007,77.36520987510681,144.63994228437076,141.66391483975676,47.80694355697551,2.9760274446140045,3.6605396853220924,-0.6845122407080879,155.3002810959332,128.84871640162538,0.4460209146486597,0.632864838813429
2020-10-21,140.8800048828125,0.0016576578966101716,0.0016590325709362475,-0.020850455371877373,-0.020310891071385614,0.032273287618783654,142.77916564941407,138.05693267822267,77.9132565689087,144.0614903764387,141.60584743553866,41.0606685966244,2.4556429409000486,3.419560336437684,-0.9639173955376354,153.91142476687097,131.64690653195717,0.41470011852206057,0.48494397668625455
2020-10-22,141.92999267578125,0.007425427859397711,0.007453064711647084,0.0016576578966101716,-0.020850455371877373,-0.02729299577407529,143.4124984741211,138.8225192260742,78.45885986328125,143.73356765326065,141.62985819407515,54.74206855585252,2.1037094591854952,3.1563901609872467,-1.0526807018017514,152.57392109666006,134.25107585158213,0.4190897604323712,0.4821932006973862
2020-10-23,140.2100067138672,-0.01219258008931434,-0.012118551755604834,0.007425427859397711,0.0016576578966101716,-0.020731092265373598,143.6339988708496,139.46538604736327,78.99946323394775,143.1914813548924,141.52468401035605,47.64877440783506,1.6667973445363486,2.858471597697067,-1.1916742531607185,152.21420938960958,135.05378835208964,0.3004715531456876,0.45553150441254464
2020-10-26,140.0933380126953,-0.0008324460631960825,-0.0008320996760948773,-0.01219258008931434,0.007425427859397711,-0.020310891071385614,143.61866607666016,140.06630615234374,79.54054658889771,142.71484391763133,141.4186583808997,53.279895749524314,1.2961855367316275,2.546014385503979,-1.2498288487723515,152.224268276957,135.01306387636333,0.2951724945034496,0.43971569370152963
2020-10-27,141.55999755859375,0.010414737676610572,0.010469159823756513,-0.0008324460631960825,-0.01219258008931434,-0.020850455371877373,143.71216583251953,140.44998611450194,80.07339324951172,142.53717524701017,141.42912794961777,49.6521567616267,1.1080472973924032,2.258420967881664,-1.1503736704892606,152.17753457647277,135.2467970885663,0.3728839617610832,0.44083274559530744
2020-10-28,135.33999633789062,-0.04493353448533056,-0.043938975190562446,0.010414737676610572,-0.0008324460631960825,0.0016576578966101716,143.3289993286133,140.64066604614257,80.57078657150268,141.42991695329945,140.9780811635639,40.7148141946155,0.45183578973555427,1.897103932252442,-1.4452681425168876,152.58615769898086,134.07184095824573,0.0684959319538217,0.46035755105367293
2020-10-29,136.94332885742188,0.011777078527549948,0.011846701366300838,-0.04493353448533056,0.010414737676610572,0.007425427859397711,142.70683212280272,140.8748258972168,81.08266988754272,140.73967263085675,140.67921062236817,38.8487553915847,0.06046200848857097,1.5297755474996677,-1.4693135390110967,151.92227336287905,133.4913908827264,0.18729097634976025,0.4306626993496169
2020-10-30,129.34666442871094,-0.05707106115006527,-0.05547305218949494,0.011777078527549948,-0.04493353448533056,-0.01219258008931434,142.25599899291993,140.79265243530273,81.55823987960815,138.98690213821894,139.83976275617135,27.08225060014354,-0.8528606179524161,1.053248314409251,-1.9061089323616671,153.1037853885586,131.40821259728125,-0.09502160594714287,0.3908200560888389
2020-11-02,133.50332641601562,0.03163027338080621,0.03213582666134873,-0.05707106115006527,0.011777078527549948,-0.0008324460631960825,141.8364990234375,140.7294123840332,82.0555898475647,138.14327510403382,139.37039710134502,31.762822461345166,-1.227121997311201,0.5971742520651606,-1.8242962493763617,153.37053900507436,130.30245904180066,0.1387574249487175,0.39766823660037287
2020-11-03,141.3000030517578,0.05675891678442002,0.05840061701119437,0.03163027338080621,-0.05707106115006527,0.010414737676610572,142.0018325805664,140.8698124694824,82.5796898651123,138.6289255575298,139.51333087544967,36.172729060531196,-0.8844053179198568,0.30085833806815715,-1.1852636559880139,153.3978897257996,130.60577543533321,0.4692073530404262,0.43892801080914734
2020-11-04,140.32666015625,-0.0069123197353376745,-0.006888484603579825,0.05675891678442002,0.03163027338080621,-0.04493353448533056,141.9298324584961,140.97855911254882,83.09146982192993,138.89011549579448,139.57357748884226,38.90566984281159,-0.6834619930477857,0.1039942718449686,-0.7874562648927542,153.35031525824084,130.50934965875135,0.4298115355385008,0.42888435240614065
2020-11-05,146.02999877929688,0.03983908014025376,0.040643300543862226,-0.0069123197353376745,0.05675891678442002,0.011777078527549948,142.132666015625,141.02826583862304,83.63088647842407,139.98855907787177,140.05183091776485,49.40885315868617,-0.06327183989307628,0.07054104949735962,-0.1338128893904359,153.699559999307,130.565772031943,0.6684692869654564,0.452224571006851
2020-11-06,143.31666564941406,-0.018755444602258167,-0.01858065570474754,0.03983908014025376,-0.0069123197353376745,-0.05707106115006527,142.0651657104492,140.90959915161133,84.15919647216796,140.50057547349365,140.29367052751664,49.669021713305035,0.2069049459770156,0.09781382879329081,0.10909111718372477,153.58545871908953,130.54487270180888,0.5543171921940796,0.4527210890097047
2020-11-09,140.4199981689453,-0.020418708541599162,-0.02021165833954497,-0.018755444602258167,0.03983908014025376,0.03163027338080621,141.7144989013672,140.76679916381835,84.67528980255128,140.4881789651016,140.30302813058543,49.74385714073873,0.18515083451617897,0.11528122993786845,0.06986960457831053,152.97071556729745,130.45828223543694,0.4424984090640326,0.4518953435418317
2020-11-10,136.7866668701172,-0.026215382510501505,-0.02587474253102262,-0.020418708541599162,-0.018755444602258167,0.05675891678442002,141.10966567993165,140.180399017334,85.17025648117065,139.91871556587324,140.0425569261063,45.70448518224246,-0.12384136023305814,0.06745671190368314,-0.19129807213674127,152.03921395214473,130.18011740771857,0.302233417971852,0.4570199595183347
2020-11-11,139.0433349609375,0.016363110813065698,0.0164977197153513,-0.026215382510501505,-0.020418708541599162,-0.0069123197353376745,140.3734992980957,139.79426559448243,85.67180982589721,139.78404162665237,139.96854048424194,47.04558771534196,-0.18449885758957407,0.017065598005031705,-0.20156445559460578,149.5574980103249,131.1895005858665,0.4275825063331622,0.44345008330534663
2020-11-12,137.25332641601562,-0.012957330573612593,-0.012873745767280065,0.016363110813065698,-0.026215382510501505,0.03983908014025376,139.75483245849608,139.5568653869629,86.14447311401368,139.39470082501595,139.7674135162252,46.97825272647939,-0.37271269120924444,-0.06089005983782353,-0.3118226313714209,147.92541083068704,131.58425408630512,0.34691989180383614,0.43677497515080765
2020-11-13,136.1666717529297,-0.007948653293047676,-0.007917146283160204,-0.012957330573612593,0.016363110813065698,-0.018755444602258167,139.23533248901367,139.5668653869629,86.60844980239868,138.8980809677719,139.5006919041292,46.064939553062715,-0.6026109363573084,-0.1692342351417205,-0.4333767012155879,146.88990732124233,131.580757656785,0.2995538091048663,0.4327414181372119
2020-11-16,136.02999877929688,-0.0010042223136041864,-0.0010037182511209997,-0.007948653293047676,-0.012957330573612593,-0.020418708541599162,138.85633239746093,139.4986653137207,87.02859979629517,138.45683755416036,139.243603524512,44.3064077460027,-0.7867659703516381,-0.292740582183704,-0.49402538816793407,146.34777413876958,131.36489065615228,0.3113625043241452,0.42830219141874004
2020-11-17,147.20333862304688,0.07893944622909929,0.08213879250177958,-0.0010042223136041864,-0.007948653293047676,-0.026215382510501505,139.18416595458984,140.24133209228515,87.4689298248291,139.80245310321982,139.83321353181088,61.083777410920746,-0.030760428591065647,-0.24034455146517636,0.2095841228741107,147.530558662608,130.8377732465717,0.9803975171665015,0.5107821961639138
2020-11-18,162.2133331298828,0.09709745318946535,0.10196775866118779,0.07893944622909929,-0.0010042223136041864,0.016363110813065698,140.25083236694337,141.0437321472168,88.03509649276734,143.2502807996295,141.49100016870509,68.87980977174753,1.7592806309244224,0.15958048501274338,1.599700145911679,153.51421222345,126.98745251043674,1.32793756193921,0.6116353061149227
2020-11-19,166.42333984375,0.025622441945055478,0.025953518324515645,0.09709745318946535,0.07893944622909929,-0.012957330573612593,141.4754997253418,141.89659896850586,88.6175598526001,146.81536680641727,143.33784014463433,79.1773706687967,3.477526661782946,0.8231697203667839,2.654356941416162,159.17350008988862,123.77749936079496,1.20482087254288,0.6151838168884382
2020-11-20,163.20333862304688,-0.019537882465358328,-0.019348255020757876,0.025622441945055478,0.09709745318946535,-0.007948653293047676,142.6251663208008,142.6758657836914,89.1842198753357,149.3365932397449,144.80935855044265,73.72204060103019,4.527234689302247,1.5639827141538767,2.9632519751483706,162.79212275051194,122.45820989108964,1.0101952883660994,0.6189164370674434
2020-11-23,173.9499969482422,0.06377098448424992,0.06584827501609536,-0.019537882465358328,0.025622441945055478,-0.0010042223136041864,144.31799926757813,143.3573989868164,89.7968765258789,153.12327073335987,146.96792435768705,74.90464132428096,6.155346375672821,2.482255446457666,3.673090929215155,168.8102120657724,119.82578646938387,1.1049269195237585,0.6490044120288712
2020-11-24,185.1266632080078,0.0622723727366544,0.06425217853318599,0.06377098448424992,-0.019537882465358328,0.07893944622909929,146.49633255004883,144.06153228759766,90.46438318252564,158.0468695756134,149.79449760585896,79.56965465898261,8.25237196975445,3.6362787511170227,4.616093218637427,176.97397950373025,116.01868559636742,1.1337485750896001,0.6741878779068999
2020-11-25,191.3333282470703,0.03297682427747412,0.03352658623835669,0.0622723727366544,0.06377098448424992,0.09709745318946535,149.2959991455078,144.94313232421874,91.16528648376465,163.16786321737604,152.87144802372646,79.70450362046896,10.29641519364958,4.968306039623535,5.328109154026045,185.25311618569847,113.33888210531714,1.0845481028773212,0.6406422053150199
2020-11-27,195.2533264160156,0.02028074420821668,0.020487795852708768,0.03297682427747412,0.0622723727366544,0.025622441945055478,152.2114990234375,146.02533233642578,91.87355312347412,168.10408832485905,156.01084642315527,83.52338368884756,12.093241901703777,6.393293212039584,5.699948689664193,193.07282403631388,111.35017401056115,1.0266817385267681,0.6403789504117704
2020-11-30,189.1999969482422,-0.031493184788437205,-0.03100243964538618,0.02028074420821668,0.03297682427747412,-0.019537882465358328,155.20416564941405,146.86166564941405,92.55287643432617,171.34961272845644,158.46930201760614,80.25304002337842,12.880310710850296,7.690696711801727,5.189613999048569,197.7471586047565,112.66117269407161,0.899546775358679,0.6062775794861041
2020-12-01,194.9199981689453,0.029784568093447848,0.030232565079099327,-0.031493184788437205,0.02028074420821668,0.06377098448424992,158.27499923706054,147.7641323852539,93.24134309768677,174.97582587314702,161.169353584372,85.14428448503618,13.806472288775012,8.913851827196385,4.892620461578627,203.03135776542422,113.51864070869686,0.9093831595868277,0.6058034392294148
2020-12-02,189.606674194336,-0.02763741793314265,-0.027258998689318914,0.029784568093447848,-0.031493184788437205,0.0622723727366544,160.69033279418946,148.72806579589843,93.88356981277465,177.2267256148684,163.27582177770267,79.4784172821869,13.950903837165725,9.921262229190255,4.029641607975471,206.7834236629286,114.5972419254503,0.8136732735334735,0.6099512227560305
2020-12-03,197.7933349609375,0.04227093212295036,0.0431770706457868,-0.02763741793314265,0.029784568093447848,0.03297682427747412,163.56366653442382,150.14819915771486,94.57273315429687,180.39081936041748,165.83267460609042,82.84506629031847,14.55814475432706,10.848638734217616,3.709506020109444,211.44192122612446,115.68541184272317,0.8574657080435218,0.6118160973163911
2020-12-04,199.67999267578125,0.009493325730045684,0.00953853028069096,0.04227093212295036,-0.02763741793314265,0.02028074420821668,166.24616622924805,151.55653228759766,95.27079978942871,183.35838448585807,168.33988335199345,84.16164865874133,15.018501133864618,11.682611214147018,3.3358899197175997,215.96452662115541,116.5278058373407,0.836232190512614,0.6063563792416331
2020-12-07,213.9199981689453,0.068886056292822,0.07131413268972531,0.009493325730045684,0.04227093212295036,-0.031493184788437205,169.7763328552246,153.11933227539063,96.06246978759765,188.06017120633302,171.71618815324916,86.37567357291054,16.34398305308386,12.614885581934388,3.7290974711494727,222.57064811362048,116.98201759682874,0.9180721456246234,0.6200598710503239
2020-12-08,216.6266632080078,0.012573321033348567,0.01265269756091203,0.068886056292822,0.009493325730045684,0.029784568093447848,173.58666610717773,154.6438656616211,96.87896644592286,192.4550161296676,175.0428900091572,85.20572753403212,17.412126120510408,13.574333689649594,3.837792430860814,228.42072192009485,118.75261029426062,0.8924568086635246,0.6023225314064263
2020-12-09,201.4933319091797,-0.07241913725041024,-0.06985904262531573,0.012573321033348567,0.068886056292822,-0.02763741793314265,176.82199935913087,155.87993225097657,97.62683311462402,193.84552624959255,177.00218200175146,69.89465682552797,16.843344247841088,14.228135801287893,2.6152084465531953,230.12820397984353,123.51579473841821,0.7314114531844059,0.6696179774285104
2020-12-10,209.02333068847656,0.03668958724599977,0.03737095767859411,-0.07241913725041024,0.012573321033348567,0.04227093212295036,180.3209991455078,157.2003323364258,98.44561643600464,196.18057308634394,179.37411894150887,70.87417012359717,16.806454144835072,14.74379946999733,2.0626546748377432,232.35784369996958,128.28415459104605,0.7757885474101806,0.6722905879483965
2020-12-11,203.3300018310547,-0.027615591895456065,-0.027237767375868138,0.03668958724599977,-0.07241913725041024,0.009493325730045684,183.62483291625978,158.27919891357422,99.23960311889648,197.28048520091482,181.14862878517894,69.19691890495832,16.131856415735882,15.02141085914504,1.1104455565908413,232.43917739275764,134.8104884397619,0.7018378934114556,0.6838462130210002
2020-12-14,213.27667236328125,0.04775997018342951,0.048918853305726984,-0.027615591895456065,0.03668958724599977,0.068886056292822,187.48033294677734,159.7774658203125,100.05811313629151,199.74143707204811,183.52848386503837,68.95932075466149,16.212953207009747,15.259719328717983,0.9532338782917638,232.54904770795144,142.41161818560323,0.7861889844563196,0.6826164499173957
2020-12-15,211.0833282470703,-0.010337277993335172,-0.010284031966116491,0.04775997018342951,-0.027615591895456065,0.012573321033348567,191.232999420166,161.16126586914064,100.86502643585204,201.48634340666692,185.5695834488926,63.700343286582466,15.916759957774332,15.391127454529254,0.5256325032450775,230.37232511845542,152.0936737218766,0.7535854728301038,0.6876523604645344
2020-12-16,207.58999633789065,-0.01668801318404443,-0.016549539644792555,-0.010337277993335172,0.04775997018342951,-0.07241913725041024,194.2523323059082,162.55319915771486,101.65314308166504,202.4253669345475,187.20072514437393,58.83354727702282,15.224641790173564,15.357830321658117,-0.1331885314845529,228.0413846385742,160.4632799732422,0.6973666485326092,0.6660133659005211
2020-12-17,218.63333129882807,0.05183107739238684,0.05319781856425476,-0.01668801318404443,-0.010337277993335172,0.03668958724599977,197.07333221435547,164.0905325317383,102.50479640960694,204.9188999136676,189.52906634100017,61.79141044240646,15.389833572667413,15.364230971859977,0.025602600807436815,228.967400652614,165.17926377609695,0.8379938675150377,0.6110972768095838
2020-12-18,231.6666717529297,0.05790353852575283,0.0596127789695875,0.05183107739238684,-0.01668801318404443,-0.027615591895456065,200.33549880981445,165.8843994140625,103.4286364364624,209.03394173509253,192.65037044558753,70.00879982975496,16.383571289505,15.568099035388983,0.8154722541160169,232.37590946989994,168.29508814972897,0.9889321375357123,0.6290714233109763
2020-12-21,216.6199951171875,-0.06715493498509616,-0.06494968189377415,0.05790353852575283,0.05183107739238684,0.04775997018342951,203.00633163452147,167.32346588134766,104.30906974792481,210.20102687079947,194.42589819903938,59.39827751125345,15.775128671760086,15.609504962663204,0.16562370909688262,230.61263578799262,175.40002748105033,0.7465680195180034,0.6854690507878767
2020-12-22,213.44667053222656,-0.01475762913420309,-0.01464926902636221,-0.06715493498509616,0.05790353852575283,-0.010337277993335172,204.9811653137207,168.64373260498047,105.16119310379028,210.70035666486518,195.834844297794,60.5201203501477,14.865512367071176,15.4607064435448,-0.5951940764736232,229.2894652499637,180.6728653774777,0.6741278748556994,0.6664982738076537
2020-12-23,215.32666015625,0.00876920991536227,0.008807772074100217,-0.01475762913420309,-0.06715493498509616,-0.01668801318404443,206.4911651611328,169.9725991821289,106.02641639709472,211.4120956635398,197.27868250953148,58.193142614632016,14.13341315400831,15.195247785637502,-1.0618346316291927,229.3129916777837,183.6693386444819,0.6935755446364201,0.6375180079043627
2020-12-24,220.58999633789065,0.024149533626973363,0.02444349518922251,0.00876920991536227,-0.01475762913420309,0.05183107739238684,207.95399856567383,171.3090658569336,106.94251638412476,212.82408038267067,199.00544649681734,59.472111297677564,13.81863388585333,14.919925005680668,-1.1012911198273372,230.43294439055444,185.47505274079322,0.781062952654808,0.6336075621005105
2020-12-28,221.22999572753903,0.002897106734780491,0.002901307404113096,0.024149533626973363,0.00876920991536227,0.05790353852575283,209.25283203125,172.7411325073242,107.8664596939087,214.11729812803503,200.6517094027967,53.77673533305288,13.46558872523832,14.629057749592198,-1.1634690243538781,231.6435958028207,186.8620682596793,0.7674576851973292,0.6318186825910992
2020-12-29,221.9966735839844,0.0034595328945029335,0.003465523985226593,0.002897106734780491,0.024149533626973363,-0.06715493498509616,210.8926658630371,174.24993255615234,108.82808639526367,215.32950973664262,202.23281786066246,52.83118835593353,13.096691875980156,14.32258457486979,-1.2258926988896341,231.85831766502415,189.92701406105007,0.7648142739806187,0.616115529878257
2020-12-30,231.5933380126953,0.042320582323576904,0.04322886588244468,0.0034595328945029335,0.002897106734780491,-0.01475762913420309,212.7263328552246,176.0095993041992,109.84265308380127,217.83163716372763,204.4076712052575,66.85330343317558,13.423965958470149,14.142860851589862,-0.7188948931197139,234.21830521190878,191.2343604985404,0.9389314494814831,0.6235582871754909
2020-12-31,235.22332763671875,0.015552413007484785,0.01567398119122254,0.042320582323576904,0.0034595328945029335,0.00876920991536227,215.00716552734374,177.9011325073242,110.89836305618286,220.50728185188012,206.69031242240277,65.339575023116,13.816969429477354,14.077682567167361,-0.2607131376900078,235.84033929569352,194.17399175899396,0.9851916067653563,0.6089252158431103
2021-01-04,243.2566680908203,0.03358173995604568,0.03415197180829077,0.015552413007484785,0.042320582323576904,0.024149533626973363,217.28033218383788,179.94866577148437,111.97209973335266,224.00718742710168,209.39893136080406,72.7528247187455,14.608256066297628,14.183797266993416,0.4244587993042117,240.03750832605138,194.5231560416244,1.0707284538435669,0.6037239762584712
2021-01-05,245.0366668701172,0.007290726849836652,0.007317368906131216,0.03358173995604568,0.015552413007484785,0.002897106734780491,219.54816589355468,182.0107992553711,113.05477306365967,227.24249195679639,212.03876362075317,69.95642693587381,15.203728336043213,14.387783480803376,0.8159448552398363,243.9040960395595,195.19223574754986,1.0232504121946553,0.6038157930842941
2021-01-06,251.9933319091797,0.027994766442436515,0.028390302267496503,0.007290726849836652,0.03358173995604568,0.0034595328945029335,221.45183258056642,184.24646575927736,114.16997638702392,231.05031348793227,214.99836127174774,74.25398329102053,16.05195221618453,14.72061722787961,1.3313349883049224,249.61035908884,193.29330607229284,1.042313521263968,0.5674883031892042
2021-01-07,272.0133361816406,0.07644846869014829,0.07944656360858104,0.027994766442436515,0.007290726849836652,0.042320582323576904,224.22116622924804,186.88486572265626,115.36170972824097,237.35231697927202,219.22169274655462,81.935953332587,18.130624232717395,15.402618628847168,2.7280056038702263,260.1921680928241,188.250164365672,1.1643152466763311,0.6171534189466961
2021-01-08,293.3399963378906,0.07548123816080572,0.07840299470467449,0.07644846869014829,0.027994766442436515,0.015552413007484785,228.8134994506836,189.9204656982422,116.64865970611572,245.96580611136721,224.71193745702396,83.60724470312633,21.25386865434325,16.572868633946385,4.681000020396866,274.66257535470993,182.9644235466573,1.2036837233347653,0.5724660042924548
2021-01-11,270.39666748046875,-0.08144231364811663,-0.07821411721500826,0.07548123816080572,0.07644846869014829,0.03358173995604568,231.8821662902832,192.62159912109374,117.8245897102356,249.72440016815207,228.09599153283472,65.99664035190216,21.628408635317356,17.58397663422058,4.0444320010967765,280.2977556158193,183.4665769647471,0.8977489660532917,0.6688997356139978
2021-01-12,283.14666748046875,0.046075003355075396,0.047152947996006445,-0.08144231364811663,0.07548123816080572,0.007290726849836652,235.8729995727539,195.54566589355468,119.0688697052002,254.86628744697003,232.1738193808076,78.00887672114314,22.692468066162434,18.60567492060895,4.086793145553482,287.4351584991406,184.31084064636724,0.9584143574671268,0.6608370178328313
2021-01-13,284.8033447265625,0.00583390055163722,0.005850950889994211,0.046075003355075396,-0.08144231364811663,0.027994766442436515,239.44933319091797,198.6547994995117,120.3255097579956,259.4719885669073,236.0723027397524,80.43101600422403,23.39968582715494,19.56447710191815,3.8352087252367895,294.23388448627065,184.66478189556526,0.9139306653360495,0.651268985448842
2021-01-14,281.6666564941406,-0.011074621019438693,-0.011013523157297866,0.00583390055163722,0.046075003355075396,0.07644846869014829,242.97849960327147,201.61806610107422,121.55917636871338,262.88655286340475,239.44966227711447,77.99155242751176,23.436890586290275,20.338959798792576,3.097930787497699,299.1454881793496,186.81151102719332,0.8444029836001093,0.6516464992601193
2021-01-15,275.3866577148437,-0.02254816438492574,-0.02229585445953408,-0.011074621019438693,0.00583390055163722,0.07548123816080572,246.36833267211915,204.29979919433595,122.77558965682984,264.80964591747227,242.11166193916847,72.9242710573157,22.697983978303796,20.81076463469482,1.887219343608976,301.72001892271874,191.01664642151954,0.7621268384792,0.6556768266329505
2021-01-19,281.51666259765625,0.022015499815695363,0.022259629183488006,-0.02254816438492574,-0.011074621019438693,-0.08144231364811663,249.51249923706055,207.12359924316405,124.03168296813965,267.3799561759621,245.03055087683424,74.11337453962122,22.349405299127852,21.11849276758143,1.2309125315464229,305.3723853975414,193.6526130765797,0.7864682114518671,0.641323524459925
2021-01-20,283.4833374023437,0.0069617088412489295,0.006985997867906768,0.022015499815695363,-0.02254816438492574,0.046075003355075396,252.10333251953125,209.872666015625,125.28909631729125,269.85739944155927,247.87890543427937,74.35950943298587,21.97849400727989,21.290493015521122,0.6880009917587699,309.26947751342976,194.93718752563274,0.7744631887121451,0.6187316628532427
2021-01-21,281.663330078125,-0.006440854103183004,-0.006420156263489907,0.0069617088412489295,0.022015499815695363,0.00583390055163722,255.35549926757812,212.6395993041992,126.52533296585084,271.6736964625694,250.3814554078976,71.13905927914581,21.29224105467182,21.290842623351264,0.0013984313205561705,311.41194278708565,199.2990557480706,0.7346548332252991,0.5521467877504416
2021-01-22,282.2133178710937,0.0019507385857469443,0.0019526425140827808,-0.006440854103183004,0.0069617088412489295,-0.011074621019438693,258.7938316345215,215.47546569824217,127.75458288192749,273.29517667926547,252.73937114591212,70.36843316692196,20.55580553335335,21.14383520535168,-0.5880296719983313,312.40960502086284,205.17805824818012,0.7184010857011934,0.5440810673419494
2021-01-25,293.6000061035156,0.039555086200732434,0.04034780611460387,0.0019507385857469443,-0.006440854103183004,-0.02254816438492574,262.70749893188474,218.61173248291016,129.03963624954224,276.41899659068855,255.76608484647534,71.20551923073215,20.652911744213213,21.04565051312399,-0.3927387689107782,314.35474768049573,211.06025018327375,0.7990721473083473,0.5511116172081488
2021-01-26,294.36334228515625,0.002596544878530684,0.0025999188207492807,0.039555086200732434,0.0019507385857469443,0.022015499815695363,266.396166229248,221.71813262939452,130.32045295715332,279.1796651590682,258.6251409530443,70.95677178353621,20.55452420602387,20.94742525170397,-0.3929010456800981,315.8700615377168,216.92227092077925,0.7826457860406322,0.5519363739999144
2021-01-27,288.0533447265625,-0.021669174678462418,-0.02143608477064074,0.002596544878530684,0.039555086200732434,0.0069617088412489295,269.7373336791992,224.73413299560548,131.54373634338378,280.5448466309904,260.8050078992308,65.4049880728839,19.739838731759562,20.70590794771509,-0.9660692159555282,315.23388630700805,224.24078105139034,0.7012900977047656,0.5654647386014066
2021-01-28,278.4766540527344,-0.033811459334112025,-0.033246240146660666,-0.021669174678462418,0.002596544878530684,-0.006440854103183004,272.5613327026367,227.58033264160156,132.69948961257936,280.22666315741253,262.11401872541626,53.031667679178874,18.112644431996273,20.18725524457133,-2.074610812575056,312.21749466995965,232.90517073531382,0.5745826254564413,0.5889656809746502
2021-01-29,264.510009765625,-0.051455133708131096,-0.05015373491403896,-0.033811459334112025,-0.021669174678462418,0.0019507385857469443,274.2071662902832,230.14993286132812,133.7787629890442,277.80871648175287,262.2914995432095,35.4741343918686,15.517216938543356,19.253247583365738,-3.7360306448223817,309.1572810030069,239.25705157755954,0.3612714635650688,0.6169300058063985
2021-02-01,279.9366760253906,0.05668432585298431,0.058321672867634566,-0.051455133708131096,-0.033811459334112025,0.039555086200732434,276.4428337097168,232.804599609375,134.93004302978517,278.13609487308173,263.5985496530007,55.200611682049114,14.537545220081029,18.310107110708795,-3.7725618906277667,306.2326178717087,246.65304954772486,0.5586416184936905,0.6415907098626257
2021-02-02,290.92999267578125,0.03851924269165984,0.039270726531715816,0.05668432585298431,-0.051455133708131096,0.002596544878530684,278.82649993896484,235.37893280029297,136.13339632034302,280.1043868427278,265.62310098802146,54.325829737577685,14.481285854706357,17.54434285950831,-3.0630570048019514,304.82333085740714,252.82966902052254,0.7327878496957512,0.644363627896751
2021-02-03,284.89666748046875,-0.020956118951172036,-0.020738065332563282,0.03851924269165984,0.05668432585298431,-0.021669174678462418,280.8194999694824,237.74839935302734,137.30909299850464,280.84166078699565,267.0507725800546,50.04946084764701,13.79088820694102,16.79365192899485,-3.0027637220538317,301.47135303933067,260.1676468996342,0.5987119048638546,0.6530695244666055
2021-02-04,283.3299865722656,-0.005514295631595512,-0.005499119810906672,-0.020956118951172036,0.03851924269165984,-0.033811459334112025,282.3863327026367,240.15093231201172,138.49683626174928,281.22448013857564,268.25664028318135,50.89648039664619,12.967839855394288,16.02848951427474,-3.0606496588804504,297.96043873565543,266.812226669618,0.53029560308721,0.6499711706467105
2021-02-05,284.07666015625,0.002631883215661463,0.0026353496607176563,-0.005514295631595512,-0.020956118951172036,-0.051455133708131096,282.9894989013672,242.35346557617189,139.673182888031,281.6632770643717,269.4284936071124,54.980703652033284,12.234783457259311,15.269748302871655,-3.0349648456123433,297.7871349840354,268.191862818699,0.5367342881257955,0.5940550843401337
2021-02-08,287.8066711425781,0.013044842106937113,0.0131302972383458,0.002631883215661463,-0.005514295631595512,0.05668432585298431,282.71283264160155,244.4070657348633,140.8770062446594,282.608414614865,270.789840091221,53.70712705252545,11.818574523644031,14.579513547026131,-2.7609390233821003,296.88953054677273,268.53613473643037,0.6796553236532787,0.5297177216123496
2021-02-09,283.1533203125,-0.016300455142510474,-0.016168321643152184,0.013044842106937113,0.002631883215661463,0.03851924269165984,283.3506652832031,246.24346557617187,142.05105617523193,282.692246260655,271.70565344094535,49.81146917362343,10.986592819709642,13.860929401562835,-2.8743365818531927,296.287911570667,270.4134189957392,0.4923729916584204,0.4415695220971834
2021-02-10,268.2733459472656,-0.053982110546516617,-0.052550944303998315,-0.016300455142510474,0.013044842106937113,-0.020956118951172036,282.606999206543,247.70386596679688,143.12617290496826,280.47395390474895,271.45140844141355,43.34383623364073,9.022545463335405,12.89325261391735,-3.8707071505819446,297.1978527274067,268.01614568567925,0.00881374969663705,0.4527200086166944
2021-02-11,270.5533447265625,0.008462878423046197,0.008498789811735685,-0.053982110546516617,-0.016300455142510474,-0.005514295631595512,281.89449920654295,249.33093292236327,144.22256629943848,278.9477063388741,271.38488520327644,44.3018322474113,7.562821135597687,11.827166318253418,-4.264345182655731,297.3969968552183,266.3920015578676,0.1342152491489159,0.45347268557277076
2021-02-12,272.0400085449219,0.005479859012751231,0.005494900903412869,0.008462878423046197,-0.053982110546516617,0.002631883215661463,281.41316680908204,250.8733331298828,145.3159296798706,277.884983601343,271.4334128582131,38.33501750214649,6.451570743129878,10.752047203228711,-4.300476460098833,297.53102721796154,265.29530640020255,0.20923069109729978,0.453160394343855
2021-02-16,265.4066772460937,-0.024685864957400563,-0.024383660823671938,0.005479859012751231,0.008462878423046197,0.013044842106937113,280.9141677856445,252.38933319091797,146.38233640670776,275.9652441620739,270.9869879980561,35.26878034421469,4.9782561640177505,9.597288995386519,-4.619032831368768,298.3792587448898,263.4490768263992,0.056043235739868864,0.454523845459502
2021-02-17,266.04998779296875,0.002420934399335105,0.002423867227268506,-0.024685864957400563,0.005479859012751231,-0.016300455142510474,280.14083404541014,253.75446624755858,147.47881301879883,274.43982010528845,270.62128427916076,38.121272071020044,3.818535826127686,8.441538361534752,-4.623002535407066,298.82102116213525,261.46064692868504,0.12283979907713813,0.4461247731139088
2021-02-18,262.4599914550781,-0.01358555824881115,-0.013493691045324274,0.002420934399335105,-0.024685864957400563,-0.053982110546516617,279.08966674804685,255.01006622314452,148.53738298416138,272.59676954371764,270.01674406996943,40.75570069292527,2.580025473748208,7.269235783977444,-4.689210310229236,299.2826849170363,258.8966485790574,0.08823205244010959,0.44610820121172423
2021-02-19,260.4333190917969,-0.007751801260508434,-0.007721833533733569,-0.01358555824881115,0.002420934399335105,0.008462878423046197,278.02816619873045,255.94033264160157,149.58347957611085,270.72546947419136,269.30686073825296,47.27092501923438,1.4186087359383919,6.099110374369634,-4.680501638431243,299.82024740067504,256.23608499678585,0.09630181844762238,0.44623332702391555
2021-02-22,238.1666717529297,-0.08937612559287707,-0.08549845855559934,-0.007751801260508434,-0.01358555824881115,0.005479859012751231,275.8258338928223,256.3711328125,150.51345293045043,265.71642367092034,267.00018007267346,24.38364506909508,-1.2837564017531236,4.622537019145083,-5.906293420898207,303.8490130505413,247.80265473510326,-0.17192879737057468,0.5385142601272185
2021-02-23,232.94667053222656,-0.022161184525391956,-0.021917429429917368,-0.08937612559287707,-0.007751801260508434,-0.024685864957400563,272.7931671142578,257.0001995849609,151.41817295074463,260.6749231880444,264.4776978844922,11.730533454909619,-3.802774696447841,2.9374746760264983,-6.74024937247434,305.46031882723855,240.12601540127707,-0.10988630003817718,0.5092579491701335
2021-02-24,247.33999633789065,0.059954347975619854,0.06178807266392283,-0.022161184525391956,-0.08937612559287707,0.002420934399335105,270.4419998168945,257.7665328979492,152.38173294067383,258.62339598032844,263.2082385106699,27.67583681803444,-4.5848425303414615,1.4330112347529065,-6.017853765094368,303.3404400211564,237.54355961263263,0.1488890759627705,0.5677601262116587
2021-02-25,227.4066619873047,-0.08402401628244044,-0.08059082496045278,0.059954347975619854,-0.022161184525391956,-0.01358555824881115,267.40966567993166,258.24806610107424,153.24833625793457,253.82082151986322,260.5562698793095,22.715881926851623,-6.735448359446309,-0.20068068408693684,-6.534767675359372,304.3988243295014,230.4205070303619,-0.040739572797667205,0.626729068340321
2021-02-26,225.1666717529297,-0.009898985904473094,-0.009850152211020369,-0.08402401628244044,0.059954347975619854,-0.007751801260508434,264.7441665649414,258.48586608886717,154.10436628341674,249.41249078648883,257.9348181662443,21.671518536775608,-8.522327379755495,-1.8650100232206486,-6.657317356534847,305.83158150904404,223.65675162083875,0.018374484427228024,0.6213250930056671
2021-03-01,239.47666931152344,0.061615106636751404,0.06355291148192554,-0.009898985904473094,-0.08402401628244044,-0.08937612559287707,263.4924995422363,259.05373291015627,155.0380962944031,247.8839028672634,256.56754788070947,28.90562219708322,-8.683645013446068,-3.228737021265733,-5.454907992180335,306.1067857520767,220.87821333239594,0.21821855571562745,0.651667111197011
2021-03-02,228.81333923339844,-0.04554943930628858,-0.044527636486599076,0.061615106636751404,-0.009898985904473094,-0.022161184525391956,260.9363327026367,259.4781997680664,155.91438632965088,244.94997000051495,254.51168057350125,27.46474033693309,-9.5617105729863,-4.495331731609847,-5.066378841376453,305.4865906376381,216.38607476763536,0.1394746634676549,0.6238264185697207
2021-03-03,217.7333374023437,-0.04963546753524217,-0.048423758283395846,-0.04554943930628858,0.061615106636751404,0.059954347975619854,257.27649993896483,259.4601998901367,156.73666301727295,240.76279575464247,251.78735885711922,28.358534089103387,-11.024563102476748,-5.8011780057832265,-5.223385096693521,303.4488035237092,211.10419635422042,0.07178698628233031,0.6110851933321738
2021-03-04,207.14666748046875,-0.04984401019282218,-0.04862218183112732,-0.04963546753524217,-0.04554943930628858,-0.08402401628244044,253.38899993896484,258.9697998046875,157.5011863517761,235.5910837124619,248.48064097736733,24.652187523866047,-12.88955726490542,-7.218853857607665,-5.670703407297755,302.7519116702907,204.02608820763896,0.03160854134592567,0.6236139970698604
2021-03-05,199.3166656494141,-0.038532236280416896,-0.03779931353128296,-0.04984401019282218,-0.04963546753524217,-0.009898985904473094,249.18833389282227,258.62373321533204,158.2284330177307,230.01040401045455,244.83886502714856,22.330992825676248,-14.828461016694007,-8.740775289424935,-6.087685727269072,302.00131826049613,196.3753495251484,0.027846524481449527,0.6272988519087356
2021-03-08,187.6666717529297,-0.06022747806878108,-0.0584496728285433,-0.038532236280416896,-0.04984401019282218,0.061615106636751404,244.36783447265626,258.1081332397461,158.89491304397583,223.49598366314302,240.6038877475768,21.509880396466286,-17.107904084433784,-10.414201048426705,-6.693703036007079,301.21801443708193,187.51765450823055,0.0013106136585001697,0.6399832712354482
2021-03-09,224.52667236328125,0.17932714140524914,0.1964120760817838,-0.06022747806878108,-0.038532236280416896,-0.04554943930628858,241.2038345336914,258.29213348388674,159.74167974472047,223.65455115547198,239.41298290429563,37.97471061764481,-15.758431748823654,-11.483047188506095,-4.275384560317558,294.82678786679503,187.58088120058778,0.3444960494173801,0.9523323858376018
2021-03-10,222.6866607666016,-0.008228833280182578,-0.008195069108326458,0.17932714140524914,-0.06022747806878108,-0.04963546753524217,238.18050155639648,258.3340667724609,160.58281970977782,223.5056449417996,238.17399607928127,38.36356475713925,-14.668351137481665,-12.12010797830121,-2.548243159180455,288.5654739634067,187.79552914938623,0.34624541753605126,0.952326572744144
2021-03-11,233.1999969482422,0.046130766690605556,0.04721134236531421,-0.008228833280182578,0.17932714140524914,-0.04984401019282218,236.4268341064453,258.573466796875,161.47586303710938,224.99708371202155,237.8055516992043,42.40932274257093,-12.808467987182752,-12.257779980077519,-0.5506880071052329,284.8031767659694,188.05049144692123,0.46664860362725413,0.9600788124510852
2021-03-12,231.2433319091797,-0.008425900400429927,-0.008390501992574073,0.046130766690605556,-0.008228833280182578,-0.038532236280416896,234.46133346557616,258.7583999633789,162.35866970062256,225.9580449731228,237.31946134438766,47.823898289997516,-11.361416371264852,-12.078507258314986,0.7170908870501336,280.117418840381,188.80524809077133,0.46475824055020365,0.9583399434435456
2021-03-15,235.97999572753903,0.02027649657712319,0.020483461206222575,-0.008425900400429927,0.046130766690605556,-0.06022747806878108,232.65833282470703,258.8461331176758,163.26996633529663,227.4998835507253,237.22024166906556,50.95632184969708,-9.720358118340272,-11.606877430320043,1.8865193119797716,274.77697331345485,190.53969233595922,0.5394322188974665,0.962499894065496
2021-03-16,225.6266632080078,-0.04486533694757759,-0.04387377195940423,0.02027649657712319,-0.008425900400429927,0.17932714140524914,230.66933212280273,258.6541998291016,164.11976631164552,227.21169580569182,236.3614580793576,42.975456043342504,-9.149762273665772,-11.11545439898919,1.965692125323418,269.93702944947233,191.4016347961331,0.43579113039345385,0.9700231864376266
2021-03-17,233.9366607666016,0.03616869761350537,0.03683074261011732,-0.04486533694757759,0.02027649657712319,-0.008228833280182578,229.06366577148438,258.46779968261717,164.99008295059204,228.24630579967794,236.1818434635979,52.2843346791843,-7.935537663919945,-10.479471051975342,2.5439333880553967,264.69804776575785,193.4292837772109,0.5683749053919374,0.9822070696711146
2021-03-18,217.72000122070312,-0.07184055905976212,-0.0693207276395118,0.03616869761350537,-0.04486533694757759,0.046130766690605556,226.82666625976563,257.9214663696289,165.78482961654663,226.6268743259895,234.81429959375384,47.62703812638972,-8.187425267764354,-10.021061895133144,1.83363662736879,259.0916038057113,194.56172871381995,0.35887676016582243,1.0092301322764883
2021-03-19,218.2899932861328,0.002614584056873359,0.0026180050626212203,-0.07184055905976212,0.03616869761350537,-0.008425900400429927,224.71949996948243,257.24739959716794,166.58195959091188,225.34427724293462,233.59027690430045,42.60069469239237,-8.245999661365829,-9.666049448379683,1.4200497870138538,253.0020558760772,196.43694406288765,0.3863344121976894,1.010117531598496
2021-03-22,223.3333282470703,0.02284097771296026,0.023103830299388672,0.002614584056873359,-0.07184055905976212,0.02027649657712319,223.97783279418945,256.27379943847654,167.4104995727539,225.0349004743401,232.83050292969082,48.00794474708845,-7.795602455350718,-9.291960049773891,1.4963575944231735,251.54452795524895,196.41113763312995,0.4883100868030499,0.9691395503534399
2021-03-23,220.72000122070312,-0.011770465503008509,-0.01170146456365928,0.02284097771296026,0.002614584056873359,-0.04486533694757759,223.3664993286133,254.82139953613282,168.2188795852661,224.3710698199344,231.93342872902508,51.15690429541816,-7.562358909090676,-8.94603982163725,1.3836809125465734,250.63642332076995,196.09657533645662,0.4514758803751829,0.9671451994740158
2021-03-24,210.08999633789065,-0.049358942535190804,-0.04816058727810213,-0.011770465503008509,0.02284097771296026,0.03616869761350537,221.50399932861328,253.61526611328125,168.9526895713806,222.17398159192769,230.31539670005216,51.13973557312226,-8.141415108124477,-8.785114878934696,0.643699770810219,246.9039182338478,196.10408042337875,0.27531418440138455,0.9509296038828042
2021-03-25,213.4633331298828,0.015929083234572167,0.016056627401557888,-0.049358942535190804,-0.011770465503008509,-0.07184055905976212,220.80683288574218,252.22159942626953,169.70644956588745,220.83388182853616,229.06709569485443,55.67379758080447,-8.233213866318266,-8.674734676411411,0.44152081009314514,246.2898736748842,195.32379209660016,0.35591398183947626,0.9104986247683027
2021-03-26,206.23666381835932,-0.034440713289359416,-0.03385438241576788,0.015929083234572167,-0.049358942535190804,0.002614584056873359,219.86033248901367,250.65026580810547,170.39594953536988,218.58815598081665,227.37595259289182,57.721838612828705,-8.78779661207517,-8.697347063544164,-0.09044954853100506,246.05774043240518,193.66292454562216,0.23998059846048578,0.9170503454160183
2021-03-29,203.76333618164065,-0.012065159218403908,-0.011992667021112347,-0.034440713289359416,0.015929083234572167,0.02284097771296026,218.07466583251954,249.09219940185548,171.09048620224,216.3074144732511,225.62686989576213,37.90813872851272,-9.319455422511027,-8.821768735337537,-0.4976866871734895,243.49941705791267,192.64991460712642,0.21855516846541723,0.8833898527592234
2021-03-30,211.8733367919922,0.03902942452340498,0.0398010788512122,-0.012065159218403908,-0.034440713289359416,-0.011770465503008509,217.22766571044923,247.82193298339843,171.83809288024904,215.62524867613436,224.60808966585324,44.1312724302257,-8.98284098971888,-8.853983186213807,-0.12885780350507403,242.2719404925637,192.18339092833477,0.39310273575418375,0.886812307388292
2021-03-31,222.6433258056641,0.049582426993429185,0.05083220558444035,0.03902942452340498,-0.012065159218403908,-0.049358942535190804,217.47316513061523,246.6444662475586,172.62100952148438,216.70495284990818,224.46255160213553,44.286483025988254,-7.757598752227352,-8.634706299416516,0.8771075471891638,242.63429991830606,192.3120303429244,0.6027410074838552,0.8887969260014791
2021-04-01,220.5833282470703,-0.009295525767170772,-0.009252455923120073,0.049582426993429185,0.03902942452340498,0.015929083234572167,218.1449981689453,245.38646606445312,173.39654949188233,217.3016259879331,224.17520172398252,44.23700307727639,-6.873575736049418,-8.282480186743097,1.4089044506936794,242.85873699165083,193.43125934623978,0.549331468937529,0.8694049873949147
2021-04-05,230.3500061035156,0.043324388497766333,0.04427659122771899,-0.009295525767170772,0.049582426993429185,-0.034440713289359416,219.6966651916504,244.36019958496092,174.2177028656006,219.30906908263813,224.63259464098496,47.11331871138914,-5.32352555834683,-7.690689261063844,2.367163702717014,243.30511556797995,196.08821481532084,0.7256255862211634,0.865910477715257
2021-04-06,230.5399932861328,0.0008244361718844317,0.0008247761127986308,0.043324388497766333,-0.009295525767170772,-0.012065159218403908,221.84033126831054,243.3267330932617,175.03574951171876,221.03690357548348,225.07017972581073,52.812332198967795,-4.033276150327254,-6.959206638916527,2.925930488589273,240.46236752466024,203.21829501196083,0.7335851433770001,0.8291626427749352
2021-04-07,223.6566619873047,-0.03031223705748461,-0.029857428208930892,0.0008244361718844317,0.043324388497766333,0.03902942452340498,221.7968307495117,241.9278662109375,175.82039947509764,221.43994333114827,224.9654747081436,44.01815357339207,-3.525531376995332,-6.272471586532289,2.746940209536957,240.3964962585603,203.19716524046314,0.549996362485341,0.5488561889746181
2021-04-08,227.933334350586,0.018941076007001876,0.019121596134364482,-0.03031223705748461,0.0008244361718844317,0.049582426993429185,222.05916442871094,240.5992660522461,176.6286261367798,222.43892656490792,225.18531616313933,56.90214608224862,-2.746389598231417,-5.567255188872115,2.8208655906406976,240.858601126779,203.25972773064288,0.6562326046311461,0.5520450404268401
2021-04-09,225.67333984375,-0.00996463824588372,-0.00991515573303503,0.018941076007001876,-0.03031223705748461,-0.009295525767170772,221.68283157348634,239.35166595458983,177.42306617736816,222.9365286078067,225.2214660654068,54.8782196753936,-2.28493745760008,-4.910791642617707,2.6258541850176274,239.83337735113616,203.53228579583651,0.6099280517277195,0.526774988312524
2021-04-12,233.9933319091797,0.03620406408291566,0.03686741230129442,-0.00996463824588372,0.018941076007001876,0.043324388497766333,221.82033157348633,238.46199951171874,178.27274951934814,224.6375752695564,225.87123390568627,56.75082774737528,-1.23365863612986,-4.175365041320138,2.9417064051902777,240.31424584404675,203.3264173029259,0.8291082719862872,0.5427299938289607
2021-04-13,254.106674194336,0.0824615371588127,0.08595690364784803,0.03620406408291566,-0.00996463824588372,0.0008244361718844317,222.72666549682617,238.25393280029297,179.21462287902833,229.17128279644558,227.96274800114182,67.30716568860329,1.2085347953037626,-3.098585073995358,4.307119869299121,245.43813311371122,200.01519787994113,1.1908406190839924,0.6129858303006184
2021-04-14,244.07666015625,-0.04027179907894118,-0.0394716670464752,0.0824615371588127,0.03620406408291566,-0.03031223705748461,223.64916534423827,237.53673248291017,180.11509284973144,231.46441777487703,229.15637112374242,67.72847272234071,2.3080466511346174,-2.017258728969363,4.3253053801039805,248.27475444047352,199.02357624800302,0.9147615460524086,0.6083582691001028
2021-04-15,246.2833404541016,0.009000306677510112,0.009040931223980753,-0.04027179907894118,0.0824615371588127,0.018941076007001876,224.2664993286133,236.64379943847655,181.0100595474243,233.74425203321928,230.42503551858385,67.33084775064755,3.3192165146354284,-0.9499636802484049,4.269180194883833,250.54174113919862,197.99125751802796,0.9189655281615434,0.5967968160011914
2021-04-16,246.5933380126953,0.001257911412789418,0.0012587029151958085,0.009000306677510112,-0.04027179907894118,-0.00996463824588372,225.71016616821288,235.8777328491211,181.8830895614624,235.7210344916002,231.62268755518468,72.99001494238185,4.09834693641551,0.059698443084377995,4.038648493331132,253.59448429354686,197.8258480428789,0.874460866330263,0.5283989420925068
2021-04-19,238.2100067138672,-0.034587909254449344,-0.03399658468630862,0.001257911412789418,0.009000306677510112,0.03620406408291566,226.7061668395996,234.97533325195312,182.70092960357667,236.10395329502586,232.1106371224945,68.3852837396669,3.9933161725313653,0.8464219889737755,3.1468941835575897,254.89589579617345,198.51643788302576,0.7040431089633604,0.5479129504025791
2021-04-20,239.663330078125,0.006082481415169929,0.006101017267521991,-0.034587909254449344,0.001257911412789418,0.0824615371588127,227.52266693115234,234.08706665039062,183.49635959625243,236.65154972319496,232.67009585994862,65.966978663236,3.981453863246344,1.4734283638282895,2.5080254994180544,256.2420624664738,198.8032713958309,0.7113669685707884,0.5436309143231056
2021-04-21,248.0399932861328,0.03435484924604316,0.034951793439894185,0.006082481415169929,-0.034587909254449344,-0.04027179907894118,228.88866653442383,233.2917330932617,184.2793662261963,238.40361796364692,233.8086067804067,65.00452913575718,4.595011183240217,2.097744927710675,2.497266255529542,258.81905173341005,198.95828133543762,0.819931177370174,0.5510198132801646
2021-04-22,239.89666748046875,-0.03338171795091616,-0.03283069676699324,0.03435484924604316,0.006082481415169929,0.009000306677510112,230.37900009155274,232.4266000366211,185.0155628967285,238.6333178893118,234.25957423967057,60.645259394088,4.373743649641227,2.5529446720967854,1.8207989775444418,259.32012727543037,201.4378729076751,0.6644315255664622,0.5323976304331326
2021-04-23,243.13333129882807,0.01340170287553056,0.013491908213451254,-0.03338171795091616,0.03435484924604316,0.001257911412789418,231.8625,231.92379974365235,185.77593620300294,239.325627644622,234.91688957738594,57.59255238046209,4.408738067236044,2.9241033511246375,1.4846347161114064,260.18792000958837,203.53707999041163,0.698952589141005,0.5318877077330274
2021-04-26,246.0666656494141,0.011992516455123831,0.012064715006025795,0.01340170287553056,-0.03338171795091616,-0.034587909254449344,233.85400009155273,231.4340661621094,186.54150951385498,240.36271041459003,235.74279891605468,58.93090292734936,4.619911498535345,3.2632649806067793,1.3566465179285654,260.1191185585781,207.58888162452732,0.7324883014175967,0.5095439086904092
2021-04-27,234.913330078125,-0.046385859854230806,-0.045326479073682924,0.011992516455123831,0.01340170287553056,0.006082481415169929,235.41149978637696,230.69153259277343,187.201192817688,239.52434420898004,235.68135677991177,56.171644219644215,3.8429874290682733,3.3792094702990783,0.46377795876919503,257.530680069591,213.2923195031629,0.48873896541658873,0.5417551671757632
2021-04-28,231.46665954589844,-0.014780794025162398,-0.014672094304228334,-0.046385859854230806,0.011992516455123831,0.03435484924604316,236.39116592407225,230.01273223876953,187.859506111145,238.2847004146598,235.36915698479967,51.954993608869536,2.915543429860122,3.286476262211287,-0.3709328323511647,255.67463514924862,217.1076966988959,0.37231274827497285,0.5333152844273475
2021-04-29,225.6666717529297,-0.02537683713134589,-0.02505755171974844,-0.014780794025162398,-0.046385859854230806,-0.03338171795091616,236.54233322143554,229.20506591796874,188.48223945617676,236.3434652359321,234.65045437503153,49.996449617801765,1.6930108609005572,2.967783181949141,-1.2747723210485837,255.41505102265802,217.66961542021306,0.2118681690932351,0.5151963297127886
2021-04-30,236.47999572753903,0.04680461290993818,0.04791723957558203,-0.02537683713134589,-0.014780794025162398,0.01340170287553056,237.337166595459,228.68546600341796,189.14930278778075,236.36446992694854,234.78597595669876,51.28976347292592,1.5784939702497809,2.6899253396092693,-1.1114313693594884,254.6548263441473,220.0195068467707,0.4752515385924219,0.5387446131732131
2021-05-03,228.3000030517578,-0.035203052789871056,-0.034590632711300584,0.04680461290993818,-0.02537683713134589,0.011992516455123831,237.2346664428711,228.0427996826172,189.79058948516845,235.12378271538074,234.30553351929575,34.72375020910084,0.8182491960849916,2.315590110904414,-1.4973409148194223,254.7495993114936,219.71973357424858,0.24494154621855663,0.533802921476925
2021-05-04,224.5333404541016,-0.016636360929421768,-0.01649874089928194,-0.035203052789871056,0.04680461290993818,-0.046385859854230806,236.93433380126953,227.77013305664062,190.41297618865966,233.4944839059532,233.5816673663184,37.50479743834842,-0.08718346036522462,1.8350353966504864,-1.922218857015711,255.12555312846945,218.7431144740696,0.15914892443120351,0.5368409103418569
2021-05-05,223.64666748046875,-0.003956776807325929,-0.003948959080373626,-0.016636360929421768,-0.035203052789871056,-0.014780794025162398,236.93383407592773,227.58413299560547,190.98354286193847,231.9794352251094,232.84574144884806,35.2785473332694,-0.8663062237386612,1.294767072572657,-2.161073296311318,255.12658966338162,218.74107848847385,0.1348225937630334,0.5260051334160375
2021-05-06,221.17999267578125,-0.011090612633393284,-0.011029338520784915,-0.003956776807325929,-0.016636360929421768,-0.02537683713134589,236.5961669921875,227.0609329223633,191.56665615081786,230.31798252521276,231.98161191010234,33.92373652089793,-1.663629384889589,0.7030877810802079,-2.3667171659697965,255.71921361537147,217.47312036900354,0.09692159360955742,0.5224505327880555
2021-05-07,224.1233367919922,0.013219694470214068,0.013307460953421169,-0.011090612633393284,-0.003956776807325929,0.04680461290993818,236.5186668395996,226.99526641845702,192.15649616241456,229.36496010471728,231.399517456909,40.4302482373605,-2.0345573521917117,0.15555875442582395,-2.190116106617536,255.83964015898255,217.19769352021666,0.1792260451192609,0.5239502510025007
2021-05-10,209.67999267578125,-0.0666139869184463,-0.06444373139784076,0.013219694470214068,-0.011090612633393284,-0.035203052789871056,235.3029998779297,226.68553283691406,192.7005394744873,226.33650357718867,229.79066376941805,32.68660430164296,-3.4541601922293808,-0.566385034905217,-2.887775157324164,258.0489896397657,212.5570101160937,-0.06324230052058674,0.5550163645755601
2021-05-11,205.7333374023437,-0.019001672485714736,-0.018822278764288658,-0.0666139869184463,0.013219694470214068,-0.016636360929421768,232.88433303833008,226.01066619873046,193.25687282562257,223.16678570413558,228.00863959407923,24.253492054972483,-4.84185388994365,-1.4214788059129035,-3.4203750840307463,257.42792701085756,208.3407390658026,-0.05311776397493932,0.44838910684415767
2021-05-12,196.6300048828125,-0.045257036595020825,-0.04424821292685399,-0.019001672485714736,-0.0666139869184463,-0.003956776807325929,230.5120002746582,225.36699951171875,193.72682285308838,219.08420403931666,225.68429628213354,23.973372750650228,-6.600092242816885,-2.4572014932936996,-4.142890749523185,259.30487912025205,201.71912142906436,-0.08837456951670261,0.45309513148399977
2021-05-13,190.56333923339844,-0.03133918628539079,-0.030853203980896415,-0.045257036595020825,-0.019001672485714736,-0.011090612633393284,227.72600021362305,224.82359954833984,194.18747619628905,214.69637868456,223.08274390815316,19.418269963938187,-8.386365223593174,-3.643034239353595,-4.743330984239579,260.58876530266355,194.86323512458253,-0.06542200389306371,0.4523305182358928
2021-05-14,196.5800018310547,0.031084853734470938,0.03157303299711356,-0.03133918628539079,-0.045257036595020825,0.013219694470214068,225.225333404541,224.61226623535157,194.67067287445067,211.9092437840207,221.11957782836808,22.2089095797554,-9.210334044347377,-4.756494200352352,-4.453839843995025,259.6188652443773,190.83180156470476,0.08356513505385454,0.4763976801288222
2021-05-17,192.27667236328125,-0.02213414578006038,-0.02189098294684022,0.031084853734470938,-0.03133918628539079,-0.0666139869184463,222.9286666870117,224.4714663696289,195.13622623443604,208.88884818083002,218.9830663124357,24.060029342925645,-10.094218131605686,-5.824038986603019,-4.270179145002667,259.7221597250575,186.1351736489659,0.08345903320411611,0.47034756164335917
2021-05-18,192.6233367919922,0.0018013224952045325,0.0018029458511532592,-0.02213414578006038,0.031084853734470938,-0.019001672485714736,220.57666702270507,224.57059967041016,195.62242290496826,206.3864618133165,217.03049375536582,25.441517757569045,-10.644031942049338,-6.7880375776922826,-3.8559943643570556,258.850174089144,182.30315995626614,0.13482141599685737,0.4685623292173707
2021-05-19,187.82000732421875,-0.025252562795766022,-0.02493638386588848,0.0018013224952045325,-0.02213414578006038,-0.045257036595020825,217.56566772460937,223.8364663696289,196.06652294158937,203.53008419960915,214.8667540197253,25.766240344137643,-11.336669820116157,-7.697764026177058,-3.6389057939390987,256.21533173818506,178.91600371103368,0.11518862893681998,0.4390036565407413
2021-05-20,195.5933380126953,0.040553601408475165,0.04138712802336375,-0.025252562795766022,0.0018013224952045325,-0.03133918628539079,215.3505012512207,223.2945999145508,196.54882297515869,202.30904632469932,213.4390935747601,22.759176114795125,-11.130047250060784,-8.384220670953804,-2.7458265791069802,253.68834563643202,177.01265686600937,0.2423281935206218,0.47265576268292875
2021-05-21,193.6266632080078,-0.010105809239520404,-0.010054917128925145,0.040553601408475165,-0.025252562795766022,0.031084853734470938,212.8751678466797,222.5031332397461,197.02194961547852,200.97329507597755,211.97150614018585,24.81355831509299,-10.998211064208306,-8.907018749604704,-2.0911923146036013,250.03484595728486,175.71548973607452,0.2410028071101825,0.46437451654422807
2021-05-24,202.14666748046875,0.04306162202970284,0.0440022264046771,-0.010105809239520404,0.040553601408475165,-0.02213414578006038,210.6791679382324,221.92119995117187,197.53615627288818,201.15381390743772,211.24374031354014,34.78891057623339,-10.089926406102421,-9.143600280904248,-0.9463261251981727,244.6326185771008,176.72571729936402,0.3743500248543805,0.49706336510455057
2021-05-25,201.56333923339844,-0.002889839951081735,-0.002885668382965889,0.04306162202970284,-0.010105809239520404,0.0018013224952045325,209.01166839599608,221.23286682128906,198.05973628997802,201.2168178037394,210.52667356686297,34.93291373576139,-9.30985576312358,-9.176851377348115,-0.13300438577546458,241.18281425437425,176.84052253761791,0.3842389824194292,0.47826011729722984
2021-05-26,206.3766632080078,0.023599290742317446,0.023879957500782645,-0.002889839951081735,0.04306162202970284,-0.025252562795766022,207.75716857910157,220.84786682128907,198.61876293182374,202.01064017362685,210.21926539213297,40.213320442482754,-8.208625218506114,-8.983206145579715,0.7745809270736004,238.14902587407872,177.36531128412443,0.47728823615985594,0.4899376949248106
2021-05-27,210.2833404541016,0.018752900206065452,0.018929840154243704,0.023599290742317446,-0.002889839951081735,0.040553601408475165,206.98800201416014,220.37480041503906,199.21204963684082,203.2833632936999,210.22401169301955,40.96527227160624,-6.940648399319656,-8.574694596327703,1.6340461970080469,236.22823240438186,177.74777162393843,0.5563493925315214,0.4915137969755364
2021-05-28,208.4066619873047,-0.008964584890580655,-0.008924522802159496,0.018752900206065452,0.023599290742317446,-0.010105809239520404,205.58433532714844,220.1885336303711,199.73582962036133,204.07156309271602,210.08939319629994,49.005624574153174,-6.017830103583918,-8.063321697778946,2.0454915941950276,231.35268350700827,179.8159871472886,0.5547634376960596,0.45421532937286285
2021-06-01,207.96665954589844,-0.002113500469111133,-0.002111268599623961,-0.008964584890580655,0.018752900206065452,0.04306162202970284,204.56766815185546,219.9820669555664,200.23532958984376,204.67080870089794,209.93215366664057,51.845110695548144,-5.261344965742637,-7.502926351371685,2.241581385629048,228.067001012329,181.0683352913819,0.572321018946035,0.4413098691365348
2021-06-02,201.7066650390625,-0.030563287475861584,-0.030100952337768105,-0.002113500469111133,-0.008964584890580655,-0.002889839951081735,203.42633438110352,219.54953369140625,200.6936262512207,204.2147865990771,209.3228582127459,54.40096531705352,-5.1080716136688125,-7.023955403831112,1.9158837901622991,224.97941683751122,181.8732519246958,0.46010618561128924,0.44902247820177965
2021-06-03,190.94667053222656,-0.05482031154624073,-0.05334476431283097,-0.030563287475861584,-0.002113500469111133,0.023599290742317446,201.7913345336914,218.95406707763672,201.0364796066284,202.17353797340778,207.9616591253,50.30730425592297,-5.788121151892227,-6.776788553443335,0.9886674015511083,221.79111677003903,181.7915522973438,0.22888044796418452,0.4820007469147436
2021-06-04,199.683334350586,0.04473860632554938,0.045754470575515516,-0.05482031154624073,-0.030563287475861584,0.018752900206065452,200.71650161743165,218.74593383789062,201.40586627960204,201.7904297237429,207.34844988272857,52.38387824099844,-5.55802015898567,-6.533034874551802,0.9750147155661324,218.51878952122252,182.91421371364078,0.4709821773350366,0.516602350363302
2021-06-07,201.7100067138672,0.010098272085864352,0.010149431698305511,0.04473860632554938,-0.05482031154624073,-0.008964584890580655,199.5958351135254,218.5108673095703,201.78823963165283,201.77805695299278,206.93078742577586,57.50902154360403,-5.152730472783077,-6.2569739941980576,1.1042435214149808,213.6136145053735,185.5780557216773,0.5754103607013271,0.5152503039394789
2021-06-08,201.19667053222656,-0.0025481655598922595,-0.002544921741878703,0.010098272085864352,0.04473860632554938,-0.002113500469111133,199.17166900634766,218.41006744384765,202.1269462966919,201.6886128882595,206.5060380262537,56.80639269981668,-4.817425137994178,-5.969064222957282,1.1516390849631044,212.3955729063294,185.94776510636592,0.5765659498584871,0.4614606453316258
2021-06-09,199.5933380126953,-0.008000903407653626,-0.007968981371759054,-0.0025481655598922595,0.010098272085864352,-0.030563287475861584,198.86466903686522,218.32666748046876,202.4415863418579,201.3662629074035,205.99398617339753,59.847213050983676,-4.627723265994035,-5.700796031564633,1.0730727655705978,211.72732486623119,186.00201320749926,0.528324981461702,0.45774277359011023
2021-06-10,203.3733367919922,0.018761400839628444,0.018938501740255687,-0.008000903407653626,-0.0025481655598922595,-0.05482031154624073,199.20183563232422,218.15666748046874,202.78705303192137,201.67504350503253,205.79986399699712,56.9729893250504,-4.124820491964584,-5.385600923644624,1.2607804316800397,212.17093519089258,186.23273607375586,0.6608246255196631,0.43230328761273273
2021-06-11,203.29666137695312,-0.00037708912038201647,-0.0003770180312155924,0.018761400839628444,-0.008000903407653626,0.04473860632554938,199.83850173950196,217.76973419189454,203.12908969879152,201.9245231776357,205.61444158069756,58.97086580980036,-3.689918403061853,-5.04646441952807,1.3565460164662175,212.26068422563557,187.41631925336836,0.639192917239437,0.41453736934002583
2021-06-14,205.89666748046875,0.012708130416930218,0.012789221849023313,-0.00037708912038201647,0.018761400839628444,0.010098272085864352,200.30433502197266,217.4760009765625,203.44084972381592,202.53562230114846,205.63534720290284,53.908148336619796,-3.099724901754371,-4.657116515973331,1.55739161421896,212.9094214783024,187.69924856564293,0.7218284054564282,0.4031376633000581
2021-06-15,199.7866668701172,-0.03012429716067012,-0.029675082579620482,0.012708130416930218,-0.00037708912038201647,-0.0025481655598922595,200.67983474731446,216.86473419189454,203.6935330581665,202.1127060809898,205.2021116226965,48.33966271921369,-3.0894055417066966,-4.343574321120005,1.254168779413308,212.71245342711376,188.64721606751516,0.4628855571274461,0.4104953380289186
2021-06-16,201.6233367919922,0.009151155788618984,0.009193155632698069,-0.03012429716067012,0.012708130416930218,-0.008000903407653626,201.12983474731445,216.28640106201172,203.9638497543335,202.03741849806707,204.93701719079246,45.2962234373141,-2.899598692725391,-4.054779195441082,1.155180502715691,212.55148197111126,189.70818752351764,0.5216038035060975,0.4112964477375693
2021-06-17,205.5333404541016,0.0192069740346885,0.019392614586788648,0.009151155788618984,-0.03012429716067012,0.018761400839628444,202.0155014038086,215.92393463134766,204.16098308563232,202.5752526451493,204.9811892843709,45.29982461311006,-2.4059366392216077,-3.7250106841971875,1.3190740449755798,211.707688904946,192.3233139026712,0.6814780744739083,0.401990406858787
2021-06-18,207.7700042724609,0.010823457790849946,0.010882243306208572,0.0192069740346885,0.009151155788618984,-0.00037708912038201647,202.62433471679688,215.52066802978516,204.40808307647706,203.37444520319724,205.1877681723776,49.37447678170071,-1.8133229691803479,-3.3426731411938198,1.529350172013472,212.14621454811507,193.1024548854787,0.7702023994642071,0.3798751047566991
2021-06-21,206.94332885742188,-0.003986737073227453,-0.003978800587379094,0.010823457790849946,0.0192069740346885,0.012708130416930218,203.29016799926757,215.14606781005858,204.6971830368042,203.9235042269241,205.3178097046031,49.00214821205016,-1.3943054776789836,-2.9529996084908525,1.558694130811869,211.9897550110693,194.59058098746584,0.7099617403216087,0.3776855722097838
2021-06-22,207.90333557128903,0.004628256702323365,0.004638983624973836,-0.003986737073227453,0.010823457790849946,-0.03012429716067012,203.5780014038086,214.62426788330077,205.058366355896,204.53578597221102,205.50933013917245,56.73892488506132,-0.9735441669614318,-2.5571085201849684,1.5835643532235366,212.49646395211383,194.65953885550337,0.7424932629392706,0.3474874172440796
2021-06-23,218.856674194336,0.0513438209840323,0.052684766182075515,0.004628256702323365,-0.003986737073227453,0.009151155788618984,204.44266815185546,213.9192678833008,205.45544971466063,206.73899954484563,206.49802229140678,80.22522969132137,0.24097725343884235,-1.9974913654602064,2.2384686188990486,215.60874586349993,193.27659044021098,1.1454372974428155,0.3893977115374794
2021-06-24,226.606674194336,0.03479874196476401,0.035411302984154513,0.0513438209840323,0.004628256702323365,0.0192069740346885,205.45416870117188,213.5698681640625,206.0381330871582,209.79556487553646,207.98755206199414,79.79341050636617,1.8080128135423195,-1.2363905296597015,3.044403343202021,220.38753856935875,190.520798832985,1.2082294780036924,0.3987469931935085
2021-06-25,223.9566650390625,-0.011763228305736376,-0.011694312026312437,0.03479874196476401,0.0513438209840323,0.010823457790849946,206.13783493041993,213.1233346557617,206.54744976043702,211.97419566992508,209.17044931955476,74.28318358261802,2.803746350370318,-0.4283631536536977,3.2321095040240158,223.11428781669383,189.16138204414602,1.0248101658223834,0.3991709518238016
2021-06-28,229.5733337402344,0.024769941961746585,0.025079265670402195,-0.011763228305736376,0.03479874196476401,-0.003986737073227453,207.1961685180664,212.7829345703125,207.0764164352417,214.68175537304958,210.68177409145696,77.869412346869,3.999981281592625,0.4573057333955668,3.542675548197058,227.1467569723629,187.2455800637699,1.0608146665305231,0.4035292521664843
2021-06-29,226.9199981689453,-0.011624991064810086,-0.011557681931349095,0.024769941961746585,-0.011763228305736376,0.004628256702323365,208.14383544921876,212.55713439941405,207.5898164367676,216.56456195703353,211.88460550460425,76.29583578787363,4.6799564524292805,1.3018358772023095,3.378120575226971,229.96173129484484,186.32593960359267,0.9302927022059895,0.40709862931988483
2021-06-30,226.5666656494141,-0.0015582931945794674,-0.0015570796861551495,-0.011624991064810086,0.024769941961746585,0.0513438209840323,209.38683547973633,212.29520111083986,208.0232830810547,218.10334714047667,212.97216551533091,73.89420011544685,5.131181625145757,2.067705026790999,3.0634765983547583,232.45725526944608,186.3164156900266,0.8723345809541921,0.386599223201763
2021-07-01,225.97332763671875,-0.0026222581937176714,-0.0026188230779432553,-0.0015582931945794674,-0.011624991064810086,0.03479874196476401,211.13816833496094,211.85386779785156,208.40354972839356,219.31411337066777,213.93521456135963,73.11584473567629,5.37889880930814,2.729943783294427,2.648955026013713,233.6250720437295,188.6512646261924,0.8298622054394484,0.31597089060435385
2021-07-02,226.3000030517578,0.001444593124038416,0.0014456370513082906,-0.0026222581937176714,-0.0015582931945794674,-0.011763228305736376,212.46900177001953,211.58193450927735,208.79878311157228,220.38886562929702,214.85112481990765,71.8092850276246,5.537740809389362,3.2915031885134143,2.246237620875948,235.25004023887624,189.68796330116282,0.8035638893425828,0.28591361164988716
2021-07-06,219.8600006103516,-0.02887058319813403,-0.028457809785947363,0.001444593124038416,-0.0026222581937176714,0.024769941961746585,213.37650146484376,211.1164678955078,209.1923664855957,220.30750178022848,215.22215265623683,71.30623162971068,5.085349123991648,3.6502723756090614,1.4350767483825866,235.79610949693605,190.95689343275146,0.6445943911291202,0.31130257495967856
2021-07-07,214.88333129882807,-0.022895747206025715,-0.022635628571399224,-0.02887058319813403,0.001444593124038416,-0.011624991064810086,214.06083450317382,210.4928012084961,209.5298664855957,219.47301401385917,215.19705477791024,63.19488583099315,4.275959235948932,3.7754097476770356,0.5005494882718962,235.7383291920736,192.38333981427405,0.5189712143275351,0.3253099831315256
2021-07-08,217.60333251953125,0.012578594031283601,0.012658037290573354,-0.022895747206025715,-0.02887058319813403,-0.0015582931945794674,214.96133422851562,210.14660125732422,209.8688998413086,219.1853707070395,215.37529757358587,62.30207892363897,3.810073133453642,3.782342424832357,0.027730708621284794,235.57871717707906,194.3439512799522,0.5640721059895653,0.3240352785897772
2021-07-09,218.9833374023437,0.006321812249023811,0.006341837079579582,0.012578594031283601,-0.022895747206025715,-0.0026222581937176714,215.7418342590332,209.89693481445312,210.25676651000975,219.15428866016322,215.6425597831235,61.63207431591157,3.5117288770397295,3.728219715273832,-0.21649083823410242,235.68292907834274,195.80073943972366,0.5812769602843384,0.3196610256572543
2021-07-12,228.5666656494141,0.042832279170544864,0.043762819403298625,0.006321812249023811,0.012578594031283601,0.001444593124038416,217.00533447265624,209.9549346923828,210.76566650390626,220.6023466585095,216.59990095840428,68.98225554321712,4.002445700105227,3.7830649122401114,0.2193807878651155,236.82818048238437,197.18248846292812,0.791616329236581,0.3479046299928698
2021-07-13,222.8466644287109,-0.02534398967789309,-0.025025526817094024,0.042832279170544864,0.006321812249023811,-0.02887058319813403,217.85283432006835,209.68226806640624,211.2335831451416,220.9476263154636,217.062624178427,62.10638900715156,3.8850021370365937,3.803452357199408,0.08154977983718581,237.11743696806957,198.58823167206714,0.6296115523348385,0.3638236602634861
2021-07-14,217.7933349609375,-0.022937323111711275,-0.02267626253562338,-0.02534398967789309,0.042832279170544864,-0.022895747206025715,218.75316772460937,209.47213470458985,211.6436498260498,220.46235072245958,217.1167509030574,49.04747207697747,3.3455998194021674,3.71188184963996,-0.3662820302377927,236.04477491415258,201.46156053506616,0.47224570413985834,0.3556984344961814
2021-07-15,216.86666870117188,-0.004263873629526309,-0.004254796226577984,-0.022937323111711275,-0.02534398967789309,0.012578594031283601,219.51533432006835,209.31880126953126,212.02598320007326,219.9091688730307,217.09822629551033,40.05987238809666,2.8109425775203647,3.5316939952160413,-0.7207514176956766,234.86225781487693,204.16841082525977,0.4137069517616205,0.35646584021368594
2021-07-16,214.7400054931641,-0.009854715165981515,-0.009806316575730611,-0.004263873629526309,-0.022937323111711275,0.006321812249023811,219.97566757202148,209.14066802978516,212.40123321533204,219.1139129684358,216.92354327311432,40.492411375805936,2.1903696953214933,3.263429135237132,-1.0730594399156388,234.05684401411656,205.8944911299264,0.31409003358534743,0.3545591514001048
2021-07-19,215.4066619873047,0.003099673103658058,0.003104482057777691,-0.009854715165981515,-0.004263873629526309,0.042832279170544864,220.35750045776368,209.02520141601562,212.7632498931885,218.5435666636464,216.81118169638768,33.7239540875985,1.7323849672587244,2.957220301641451,-1.2248353343827265,233.42259606936997,207.29240484615738,0.31053186989075904,0.3531220993659816
2021-07-20,220.1666717529297,0.021857165705963834,0.02209778342837665,0.003099673103658058,-0.009854715165981515,-0.02534398967789309,221.01866760253907,208.94606811523437,213.11714988708496,218.79327513892076,217.0597365153908,42.59936659543375,1.7335386235299666,2.712483966019154,-0.9789453424891876,232.4633906970397,209.57394450803844,0.4627777866456735,0.35936123794680846
2021-07-21,218.42999267578125,-0.007919294852611359,-0.007888019850240235,0.021857165705963834,0.003099673103658058,-0.022937323111711275,221.54500045776368,209.12106811523438,213.51748321533202,218.737385529207,217.16123697171602,41.34581084629593,1.576148557490967,2.485216884313517,-0.9090683268225499,231.29246209730695,211.7975388182204,0.3402144118554139,0.36140640634396454
2021-07-22,216.4199981689453,-0.00924460786068585,-0.009202007847976312,-0.007919294852611359,0.021857165705963834,-0.004263873629526309,221.42316665649415,209.3348013305664,213.89011657714843,218.38086439685904,217.106330393733,40.136295562485465,1.2745340031260355,2.2430803080760207,-0.9685463049499852,231.37096166027968,211.47537165270862,0.24852877016238623,0.31355802053718096
2021-07-23,214.4600067138672,-0.009097683584931696,-0.009056424875986235,-0.00924460786068585,-0.007919294852611359,-0.009854715165981515,220.8158332824707,209.6914013671875,214.27244995117186,217.7776555225526,216.91030641744666,38.17419405181529,0.8673491051059443,1.9679340674820056,-1.1005849623760613,230.91318301578454,210.71848354915684,0.1852725350477889,0.28535182209482834
2021-07-26,219.2066650390625,0.02189168871378688,0.022133069927244398,-0.009097683584931696,-0.00924460786068585,0.003099673103658058,220.5783332824707,210.2642678833008,214.6596499633789,217.99750314047722,217.08040705608488,49.32460122337451,0.917096084392341,1.7577664708640728,-0.8406703864717318,230.58769430721497,210.56897225772644,0.43148072888882266,0.29606544530468165
2021-07-27,214.9266662597656,-0.019718078031379663,-0.01952494819687267,0.02189168871378688,-0.009097683584931696,0.021857165705963834,219.84599990844725,210.631201171875,215.02441665649414,217.5250666972908,216.92087070080197,50.04545309049009,0.6041959964888406,1.5270523759890264,-0.9228563795001858,229.20655294062064,210.48544687627387,0.2372306085028686,0.28652477389711595
2021-07-28,215.66000366210932,0.0034062276545407735,0.0034120354402993325,-0.019718078031379663,0.02189168871378688,-0.007919294852611359,219.28300018310546,211.09886779785157,215.37938331604005,217.2381339226475,216.82747314238028,47.873043272625424,0.4106607802672215,1.3037740568446654,-0.8931132765774439,228.19587102362232,210.3701293425886,0.29675479506970837,0.28569636367043605
2021-07-29,225.7833404541016,0.04587275846182975,0.04694118807423031,0.0034062276545407735,-0.019718078031379663,-0.00924460786068585,219.24383392333985,211.76206787109376,215.7711333465576,218.55278108133274,217.49087072102628,56.24694237721505,1.061910360306456,1.2554013175370236,-0.19349095723056764,228.02789218145483,210.45977566522487,0.8722372016784125,0.3334813120368527
2021-07-30,229.0666656494141,0.014437208664382839,0.014541928508582602,0.04587275846182975,0.0034062276545407735,-0.009097683584931696,219.39850082397462,212.58700103759764,216.17205001831056,220.17030178411449,218.34833701201796,50.51946273146592,1.8219647720965213,1.368714008448923,0.4532507636475982,228.7707103372855,210.02629131066374,1.015788982934508,0.3372957628354746
2021-08-02,236.55667114257807,0.032174725947111446,0.032697928666004294,0.014437208664382839,0.04587275846182975,0.02189168871378688,219.9113342285156,213.40626770019531,216.58600006103515,222.69128168541658,219.69710250317056,63.73840338321365,2.994179182246029,1.6938070432083445,1.3003721390376843,231.68770746776013,208.1349609892711,1.2067259408266806,0.35537381922464994
2021-08-03,236.5800018310547,9.862134908680057e-05,9.862621233192037e-05,0.032174725947111446,0.014437208664382839,-0.019718078031379663,220.7473342895508,214.26533447265626,217.0207667541504,224.8280078616686,220.9476876385694,70.93611338122508,3.880320223099204,2.1311096791865167,1.7492105439126875,234.68409381735344,206.81057476174814,1.0680182509398641,0.33611910020841573
2021-08-04,236.97332763671875,0.001661168327351945,0.001662548831768751,9.862134908680057e-05,0.032174725947111446,0.0034062276545407735,221.85183410644532,214.96186767578126,217.47285003662108,226.6965185962917,222.13477208287674,72.67669341659817,4.56174651341496,2.6172370460322054,1.9445094673827543,237.25590702145388,206.44776119143677,0.9908277704768651,0.3213607603533261
2021-08-05,238.2100067138672,0.005205072568156722,0.005218642492307302,0.001661168327351945,9.862134908680057e-05,0.04587275846182975,222.8821678161621,215.69480102539063,217.94585006713868,228.46782446053408,223.32553020369085,77.01220398847666,5.142294256843229,3.12224848819441,2.020045768648819,239.77448460291708,205.98985102940713,0.9536926192895997,0.3200850936935451
2021-08-06,233.0333404541016,-0.02197113034608947,-0.021731523084098203,0.005205072568156722,0.001661168327351945,0.014437208664382839,223.58466796875,216.2279345703125,218.40778343200682,229.17021153646755,224.0446272592768,68.37898983984957,5.12558427719074,3.522915645993676,1.6026686311970635,240.95608756081023,206.2132483766898,0.771960286126247,0.3334536451499211
2021-08-09,237.9199981689453,0.020752939609055845,0.020969779282746792,-0.02197113034608947,0.005205072568156722,0.032174725947111446,224.05233459472657,216.78066772460937,218.8929833984375,230.51633255684874,225.07243251184485,68.46228304299946,5.443900045003886,3.907112525795718,1.536787519208168,242.46112361778586,205.6435455716673,0.8766587676366918,0.30670621236327006
2021-08-10,236.663330078125,-0.005295892009324611,-0.005281893495678203,0.020752939609055845,-0.02197113034608947,9.862134908680057e-05,224.74316787719727,217.34580108642578,219.3666500854492,231.46202448319895,225.9310175167545,69.15267516201251,5.531006966444437,4.231891413925462,1.299115552518975,243.97983922840535,205.50649652598918,0.8098291274851751,0.2908410988111233
2021-08-11,235.94000244140625,-0.003061037245157465,-0.0030563570472872392,-0.005295892009324611,0.020752939609055845,0.001661168327351945,225.6505012512207,217.90526794433595,219.84530006408693,232.15094416907698,226.67242380746944,71.07386063932097,5.478520361607536,4.481217203461877,0.9973031581456597,245.21598693050785,206.08501557193355,0.762950313599382,0.2754759413230017
2021-08-12,240.75,0.020181504916966016,0.020386528392057013,-0.003061037245157465,-0.005295892009324611,0.005205072568156722,226.84466781616212,218.68613464355468,220.34858337402343,233.47387583537284,227.71520722913837,76.73740916651226,5.758668606234465,4.736707484016395,1.0219611222180705,247.05752232102958,206.63181331129465,0.8439724997894121,0.2793864368424384
2021-08-13,239.05667114257807,-0.007058409103322423,-0.007033557040174165,0.020181504916966016,-0.003061037245157465,-0.02197113034608947,228.0605010986328,219.64833465576172,220.83606674194337,234.33276742109672,228.55531566717096,71.52462850743771,5.77745175392576,4.944856337998268,0.832595415927492,248.13249115674373,207.9885110405219,0.7739182814486748,0.27755511896806767
2021-08-16,228.72332763671875,-0.044187544712866594,-0.04322549735370618,-0.007058409103322423,0.020181504916966016,0.020752939609055845,228.72633438110353,220.22913452148438,221.3029833984375,233.46977668503857,228.56776099824856,63.22448294260538,4.902015686790008,4.936288207756617,-0.034272520966608155,247.8940470569034,209.55862170530366,0.49992156747036975,0.3287115343688607
2021-08-17,221.90333557128903,-0.030271235169467253,-0.02981764971635037,-0.044187544712866594,-0.007058409103322423,-0.005295892009324611,228.81316757202148,220.6330010986328,221.72778343200685,231.69032420600018,228.07409985551084,55.359084587675994,3.6162243504893468,4.672275436303162,-1.0560510858138157,247.83277204073116,209.7935631033118,0.3183497450722426,0.3409016302369754
2021-08-18,229.663330078125,0.03437259258571844,0.03497015710402862,-0.030271235169467253,-0.044187544712866594,-0.003061037245157465,229.37483444213868,221.20233428955078,222.2293667602539,231.37847895555785,228.1918206127415,53.471303207268505,3.1866583428163437,4.375152017605799,-1.1884936747894557,247.75613783842695,210.9935310458504,0.507847529355415,0.35975737062297847
2021-08-19,224.4900054931641,-0.022783267048393733,-0.022525688289902868,0.03437259258571844,-0.030271235169467253,0.020181504916966016,229.7783348083496,221.70026763916016,222.68430015563965,230.31871380749726,227.91761208536542,46.03935084313803,2.401101722131841,3.980341958511008,-1.5792402363791669,247.29627156609797,212.26039805060122,0.3490595842331026,0.3687213172354701
2021-08-20,226.7533264160156,0.010031571629142373,0.010082056516856452,-0.022783267048393733,0.03437259258571844,-0.007058409103322423,230.39300079345702,222.16786743164062,223.11156677246095,229.77019267034623,227.83136870245062,40.6723570913792,1.9388239678956154,3.5720383603879298,-1.6332143924923144,246.44957333772103,214.336428249193,0.38666091821876253,0.36745180392734433
2021-08-23,235.433334350586,0.03756503320848838,0.03827951753459846,0.010031571629142373,-0.022783267048393733,-0.044187544712866594,231.2043342590332,222.81060089111327,223.58710014343262,230.64144523653698,228.39447726897916,49.063281710035696,2.246967967557822,3.3070242818219087,-1.0600563142640866,246.50290552901967,215.90576298904674,0.6382155240813063,0.3821766168175752
2021-08-24,236.163330078125,0.0030958501857260845,0.0031006472789956163,0.03756503320848838,0.010031571629142373,-0.030271235169467253,232.26616744995118,223.4159341430664,224.03776679992677,231.49096598139667,228.9699478474344,49.34192877200864,2.521018133962258,3.1498230522499786,-0.6288049182877207,245.6338363277147,218.89849857218766,0.6457682212138184,0.3721872291229134
2021-08-25,237.0666656494141,0.003817748987326931,0.0038250458739308435,0.0030958501857260845,0.03756503320848838,0.03437259258571844,233.3365005493164,224.16153411865236,224.50651679992677,232.34876593032243,229.56970472165514,49.06604983327752,2.7790612086672866,3.07567068353344,-0.29660947486615363,244.32134236993198,222.35165872870084,0.6697869282513095,0.37217095608940953
2021-08-26,233.72000122070312,-0.014217568331421201,-0.014116975997208181,0.003817748987326931,0.0030958501857260845,-0.022783267048393733,233.73333358764648,224.80346740722655,224.97301681518556,232.55972520576563,229.877134091955,50.57819235389722,2.6825911138106164,2.9970547695888756,-0.3144636557782592,244.12679689573272,223.33987027956024,0.4993586176932483,0.3441372119154664
2021-08-27,237.30667114257807,0.015229452832627464,0.015346011908018209,-0.014217568331421201,0.003817748987326931,0.010031571629142373,234.14533386230468,225.4389340209961,225.47561683654786,233.29002458065986,230.42747016977893,49.47199782257388,2.862554410880932,2.970154697847287,-0.10760028696635482,244.41240380673258,223.87826391787678,0.6539551837761217,0.34453654342755213
2021-08-30,243.6366729736328,0.026324794631828158,0.026674352644943333,0.015229452832627464,-0.014217568331421201,0.03756503320848838,234.49933395385742,226.15626739501954,225.99858352661133,234.88181664111727,231.40592963673106,55.52096433399415,3.475887004386209,3.0713011591550714,0.4045858452311375,245.57301155587274,223.4256563518421,0.9125702114585886,0.33825735936755524
2021-08-31,245.2400054931641,0.006559274920001271,0.006580834075438302,0.026324794631828158,0.015229452832627464,0.0030958501857260845,234.93233413696288,226.92220092773437,226.53851692199706,236.47538415681677,232.43067599646685,57.261847826527294,4.044708160349927,3.265982559394043,0.7787256009558843,246.98273843144477,222.881929842481,0.9276898560540947,0.3386859445298592
2021-09-01,244.69667053222656,-0.0022179812627514755,-0.0022155233598405433,0.006559274920001271,0.026324794631828158,0.003817748987326931,235.3185012817383,227.6580676269531,227.08116691589356,237.74019744534135,233.3392681843009,53.30173324751644,4.40092926104046,3.4929718997233263,0.9079573613171337,248.11613483672738,222.5208677267492,0.8664024762934488,0.3389864370804552
2021-09-02,244.1300048828125,-0.00231847373209337,-0.002315788147756681,-0.0022179812627514755,0.006559274920001271,-0.014217568331421201,235.61450119018554,228.16353424072267,227.62166694641112,238.72324474341383,234.13858201382027,54.32583144029586,4.5846627295935605,3.7113100656973734,0.873352663896187,248.95602118580086,222.2729811945702,0.819135439418656,0.33897825375240376
2021-09-03,244.52333068847656,0.0016098361025145228,0.0016111325842673718,-0.00231847373209337,-0.0022179812627514755,0.015229452832627464,236.1890007019043,228.52186737060546,228.1082669067383,239.61556565803886,234.9078226563874,66.22178022879422,4.707743001651465,3.910596652888192,0.7971463487632735,250.04225871523428,222.3357426885743,0.8008075782084166,0.32772179473490637
2021-09-07,250.97332763671875,0.026035942688487673,0.02637783858939624,0.0016098361025145228,-0.00231847373209337,0.026324794631828158,236.84166717529297,229.0622006225586,228.55206687927247,241.3629136547588,236.09786006233784,80.07449753784941,5.265053592420969,4.181488040794747,1.0835655516262221,252.18782115051528,221.49551320007066,0.9604300362241435,0.33215100850800394
2021-09-08,251.2899932861328,0.0012609548743898497,0.0012617502122473923,0.026035942688487673,0.0016098361025145228,0.006559274920001271,237.57300033569337,229.49653381347656,228.97640014648437,242.8901566749702,237.22320326410042,76.44710094654056,5.66695341086978,4.478581114809754,1.1883722960600265,254.22214419326647,220.92385647812026,0.91194289231275,0.3308782088401787
2021-09-09,251.6199951171875,0.001312369553312357,0.001313231087076927,0.0012609548743898497,0.026035942688487673,-0.0022179812627514755,238.35699996948242,229.9905337524414,229.41848342895508,244.23320874300362,238.289632290255,87.6352537005716,5.9435764527486015,4.771580182397524,1.1719962703510776,256.12171798852364,220.59228195044116,0.873295966012212,0.3301793781386725
2021-09-10,245.42333984375,-0.024935356375548032,-0.024627038366134335,0.001312369553312357,0.0012609548743898497,-0.00231847373209337,238.5906669616699,230.36766723632812,229.77585014343262,244.41630583542616,238.81805507199536,73.35114565004136,5.598250763430798,4.9369142986041785,0.6613364648266193,256.6090460856532,220.57228783768664,0.689602872574301,0.3381765974728289
2021-09-13,247.6666717529297,0.009099139444443169,0.00914066245943812,-0.024935356375548032,0.001312369553312357,0.0016098361025145228,239.0211669921875,230.80153411865234,230.08855018615722,244.9163621304267,239.47350815947198,68.23694904088838,5.4428539709547294,5.038102233074289,0.4047517378804404,257.4921657812589,220.5501682031161,0.7340291626746629,0.33795799599757853
2021-09-14,248.163330078125,0.002003341828722264,0.0020053498586631857,0.009099139444443169,-0.024935356375548032,0.026035942688487673,239.9931671142578,231.23880065917967,230.3727001953125,245.41589566084184,240.1171986719648,68.01442561426136,5.2986969888770545,5.090221184234843,0.2084758046422115,258.22692700031104,221.75940722820457,0.7240394470181778,0.2911861748905933
2021-09-15,251.94332885742188,0.015117058319369686,0.015231899000174076,0.002003341828722264,0.009099139444443169,0.0012609548743898497,241.49516677856445,231.8804672241211,230.65615020751954,246.4201161526234,240.993208315332,70.5573588258636,5.426907837291395,5.157558514846154,0.26934932244524123,258.35169322738454,224.63864032974436,0.8099144450246084,0.26341949863727115
2021-09-16,252.3300018310547,0.0015335851645735571,0.0015347617076681974,0.015117058319369686,0.002003341828722264,0.001312369553312357,242.62850036621094,232.62940063476563,230.9718002319336,247.3293293339205,241.8329707979781,78.0074430849258,5.496358535942392,5.225318519065402,0.27104001687698975,259.1807410420703,226.0762596903516,0.7930570445061533,0.24200333679614747
2021-09-17,253.163330078125,0.0032970919669145526,0.0033025333532406,0.0015335851645735571,0.015117058319369686,-0.024935356375548032,244.062166595459,233.3406005859375,231.26301689147948,248.22686790995195,242.6722566705816,76.02014142061616,5.5546112393703595,5.291177063126393,0.26343417624396626,258.8750973106482,229.2492358802698,0.8072033366541594,0.21935889051727353
2021-09-20,243.38999938964844,-0.03936976129858423,-0.03860484330594227,0.0032970919669145526,0.0015335851645735571,0.009099139444443169,244.8940002441406,233.8287338256836,231.53193351745605,247.4827342914437,242.7254227979199,49.636317333935644,4.757311493523815,5.184403949205878,-0.4270924556820628,257.2847928256055,232.50320766267572,0.4393097396875977,0.27129089331325257
2021-09-21,246.4600067138672,0.012534643183807646,0.012613531089680885,-0.03936976129858423,0.0032970919669145526,0.002003341828722264,245.4453338623047,234.18660064697266,231.7752668762207,247.32539158720115,243.0020586435456,51.724140905401434,4.323332943655544,5.012189748095811,-0.6888568044402676,257.017938270344,233.8727294542654,0.5438394338813484,0.24269648832973756
2021-09-22,250.64666748046875,0.01684451236014587,0.0169871810945057,0.012534643183807646,-0.03936976129858423,0.015117058319369686,246.16950073242188,234.7426007080078,232.03010025024415,247.83635710924233,243.56832596479916,57.62364654217455,4.268031144443171,4.863358027365283,-0.5953268829221123,257.09079326023704,235.24820820460675,0.7049742160391768,0.24814857581029676
2021-09-23,251.2133331298828,0.002258262820491851,0.00226081461648886,0.01684451236014587,0.012534643183807646,0.0015335851645735571,246.8768341064453,235.41100067138672,232.21656692504882,248.35589188164857,244.1346227918424,59.075767831077364,4.221269089806185,4.734940239853463,-0.5136711500472781,257.1276540832607,236.62601412962988,0.7115196166377664,0.24814016020650836
2021-09-24,258.1300048828125,0.027160841972020323,0.027533059916662994,0.002258262820491851,0.01684451236014587,0.0032970919669145526,248.0973342895508,236.23626739501952,232.42408363342284,249.85960157413533,245.17131776154386,64.93707589252064,4.6882838125914645,4.725608954401064,-0.03732514180959967,257.53260864682204,238.66205993227956,1.0316575975096092,0.25369375328674837
2021-09-27,263.78668212890625,0.021677401377557137,0.02191406322043732,0.027160841972020323,0.002258262820491851,-0.03936976129858423,249.42133483886718,237.21720092773438,232.73555038452147,252.00222935179238,246.55023364060776,64.31553307689109,5.4519957111846225,4.870886305757776,0.5811094054268464,259.8593583038796,238.98331137385475,1.1881258381048272,0.25814661685754087
2021-09-28,259.1866760253906,-0.017592195347548873,-0.01743835612317879,0.021677401377557137,0.027160841972020323,0.012534643183807646,250.19883499145507,238.0928012084961,232.98636711120605,253.10752884003827,247.48626640985094,58.05181432923822,5.621262430187329,5.020961530643687,0.6003008995436421,261.12762874841553,239.27004123449458,0.9112000479564029,0.2577517850699985
2021-09-29,260.4366760253906,0.0048111864344248965,0.004822778775393388,-0.017592195347548873,0.021677401377557137,0.01684451236014587,250.95866851806642,238.8982012939453,233.27190048217773,254.2350899454771,248.44555601100203,58.82432894720766,5.789533934475088,5.174676011409968,0.6148579230651201,262.5300441897752,239.38729284635767,0.9095454065369809,0.25751461686943933
2021-09-30,258.49334716796875,-0.0074897880450971975,-0.0074618094773734045,0.0048111864344248965,-0.017592195347548873,0.002258262820491851,251.64850234985352,239.69946838378905,233.49798385620116,254.89020644124508,249.189836837444,64.2987445972141,5.700369603801079,5.27981472988819,0.4205548739128888,263.2927992617435,240.00420543796355,0.7939140452149575,0.2596045130003693
2021-10-01,258.4066772460937,-0.0003353450129375683,-0.00033528879108346565,-0.0074897880450971975,0.0048111864344248965,0.027160841972020323,252.3623359680176,240.53920196533204,233.7346006011963,255.43120194968333,249.87256575660325,62.331601769523814,5.558636193080076,5.335579022526567,0.22305717055350893,263.81479877183625,240.90987316419893,0.7638882737109045,0.25918684739216646
2021-10-04,260.510009765625,0.008106673348889787,0.008139621398127517,-0.0003353450129375683,-0.0074897880450971975,0.021677401377557137,253.161669921875,241.4602020263672,233.99920066833496,256.21255699828976,250.66052457208633,63.67194179448963,5.552032426203425,5.378869703261939,0.17316272294148582,264.54180667472826,241.7815331690217,0.8228581520300099,0.259802541177469
2021-10-05,260.1966552734375,-0.0012035741082394261,-0.001202850103416031,0.008106673348889787,-0.0003353450129375683,-0.017592195347548873,253.62283630371093,242.28000183105468,234.20701728820802,256.8254951944663,251.36690462403826,59.89923059466026,5.458590570428072,5.394813876695165,0.06377669373290651,265.37115643218067,241.87451617524118,0.7797769765311475,0.24560503685622007
2021-10-06,260.9166564941406,0.002763320999873195,0.0027671424905384434,-0.0012035741082394261,0.008106673348889787,0.0048111864344248965,254.10416946411132,243.19980163574218,234.35326721191407,257.45490462518546,252.07429365145325,60.21733407170025,5.380610973732217,5.391973296102576,-0.011362322370358946,266.2327212234012,241.97561770482145,0.7808450326648139,0.24561883085820238
2021-10-07,264.53668212890625,0.01377889392912291,0.013874260399496352,0.002763320999873195,-0.0012035741082394261,-0.0074897880450971975,254.75000381469727,244.17733520507812,234.59285064697266,258.5444088565271,252.997433538672,62.69156608617056,5.546975317855129,5.422973700453087,0.1240016174020413,267.6712841414474,241.82872348794714,0.878703892599103,0.24919716711402481
2021-10-08,261.8299865722656,-0.010284539562274665,-0.010231834522373306,0.01377889392912291,0.002763320999873195,-0.0003353450129375683,255.57033615112306,244.8982681274414,234.83476722717285,259.04988235125614,253.6516967263456,74.43023286372441,5.398185624910553,5.418016085344581,-0.019830460434027586,268.07497232098945,243.06569998125667,0.7502931847080462,0.23268078098403394
2021-10-11,263.9800109863281,0.008177997401230774,0.008211528565575943,-0.010284539562274665,0.01377889392912291,0.008106673348889787,256.386003112793,245.59653503417968,235.07803398132324,259.80836367972876,254.41675704189987,73.79134976044763,5.391606637828886,5.412734195841442,-0.021127558012556058,268.8480432882166,243.9239629373694,0.8046855798343221,0.2323957029792315
2021-10-12,268.5733337402344,0.01725061613832015,0.01740026730336086,0.008177997401230774,-0.010284539562274665,-0.0012035741082394261,257.40650329589846,246.23686828613282,235.31795066833496,261.15682061211425,255.46539235288762,74.07765072177077,5.691428259226626,5.468473008518479,0.22295525070814737,270.36617254808675,244.44683404371014,0.9308300708542524,0.2376073744099043
2021-10-13,270.3599853515625,0.006630349593761303,0.006652379022320076,0.01725061613832015,0.008177997401230774,0.002763320999873195,258.3273361206055,246.91246795654297,235.5636006164551,262.5726921104909,256.56869553797463,74.90021419667113,6.003996572516257,5.575577721318035,0.42841885119822276,272.2350366717699,244.41963556944106,0.9325894559884528,0.2342034246709735
2021-10-14,272.7733459472656,0.008886865672994949,0.008926471099504285,0.006630349593761303,0.01725061613832015,0.01377889392912291,259.349503326416,247.62846832275392,235.8174839782715,264.1420234699947,257.7690400127369,71.57020082552708,6.37298345725776,5.73505886850598,0.6379245887517806,274.3623911572291,244.33661549560293,0.9470772969241109,0.23482676540678413
2021-10-15,281.010009765625,0.02974907491710917,0.030195999501915205,0.008886865672994949,0.006630349593761303,-0.010284539562274665,260.741837310791,248.48446838378905,236.06456733703612,266.73709828470703,259.4905933277657,73.57845922459886,7.246504956941351,6.037348086193054,1.2091568707482967,278.2901119365018,243.19356268508028,1.0774975855785327,0.252071945146528
2021-10-18,290.03668212890625,0.03161711443997285,0.03212224493643445,0.02974907491710917,0.008886865672994949,0.008177997401230774,263.0741714477539,249.62453521728514,236.33863410949706,270.3216496453531,261.7532665722946,87.66779967701369,8.568383073058499,6.543555083566144,2.024827989492355,283.13214127344185,243.01620162206592,1.1721146485777902,0.20754314374685828
2021-10-19,288.0899963378906,-0.006734486474692475,-0.006711860640270406,0.03161711443997285,0.02974907491710917,0.01725061613832015,265.1556709289551,250.62793518066405,236.56280075073244,273.055241444205,263.70413544382023,83.19982237620184,9.351106000384789,7.105065266929873,2.246040733454916,286.54990749955095,243.76143435835922,1.0359930776977655,0.21407194605329394
2021-10-20,288.6000061035156,0.0017687488821671587,0.0017703140411262641,-0.006734486474692475,0.03161711443997285,0.006630349593761303,267.05333786010743,251.6666687011719,236.7806174468994,275.4467436994836,265.5482740112051,87.43354974330553,9.89846968827851,7.6637461511996,2.23472353707891,289.7237049207749,244.38297079944,0.9752165720508151,0.2123088115411759
2021-10-21,298.0,0.03205181901693134,0.03257101073349511,0.0017687488821671587,-0.006734486474692475,0.008886865672994949,269.3926712036133,252.90786865234375,237.0106507873535,278.9164754380246,267.9521055659306,89.97161860232401,10.964369872093982,8.323870895378477,2.640498976715506,294.68499109291025,244.10035131431636,1.065533903603927,0.2290690406613739
2021-10-22,303.2266540527344,0.017387072543931938,0.01753910755951127,0.03205181901693134,0.0017687488821671587,0.02974907491710917,271.6475036621094,254.15740173339844,237.166717376709,282.6565029172107,270.5650350834716,90.56652440618372,12.091467833739046,9.07739028305059,3.014077550688455,300.5020835960514,242.79292372816735,1.0472120970556567,0.22101688778210613
2021-10-25,341.6199951171875,0.11921843486746743,0.12661598362581983,0.017387072543931938,0.03205181901693134,0.03161711443997285,275.53916931152344,256.20866821289064,237.40811737060548,291.7278094095148,275.82836545633944,94.87118253211187,15.899443953175364,10.441801017075544,5.45764293609982,317.8070942783292,233.27124434471767,1.2816899677185392,0.45164745715581905
2021-10-26,339.4766540527344,-0.0062938149592970775,-0.006274050392506725,0.11921843486746743,0.017387072543931938,-0.006734486474692475,279.5536682128906,258.4237347412109,237.7535173034668,299.0737855084717,280.54305350051686,92.62455939098263,18.53073200795484,12.059587215251405,6.471144792703434,329.78370100839055,229.32363541739065,1.0964856332446213,0.4432232482021231
2021-10-27,345.9533386230469,0.018898727534898532,0.019078438805710585,-0.0062938149592970775,0.11921843486746743,0.0017687488821671587,283.8295013427734,260.9047348022461,238.0675506591797,306.28602444917556,285.38825980588945,92.84631600451098,20.89776464328611,13.827222700858346,7.070541942427763,341.2518860953825,226.40711659016438,1.0409374545129004,0.44238352156529115
2021-10-28,359.0133361816406,0.03705562944417333,0.03775074872979922,0.018898727534898532,-0.0062938149592970775,0.03205181901693134,288.85550079345705,263.4917349243164,238.4386006164551,314.3979185618625,290.84196916705616,96.11817127524367,23.555949394806362,15.772968039647951,7.782981355158411,354.0156980224199,223.69530356449422,1.0383488569076902,0.44167790634450477
2021-10-29,371.3333435058594,0.03374062327713504,0.03431629436179362,0.03705562944417333,0.018898727534898532,0.017387072543931938,294.5018341064453,266.4286016845703,238.88693405151366,323.15721470709286,296.8042931921527,96.4598745099448,26.352921514940135,17.88895873470639,8.463962780233746,367.6356491296845,221.3680190832061,1.0252803328733766,0.4410904267697901
2021-11-01,402.86334228515625,0.08149724419582528,0.0849102277797451,0.03374062327713504,0.03705562944417333,0.11921843486746743,301.6195007324219,269.95080200195315,239.52431747436523,335.41969587294875,304.66051905089375,97.12920259126192,30.759176822054997,20.46300235217611,10.296174469878885,387.4334789129888,215.80552255185498,1.0899029720991402,0.49286581130204415
2021-11-02,390.6666564941406,-0.03074274797958024,-0.03027499529203259,0.08149724419582528,0.03374062327713504,-0.0062938149592970775,308.143000793457,273.0554684448242,240.07006744384765,343.9192282762091,311.0313440466898,89.34674099100224,32.88788422951927,22.947978727644745,9.939905501874527,400.3003117299739,215.98568985694016,0.9477325502559995,0.5214729963358452
2021-11-03,404.6199951171875,0.03509368755165895,0.03571673801973452,-0.03074274797958024,0.08149724419582528,0.018898727534898532,315.3281677246094,276.42460174560546,240.67575073242188,353.2578077902058,317.9638367185785,90.09445002400831,35.29397107162731,25.41717719644126,9.876793875186053,414.1491730207666,216.50716242845215,0.9517856660382017,0.5196603096548983
2021-11-04,409.9700012207031,0.01313564628546233,0.013222297879683653,0.03509368755165895,-0.03074274797958024,0.03705562944417333,322.5998336791992,279.88266845703123,241.31728408813476,361.9827606256669,324.7791081631803,89.91743443903765,37.203652462486616,27.77447224965033,9.429180212836286,426.9336267516069,218.2660406067915,0.9187050282015004,0.5197992485775117
2021-11-05,407.36334228515625,-0.006378469186125081,-0.006358169933862068,0.01313564628546233,0.03509368755165895,0.03374062327713504,329.8765014648437,283.3555352783203,241.94303421020507,368.96438857328064,330.8964588388822,87.81963958136097,38.06792973439843,29.833163746599954,8.234765987798479,436.636632977354,223.11636995233346,0.8629015800305216,0.5167670702997134
2021-11-08,387.6466674804688,-0.04961124617557858,-0.048400709533862996,-0.006378469186125081,0.01313564628546233,0.08149724419582528,336.0598342895508,286.3623352050781,242.41326751708985,371.8385853282327,335.10017799751824,78.7930118094426,36.73840733071444,31.214212463422854,5.524194867291584,441.06065585061356,231.05901272848806,0.7456496645643763,0.574864710032553
2021-11-09,341.1666564941406,-0.12772318728902385,-0.11990303254359858,-0.04961124617557858,-0.006378469186125081,-0.03074274797958024,339.6895004272461,288.3129348754883,242.64728408813477,367.11982704606464,335.5495467750458,62.0095579823599,31.570280271018817,31.285426024942048,0.2848542460767689,439.7712899917712,239.60771086272104,0.5073797444736046,0.7764198512367676
2021-11-10,355.9833374023437,0.04251283809069096,0.043429451929624774,-0.12772318728902385,-0.04961124617557858,0.03509368755165895,343.97066802978514,290.5278015136719,242.98693405151369,365.4065209470307,337.0631608955864,62.92712279228322,28.34336005144428,30.697012830242496,-2.3536527787982173,438.7502698808841,249.19106617868619,0.5633715965141463,0.7835660723418886
2021-11-11,354.5033264160156,-0.004166195376866496,-0.004157528824601409,0.04251283809069096,-0.12772318728902385,0.01313564628546233,348.05716705322266,292.7239346313477,243.3670674133301,363.7291064037976,338.3550250082108,61.62612757731959,25.374081395586757,29.632426543311347,-4.25834514772459,436.76480054554503,259.3495335609003,0.5363337353788774,0.7860080849895466
2021-11-12,344.47332763671875,-0.028701065279561472,-0.02829310201599211,-0.004166195376866496,0.04251283809069096,-0.006378469186125081,351.23033294677737,294.7308010864258,243.76688400268554,360.76667890117005,338.80823261032253,50.74243627854709,21.95844629084752,28.09763049281858,-6.139184201971062,434.1939941205505,268.26667177300425,0.459277319645371,0.7968987891023561
2021-11-15,337.7966613769531,-0.01957254315692035,-0.01938224449936754,-0.028701065279561472,-0.004166195376866496,-0.04961124617557858,353.6183319091797,296.5962677001953,244.05618392944336,357.23283005129053,338.7333014078507,49.57294131337031,18.499528643439817,26.17801012294283,-7.678481479503013,431.77586911985594,275.46079469850343,0.3987834628822891,0.7993481046738398
2021-11-16,351.57666015625,0.03998366090579434,0.04079376842602822,-0.01957254315692035,-0.028701065279561472,-0.12772318728902385,356.7926651000977,298.60833435058595,244.3594172668457,356.36265006743815,339.6846613151395,51.378287143591244,16.67798875229863,24.27800584881399,-7.600017096515359,428.6470951289241,284.93823507127127,0.4637043607349252,0.8053985016642028
2021-11-17,363.0033264160156,0.031984216103858806,0.032501208284666294,0.03998366090579434,-0.01957254315692035,0.04251283809069096,360.51283111572263,300.8426010131836,244.74995056152343,357.3842925826039,341.4119698411303,50.98584777902243,15.97232274147359,22.616869227345912,-6.644546485872322,424.80831948069084,296.2173427507544,0.5193675743324002,0.8084594637992394
2021-11-18,365.4599914550781,0.006744812791821567,0.006767610267700563,0.031984216103858806,0.03998366090579434,-0.004166195376866496,363.8858306884766,303.1194009399414,245.1606005859375,358.6267077937538,343.1933047754968,48.474454496482316,15.433403018256968,21.180175985528127,-5.746772967271159,421.0562122056497,306.7154491713035,0.5137672753340705,0.8048967023264846
2021-11-19,379.0199890136719,0.03643213445735007,0.03710391800920432,0.006744812791821567,0.031984216103858806,-0.028701065279561472,367.6754974365234,305.79133392333983,245.63531723022462,361.7641356737412,345.8471332375839,43.16927029738235,15.917002436157304,20.12754127565396,-4.210538839496657,417.4907879241718,317.86020694887503,0.6138655568008914,0.8099741838799267
2021-11-22,385.6233215332031,0.017272096909531555,0.017422122080461122,0.03643213445735007,0.006744812791821567,-0.01957254315692035,369.8756637573242,308.5504669189453,246.12440048217775,365.4347796521199,348.7935175557779,48.507330033791455,16.641262096342018,19.430285439791575,-2.789023343449557,418.7231074595725,321.02822005507596,0.661192240395111,0.7034060775617721
2021-11-23,369.6766662597656,-0.04223229344871564,-0.041352932727292124,0.017272096909531555,0.03643213445735007,0.03998366090579434,371.38566436767576,310.9807336425781,246.55701721191406,366.0873775917577,350.340417459777,39.77846951500928,15.7469601319807,18.6936203782294,-2.946660246248701,418.096833694169,324.6744950411825,0.48170675094895515,0.723069304240188
2021-11-24,372.0,0.006265105659810634,0.006284772484400847,-0.04223229344871564,0.017272096909531555,0.031984216103858806,372.68799743652346,313.3818670654297,247.07565048217774,366.9970118084103,351.94483098127495,38.69289950647572,15.052180827135373,17.965332468010594,-2.9131516408752205,417.83998906089204,327.5360058121549,0.49238131683927594,0.7210651140874663
2021-11-26,360.6400146484375,-0.031013582803841335,-0.030537595031082,0.006265105659810634,-0.04223229344871564,0.006744812791821567,372.76933135986326,315.54806732177735,247.5260838317871,366.01901224533754,352.58891866032405,36.77566895146842,13.43009358501348,17.058284691411174,-3.6281911063976935,417.82336062300226,327.71530209672426,0.3653914321338028,0.7196949961627344
2021-11-29,378.9966735839844,0.04964715675134432,0.050900227900227524,-0.031013582803841335,0.006265105659810634,0.03643213445735007,373.15249786376955,318.06473419189456,248.06086715698243,368.0155755282063,354.54504865466924,47.53275566444368,13.47052687353704,16.340733127836348,-2.8702062542993083,418.2853841690678,328.0196115584713,0.5647440945908301,0.731635233215291
2021-11-30,381.586669921875,0.006810578672784683,0.006833823403773698,0.04964715675134432,-0.031013582803841335,0.017272096909531555,372.08866424560546,320.82866760253904,248.64176712036132,370.10343620415534,356.5481317114993,65.3797446453533,13.555304492656035,15.783647400800286,-2.228342908144251,415.2320211591481,328.94530733206284,0.6100749496069943,0.6679359149576269
2021-12-01,365.0,-0.044440653310942796,-0.04346763456194869,0.006810578672784683,0.04964715675134432,-0.04223229344871564,370.8053314208984,323.19946746826173,249.13651718139647,369.31829217274685,357.174196029166,53.385226900877484,12.144096143580839,15.055737149356398,-2.911641005775559,413.14127464057924,328.4693882012176,0.4314373204020209,0.6772645837273544
2021-12-02,361.5333251953125,-0.009543130353379798,-0.00949773919092467,-0.044440653310942796,0.006810578672784683,0.006265105659810634,368.6509979248047,325.4172006225586,249.63188385009767,368.12060494544926,357.4970944859176,52.60055754859246,10.623510459531644,14.169291811391448,-3.5457813518598034,408.02315742263295,329.27883842697645,0.40961033354184184,0.6619789983932864
2021-12-03,338.3233337402344,-0.0663521763056877,-0.06419876077133224,-0.009543130353379798,-0.044440653310942796,-0.031013582803841335,365.06866455078125,327.15940063476563,250.02133392333985,363.5364093754162,356.0768159121633,47.92710752074765,7.459593463252929,12.827352141763745,-5.367758678510816,401.54255691578027,328.59477218578223,0.1333633583317233,0.6915633351946023
2021-12-06,336.336669921875,-0.005889394805839068,-0.005872086315763081,-0.0663521763056877,-0.009543130353379798,0.04964715675134432,361.5173309326172,328.72353393554687,250.51218391418456,359.3518340748714,354.61458287584566,49.491835008734434,4.7372511990257635,11.20933195321615,-6.472080754190387,394.29597050027365,328.73869136496074,0.11589832063090534,0.691595768928125
2021-12-07,350.5833435058594,0.04148581070093519,0.04235837141187604,-0.005889394805839068,-0.0663521763056877,0.006810578672784683,359.6641647338867,330.45946716308595,251.10036727905273,358.00283552579265,354.31597255214297,49.65538547932959,3.6868629736496814,9.704838157302857,-6.017975183653176,390.3466185229837,328.9817109447897,0.35201931223548033,0.697232284143315
2021-12-08,356.32000732421875,0.016230761245708623,0.016363195584229162,0.04148581070093519,-0.005889394805839068,-0.044440653310942796,360.4218322753906,332.4021337890625,251.64526733398438,357.74393887939664,354.4644195722967,47.586028708091774,3.2795193070999176,8.419774387262269,-5.140255080162351,389.9060153164812,330.9376492343,0.43044024748022763,0.5279272812726276
2021-12-09,334.6000061035156,-0.06289341727027524,-0.06095644581905246,0.016230761245708623,0.04148581070093519,-0.009543130353379798,359.35266571044923,333.885400390625,252.18123405456544,354.1833338369534,352.9929815375722,40.2151880655523,1.1903522993812317,6.973889969686061,-5.783537670304829,390.98695793912253,327.7183734817759,0.10876855679265349,0.5530887810789716
2021-12-10,339.010009765625,0.013093827482800639,0.013179927022311633,-0.06289341727027524,0.016230761245708623,-0.0663521763056877,358.5779998779297,335.4957336425781,252.7504507446289,351.84897628751827,351.9572058507613,36.53255379029791,-0.10822956324301458,5.557466063100246,-5.66569562634326,391.44700793014465,325.70899182571475,0.20233372906752406,0.5560319287000948
2021-12-13,322.1366577148437,-0.05105377592462954,-0.04977243020772959,0.013093827482800639,-0.06289341727027524,-0.005889394805839068,357.46116638183594,336.7703332519531,253.1637506866455,347.27785035326065,349.74827635921184,30.012173339905203,-2.4704260059511967,3.9518876492899575,-6.422313655241155,393.6938902579818,321.22844250569005,0.012533079382303488,0.5754650528038496
2021-12-14,319.5033264160156,-0.00820817327099987,-0.008174578197676308,-0.05105377592462954,0.013093827482800639,0.04148581070093519,356.54649963378904,337.95019958496096,253.61720062255858,343.00484667060755,347.50790969675285,32.758302459192436,-4.503063026145298,2.260897514202907,-6.763960540348205,395.6771078718638,317.41589139571425,0.026672662581695556,0.5726233960311843
2021-12-15,325.3299865722656,0.018072325435531507,0.018236618133556703,-0.00820817327099987,-0.05105377592462954,0.016230761245708623,355.23416595458986,339.2528662109375,254.15518386840822,340.2856374247088,345.86510057642045,34.33927129336958,-5.57946315171165,0.6928253810199956,-6.272288532731645,396.75409996152086,313.71423194765885,0.13988166048948605,0.5559579851770121
2021-12-16,308.97332763671875,-0.051585055672323236,-0.050277132790258694,0.018072325435531507,-0.00820817327099987,-0.06289341727027524,352.532666015625,340.21399963378906,254.66431716918945,335.46835899578724,343.13237665496104,33.22510161957183,-7.664017659173794,-0.9785432270187623,-6.685474432155032,398.695516513462,306.369815517788,0.028199213121086555,0.5635455228848885
2021-12-17,310.8566589355469,0.006076947341899706,0.006095449446181567,-0.051585055672323236,0.018072325435531507,0.013093827482800639,349.80249938964846,341.14039916992186,255.22201713562012,331.6819436019041,340.74158274981926,25.226618416083184,-9.059639147915163,-2.5947624111980425,-6.464876736717121,399.09857431809235,300.5064244612046,0.10498031019068219,0.5633177898518774
2021-12-20,299.9800109863281,-0.03561605979548491,-0.03498927121736173,0.006076947341899706,-0.051585055672323236,-0.05105377592462954,345.8505004882812,341.9033996582031,255.7835838317871,326.8047231995078,337.72220706363476,22.016734578467904,-10.91748386412695,-4.259306701783824,-6.658177162343126,397.88134561197376,293.8196553645887,0.05919907323333362,0.5455647688197415
2021-12-21,312.84332275390625,0.04198665654283043,0.04288056302579579,-0.03561605979548491,0.006076947341899706,-0.00820817327099987,342.2115005493164,342.8806658935547,256.22516708374025,324.656815438646,335.87932674439566,31.646600819071452,-11.222511305749663,-5.6519476225769925,-5.57056368317267,392.68711652242706,291.7358845762057,0.20908549376539434,0.5694968514843116
2021-12-22,336.2900085449219,0.07227140942458773,0.07494705523716627,0.04198665654283043,-0.03561605979548491,0.018072325435531507,340.5421676635742,344.23499938964846,256.7931838226318,326.44653745499613,335.90974761850873,42.21221686219298,-9.4632101635126,-6.414200130764114,-3.049010032748485,389.37483011886934,291.7095052082791,0.4564619364903043,0.6269100933919365
2021-12-23,355.6666564941406,0.05602002567418564,0.05761886305530961,0.07227140942458773,0.04198665654283043,-0.051585055672323236,339.7255004882812,345.9411328125,257.4055171203613,330.9419403840953,337.373222350037,55.48018571683698,-6.431281965941707,-6.417616497799633,-0.013665468142074033,386.8598067413949,292.59119423516756,0.6691035391531442,0.6623619421996398
2021-12-27,364.6466674804688,0.02493491640225309,0.02524839149906688,0.05602002567418564,0.07227140942458773,0.006076947341899706,339.9258331298828,347.7785992431641,258.07253379821776,336.1272830143066,339.3934775448838,58.56684648823404,-3.266194530577195,-5.787332104355146,2.521137573777951,387.4667261571046,292.384940102661,0.7599954773297057,0.659900462862416
2021-12-28,362.8233337402344,-0.0050128185500082694,-0.00500027534279357,0.02493491640225309,0.05602002567418564,-0.03561605979548491,339.11716613769534,349.41486572265626,258.7067504882813,340.2343677413724,341.1290224482431,54.0050583483518,-0.8946547068707105,-4.808796624858259,3.914141917987549,384.3541666804472,293.8801655949435,0.7620218772035428,0.633979490539645
2021-12-29,362.0633239746094,-0.002096907250306926,-0.0020947102761840197,-0.0050128185500082694,0.02493491640225309,0.04198665654283043,338.14099884033203,350.8553985595703,259.38893379211424,343.59266870033196,342.6797114501962,51.94254115269876,0.9129572501357757,-3.6644458498594528,4.577403099995228,380.2539894400625,296.02800824060154,0.7840254846972378,0.6330918309953004
2021-12-30,356.7799987792969,-0.014699782732613053,-0.014592268383646134,-0.002096907250306926,-0.0050128185500082694,0.07227140942458773,337.72999877929686,352.22919860839846,260.0031504821777,345.6214887124804,343.7241771782777,58.44030513557554,1.8973115342026858,-2.552094373047025,4.4494059072497105,378.88892528153224,296.5710722770615,0.7314200298562863,0.6155988377838911
2021-12-31,352.260009765625,-0.012749774874751605,-0.012668840823859995,-0.014699782732613053,-0.002096907250306926,0.05602002567418564,337.2663330078125,353.5023986816406,260.67585052490233,346.64279964373344,344.35646107363675,55.037896544522056,2.2863385700966887,-1.5844077844182824,3.870746354514971,377.4946158007365,297.0380502148885,0.6863574047516869,0.6162843151867339
2022-01-03,399.9266662597656,0.1269116289226746,0.1353166841897706,-0.012749774874751605,-0.014699782732613053,0.02493491640225309,340.34649963378905,355.54093200683593,261.5840338897705,354.8403175846615,348.47277256890555,73.9653844815899,6.367545015755923,0.005982775616558689,6.361562240139364,389.384501185845,291.3084980817331,1.1074897501963823,0.7189775872064578
2022-01-04,383.1966552734375,-0.04273287830059682,-0.041832696836128,0.1269116289226746,-0.012749774874751605,-0.0050128185500082694,342.6894989013672,357.14033203125,262.38335052490237,359.20283107524244,351.0449120285005,68.05435242398211,8.157919046741938,1.6363700298416346,6.521549016900304,395.27068580056243,290.10831200217194,0.885186782201471,0.7402449976720193
2022-01-05,362.7066650390625,-0.054953895352910696,-0.05347121367683638,-0.04273287830059682,0.1269116289226746,-0.002096907250306926,343.29566497802733,357.5620654296875,263.09328384399413,359.74188245429167,351.90874558483847,59.781571662394136,7.833136869453199,2.875723397763948,4.957413471689251,396.5354130615842,290.05591689447044,0.6822980081589667,0.758752792971798
2022-01-06,354.8999938964844,-0.021758379841487693,-0.02152337383085412,-0.054953895352910696,-0.04273287830059682,-0.014699782732613053,343.22466430664065,357.8705322265625,263.8173338317871,358.99697652232135,352.1303195338493,62.5821917247023,6.866656988472073,3.673910115905573,3.1927468725665,396.3950207494102,290.0543078638711,0.6097917182707867,0.7610826357597402
2022-01-07,342.32000732421875,-0.03609004895021842,-0.035446567451716815,-0.021758379841487693,-0.054953895352910696,-0.012749774874751605,343.6106643676758,357.79786560058596,264.4616172027588,356.4312889533825,351.4036297405433,58.14255037012993,5.027659212839183,3.944659935292295,1.0829992775468877,396.62926303959324,290.5920656957583,0.48782826144233177,0.737376398544251
2022-01-10,352.7066650390625,0.029890740749494566,0.03034195341380186,-0.03609004895021842,-0.021758379841487693,0.1269116289226746,344.29549713134764,357.6717321777344,265.1939672088623,355.85826988964095,351.5001508737669,63.680077481116264,4.358119015874024,4.027351751408641,0.33076726446538274,397.41761535470624,291.17337890798905,0.579168227746012,0.7433739258146658
2022-01-11,354.79998779296875,0.005917481776156395,0.005935024657598653,0.029890740749494566,-0.03609004895021842,-0.04273287830059682,345.9286636352539,357.34106506347655,265.9491504669189,355.6954572593837,351.74458323815225,61.53014851931878,3.9508740212314706,4.012056205373208,-0.06118218414173704,398.18369182893684,293.6736354415709,0.5848848853820665,0.7164870879959061
2022-01-12,368.739990234375,0.03853754612843837,0.039289748931841784,0.005917481776156395,0.029890740749494566,-0.054953895352910696,348.3904968261719,356.6585980224609,266.73348373413086,357.7023084863054,353.0035022749095,59.40924921638332,4.69880621139589,4.149406206577744,0.5494000048181462,400.0393895856811,296.7416040666627,0.6969983509903658,0.7243762192436399
2022-01-13,343.85333251953125,-0.06987655465675016,-0.06749107331435766,0.03853754612843837,0.005917481776156395,-0.021758379841487693,349.31666412353513,355.72233154296873,267.3395337677002,355.57169679910936,352.32571192265925,46.680655227145465,3.245984876450109,3.9687219405522174,-0.7227370641021085,399.87727203776114,298.7560562093091,0.44597244940891334,0.7724884682407454
2022-01-14,349.8699951171875,0.017346435457551865,0.017497758575059086,-0.06987655465675016,0.03853754612843837,-0.03609004895021842,351.3614974975586,354.62733154296876,267.9859671020508,354.6945119249675,352.14380697410576,45.77769011128992,2.550704950861757,3.6851185426141257,-1.1344135917523688,398.2249634629308,304.4980315321864,0.48408672566522076,0.7464731068461035
2022-01-18,343.5033264160156,-0.018364847454341894,-0.01819724123253097,0.017346435457551865,-0.06987655465675016,0.029890740749494566,352.993830871582,353.297998046875,268.5517337036133,352.97279107743645,351.50377137721017,44.619180081078035,1.4690197002262835,3.2418987741365575,-1.772879073910274,396.03529132860564,309.9523704145584,0.389751598170762,0.7515577685032269
2022-01-19,331.8833312988281,-0.03441330009854252,-0.0338278969185718,-0.018364847454341894,0.017346435457551865,0.005917481776156395,354.58899688720703,351.78839782714846,269.05845039367676,349.7282588038044,350.05040544547813,42.07402380153971,-0.32214664167372575,2.529089690974501,-2.851236332648227,391.24957879557655,317.9284149788375,0.1903258976476413,0.7507074502615495
2022-01-20,332.0899963378906,0.000622510083264904,0.0006227038828787723,-0.03441330009854252,-0.018364847454341894,0.03853754612843837,355.55133056640625,350.67726440429686,269.6006170654297,347.0146799628946,348.720004770842,43.33818711920946,-1.7053248079474201,1.682206791190117,-3.387531599137537,388.4113967402458,322.6912643925667,0.14301145797457945,0.7379671916977918
2022-01-21,314.6333312988281,-0.0539980722931419,-0.05256606712507206,0.000622510083264904,-0.03441330009854252,-0.06987655465675016,354.46849670410154,350.14659790039065,270.0341170501709,342.03293401457665,346.19506599513727,40.510133317529096,-4.162131980560616,0.5133390368399705,-4.675471017400587,391.200262139735,317.7367312684681,-0.042244089452740344,0.7165319200343531
2022-01-24,310.0,-0.014835635717323473,-0.014726129872195681,-0.0539980722931419,0.000622510083264904,0.017346435457551865,352.1851638793945,349.22693115234375,270.45575035095214,337.1047903200264,343.51394999549746,21.031260340827785,-6.409159675471074,-0.8711607056222385,-5.537998969848835,393.93768475774175,310.43264300104727,-0.005181040473075188,0.6820037209496668
2022-01-25,306.1333312988281,-0.012551567227813773,-0.012473124842489969,-0.014835635717323473,-0.0539980722931419,-0.018364847454341894,349.2594970703125,348.25953125,270.8164503479004,332.33995047061126,340.74501527722566,22.931733855744724,-8.405064806614405,-2.3779415258206718,-6.027123280793733,395.3140149583741,303.20497918225084,0.03179223506035638,0.6717200757673629
2022-01-26,312.4700012207031,0.02048773822340817,0.02069905258271132,-0.012551567227813773,-0.014835635717323473,-0.03441330009854252,346.74183044433596,347.61946472167966,271.10826698303225,329.2830352013946,338.6505697915573,30.40640152810917,-9.367534590162677,-3.775860138689073,-5.5916744514736045,395.12093613416744,298.3627247545045,0.14579926876535637,0.6796515458973881
2022-01-27,276.3666687011719,-0.12277997465910719,-0.11554175561970448,0.02048773822340817,-0.012551567227813773,0.000622510083264904,342.4569976806641,346.39086486816404,271.26971702575685,321.1420557398219,334.03694748856583,24.908404336061125,-12.89489174874393,-5.599666460700044,-7.295225288043886,399.52256340628213,285.391431955046,-0.07907363345232478,0.7926132278094656
2022-01-28,282.1166687011719,0.02059221036289143,0.020805692766870276,-0.12277997465910719,0.02048773822340817,-0.0539980722931419,338.7238311767578,345.0016650390625,271.4488836669922,315.138150041568,330.19100091172186,29.88707358456594,-15.052850870153861,-7.490303342590808,-7.562547527563053,401.34272954826776,276.10493280524787,0.04800256833214425,0.8017545677421842
2022-01-31,312.239990234375,0.10145138741776683,0.10677611383930952,0.02059221036289143,-0.12277997465910719,-0.014835635717323473,336.7228302001953,343.9863983154297,271.7771169281006,314.69227930199986,328.8612964171036,38.05587852632132,-14.169017115103713,-8.82604609709339,-5.342971018010324,400.0738758196136,273.371784580777,0.306768461937463,0.896704657057858
2022-02-01,310.4166564941406,-0.005856643341232021,-0.0058395266373975074,0.10145138741776683,0.02059221036289143,-0.012551567227813773,332.24732971191406,342.8855316162109,272.13815017700193,314.03449117771385,327.4950267931804,36.8789280358481,-13.46053561546654,-9.75294400076802,-3.7075916146985204,389.11305141913664,275.3816080046915,0.30805068007251984,0.7469834096365298
2022-02-02,301.8866577148437,-0.02786380690498876,-0.027479191598914543,-0.005856643341232021,0.10145138741776683,0.02048773822340817,328.18182983398435,341.3428649902344,272.4492668151855,312.16559372188766,325.5981105651554,29.583024528889922,-13.432516843267763,-10.488858569267968,-2.9436582739997945,381.207136193329,275.1565234746397,0.25205072893929015,0.7408858297301131
2022-02-03,297.0466613769531,-0.01616240587443527,-0.016032495024878912,-0.02786380690498876,-0.005856643341232021,-0.12277997465910719,324.8988296508789,339.5713317871094,272.69430015563967,309.8396041303593,323.4831884030664,33.71072840108525,-13.643584272707074,-11.11980370995579,-2.523780562751284,377.0471352876837,272.7505240140741,0.23295231806852335,0.72359887664398
2022-02-04,307.7733459472656,0.035474386816493036,0.03611110968421327,-0.01616240587443527,-0.02786380690498876,0.02059221036289143,322.542497253418,338.33326538085936,273.0336835479736,309.5217182560372,322.31949636930335,35.814899557301445,-12.797778113266133,-11.455398590617857,-1.342379522648276,373.22112089483545,271.86387361200053,0.35428618375024123,0.7395905031401
2022-02-07,302.4466552734375,-0.017458706575610557,-0.01730718642133755,0.035474386816493036,-0.01616240587443527,0.10145138741776683,320.54882965087893,336.94219848632815,273.33025016784666,308.43324702794496,320.8474340659059,36.067688079919684,-12.414187037960914,-11.64715628008647,-0.7670307578744442,371.0885118140652,270.00914748769264,0.32091127602473063,0.7328383848101814
2022-02-08,307.3333435058594,0.016028052271245364,0.0161571905234128,-0.017458706575610557,0.035474386816493036,-0.005856643341232021,318.28016357421876,335.8760650634766,273.6365835571289,308.26403110147027,319.84639032071726,41.27018715097743,-11.582359219246996,-11.634196867918575,0.05183764867157947,366.7739358913413,269.7863912570962,0.3871316919132088,0.7253998267749939
2022-02-09,310.6666564941406,0.010787525285489406,0.010845920427172029,0.016028052271245364,-0.017458706575610557,-0.02786380690498876,316.07349700927733,334.5094647216797,274.01535018920896,308.6336657772657,319.16641003726716,42.54771374048719,-10.532744260001436,-11.413906346335148,0.8811620863337115,361.4890025039562,270.65799151459845,0.44047362837599374,0.726744556974869
2022-02-10,301.51666259765625,-0.0298952129692807,-0.029452771017468238,0.010787525285489406,0.016028052271245364,-0.01616240587443527,312.7123306274414,332.90806457519534,274.3656002044678,307.538742211172,317.85902133803677,45.15739996498242,-10.320279126864762,-11.19518090244107,0.8749017755763084,351.1266694864558,274.29799176842704,0.3542774864501153,0.7107401269278362
2022-02-11,286.6666564941406,-0.050505215210130634,-0.04925102969626416,-0.0298952129692807,0.010787525285489406,0.035474386816493036,309.8529968261719,331.3413977050781,274.6706001281738,304.3276521008595,315.54847579404446,41.9897451069669,-11.220823693184968,-11.20030946058985,-0.020514232595118642,346.99990613688,272.70608751546376,0.1879102358409739,0.6922027291791754
2022-02-14,291.9200134277344,0.018159773032297852,0.01832566437213501,-0.050505215210130634,-0.0298952129692807,-0.017458706575610557,306.9554977416992,329.9491314697266,274.9478002166748,302.4187846126864,313.79821932246597,45.16663587927746,-11.37943470977956,-11.236134510427792,-0.14330019935176708,339.74449737752195,274.1664981058765,0.27072364998994614,0.6926206885132475
2022-02-15,307.4766540527344,0.05191932445845771,0.053290764282768466,0.018159773032297852,-0.050505215210130634,0.016028052271245364,305.15416412353517,329.3321978759766,275.3436834716797,303.1969183726938,313.3299552284118,48.40216323477425,-10.13303685571799,-11.015514979485832,0.882478123767843,333.0880885216391,277.2202397254312,0.5415711358006834,0.7242975383633311
2022-02-16,307.7966613769531,0.0010402120327626255,0.0010407532409399955,0.05191932445845771,0.018159773032297852,0.010787525285489406,303.94983062744143,328.76139770507814,275.7600000762939,303.90457114257987,312.92008160978526,63.04473495286458,-9.015510467205388,-10.615514077029744,1.6000036098243555,328.9549697151463,278.94469153973654,0.5769208028801407,0.7164429330461153
2022-02-17,292.1166687011719,-0.05228610180162916,-0.05094269900666093,0.0010402120327626255,0.05191932445845771,-0.0298952129692807,301.95116424560547,327.59206420898437,276.10235008239744,302.0910476900555,311.37908806099904,53.834355110336006,-9.28804037094352,-10.3500193358125,1.0619789648689792,323.658461624586,280.24386686662496,0.2734748971109486,0.736478843070515
2022-02-18,285.6600036621094,-0.022350967561475237,-0.022103035296720752,-0.05228610180162916,0.0010402120327626255,-0.050505215210130634,300.5024978637695,326.1788641357422,276.4247501373291,299.5631947626792,309.4739706981183,37.548417570685295,-9.91077593543912,-10.262170655737822,0.35139472029870333,322.5112232813075,278.49377244623156,0.1628043214662332,0.7176861480516628
2022-02-22,273.84332275390625,-0.04224617718140919,-0.04136624223452856,-0.022350967561475237,-0.05228610180162916,0.018159773032297852,298.69466400146484,324.96373046875,276.6733500671387,295.6062913767141,306.8346634429915,34.33377752783667,-11.228372066277359,-10.45541093784573,-0.7729611284316285,323.2151936563156,274.1741343466141,-0.0067456045477876465,0.7292565824822752
2022-02-23,254.67999267578125,-0.07254830168258311,-0.06997917599526948,-0.04224617718140919,-0.022350967561475237,0.05191932445845771,296.1219970703125,323.2771301269531,276.89835006713867,289.3099377304168,302.97135449727216,31.467239382230147,-13.661416766855382,-11.096612103647661,-2.5648046632077204,327.2602389065858,264.98375523403917,-0.1654519001495925,0.7663402700764942
2022-02-24,266.92333984375,0.04695367409397792,0.04807345500262783,-0.07254830168258311,-0.04224617718140919,0.0010402120327626255,293.8446640014648,322.17286376953126,277.2043000793457,285.86584574785263,300.30113118960384,38.82362638693982,-14.435285441751205,-11.764346771268372,-2.6709386704828333,326.57042215877595,261.1189058441537,0.08868295688819003,0.7854588282214272
2022-02-25,269.9566650390625,0.011299945777284081,0.011364031324829549,0.04695367409397792,-0.07254830168258311,-0.05228610180162916,293.5241638183594,321.1819305419922,277.570933380127,283.41827948496183,298.0533929562304,35.11974909644508,-14.635113471268596,-12.338500111268417,-2.2966133600001797,327.0855269124219,259.96280072429687,0.1488894281015315,0.6593884476427316
2022-02-28,290.1433410644531,0.07211363413565586,0.07477746853358713,0.011299945777284081,0.04695367409397792,-0.022350967561475237,293.9254974365234,320.47819763183594,278.06883338928225,284.4529043433451,297.46746318646916,45.66571119620587,-13.014558843124064,-12.473711857639547,-0.5408469854845173,327.1022547878536,260.7487400851932,0.4429999090625617,0.705681021063453
2022-03-01,288.1233215332031,-0.006986492144572377,-0.006962143345558558,0.07211363413565586,0.011299945777284081,-0.04224617718140919,292.7196640014648,320.06119750976563,278.526549987793,285.01758391101555,296.7753045454865,43.093068248351706,-11.757720634470957,-12.330513613005829,0.5727929785348724,324.8295927757186,260.60973522721105,0.4284280183152086,0.5986322039065728
2022-03-02,293.2966613769531,0.01779600470296842,0.01795529711451649,-0.006986492144572377,0.07211363413565586,-0.07254830168258311,291.8636642456055,319.7099975585937,279.03164993286134,286.2912881365444,296.5176272737433,43.836203591761276,-10.22633913719892,-11.909678717844447,1.6833395806455265,322.8813855607071,260.8459429305039,0.5230996519181754,0.6035368235917475
2022-03-03,279.7633361816406,-0.04724057511561311,-0.04614210448825773,0.01779600470296842,-0.006986492144572377,0.04695367409397792,290.7574981689453,319.3056640625,279.4673499298096,285.28698783578994,295.27656867432825,42.51365592222242,-9.989580838538302,-11.525659141983219,1.536078303444917,321.84804806978644,259.66694826810414,0.3231912587205925,0.6179412213953871
2022-03-04,279.42999267578125,-0.0011922300504741562,-0.0011915196265851469,-0.04724057511561311,0.01779600470296842,0.011299945777284081,289.87666473388674,318.6373974609375,279.92539985656737,284.38591165732703,294.10274822999145,47.233057639858174,-9.71683657266442,-11.16389462811946,1.4470580554550398,321.21420686850007,258.5391225992734,0.33332017531510866,0.6162532528395315
2022-03-07,268.1933288574219,-0.04104369101185902,-0.04021280504200253,-0.0011922300504741562,-0.04724057511561311,0.07211363413565586,287.89766387939454,317.2754638671875,280.288399810791,281.8947450727262,292.1835319801715,41.32500835725957,-10.288786907445285,-10.988873083984625,0.7000861765393402,319.47461855763487,256.3207092011542,0.18799500739140432,0.6126440518417298
2022-03-08,274.79998779296875,0.024335419149005895,0.02463394210323222,-0.04104369101185902,-0.0011922300504741562,-0.006986492144572377,286.5153305053711,315.65813049316404,280.6942664337158,280.8032439527635,290.8958620403787,37.21603940531933,-10.092618087615165,-10.809622084710734,0.7170039970955688,317.8300432882838,255.2006177224584,0.31294187825355096,0.6209805370706631
2022-03-09,286.3233337402344,0.04107819387010212,0.04193357517885765,0.024335419149005895,-0.04104369101185902,0.01779600470296842,285.46483001708987,314.0916638183594,281.1151497650146,281.6524885354513,290.557156240368,42.2761544966687,-8.904667704916676,-10.428631208751924,1.5239635038352475,315.20928388725827,255.72037614692147,0.51443132435532,0.6382466870265363
2022-03-10,279.4333190917969,-0.024358017786858904,-0.024063755330148706,0.04107819387010212,0.024335419149005895,-0.04724057511561311,283.90316314697264,312.42386352539063,281.50449966430665,281.3110778518122,289.7331683034368,45.12990802312289,-8.422090451624626,-10.027323057326464,1.605232605701838,311.2602580379928,256.5460682559525,0.41830557899181436,0.6399723852721337
2022-03-11,265.1166687011719,-0.05259370365966602,-0.0512345859010529,-0.024358017786858904,0.04107819387010212,-0.0011922300504741562,282.0831634521484,310.48493041992185,281.7981996917725,278.8196302901752,287.9097238884542,42.560898468736205,-9.090093598278997,-9.839877165516972,0.7497835672379747,309.34948961712996,254.81683728716692,0.18887457282809805,0.6564043747026557
2022-03-14,255.4566650390625,-0.03711720154932235,-0.036436802368687404,-0.05259370365966602,-0.024358017786858904,-0.04104369101185902,280.52266387939454,308.4584637451172,282.0240663146973,275.2253279438502,285.5057936033141,43.23622286267005,-10.280465659463914,-9.927994864306362,-0.35247079515755253,310.1542913920683,250.89103636672084,0.07703978916427892,0.6461218598902594
2022-03-15,267.2966613769531,0.04530634609366675,0.046348355546253384,-0.03711720154932235,-0.05259370365966602,0.024335419149005895,279.29149627685547,306.75919677734373,282.3185163116455,274.0055330874045,284.156968993954,54.905517676560926,-10.151435906549523,-9.972683072754995,-0.1787528337945279,308.975340899969,249.60765165374193,0.2979568507348526,0.6663226497198307
2022-03-16,280.07666015625,0.046704219074345354,0.047812040425278646,0.04530634609366675,-0.03711720154932235,0.04107819387010212,277.92149658203124,304.36219665527346,282.67906631469725,274.9395526364576,283.85472389486483,55.09292104204666,-8.915171258407213,-9.761180709885439,0.8460094514782259,304.49431958177007,251.3486735822924,0.5405520251694738,0.6607092011958845
2022-03-17,290.5333251953125,0.03665493442277862,0.037335010469022656,0.046704219074345354,0.04530634609366675,-0.024358017786858904,277.0583297729492,302.5089300537109,283.12319961547854,277.33859456858914,284.3494351023054,57.53410850807542,-7.010840533716248,-9.211112674651602,2.200272140935354,300.47976615738986,253.63689338850858,0.7876637282441611,0.6766905914561717
2022-03-18,301.7966613769531,0.03803519751155836,0.03876779427650434,0.03665493442277862,0.046704219074345354,-0.05259370365966602,277.5423294067383,301.29072998046877,283.67744956970216,281.1013740775682,285.64182223376076,54.56515449669918,-4.540448156192554,-8.276979770959793,3.736531614767239,302.6157955972697,252.4688632162069,0.9836653174696302,0.6650887309107172
2022-03-21,307.0533447265625,0.017268009913468576,0.017417963888751054,0.03803519751155836,0.03665493442277862,-0.03711720154932235,278.61199645996095,300.3337969970703,284.21429962158203,285.09398494664424,287.2278609369313,57.232375443323285,-2.133875990287038,-7.048359014825243,4.914483024538205,306.77820800250646,250.4457849174154,1.0048841627785199,0.6609977891805597
2022-03-22,331.32666015625,0.0760832835953988,0.07905243778179138,0.017268009913468576,0.03803519751155836,0.04530634609366675,281.4861633300781,300.11393005371093,284.86238288879395,292.20670420966053,290.4944386568808,62.67920199698142,1.7122655527797406,-5.296234101304246,7.008499654083987,318.07555584207245,244.89677081808375,1.1810784957666858,0.6851299890544975
2022-03-23,333.03668212890625,0.005147863044765912,0.005161136057840299,0.0760832835953988,0.017268009913468576,0.046704219074345354,285.40399780273435,299.7205303955078,285.52158294677736,298.48823927415987,293.6457159511049,69.28144020786469,4.842523323054991,-3.2684826164323986,8.11100593948739,326.42034621230636,244.38764939316235,1.0806548629162687,0.6134394288112387
2022-03-24,337.97332763671875,0.014714339594958641,0.014823128420135223,0.005147863044765912,0.0760832835953988,0.03665493442277862,288.9564971923828,299.3839971923828,286.2134828948975,304.5628682530151,296.9292427426318,70.50554639612523,7.633625510383297,-1.0880609910692596,8.721686501452556,335.2068767809051,242.70611760386052,1.0299073313605864,0.6005994752975261
2022-03-25,336.8800048828125,-0.003240181703986614,-0.003234937980317265,0.014714339594958641,0.005147863044765912,0.03803519751155836,292.3026641845703,298.7467974853516,286.8810162353516,309.5347354268301,299.88855845671924,75.89865266825538,9.646176970110844,1.0587866011667613,8.587390368944082,342.2972869566869,242.30804141245366,0.945821352642591,0.6029730816466633
2022-03-28,363.9466552734375,0.07728050710253655,0.0803450783611821,-0.003240181703986614,0.014714339594958641,0.017268009913468576,295.99282989501955,299.1486639404297,287.684266204834,317.9058000186159,304.633602665365,79.12021242150628,13.272197353250874,3.501468751583584,9.77072860166729,355.3371388537391,236.64852093630003,1.072538686276449,0.6101466962569941
2022-03-29,366.5233459472656,0.007054913567225325,0.007079858095940583,0.07728050710253655,-0.003240181703986614,0.0760832835953988,299.91283111572267,299.48173095703123,288.48739959716795,325.3854224691774,309.2180280936539,77.82404070365762,16.167394375523486,6.034653876371564,10.132740499151922,366.929866842824,232.8957953886213,0.9969670331494981,0.6065808567958889
2022-03-30,364.663330078125,-0.005087674440050588,-0.00507475414515135,0.007054913567225325,0.07728050710253655,0.005147863044765912,303.4811645507813,299.9049310302734,289.311782913208,331.4281774859386,313.32508749991104,80.63844030137123,18.103089986027555,8.448341098302762,9.654748887724793,376.3585496252209,230.60377947634163,0.9197609825383417,0.6091310557443439
2022-03-31,359.20001220703125,-0.01509517416561853,-0.014981813142339484,-0.005087674440050588,0.007054913567225325,0.014714339594958641,307.45299835205077,300.4512646484375,290.0996662902832,335.70076744302975,316.7232300708088,86.12014495283643,18.977537372220922,10.554180353086394,8.423357019134528,383.4783864790138,231.42761022508773,0.840327192861959,0.5783537867269667
2022-04-01,361.5299987792969,0.006465651918934319,0.006486599368272561,-0.01509517416561853,-0.005087674440050588,-0.003240181703986614,311.55799865722656,301.0400646972656,290.8796495819092,339.674495340917,320.04224997514126,93.15199241198737,19.63224536577576,12.369793355624267,7.262452010151492,390.03876514750056,233.07723216695257,0.8183709993980708,0.5765858881676778
2022-04-04,381.8166809082031,0.05459557817973847,0.05611341298759176,0.006465651918934319,-0.01509517416561853,0.07728050710253655,317.2391662597656,302.3837316894531,291.74988296508786,346.1579085051149,324.61813374796066,93.59235404789663,21.539774757154248,14.203789635930264,7.335985121223985,398.8887647124015,235.58956780712975,0.8954551882205415,0.5575846072581231
2022-04-05,363.7533264160156,-0.048464637280470575,-0.047308971544201106,0.05459557817973847,0.006465651918934319,0.007054913567225325,321.686833190918,303.45879821777345,292.53393295288083,348.86489587602273,327.5170369085573,80.62013114568097,21.347858967465413,15.632603502237295,5.715255465228118,403.2936812124046,240.07998516943138,0.7577387452461207,0.6039791411036629
2022-04-06,348.586669921875,-0.042589069768463106,-0.041694894294368345,-0.048464637280470575,0.05459557817973847,-0.005087674440050588,324.8,304.30786499023435,293.2373496246338,348.8220918830769,329.07775046509937,70.53580064806306,19.744341417977523,16.454951085385343,3.2893903325921805,405.47172827693316,244.12827172306686,0.6474287859572014,0.6268528796416097
2022-04-07,352.4200134277344,0.01093679078037125,0.010996816105212748,-0.042589069768463106,-0.048464637280470575,-0.01509517416561853,328.4493347167969,305.106865234375,293.9051663208008,349.37561827456267,330.8068069808501,68.90106198876893,18.568811293712542,16.877723127050782,1.6910881666617605,407.0569991452495,249.8416702883443,0.6524703658684274,0.6136975511484067
2022-04-08,341.8299865722656,-0.030510186068030958,-0.03004944796541842,0.01093679078037125,-0.042589069768463106,0.006465651918934319,332.2850006103516,306.4161315917969,294.48128288269044,348.2147518588246,331.6233388024365,62.48712180401035,16.59141305638815,16.820461112918256,-0.2290480565301074,405.15807254151,259.4119286791931,0.5654904871509395,0.5875060914836099
2022-04-11,325.3099975585937,-0.0495349318175134,-0.04832808607380468,-0.030510186068030958,0.01093679078037125,0.05459557817973847,335.7776672363281,307.2799981689453,294.9880495452881,344.690943504943,331.15568389548514,47.7122382500898,13.535259609457853,16.163420812226178,-2.628161202768325,399.2340509771743,272.3212834954819,0.4175207515725759,0.6029247962705238
2022-04-12,328.9833374023437,0.01122853693277581,0.011291813566499442,-0.0495349318175134,-0.030510186068030958,-0.048464637280470575,338.8620010375977,307.6148651123047,295.4850995635986,342.2743887199277,330.99476934043764,48.481438611109695,11.279619379490043,15.186660525678953,-3.9070411461889094,393.7170972023104,284.00690487288495,0.40995673760564155,0.5900178747988544
2022-04-13,340.7900085449219,0.03525937358618689,0.035888356035912894,0.01122853693277581,-0.0495349318175134,-0.042589069768463106,341.8976684570313,308.22233215332034,296.0544496154785,342.04602253915755,331.7203426148439,51.003591517364434,10.325679924313647,14.214464405405893,-3.8887844810922463,389.2637297227304,294.53160719133217,0.4883074517649251,0.5820176721409509
2022-04-14,328.3333435058594,-0.03723709338922126,-0.03655231880843268,0.03525937358618689,0.01122853693277581,0.01093679078037125,343.7876693725586,308.75126586914064,296.56328300476076,339.93637961095783,331.46945379195614,47.18291568834824,8.466925819001688,13.064956688125053,-4.598030869123365,385.1616656367588,302.41367310835835,0.31323624423402135,0.5957541192520024
2022-04-18,334.7633361816406,0.01939443951963136,0.019583733431163042,-0.03723709338922126,0.03525937358618689,-0.030510186068030958,345.43600311279295,309.5055993652344,297.10723304748535,339.1405267756782,331.7134450800809,38.866150327852104,7.427081695597337,11.93738168961951,-4.510299994022173,382.12800624929343,308.74399997629246,0.3545641281637284,0.5861039717590892
2022-04-19,342.7166748046875,0.023480261839117743,0.023758093445249484,0.01939443951963136,-0.03723709338922126,-0.0495349318175134,347.2191696166992,310.2044659423828,297.68931640625,339.69070339552576,332.5284991337554,41.27534950742052,7.162204261770341,10.982346204049676,-3.820141942279335,379.2241439779079,315.21419525549055,0.4296594529150924,0.5882138277522686
2022-04-20,325.7333374023437,-0.05082502163771987,-0.049555036713700984,0.023480261839117743,0.01939443951963136,0.01122853693277581,346.9395034790039,310.6701995849609,298.21868309020994,337.54341631965156,332.02515382031754,37.15662446815579,5.518262499334014,9.889529463106545,-4.3712669637725305,379.6198281226411,314.25917883536675,0.1755514777178162,0.5579386476722937
2022-04-21,336.260009765625,0.03180563608534816,0.032316840662455215,-0.05082502163771987,0.023480261839117743,0.03525937358618689,347.10066986083984,311.24873291015626,298.82556648254393,337.34596915749364,332.33884685330327,42.67654379491074,5.007122304190375,8.913048031323312,-3.905925727132937,379.5230819981023,314.67825772357736,0.33282150554807316,0.5696417752752894
2022-04-22,335.01666259765625,-0.003704429607069112,-0.003697576672395231,0.03180563608534816,-0.05082502163771987,-0.03723709338922126,346.95283660888674,311.73573303222656,299.41263313293456,336.98761430213403,332.5372035751072,41.47664317546939,4.450410727026849,8.020520570464019,-3.5701098434371694,379.5768142418961,314.3288589758774,0.317064397457879,0.5672851622286827
2022-04-25,332.67333984375,-0.007019222592886596,-0.006994645387893739,-0.003704429607069112,0.03180563608534816,0.01939443951963136,346.7425033569336,312.35886657714843,299.9810831451416,336.323879770075,332.5472877431548,32.14139088146061,3.7765920269201843,7.171734861755253,-3.3951428348350685,379.6925321603453,313.79247455352186,0.2865075688230229,0.5676910831517358
2022-04-26,292.1400146484375,-0.1299278575282087,-0.12184121881948873,-0.007019222592886596,-0.003704429607069112,0.023480261839117743,343.1521713256836,312.46833374023436,300.2989498901367,329.52636205905384,329.5541564028054,27.6292330357778,-0.027794343751565975,5.7318290206538896,-5.7596233644054555,383.1119804482843,303.19236220308284,-0.13829329765734885,0.6595713167372449
2022-04-27,293.836669921875,0.005790878918745771,0.005807678470473254,-0.1299278575282087,-0.007019222592886596,-0.05082502163771987,339.51783752441406,312.5066668701172,300.65389991760253,324.03564019179555,326.9084166634772,31.325469005479817,-2.872776471681675,4.010907922186777,-6.883684393868452,383.54264959844505,295.4930254503831,-0.01881161384315267,0.6591277934437664
2022-04-28,292.5033264160156,-0.004548029513557434,-0.004537702888526063,0.005790878918745771,-0.1299278575282087,0.03180563608534816,335.9098373413086,312.2072003173828,301.0274498748779,319.18451499552174,324.35989145996155,29.20859329430938,-5.1753764644398075,2.17365104486146,-7.349027509301267,382.9799743124677,288.83970037014956,0.0389166707557156,0.6591953384045487
2022-04-29,290.2533264160156,-0.007721957937068309,-0.007692220213591394,-0.004548029513557434,0.005790878918745771,-0.003704429607069112,332.46250305175784,311.85633361816406,301.3943831634522,314.73356290636696,321.8334792344841,31.0030717656538,-7.0999163281171604,0.31893757026573577,-7.418853898382896,382.3644954058547,282.56051069766096,0.07707924428916212,0.6591110740617452
2022-05-02,300.9800109863281,0.03628977282780161,0.03695628471433299,-0.007721957937068309,-0.004548029513557434,-0.007019222592886596,329.43500366210935,312.0336004638672,301.825583190918,312.6176318417456,320.28877788276884,40.639194668634254,-7.671146041023235,-1.2790791519920586,-6.3920668890311765,379.25870324797546,279.61130407624324,0.21444319759172115,0.6776285065913825
2022-05-03,303.0833435058594,0.006963974902024329,0.006988279761963367,0.03628977282780161,-0.007721957937068309,-0.1299278575282087,325.4983367919922,312.3820672607422,302.26396659851076,311.1508182516093,319.01430126225705,39.913286862888455,-7.863483010647769,-2.5959599237232007,-5.267523086924569,370.0594194183531,280.93725416563126,0.2484913744793892,0.6381268705926365
2022-05-04,317.5400085449219,0.04659599279666411,0.04769864576468552,0.006963974902024329,0.03628977282780161,0.005790878918745771,323.1876708984375,313.2560009765625,302.7508332824707,312.1337706044266,318.9050943943063,41.12843837990037,-6.771323789879659,-3.4310326969544924,-3.340291092925167,364.0343292630286,282.34101253384637,0.43086751059162015,0.6541967334411664
2022-05-05,291.09332275390625,-0.08695990905101429,-0.08328615317548016,0.04659599279666411,0.006963974902024329,-0.004548029513557434,320.31300354003906,313.984267578125,303.1141499328613,308.8967786274235,316.84496316168406,37.160977939853574,-7.948184534260577,-4.33446306441571,-3.613721469844867,361.72187344131976,278.90413363875837,0.14718089559322767,0.703499084752645
2022-05-06,288.54998779296875,-0.00877557365586079,-0.008737180698190294,-0.08695990905101429,0.04659599279666411,-0.007721957937068309,317.11950225830077,314.4168005371094,303.47479988098144,305.7665031144304,314.7490390602977,33.62854839166535,-8.982535945867312,-5.264077640706031,-3.718458305161281,357.949983603212,276.28902091338955,0.15014477512530364,0.6995540061176523
2022-05-09,262.3699951171875,-0.0951126361970946,-0.09072948807249681,-0.00877557365586079,-0.08695990905101429,0.03628977282780161,313.14650268554686,314.2650671386719,303.71434982299803,299.09011726870074,310.8691098793266,24.791885606787133,-11.778992610625835,-6.567060634689992,-5.211931975935843,359.0068512683189,267.28615410277484,-0.05359923264336196,0.7596795549306982
2022-05-10,266.67999267578125,0.016293707630266798,0.016427173986372612,-0.0951126361970946,-0.00877557365586079,0.006963974902024329,310.2150024414062,313.7958001708984,303.95171646118166,294.1039442544054,307.5958419383232,29.87184117325951,-13.491897683917784,-7.952028044535551,-5.539869639382234,360.1188616719128,260.3111432108997,0.0638111917904363,0.753866665371819
2022-05-11,244.6666717529297,-0.08615264955046516,-0.08254582843646041,0.016293707630266798,-0.0951126361970946,0.04659599279666411,305.99916915893556,312.92666717529295,304.10041648864745,286.4982100234091,302.9344219245903,21.04775147988927,-16.436211901181196,-9.64886481586468,-6.787347085316515,362.97237669868446,249.0259616191867,-0.03825736740568473,0.7956942236442639
2022-05-12,242.6666717529297,-0.008207980246495447,-0.008174386751047313,-0.08615264955046516,0.016293707630266798,-0.08695990905101429,301.09300231933594,311.9140673828125,304.2354498291016,279.7548964433354,298.4701441340969,20.94754904271504,-18.715247690761544,-11.462141390844053,-7.253106299917491,362.20108353844375,239.9849211002281,0.021942684168776035,0.7740863102180647
2022-05-13,256.5299987792969,0.05555683158900242,0.05712909369145702,-0.008207980246495447,-0.08615264955046516,-0.00877557365586079,297.5028350830078,311.44940063476565,304.3891831207275,276.1818352642525,295.363466700408,27.664897689097742,-19.1816314361555,-13.006039399906342,-6.1755920362491565,360.2864696162042,234.71920054981143,0.17369811728527074,0.811072992217728
2022-05-16,241.4566650390625,-0.06055559591829793,-0.05875856161837267,0.05555683158900242,-0.008207980246495447,-0.0951126361970946,292.8375015258789,310.68993408203124,304.4511331176758,270.8395013834541,291.3703702810491,32.52258194736501,-20.530868897594985,-14.511005299444072,-6.019863598150913,357.79254529127013,227.88245776048768,0.10448924742167065,0.8191939095204472
2022-05-17,253.8699951171875,0.050132289582274676,0.05141017778952928,-0.06055559591829793,0.05555683158900242,0.016293707630266798,288.3951675415039,310.4034674072266,304.53769973754885,268.22880811172075,288.5925647133556,37.1665868025239,-20.36375660163486,-15.68155555988223,-4.682201041752631,351.10057254540044,225.68976253760735,0.2247033774666555,0.841533492944214
2022-05-18,236.60333251953125,-0.07043726926027942,-0.06801379812405906,0.050132289582274676,-0.06055559591829793,-0.08615264955046516,283.9386672973633,309.6395343017578,304.5378163909912,263.363350328307,284.741510476776,33.71655135604509,-21.37816014846902,-16.82087647759959,-4.557283670869431,348.12244043472344,219.7548941600031,0.1312515417523888,0.8553716111356372
2022-05-19,236.47332763671875,-0.0005496144580126333,-0.0005494634476534976,-0.07043726926027942,0.050132289582274676,-0.008207980246495447,278.94933319091797,308.6425341796875,304.5353163909912,259.2264237603703,281.16608952566065,34.138189575251346,-21.93966576529033,-17.84463433513774,-4.095031430152588,341.5011407412375,216.39752564059845,0.16047339623215853,0.8389483029531595
2022-05-20,221.3000030517578,-0.06631616117599509,-0.06416505716141863,-0.0005496144580126333,-0.07043726926027942,0.05555683158900242,273.26350021362305,307.47986785888673,304.4507663726807,253.39158980519917,276.73156460166786,27.099933649168563,-23.33997479646868,-18.943702427403927,-4.396272369064754,335.0249886192703,211.5020118079758,0.07932120401170671,0.8544860855116726
2022-05-23,224.96665954589844,0.016432950581559483,0.01656871415985961,-0.06631616117599509,-0.0005496144580126333,-0.06055559591829793,267.87816619873047,306.67686767578124,304.4104329681397,249.01852361146058,272.89712719012937,27.749179435375723,-23.878603578668788,-19.9306826576569,-3.947920921011889,326.53292095273906,209.22341144472188,0.13420265899330722,0.8634858973986195
2022-05-24,209.3866729736328,-0.07176955888757142,-0.06925464690507588,0.016432950581559483,-0.06631616117599509,0.050132289582274676,263.74049911499026,305.75546783447265,304.2677663421631,242.92131582102553,268.1926491000185,19.389402990450435,-25.271333278992984,-20.998812781924116,-4.272520497068868,326.70584952638126,200.77514870359926,0.06838304094052698,0.7861039148409713
2022-05-25,219.6000061035156,0.04762508488803092,0.048777379117957986,-0.07176955888757142,0.016432950581559483,-0.07043726926027942,260.02866592407224,304.8015347290039,304.18244972229,239.3334220183317,264.5931940632405,27.71774932521491,-25.2597720449088,-21.851004634521054,-3.408767410387746,324.2635432143383,195.79378863380617,0.18530600877567907,0.8154239678841132
2022-05-26,235.91000366210932,0.07164265445291076,0.07427138936829292,0.04762508488803092,-0.07176955888757142,-0.0005496144580126333,257.19899978637693,303.9182015991211,304.18229972839356,238.80674227122057,262.4685132927863,34.89035058904528,-23.661771021565755,-22.213157911929994,-1.4486131096357617,320.3879953699303,194.01000420282355,0.331545066291506,0.8708018880628801
2022-05-27,253.2100067138672,0.07076881859385181,0.073333062537426,0.07164265445291076,0.04762508488803092,-0.06631616117599509,255.34683380126953,303.1717352294922,304.2445997619629,241.02262910855083,261.7826979906442,47.22950615245324,-20.76006888209335,-21.922540105962664,1.1624712238693142,316.59825132066544,194.0954162818736,0.48255691726052147,0.9177305172850331
2022-05-31,252.7533264160156,-0.001805191767721895,-0.001803563389055407,0.07076881859385181,0.07164265445291076,0.016432950581559483,252.9354995727539,302.19086853027346,304.3130830383301,242.82735177123772,261.11385565178284,45.68726940756645,-18.286503880545126,-21.19533286087916,2.9088289803340324,310.29639853980683,195.57460060570097,0.49841204409258877,0.9038499280679163
2022-06-01,246.7899932861328,-0.023876273341224562,-0.02359349020027346,-0.001805191767721895,0.07076881859385181,-0.07176955888757142,250.12083206176757,300.9856015014648,304.4034163665772,243.43698892737544,260.05282880988284,50.73011550971564,-16.6158398825074,-20.27943426520481,3.663594382697408,302.4222044929842,197.81945963055097,0.46815725266086217,0.9033762767579101
2022-06-02,258.3333435058594,0.04571303469577831,0.04677398003874078,-0.023876273341224562,-0.001805191767721895,0.04762508488803092,247.16049880981444,299.525735168457,304.58556640625,245.72873578560373,259.9254595281033,55.05528742875076,-14.196723742499586,-19.06289216066377,4.866168418164182,289.0629869376651,205.2580106819638,0.6333195854856511,0.9026441959613499
2022-06-03,234.51666259765625,-0.09672413884722543,-0.09219359988526965,0.04571303469577831,-0.023876273341224562,0.07164265445291076,244.33166580200196,297.55533477783206,304.60983306884765,244.00380144899646,258.0433264221443,43.325517029007365,-14.03952497314782,-18.05821872316058,4.018693750012758,281.06646381619714,207.59686778780676,0.3664072795425069,0.9142312992065601
2022-06-06,238.27999877929688,0.01591980642197778,0.0160472016783606,-0.09672413884722543,0.04571303469577831,0.07076881859385181,241.81816635131835,295.5614682006836,304.67878303527834,243.12321642288885,256.5793762263778,48.96590659829734,-13.456159803488958,-17.137806939226255,3.681647135737297,272.1318758213804,211.50445688125632,0.4416408015733642,0.9191480426083045
2022-06-07,238.8866729736328,0.002542820180630796,0.0025460558898939833,0.01591980642197778,-0.09672413884722543,-0.001805191767721895,240.6440002441406,293.6016015625,304.7394497680664,242.47144050761867,255.26880561506337,44.716369409635945,-12.797365107444705,-16.269718572869948,3.4723534654252433,269.38427944497727,211.90372104330393,0.46942744956951166,0.8622087617808396
2022-06-08,241.86666870117188,0.012397350726358317,0.012474516432601446,0.002542820180630796,0.01591980642197778,-0.023876273341224562,239.40333404541016,291.1600018310547,304.77161643981935,242.37839869124224,254.2760547325529,52.06399906175878,-11.897656041310654,-15.39530606655809,3.4976500252474363,265.42500232194516,213.38166576887517,0.5473323737276103,0.8610613326126092
2022-06-09,239.7066650390625,-0.008970671737446728,-0.008930555308462429,0.012397350726358317,0.002542820180630796,0.04571303469577831,239.15533370971679,288.6236682128906,304.789333114624,241.96736274475307,253.19684068118323,51.24807134986544,-11.229477936430158,-14.562140440532506,3.3326625041023483,265.0600721384285,213.2505952810051,0.5106415150815541,0.8062866292476674
2022-06-10,232.22999572753903,-0.03168770531986072,-0.031190911234383334,-0.008970671737446728,0.012397350726358317,-0.09672413884722543,238.63349990844728,285.9750015258789,304.76514976501466,240.46930628056631,251.64374105498737,54.485509143122634,-11.174434774421059,-13.884599307310218,2.7101645328891593,264.66060358711513,212.60639622977942,0.3769839268332297,0.8133380934555209
2022-06-13,215.73666381835932,-0.07366972655880127,-0.07102153990705973,-0.03168770531986072,-0.008970671737446728,0.01591980642197778,236.59383316040038,283.1057345581055,304.6752330780029,236.6642843633037,248.98395755597787,46.572937642112734,-12.319673192674173,-13.571614084383011,1.2519408917088377,263.1048982594784,210.0827680613224,0.10663275383140945,0.8209472926676312
2022-06-14,220.88999938964844,0.02360632235719876,0.023887157055640706,-0.07366972655880127,-0.03168770531986072,0.002542820180630796,235.56549987792968,280.2929345703125,304.5931497192383,234.23747129043363,246.90292361773126,54.629599834340006,-12.66545232729763,-13.390381732965936,0.7249294056683073,262.8661171629825,208.26488259287683,0.23122401711561102,0.8045772097041166
2022-06-15,233.0,0.0533736162801124,0.05482367080362738,0.02360632235719876,-0.07366972655880127,0.012397350726358317,234.52200012207032,277.31660095214846,304.5399663543701,234.04709109190537,245.87307742382524,55.311834419311815,-11.825986331919864,-13.077502652756722,1.251516320836858,260.4369907179985,208.60700952614212,0.47063475449785686,0.8075704197456771
2022-06-16,213.1000061035156,-0.08927688581957352,-0.08540769912654256,0.0533736162801124,0.02360632235719876,-0.008970671737446728,233.34683380126953,274.30353454589846,304.3792663574219,230.8244626321531,243.4454425112097,41.20821704084152,-12.62097987905662,-12.986198098016702,0.36521821896008255,260.9415951999571,205.752072402582,0.13314001151832894,0.8304813825871831
2022-06-17,216.759994506836,0.017029157609637944,0.017174980283869656,-0.08927688581957352,0.0533736162801124,-0.03168770531986072,232.36116714477538,271.66700103759763,304.2395829772949,228.66069830518123,241.46874265903386,34.30007203285125,-12.808044353852637,-12.95056734918389,0.14252299533125345,260.8785822044658,203.84375208508496,0.22646236334386857,0.8341318269419455
2022-06-21,237.0366668701172,0.08942411634475661,0.09354434802147837,0.017029157609637944,-0.08927688581957352,-0.07366972655880127,233.14800033569335,269.3593341064453,304.20411628723144,229.94930885363289,241.14044074874374,44.21770777346998,-11.191131895110857,-12.598680258369283,1.4075483632584262,261.2456978820986,205.05030278928805,0.5691990247243827,0.8633672354147834
2022-06-22,236.086669921875,-0.004015858661335937,-0.004007805884153504,0.08942411634475661,0.017029157609637944,0.02360632235719876,233.7040008544922,267.2444677734375,304.16193298339846,230.89351824874706,240.76608735416085,45.911329773610646,-9.872569105413788,-12.053458027778184,2.180888922364396,261.559082958969,205.8489187500154,0.5427690189252731,0.8623346812267576
2022-06-23,235.07000732421875,-0.0043156097521520964,-0.004306310889948484,-0.004015858661335937,0.08942411634475661,0.0533736162801124,234.9881675720215,265.43966796875,304.0824163818359,231.53605502958885,240.34415550009106,40.3362038059201,-8.808100470502211,-11.40438651632299,2.5962860458207793,260.38233785500637,209.59399728903662,0.5016113885841762,0.8174457319581818
2022-06-24,245.7066650390625,0.04425503260828766,0.04524889345059324,-0.0043156097521520964,-0.004015858661335937,-0.08927688581957352,236.29350051879882,263.77413452148437,304.0544997406006,233.71614887720017,240.74137842890377,55.220029821908476,-7.025229551703603,-10.528555123399114,3.5033255716955107,261.0326288838516,211.55437215374604,0.6902485079781749,0.8152424988546982
2022-06-27,244.9199981689453,-0.003206786761701394,-0.0032016505127857586,0.04425503260828766,-0.0043156097521520964,0.017029157609637944,236.74400024414064,261.85673431396486,304.02099975585935,235.43981799900712,241.050905817055,53.18597680841352,-5.611087818047878,-9.545061662328868,3.93397384428099,261.78008634764706,211.70791414063422,0.6632842667780167,0.7772499754426379
2022-06-28,232.663330078125,-0.05133914578061633,-0.0500435578248114,-0.003206786761701394,0.04425503260828766,0.08942411634475661,235.7166664123535,259.94333404541015,303.95719970703124,235.01266601117908,240.4296039104676,47.31420542749752,-5.416937899288513,-8.719436909720798,3.3024990104322853,259.5659335928393,211.86739923186772,0.4359867892140759,0.7542100177094254
2022-06-29,228.4900054931641,-0.018100003611393377,-0.0179371823809088,-0.05133914578061633,-0.003206786761701394,-0.004015858661335937,234.50350036621094,257.81786743164065,303.86131637573243,234.00917977763834,239.54518921288954,44.28591783560579,-5.536009435251202,-8.08275141482688,2.5467419795756783,257.1415319238387,211.86546880858313,0.3671815864877922,0.7557311915611189
2022-06-30,224.47332763671875,-0.017735577471772915,-0.017579227799377484,-0.018100003611393377,-0.05133914578061633,-0.0043156097521520964,233.38766708374024,255.45300048828125,303.74286636352537,232.54212560211224,238.42875502206206,43.59441300320071,-5.886629419949827,-7.64352701585147,1.756897595901643,255.67302703736044,211.10230713012004,0.2999956144847152,0.7540142606172643
2022-07-01,227.26333618164065,0.012352524133575366,0.012429131666980009,-0.017735577471772915,-0.018100003611393377,0.04425503260828766,231.83416671752929,253.4836004638672,303.6194664001465,231.7300041528089,237.60168695980863,47.8258360373313,-5.871682806999729,-7.2891581740811215,1.4174753670813924,250.89628353449032,212.77204990056825,0.38010695297435143,0.7334260112848889
2022-07-05,233.0666656494141,0.025215114905161356,0.025535704813974602,0.012352524133575366,-0.017735577471772915,-0.003206786761701394,231.76166687011718,251.41973358154297,303.5231497192383,231.93564438305583,237.26575945533494,58.36955693498295,-5.3301150722791135,-6.89734955372072,1.5672344814416066,250.79182884771242,212.73150489252194,0.5342876424497417,0.6581229991908688
2022-07-06,231.7333374023437,-0.005737228466480965,-0.005720802000385716,0.025215114905161356,0.012352524133575366,-0.05133914578061633,231.43433380126953,249.35406707763673,303.4159997558594,231.90452023217705,236.85595041437264,55.43743887339269,-4.951430182195594,-6.508165679415695,1.5567354972201013,250.21600331489495,212.65266428764411,0.5079599846237643,0.6555240976729351
2022-07-07,244.5433349609375,0.05380522947187836,0.05527904488059332,-0.005737228466480965,0.025215114905161356,-0.018100003611393377,231.71716690063477,247.59146697998048,303.42176643371585,233.84895326737097,237.42538630671078,55.748101806740785,-3.576433039339804,-5.921819151400518,2.345386112060714,251.13108720317067,212.30324659809887,0.8303343132254268,0.6842327382189314
2022-07-08,250.76333618164065,0.025117078284842168,0.025435169687600512,0.05380522947187836,-0.005737228466480965,-0.017735577471772915,232.1620002746582,246.76393341064454,303.4432830810547,236.45116602341244,238.41338259374263,71.71298198994498,-1.9622165703301846,-5.129898635186452,3.167682064856267,252.91652077175777,211.40747977755862,0.9481273347072021,0.6884774142562091
2022-07-11,234.3433380126953,-0.0677223141456021,-0.06548005948146862,0.025117078284842168,0.05380522947187836,0.012352524133575366,231.89383392333986,245.57406677246092,303.36176643371584,236.1268847909944,238.11189780996136,58.83673998984072,-1.9850130189669528,-4.500921511942552,2.5159084929755995,252.37469060328962,211.4129772433901,0.5597998444995091,0.7309504523778031
2022-07-12,233.07000732421875,-0.005448427397798375,-0.005433611636988744,-0.0677223141456021,0.025117078284842168,0.025215114905161356,231.93583450317382,244.385400390625,303.2710498046875,235.65659594995202,237.7384244406471,47.53582760812646,-2.0818284906950737,-4.017102907693057,1.9352744169979834,252.42303809480381,211.44863091154383,0.5276800300239192,0.7222849407512264
2022-07-13,237.0399932861328,0.016890005886123306,0.017033448479672808,-0.005448427397798375,-0.0677223141456021,-0.005737228466480965,233.0010009765625,243.32113372802735,303.1655997467041,235.86942630936446,237.68668879957195,50.570806939401486,-1.8172624902074972,-3.5771348241959453,1.7598723339884481,252.11089861025533,213.89110334286966,0.6056780205470367,0.6690475922583979
2022-07-14,238.31333923339844,0.005357484236889209,0.005371861218914864,0.016890005886123306,-0.005448427397798375,0.05380522947187836,233.87216796875,242.06780029296874,303.0382330322266,236.245412913062,237.73310735022577,51.93600962416884,-1.4876944371637535,-3.159246746789507,1.6715523096257536,252.23121754115613,215.51311839634388,0.6209531911533037,0.6653365988443926
2022-07-15,240.0666656494141,0.007330299130864308,0.0073572315408600986,0.005357484236889209,0.016890005886123306,0.025117078284842168,234.2255012512207,240.80746673583985,302.9426329803467,236.83329794942387,237.905963520536,46.233974244676624,-1.0726655711121396,-2.741930511654034,1.6692649405418942,252.78478927686731,215.66621322557407,0.6573649913219095,0.6394002060106648
2022-07-18,240.54666137695312,0.001997430616818738,0.001999426810217919,0.007330299130864308,0.005357484236889209,-0.0677223141456021,235.59783401489258,239.26759979248047,302.8431829071045,237.4045846305822,238.10157076915948,47.06776037257863,-0.6969861385772731,-2.3329416370386817,1.6359554984614086,251.4400071971852,219.75566083259997,0.6561915560799458,0.5422467925273807
2022-07-19,245.52999877929688,0.020505045463666282,0.020716718219316865,0.001997430616818738,0.007330299130864308,-0.005448427397798375,237.0363342285156,238.35633331298828,302.7783661651611,238.6546483457691,238.65182469583632,59.559190962079256,0.002823649932764738,-1.8657885796443925,1.8686122295771572,250.75935894641546,223.31330951061577,0.809467654740227,0.5433188909525273
2022-07-20,247.5,0.007991447618970264,0.008023464466653252,0.020505045463666282,0.001997430616818738,0.016890005886123306,237.55950088500975,237.5353335571289,302.72383277893067,240.01547167718923,239.30724508873735,64.60135835965464,0.708226588451879,-1.3509855460251383,2.0592121344770176,252.05843674030447,223.06056502971504,0.8428009894726232,0.4461437821936342
2022-07-21,271.7066650390625,0.09331246499887616,0.09780470722853529,0.007991447618970264,0.020505045463666282,0.005357484236889209,239.34050064086915,237.72206695556642,302.77981605529783,244.8910398867082,241.70720212209477,77.69093199812636,3.183837764613429,-0.4440208838974248,3.6278586485108537,260.3615993429687,218.3194019387696,1.269849493998158,0.5499613991735185
2022-07-22,272.24334716796875,0.0019732780255828208,0.0019752262198982073,0.09331246499887616,0.007991447618970264,0.007330299130864308,241.19916763305665,237.83333404541017,302.8400495147705,249.0990871607483,243.96913879215953,77.08551709842114,5.129948368588771,0.6707729665998144,4.459175401988956,266.7220310354324,215.67630423068087,1.1081641202534982,0.5486928276544963
2022-07-25,268.4333190917969,-0.014093787954092982,-0.013994935471540293,0.0019732780255828208,0.09331246499887616,0.001997430616818738,242.33550033569335,238.3086669921875,302.8776328277588,252.07358438090964,245.78130029583636,71.82048559613281,6.292284085073277,1.795075190294507,4.49720889477877,270.581729985566,214.08927068582065,0.9619699527972428,0.5355616393738711
2022-07-26,258.8599853515625,-0.0363152186530825,-0.0356637312112531,-0.014093787954092982,0.0019732780255828208,0.020505045463666282,243.03249969482422,238.63253326416014,302.8492493438721,253.11764606870238,246.75009178144572,65.19189014769302,6.367554287256667,2.709571009686939,3.6579832775697274,272.2195476105492,213.84545177909925,0.7711388575925651,0.5543816294024237
2022-07-27,274.82000732421875,0.05982904612856656,0.061655036992220635,-0.0363152186530825,-0.014093787954092982,0.007991447618970264,245.1403335571289,238.99833343505858,302.91419944763186,256.45647087724336,248.8293447846141,66.3781536133082,7.627126092629254,3.6930820262754023,3.934044066353852,277.12886630376636,213.1518008104915,0.9639111459435364,0.5509078227604534
2022-07-28,280.8999938964844,0.021882347827174065,0.02212352234272652,0.05982904612856656,-0.0363152186530825,0.09331246499887616,247.7608329772949,239.78720001220702,302.99879936218264,260.2170128802035,251.20494842253044,66.32714538913282,9.012064457673091,4.75687851255494,4.255185945118151,282.4768056952162,213.04486025937362,0.9772898225905411,0.5437043568891159
2022-07-29,297.1499938964844,0.056238328890716484,0.05784976985791013,0.021882347827174065,0.05982904612856656,0.0019732780255828208,251.3946662902832,240.65279998779297,303.1416826629639,265.89900995963137,254.60828512430479,84.08957229858515,11.290724835326586,6.06364777710927,5.227077058217316,290.7515503633048,212.03778221726162,1.0812874759255346,0.556327916172204
2022-08-01,297.27667236328125,0.0004262206792024022,0.00042631152414229767,0.056238328890716484,0.021882347827174065,-0.014093787954092982,254.89533309936525,241.86626678466797,303.27626609802246,270.726342637116,257.768906401266,85.2887069375005,12.957436235849968,7.44240546885741,5.515030766992559,297.5329112003492,212.25775499838127,0.996995152533511,0.5584099971010202
2022-08-02,300.586669921875,0.011072869479979633,0.011134400598203698,0.0004262206792024022,0.056238328890716484,-0.0363152186530825,258.2713333129883,243.1485336303711,303.4153327178955,275.32023914246355,260.9405925879778,85.181200379335,14.37964655448576,8.82985368598308,5.54979286850268,304.19709618754604,212.34557043843057,0.9606928002967244,0.5567044194241124
2022-08-03,307.39666748046875,0.022402858626649376,0.02265568716125621,0.011072869479979633,0.0004262206792024022,0.05982904612856656,262.0544998168945,244.8704669189453,303.5472660064697,280.2550742713874,264.3817833207549,86.0371887610682,15.873290950632509,10.238541138912966,5.6347498117195425,311.13310660091133,212.97589303287768,0.9619341362226749,0.553280597739738
2022-08-04,308.6333312988281,0.004014952135593356,0.004023022853486102,0.022402858626649376,0.011072869479979633,0.021882347827174065,265.2589996337891,246.5438003540039,303.64024925231934,284.62095996791675,267.65967576357514,85.96151682304514,16.96128420434161,11.583089751998696,5.378194452342914,317.7725388893012,212.74546037827696,0.9129823687372799,0.5338083642484827
2022-08-05,288.1700134277344,-0.0686033118290163,-0.0663030068235908,0.004014952135593356,0.022402858626649376,0.056238328890716484,267.12933349609375,248.11946716308594,303.64064933776854,285.1669681925041,269.17896003499436,70.64893780873729,15.98800815750974,12.464073433100905,3.523934724408834,320.1313560859708,214.12731090621668,0.6984894057199547,0.6017591194066791
2022-08-08,290.42333984375,0.007789020718917544,0.007819434052879659,-0.0686033118290163,0.004014952135593356,0.0004262206792024022,269.9333335876465,249.53593383789064,303.64976600646975,285.97564075423423,270.7526177986059,69.9372309914153,15.223022955628323,13.01586333760639,2.207159618021933,321.5477120312208,218.31895514407216,0.6984912622604139,0.5332759139520123
2022-08-09,283.3333435058594,-0.0247155543645267,-0.024412625864385085,0.007789020718917544,-0.0686033118290163,0.011072869479979633,272.44650039672854,250.48440063476562,303.576432723999,285.5691334852535,271.6845234065506,65.22145504824589,13.884610078702849,13.189612685825683,0.6949973928771662,321.32560924693115,223.56739154652593,0.6113649917646331,0.545277863460154
2022-08-10,294.3566589355469,0.03816806100817755,0.03890581776676605,-0.0247155543645267,0.007789020718917544,0.022402858626649376,275.31233367919924,251.30733367919922,303.5320827484131,286.9210604776063,273.36394085314294,60.834897070704095,13.557119624463382,13.263114073553224,0.2940055509101587,322.12825288537806,228.49641447302042,0.7033958275226404,0.554125113987388
2022-08-11,286.6300048828125,-0.026599955270312267,-0.026249292544206493,0.03816806100817755,-0.0247155543645267,0.004014952135593356,277.7281669616699,251.98486724853515,303.2571327972412,286.8762826937919,274.34661226274807,56.43909696221024,12.529670431043826,13.116425345051343,-0.5867549140075177,321.3851021804661,234.07123174287372,0.6019521626578812,0.5697019494340974
2022-08-12,300.0299987792969,0.045690263130780645,0.046750143628413676,-0.026599955270312267,0.03816806100817755,-0.0686033118290163,280.72633361816406,253.04966735839844,303.059899520874,288.8999313223311,276.24908533804796,63.02383526891221,12.650845984283137,13.023309472897703,-0.37246348861456546,321.64309358826796,239.80957364806017,0.7358894640635911,0.5840956345088926
2022-08-15,309.32000732421875,0.030493897831355556,0.03096359891583922,0.045690263130780645,-0.026599955270312267,0.007789020718917544,284.16500091552734,254.06940063476563,302.8767328643799,292.04148147646765,278.6987832629495,70.84780998098135,13.342698213518133,13.08718722102179,0.2555109924963439,322.3310215693437,245.99898026171098,0.8295471466210621,0.5869261714539955
2022-08-16,306.5633239746094,-0.008952025876518947,-0.008912075793144236,0.030493897831355556,0.045690263130780645,-0.0247155543645267,287.21666717529297,255.5103338623047,302.61448280334474,294.27561109156636,280.76282331566506,64.72097561942124,13.512787775901302,13.172307331997693,0.34048044390360843,321.9845668474829,252.44876750310308,0.778225848868164,0.5909464255520771
2022-08-17,303.9966735839844,-0.008407578354357605,-0.008372333511224461,-0.008952025876518947,0.030493897831355556,0.03816806100817755,290.0415008544922,256.8246673583984,302.2777994537353,295.771159167323,282.4838492614665,61.07188521304578,13.287309905856489,13.195307846769454,0.09200205908703474,320.08145243982506,260.00154926915934,0.732276884499139,0.5949441340520107
2022-08-18,302.8699951171875,-0.0037131047703819653,-0.0037062197211366055,-0.008407578354357605,-0.008952025876518947,-0.026599955270312267,291.59966735839845,258.10433380126955,301.77783271789554,296.86328777499443,283.99393413966806,53.20699912977984,12.869353635326377,13.130117004480839,-0.2607633691544624,320.8580091721347,262.3413255446622,0.6926002476582224,0.5087946613277763
2022-08-19,296.6666564941406,-0.02069451464936621,-0.020481852686155544,-0.0037131047703819653,-0.008407578354357605,0.045690263130780645,292.82083282470705,259.2003335571289,301.3078327178955,296.83303680870927,284.93265431407343,49.67980395781467,11.900382494635835,12.884170102511838,-0.9837876078760033,320.6829842234471,264.95868142596703,0.5690151958187889,0.5171307091777909
2022-08-22,289.913330078125,-0.023027123255798403,-0.022764022407583906,-0.02069451464936621,-0.0037131047703819653,0.030493897831355556,293.89483337402345,260.2044668579102,300.7342993927002,295.7684665424655,285.30159325955873,44.593036917939514,10.46687328290676,12.400710738590822,-1.9338374556840616,319.35090796801194,268.43875878003496,0.4217965974840699,0.5222905529099285
2022-08-23,296.4533386230469,0.02230781558771273,0.0225584954757323,-0.023027123255798403,-0.02069451464936621,-0.008952025876518947,295.77450103759764,261.48893371582034,300.16671607971193,295.8738314779396,286.127648471669,44.441058079534244,9.746183006270599,11.869805192126778,-2.1236221858561795,315.16792421949367,276.3810778557016,0.5175017473470834,0.5036187908157459
2022-08-24,297.0966796875,0.0021677745650455194,0.002170125887066332,0.02230781558771273,-0.023027123255798403,-0.008407578354357605,296.8883346557617,263.11613403320314,299.61538276672366,296.0619619717181,286.94016930247125,44.10412516130361,9.121792669246872,11.320202687550797,-2.1984100183039246,313.58591053341,280.1907587781134,0.5062387808046196,0.4630163524367857
2022-08-25,296.07000732421875,-0.0034616690754643124,-0.003455684406709514,0.0021677745650455194,0.02230781558771273,-0.0037131047703819653,297.64683532714844,264.6197341918945,299.1574994659424,296.06319971825667,287.61645360037846,55.03826180580776,8.446746117878206,10.74551137361628,-2.2987652557380738,312.570353290548,282.7233173637489,0.4471696952824088,0.4586787061707723
2022-08-26,288.0899963378906,-0.02732301898385137,-0.026953121859416895,-0.0034616690754643124,0.0021677745650455194,-0.02069451464936621,297.19383544921874,265.72153411865236,298.89211616516116,294.8365530443542,287.6515308401942,48.613196462534596,7.1850222041600205,10.033413539725029,-2.848391335565008,312.71876438160865,281.6689065168288,0.2067993305806822,0.4237197988963255
2022-08-29,284.82000732421875,-0.011415491099770154,-0.01135058160727187,-0.02732301898385137,-0.0034616690754643124,-0.023027123255798403,296.5710021972656,267.1559341430664,298.5362995147705,293.2955460104872,287.44178835752933,50.925616637576674,5.853757652957881,9.1974823623716,-3.343724709413719,313.0519805312039,280.0900238633273,0.143498260996778,0.4250707191915685
2022-08-30,277.70001220703125,-0.02531598923616216,-0.0249982267189629,-0.011415491099770154,-0.02732301898385137,0.02230781558771273,295.4266693115234,268.37473449707034,298.1522829437256,290.89623311764785,286.72017530934426,39.09953127215573,4.176057808303597,8.193197451558,-4.017139643254403,313.80289132389015,277.0504472991567,0.017674060191409536,0.4296687410887524
2022-08-31,275.6099853515625,-0.007554668468041173,-0.007526203685978228,-0.02531598923616216,-0.011415491099770154,0.0021677745650455194,293.83733520507815,269.14620086669925,297.8079662322998,288.5445026920963,285.89719827543445,42.2138407958311,2.647304416661825,7.084018844578765,-4.4367144279169395,313.3196172628228,274.3550531473335,0.03220701251807809,0.41829865820357204
2022-09-01,277.1600036621094,0.005608200169827373,0.005623955563764049,-0.007554668468041173,-0.02531598923616216,-0.0034616690754643124,292.2636688232422,269.9676675415039,297.50478294372556,286.7930413028675,285.2499986744474,30.591261504290927,1.5430426284200962,5.975823601347032,-4.432780972926936,311.798200254879,272.7291373916054,0.11341112240163752,0.4188151032747328
2022-09-02,270.2099914550781,-0.025395567131662106,-0.02507581222110289,0.005608200169827373,-0.007554668468041173,-0.02732301898385137,291.36566772460935,270.67046722412107,297.09794960021975,284.24180286474603,284.1359240656052,15.436319081809401,0.10587879914083942,4.801834640905794,-4.695955841764954,313.20753318958816,269.52380225963054,0.015708117892856182,0.3556176102175399
2022-09-06,274.4200134277344,0.015460425583855752,0.015580556255471167,-0.025395567131662106,0.005608200169827373,-0.011415491099770154,290.5655014038086,271.2447341918945,296.65503303527834,282.730758335975,283.41622698131846,22.304617860354554,-0.6854686453434624,3.7043739836559424,-4.389842628999405,313.6877420441822,267.443260763435,0.15086670822284695,0.3597849010244236
2022-09-07,283.70001220703125,0.03325755641840769,0.03381677109982606,0.015460425583855752,-0.025395567131662106,-0.02531598923616216,290.5838348388672,272.02033447265626,296.2462331390381,282.8798743161375,283.43724810914904,34.32531405652476,-0.5573737930115499,2.852024428322444,-3.4093982213339937,313.6825004182431,267.4851692594913,0.3509909023060128,0.3716753011388953
2022-09-08,289.260009765625,0.019408586563541073,0.01959815762903916,0.03325755641840769,0.015460425583855752,-0.007554668468041173,290.3290023803711,273.15226806640624,295.79743324279787,283.86143361605866,283.8685637874065,40.16289156796589,-0.00713017134785332,2.2801935083883844,-2.2873236797362377,313.36478319550736,267.29322156523483,0.4767971265370852,0.35159023358462743
2022-09-09,299.67999267578125,0.035389242849343666,0.03602289482946186,0.019408586563541073,0.03325755641840769,0.005608200169827373,290.9815017700195,274.5760678100586,295.36771659851075,286.2950580867852,285.03978074210096,52.05286585403885,1.2552773446842593,2.0752102756475597,-0.8199329309633003,314.31351058250186,267.6494929575372,0.686406815111182,0.36018014127477777
2022-09-12,304.4200134277344,0.015693156705112052,0.01581694096302666,0.035389242849343666,0.019408586563541073,-0.025395567131662106,291.2010025024414,276.1750015258789,295.0414333343506,289.08351275462354,286.47535353362935,60.16157449626612,2.608159220994196,2.181800064716887,0.426359156277309,314.9699437730168,267.432061231866,0.7780731959159111,0.326316716725639
2022-09-13,292.1300048828125,-0.041209445573060305,-0.04037188096320543,0.015693156705112052,0.035389242849343666,0.015460425583855752,290.3415023803711,277.47233489990236,294.64208335876464,289.552203851268,286.8942165965318,47.197375641914874,2.657987254736213,2.277037502720752,0.3809497520154608,312.54326667173297,268.1397380890092,0.5402783868653465,0.33859284502478787
2022-09-14,302.6099853515625,0.035245873940170286,0.03587437200418364,-0.041209445573060305,0.015693156705112052,0.03325755641840769,290.1438354492187,278.86320129394534,294.3519332122803,291.56109331285177,288.0583476154229,53.16977842782078,3.50274569742885,2.522179141662372,0.9805665557664778,311.8012097280295,268.48646117040795,0.7878038155008581,0.36347624460032374
2022-09-15,303.75,0.0037601953268899466,0.003767273730617582,0.035245873940170286,-0.041209445573060305,0.019408586563541073,290.13150177001955,280.30353454589846,293.97569984436035,293.4363097262592,289.2206922365027,54.40973001009308,4.215617489756482,2.8608668112811944,1.354750678475288,311.7559148017927,268.5070887382464,0.8148871187849247,0.36259654639051275
2022-09-16,303.3500061035156,-0.0013177201460770078,-0.0013168523341049454,0.0037601953268899466,0.035245873940170286,0.035389242849343666,290.15550231933594,281.47966796875,293.58451652526855,294.9614937842986,290.2673080785037,59.59748305028141,4.6941857057949505,3.227530590183946,1.4666551156110046,311.84042557385294,268.47057906481893,0.8042321992408078,0.3623743895564683
2022-09-19,309.07000732421875,0.018680537647816527,0.018856110452001085,-0.0013177201460770078,0.0037601953268899466,0.015693156705112052,290.77566986083986,282.64580139160154,293.30486656188964,297.13203432890174,291.6601006152233,64.7955938540371,5.471933713678425,3.676411214882842,1.7955224987955827,313.90592675491854,267.64541296676117,0.8954633436877699,0.35937802481606873
2022-09-20,308.7300109863281,-0.001100668054834369,-0.0011000625419275156,0.018680537647816527,-0.0013177201460770078,-0.041209445573060305,291.71650390625,284.1335348510742,293.0408499908447,298.9163384300443,292.92453842049036,70.63986167435255,5.991800009553913,4.139488973817056,1.8523110357368564,316.19077862917766,267.24222918332237,0.8475793924986009,0.3473123991157453
2022-09-21,300.79998779296875,-0.026021592607865372,-0.025685948599634356,-0.001100668054834369,0.018680537647816527,0.035245873940170286,291.93383636474607,285.4881344604492,292.8532332611084,299.20613063972496,293.50790504067396,65.54745119489719,5.698225599051,4.451236298863845,1.2469893001871544,316.66110873097125,267.2065639985209,0.679278799879539,0.35424344331720714
2022-09-22,288.5899963378906,-0.041438568478665415,-0.040591728559117746,-0.026021592607865372,-0.001100668054834369,0.0037601953268899466,291.5085021972656,286.5191345214844,292.61449989318845,297.57287920867356,293.1436155071344,56.234311768520605,4.429263701539128,4.446841779398902,-0.017578077859774055,316.15436712455926,266.86263726997197,0.44079116582062133,0.3844240179276304
2022-09-23,275.3299865722656,-0.04703665354268194,-0.04594757245188685,-0.041438568478665415,-0.026021592607865372,-0.0013177201460770078,290.471501159668,287.25946746826173,292.2382331085205,294.15089572614926,291.8240874378849,52.61277451948384,2.326808288264374,4.022835081171997,-1.696026792907623,316.03738402329367,264.9056182960423,0.20387264409817796,0.41716756143980366
2022-09-26,276.010009765625,0.0024668028538151034,0.0024698479153155706,-0.04703665354268194,-0.041438568478665415,0.018680537647816527,289.8675018310547,287.97833435058595,291.8366831207275,291.35999019376095,290.65267427697677,50.84171287382401,0.7073159167841823,3.359731248294434,-2.6524153315102517,316.22869781733453,263.5063058447749,0.23716116536134968,0.4080304982187757
2022-09-27,282.94000244140625,0.024797737333229056,0.02510775852537339,0.0024668028538151034,-0.04703665354268194,-0.001100668054834369,289.77350158691405,288.826201171875,291.578383102417,290.06460746262945,290.08136525211967,49.587399856988256,-0.01675778949021378,2.6844334407375046,-2.7011912302277183,316.2237386040894,263.3232645697387,0.3708234799357281,0.41725789445653283
2022-09-28,287.8099975585937,0.017065662059063694,0.0172121123742337,0.024797737333229056,0.0024668028538151034,-0.026021592607865372,290.2790008544922,289.67180114746094,291.32238304138184,289.7177444004701,289.91311579333995,49.206863764988334,-0.19537139286984484,2.1084724740160348,-2.3038438668858796,316.1375107795286,264.4204909294558,0.4522593663931886,0.41066728403078523
2022-09-29,268.2099914550781,-0.07053030781738909,-0.06810050474193585,0.017065662059063694,0.024797737333229056,-0.041438568478665415,289.909001159668,290.0860009765625,291.052749710083,286.40885933194824,288.3054769534687,34.357300292615435,-1.8966176215204769,1.3074544549087326,-3.2040720764292097,316.8407676051172,262.97723471421875,0.09714841303592942,0.48396829639245814
2022-09-30,265.25,-0.011097446407076914,-0.011036096899372572,-0.07053030781738909,0.017065662059063694,-0.04703665354268194,289.3135009765625,289.95686767578127,290.7814830780029,283.1536502039562,286.5976638458044,30.179130504072646,-3.444013641848187,0.3571608355573488,-3.801174477405536,317.90760121468213,260.7194007384429,0.07922262326543178,0.4844104179003579
2022-10-03,242.3999938964844,-0.09008354847845322,-0.08614516909902203,-0.011097446407076914,-0.07053030781738909,0.0024668028538151034,287.9230010986328,289.36000061035156,290.366833114624,276.8838569258836,283.32376236807704,27.26524671741487,-6.439905442193435,-1.002252419992808,-5.437653022200627,322.5061441548916,253.33985804237403,-0.1581675807790662,0.5720029080902096
2022-10-04,249.44000244140625,0.02862918608137619,0.029042940273044104,-0.09008354847845322,-0.011097446407076914,0.024797737333229056,286.6740005493164,288.9801342773437,290.06916648864745,272.66172546673323,280.8138542253607,24.903258779020888,-8.152128758627498,-2.432227687719746,-5.719901070907752,324.9207917721482,248.4272093264846,0.013240236403375275,0.5802326823306032
2022-10-05,240.8099975585937,-0.03521018442372986,-0.03459751763288155,0.02862918608137619,-0.09008354847845322,0.017065662059063694,284.52949981689454,288.6191345214844,289.7189331817627,267.76145963471174,277.850605583378,22.253580473062584,-10.089145948666271,-3.9636113399090513,-6.12553460875722,327.9395773040634,241.1194223297257,-0.003563973955396194,0.5715482058493875
2022-10-06,238.1300048828125,-0.0111914671326154,-0.011129075632041019,-0.03521018442372986,0.02862918608137619,-0.07053030781738909,281.9729995727539,287.88533447265627,289.40968315124513,263.2027742882657,274.9083388648176,21.815048774035176,-11.705564576551922,-5.512001987237626,-6.193562589314296,329.9881001933899,233.9578989521179,0.043445768901518425,0.562191374602726
2022-10-07,223.07000732421875,-0.06533110715825653,-0.06324275500689214,-0.0111914671326154,-0.03521018442372986,-0.011097446407076914,278.14250030517576,286.7287347412109,288.96081657409667,257.02850244764306,271.0684624544029,15.611015221686756,-14.039960006759827,-7.217593591142066,-6.822366415617761,332.06926812276635,224.21573248758514,-0.010622972688089273,0.5686353956503575
2022-10-10,222.9600067138672,-0.0004932430962923407,-0.0004931214719139376,-0.06533110715825653,-0.0111914671326154,-0.09008354847845322,274.0694999694824,285.2449349975586,288.39416656494143,251.78719541167754,267.50487314028913,15.639782672667437,-15.71767772861159,-8.917610418635972,-6.800067309975619,331.8098819579112,216.32911798105363,0.05741985508636221,0.5599743175873161
2022-10-11,216.5,-0.02940186584357689,-0.02897383620084637,-0.0004932430962923407,-0.06533110715825653,0.02862918608137619,270.2879997253418,283.629401550293,287.6983332824707,246.3583961175733,263.7267343891566,15.826183947668284,-17.368338271583298,-10.607755989225438,-6.760582282357859,332.76046311587817,207.81553633480547,0.06950633282143069,0.5543442914082889
2022-10-12,217.2400054931641,0.0034122110102537424,0.003418039229395431,-0.02940186584357689,-0.0004932430962923407,-0.03521018442372986,266.0195007324219,281.96246826171875,286.96129997253416,241.87864371381804,260.28327298945345,18.110322354929338,-18.404629275635415,-12.167130646507434,-6.23749862912798,330.81605441607553,201.22294704876822,0.12359498718553394,0.5269284862536053
2022-10-13,221.72000122070312,0.020412571604412393,0.020622332969329582,0.0034122110102537424,-0.02940186584357689,-0.0111914671326154,261.91800079345705,280.2489349365234,286.25578330993653,238.77731409949266,257.4267343399164,23.998461836311634,-18.649420240423723,-13.463588565290694,-5.185831675133029,327.04254148458597,196.79346010232817,0.19137594564079888,0.5386361838225454
2022-10-14,204.9900054931641,-0.07845410579918485,-0.07545550981161042,0.020412571604412393,0.0034122110102537424,-0.06533110715825653,257.00000076293946,278.17606842041016,285.4704167175293,233.57926662159593,253.54253220311992,20.194726944647087,-19.963265581523984,-14.763523968537353,-5.199741612986632,323.7850899433828,190.21491158249614,0.11061671169404187,0.579301484389396
2022-10-17,219.3500061035156,0.06770743117966105,0.07005219876844371,-0.07845410579918485,0.020412571604412393,-0.0004932430962923407,252.5140007019043,276.79966827392576,284.7832667541504,231.39014961881435,251.0097524920381,24.879516213110364,-19.619602873223755,-15.734739749474635,-3.8848631237491205,316.5697843408541,188.45821706295456,0.24113192662416336,0.6447132441344589
2022-10-18,220.19000244140625,0.0038221656467326303,0.0038294794370521412,0.06770743117966105,-0.07845410579918485,-0.02940186584357689,248.0870002746582,275.3950015258789,284.1229167175293,229.66705005305926,248.72680804384314,22.409013219385088,-19.05975799078388,-16.399743397736486,-2.660014593047393,307.8806201229844,188.293380426332,0.26672262104204364,0.6465722365396925
2022-10-19,222.0399932861328,0.008366694500343838,0.008401793106927569,0.0038221656467326303,0.06770743117966105,0.0034122110102537424,244.1490005493164,274.16913452148435,283.23348335266115,228.49365670430134,246.75000695067942,27.970225628855346,-18.256350246378076,-16.771064767464807,-1.4852854789132692,299.53700288386744,188.76099821476538,0.3004170006922961,0.6516395430256824
2022-10-20,207.27999877929688,-0.06878698522005931,-0.0664744863679374,0.008366694500343838,0.0038221656467326303,0.020412571604412393,240.08350067138673,272.4276013183594,282.35390007019043,225.23001702353145,243.82630264168813,25.139376000707756,-18.596285618156685,-17.136108937603183,-1.4601766805535021,293.6430134872536,186.52398785551986,0.19376586746722702,0.6731328774784296
2022-10-21,214.44000244140625,0.03395945997966481,0.03454266549727758,-0.06878698522005931,0.008366694500343838,-0.07845410579918485,237.03900146484375,270.9838012695312,281.61256675720216,223.57001478012756,241.64953966388947,36.14470111674983,-18.079524883761906,-17.32479212683493,-0.7547327569269768,289.06297657922653,185.01502635046094,0.28280207371937577,0.6857552534547504
2022-10-24,211.25,-0.014987724107085643,-0.014875967194030837,0.03395945997966481,-0.06878698522005931,0.06770743117966105,233.8010009765625,269.2082012939453,280.89431678771973,221.67462789087716,239.39772191100877,30.324571228759524,-17.72309402013161,-17.404452505494266,-0.3186415146373456,283.6269857470691,183.97501620605593,0.27370240567818044,0.6834988494915054
2022-10-25,222.4199981689453,0.051525211920993325,0.05287573097725584,-0.014987724107085643,0.03395945997966481,0.0038221656467326303,230.77500076293944,267.47020111083987,280.29481674194335,221.78930024134917,238.14011274493,40.767143848013326,-16.35081250358084,-17.193724505111582,0.8429120015307419,275.0807300259502,186.46927149992874,0.40571193914452236,0.7093882024784816
2022-10-26,224.63999938964844,0.009931639962148882,0.009981122376490958,0.051525211920993325,-0.014987724107085643,0.008366694500343838,227.6165008544922,265.8317346191406,279.6544834136963,222.2278693410875,237.1401043482425,43.195800007480855,-14.912235007154976,-16.737426605520263,1.8251915983652864,262.88797065864793,192.34503105033644,0.4578058203787548,0.7059505709237792
2022-10-27,225.08999633789065,0.0020011878357876823,0.00200319154854367,0.009931639962148882,0.051525211920993325,-0.06878698522005931,225.46050109863282,264.25360107421875,279.0059334564209,222.6681965713649,236.2475037548831,51.194977091954634,-13.57930718351821,-16.10580272111985,2.5264955376016403,255.10736589134774,195.8136363059179,0.4937513669095761,0.6728975282595167
2022-10-28,228.5200042724609,0.015123446596271505,0.01523838460338034,0.0020011878357876823,0.009931639962148882,0.03395945997966481,223.62400131225587,262.7666012573242,278.30483352661133,223.56847467922583,235.6750963858148,53.16484391529703,-12.106621706588982,-15.305966518213676,3.1993448116246945,246.71945777916036,200.52854484535138,0.6059949381650228,0.6781081498470551
2022-10-31,227.5399932861328,-0.004297734947230934,-0.004288512900427088,0.015123446596271505,0.0020011878357876823,-0.014987724107085643,222.8810012817383,261.3840679931641,277.72326683044435,224.17947754182688,235.07249615620873,56.70227853588993,-10.893018614381845,-14.42337693744731,3.5303583230654656,244.33060750768695,201.43139505578964,0.6086032059357412,0.6037572800519551
2022-11-01,227.82000732421875,0.0012298580156588981,0.0012306146011606955,-0.004297734947230934,0.015123446596271505,0.051525211920993325,221.8000015258789,260.14220153808594,277.1130168914795,224.73955904681026,234.5352747612465,56.45909685491985,-9.795715714436255,-13.497844692845101,3.7021289784088456,239.45785299603094,204.1421500557269,0.6704625788849726,0.5923471828834772
2022-11-02,214.97999572753903,-0.05801089494975568,-0.05636033352596037,0.0012298580156588981,-0.004297734947230934,0.009931639962148882,220.50850143432618,258.51273468017575,276.4704002380371,223.23808776692238,233.08673557356445,46.266339671775505,-9.848647806642077,-12.768005315604498,2.9193575089624204,235.95158364147917,205.06541922717318,0.3210038115245406,0.6131717865753171
2022-11-03,215.3099975585937,0.0015338580999041211,0.0015350350619267594,-0.05801089494975568,0.0012298580156588981,0.0020011878357876823,219.3675010681152,256.87700103759767,275.8875335693359,222.01838158102564,231.7699401650481,56.986181773708445,-9.751558584022462,-12.16471596928809,2.413157385265629,232.53277568949238,206.202226446738,0.34590129616692156,0.6133166149764174
2022-11-04,207.47000122070312,-0.03709208198225584,-0.03641259777431849,0.0015338580999041211,-0.05801089494975568,0.015123446596271505,218.5875007629394,255.10500091552734,275.26443359375,219.7801692178991,229.9699446876892,41.17909107141402,-10.189775469790106,-11.769727869388495,1.5799523995983886,232.64726122985553,204.5277402960233,0.10463410566642418,0.5839863196693773
2022-11-07,197.0800018310547,-0.05137700982212229,-0.05007952633400592,-0.03709208198225584,0.0015338580999041211,-0.004297734947230934,217.2935005187988,253.28480102539064,274.67666694641116,216.2878357737692,227.5336526242348,34.97204342472263,-11.245816850465616,-11.66494566560392,0.41912881513830413,234.1453632939589,200.4416377436387,-0.09974078110638036,0.607812772493658
2022-11-08,191.3000030517578,-0.029766854567743133,-0.02932818513088775,-0.05137700982212229,-0.03709208198225584,0.0012298580156588981,216.03350067138666,251.4144009399414,274.0831669616699,212.44355381653668,224.8496785818291,30.98244503761073,-12.406124765292418,-11.81318148554162,-0.5929432797507985,236.5130686684858,195.55393267428752,-0.10385789444221347,0.6079991609784833
2022-11-09,177.58999633789062,-0.07436539035358274,-0.07166757185130745,-0.029766854567743133,-0.05137700982212229,-0.05801089494975568,214.051000213623,249.4122006225586,273.44045028686526,207.08146805059113,221.3489613785744,31.390257105747892,-14.26749332798326,-12.304043854029947,-1.9634494739533128,240.7660720907724,187.33592833647361,-0.18240512403260878,0.6527475955275286
2022-11-10,190.72000122070312,0.07132888823212645,0.07393437216942544,-0.07436539035358274,-0.029766854567743133,0.0015338580999041211,212.50100021362306,247.7144009399414,272.8317002868652,204.56431930753143,219.08014951502838,36.167490647901936,-14.515830207496947,-12.746401124723349,-1.7694290827735983,240.88751850448193,184.11448192276418,0.11634958592414049,0.7070526580932177
2022-11-11,195.97000122070312,0.027155202242509627,0.027527264924482875,0.07132888823212645,-0.07436539035358274,-0.03709208198225584,212.05,246.09060089111327,272.4297169494629,203.24211652494247,217.3682866784117,41.29841100133748,-14.126170153469218,-13.022354930472524,-1.103815222996694,241.21491894247862,182.8850810575214,0.22432635916096408,0.6646562996558858
2022-11-14,190.9499969482422,-0.02594999483044167,-0.02561618738169713,0.027155202242509627,0.07132888823212645,-0.05137700982212229,210.62999954223633,244.50540100097658,271.9738835906982,201.3510212054501,215.41137632802878,30.728732364570604,-14.06035512257867,-13.229954968893754,-0.8304001536849164,241.03743067708697,180.2225684073857,0.17639485054299023,0.6152156834495813
2022-11-15,194.4199981689453,0.018009160285334423,0.018172303095892017,-0.02594999483044167,0.027155202242509627,-0.029766854567743133,209.34149932861328,242.90540069580078,271.3847836303711,200.28470996906475,213.85645942735593,31.773232089156892,-13.57174945829118,-13.29831386677324,-0.2734355915179396,240.22352342074433,178.45947523648223,0.2584112182033096,0.6205431262991993
2022-11-16,186.9199981689453,-0.03934004993858786,-0.03857627852399581,0.018009160285334423,-0.02594999483044167,-0.07436539035358274,207.58549957275392,240.96980041503906,270.76730033874514,198.22860046135406,211.861166000807,28.782671726576197,-13.63256553945294,-13.365164201309181,-0.26740133814375966,239.40695367211848,175.76404547338936,0.17528980072250575,0.6287184338877444
2022-11-17,183.1699981689453,-0.020266034660649707,-0.020062058831236462,-0.03934004993858786,0.018009160285334423,0.07132888823212645,206.37999954223633,238.84800018310546,270.1737170410156,195.91189241636812,209.73589430955798,24.8809233632942,-13.824001893189859,-13.456931739685317,-0.3670701535045424,240.02468236710436,172.7353167173683,0.15507177621339244,0.5894884392142741
2022-11-18,180.19000244140625,-0.016402810087859467,-0.016269016527425406,-0.020266034660649707,-0.03934004993858786,0.027155202242509627,204.66749954223633,236.45820037841796,269.5894337463379,193.49314011252784,207.54730972673192,24.341620791369735,-14.054169614204085,-13.576379314589072,-0.4777902996150125,240.02769547447576,169.3073036099969,0.15388346337593573,0.5708131704024818
2022-11-21,167.8699951171875,-0.07082202204033466,-0.06837231343190053,-0.016402810087859467,-0.020266034660649707,-0.02594999483044167,202.4984992980957,233.72720001220702,268.8899169921875,189.55111780555242,204.60824938528418,21.263543250485426,-15.05713157973176,-13.87252976761761,-1.184601812114149,241.31186432178066,163.68513427441076,0.053910049286154775,0.6118979094183239
2022-11-22,169.91000366210938,0.012079065403443036,0.012152311933396831,-0.07082202204033466,-0.016402810087859467,0.018009160285334423,199.8729995727539,231.28279998779297,268.22723373413083,186.5294079373304,202.0380089613453,25.900983849773013,-15.508601024014894,-14.199744018897068,-1.3088570051178259,240.0909483036996,159.65505084180822,0.1274922409507485,0.572787249538436
2022-11-23,183.1999969482422,0.07530952893106566,0.07821783885404354,0.012079065403443036,-0.07082202204033466,-0.03934004993858786,197.8009994506836,228.89460021972656,267.6065670013428,186.01719086208607,200.6426006640784,34.92063696799727,-14.625409801992333,-14.284877175516122,-0.34053262647621096,236.9007832623443,158.7012156390229,0.31328538064592865,0.6500124242278408
2022-11-25,182.8600006103516,-0.0018575995078744564,-0.0018558752377416665,0.07530952893106566,0.012079065403443036,-0.020266034660649707,195.68949966430665,226.4768002319336,266.9675337219238,185.53146928489616,199.325371030469,37.566941238485576,-13.793901745572839,-14.186682089527467,0.39278034395462846,233.10928802721426,158.26971130139904,0.32857333492200735,0.649195862746984
2022-11-28,182.9199981689453,0.0003280527056264311,0.00032810652079984237,-0.0018575995078744564,0.07530952893106566,-0.016402810087859467,193.40949935913085,224.0682000732422,266.3745503997803,185.1297044978268,198.1101582259117,42.012634633314,-12.98045372808491,-13.945436417238957,0.9649826891540467,227.8444655941253,158.9745331241364,0.34769113582685024,0.6435842323983336
2022-11-29,180.8300018310547,-0.011491515256992131,-0.011425739989130657,0.0003280527056264311,-0.0018575995078744564,-0.07082202204033466,191.07399978637696,221.5033999633789,265.84536712646485,184.46821177986183,196.8301466411075,43.83755166792281,-12.361934861245658,-13.628736106040298,1.2668012447946406,221.91025578956024,160.23774378319368,0.3338968590372196,0.6430779085981023
2022-11-30,194.6999969482422,0.07390252318127676,0.07670184691003823,-0.011491515256992131,0.0003280527056264311,0.012079065403443036,189.41799926757812,219.2227996826172,265.3592670440674,186.04233257499726,196.67235777496933,60.05169808932568,-10.630025199972067,-13.028993924826654,2.398968724854587,215.0661726158009,163.76982591935536,0.6029702507260633,0.710359988749106
2022-12-01,194.6999969482422,0.0,0.0,0.07390252318127676,-0.011491515256992131,0.07530952893106566,188.40399932861328,217.10079986572265,264.7953837585449,187.37428094011187,196.52625697298953,52.76465404541303,-9.151976032877656,-12.253590346436855,3.1016143135591996,211.24720262703732,165.56079603018924,0.6378089915275427,0.6854434114603863
2022-12-02,194.8600006103516,0.0008214584254523483,0.0008217959148295595,0.0,0.07390252318127676,-0.0018575995078744564,187.38149948120116,215.22619995117188,264.2307004547119,188.52593012014876,196.4028305757571,49.17027909965618,-7.876900455608336,-11.378252368271152,3.501351912662816,206.71482927021583,168.0481696921865,0.6934095474179457,0.6853586338014187
2022-12-05,182.4499969482422,-0.0658052089735389,-0.06368676805520934,0.0008214584254523483,0.0,0.0003280527056264311,186.13049926757813,213.3686001586914,263.68236709594726,187.59117117062465,195.36928734408932,44.278405937205605,-7.778116173464667,-10.658225129309857,2.8801089558451896,203.08191950229417,169.1790790328621,0.39143970627905333,0.7103204946730439
2022-12-06,179.82000732421875,-0.01451975486845227,-0.01441485156488942,-0.0658052089735389,0.0008214584254523483,-0.011491515256992131,185.26749954223632,211.44480010986328,263.1531671142578,186.3956075019468,194.21748882409892,40.05991735236694,-7.821881322152109,-10.090956367878308,2.269075045726199,201.6185877695784,168.91641131489425,0.33342111111270417,0.6911752897819404
2022-12-07,174.0399932861328,-0.03267127201155782,-0.032143331123685615,-0.01451975486845227,-0.0658052089735389,0.07390252318127676,184.40449905395508,209.2667999267578,262.65415046691896,184.49474377643696,192.72285952499033,41.02063255466421,-8.228115748553364,-9.718388244013319,1.4902724954599549,201.23005174415013,167.57894636376002,0.19200103085285,0.6926542052342718
2022-12-08,173.44000244140625,-0.003453386948248274,-0.003447430865732959,-0.03267127201155782,-0.01451975486845227,0.0,184.19699935913087,206.97940002441408,262.24795051574705,182.79401434027838,191.29449974102113,42.905062816505314,-8.500485400742747,-9.474807675359205,0.9743222746164584,201.4727379117176,166.92126080654415,0.18866752396776798,0.641980202264666
2022-12-09,179.0500030517578,0.03183338116095202,0.0323454827685834,-0.003453386948248274,-0.03267127201155782,0.0008214584254523483,183.6134994506836,205.19620025634765,261.80858383178713,182.2180126035829,190.38749998626088,49.19943859655139,-8.169487382677971,-9.21374361682296,1.0442562341449886,200.7493375616885,166.47766133967872,0.3668435016319672,0.5965110664076412
2022-12-12,167.82000732421875,-0.06477309340338366,-0.0627198857086465,0.03183338116095202,-0.003453386948248274,-0.0658052089735389,182.20599975585938,203.24760040283203,261.2979005432129,180.0029348682961,188.71583386314666,49.96435044685997,-8.712898994850548,-9.113574692428479,0.4006756975779311,199.68925882593342,164.72274068578534,0.08857806848309471,0.623208344755251
2022-12-13,160.9499969482422,-0.04179828130131225,-0.04093677795344208,-0.06477309340338366,0.03183338116095202,-0.01451975486845227,180.70599975585938,201.61860046386718,260.65193382263186,177.07171364982628,186.65910520278337,44.02187867204124,-9.587391552957087,-9.2083380645342,-0.3790534884228869,200.0764374602628,161.33556205145595,-0.00995241070691229,0.6318252247082057
2022-12-14,156.8000030517578,-0.02612261140486262,-0.025784367661833008,-0.04179828130131225,-0.06477309340338366,-0.03267127201155782,178.825,199.76580047607422,259.9953172302246,173.95298894243112,184.44731985826294,29.939210642752258,-10.494330915831824,-9.465536634793725,-1.028794281038099,199.8258799033572,157.8241200966428,-0.024382717524165713,0.6266229175438135
2022-12-15,157.6699981689453,0.005533102257132837,0.005548438139381551,-0.02612261140486262,-0.04179828130131225,-0.003453386948248274,177.3625,198.10300048828125,259.31718391418457,171.44791343881792,182.46381454794312,31.011602939221092,-11.015901109125195,-9.77560952966002,-1.2402915794651754,199.99992837595832,154.7250716240417,0.06504551877525139,0.619676771134274
2022-12-16,150.22999572753906,-0.04833680500131505,-0.047187179094365206,0.005533102257132837,-0.02612261140486262,0.03183338116095202,175.7154998779297,196.34500030517577,258.66951721191407,168.18361840631349,180.07612426495024,27.825256931871408,-11.892505858636753,-10.198988795455367,-1.6935170631813854,201.1893093034837,150.24169045237568,-0.00022954409058435502,0.6345725210359452
2022-12-19,149.8699951171875,-0.0023992055582815475,-0.00239632976495896,-0.04833680500131505,0.005533102257132837,-0.06477309340338366,174.19949951171876,194.88100006103517,258.0217172241211,165.36613790029412,177.8386332169678,28.494020178149256,-12.472495316673673,-10.653690099699029,-1.8188052169746438,202.0500400621747,146.3489589612628,0.063213066718503,0.634619719529901
2022-12-20,137.8000030517578,-0.08396483835074355,-0.08053641461716088,-0.0023992055582815475,-0.04833680500131505,-0.04179828130131225,172.69599990844728,193.17779998779298,257.3697505950928,161.12519407744236,174.87280876028555,9.461385127701632,-13.747614682843192,-11.272475016327862,-2.4751396665153305,204.89276466269703,140.49923515419752,-0.041917753585528,0.6529913483670303
2022-12-21,137.57000732421875,-0.0016704490129968075,-0.0016690545895901021,-0.08396483835074355,-0.0023992055582815475,-0.02612261140486262,171.07900009155273,191.59920013427734,256.683600692749,157.50131919233104,172.10963828353985,9.430479311562195,-14.608319091208813,-11.939643831304053,-2.6686752599047594,206.90836235163005,135.2496378314754,0.032380837201347545,0.6486714246187534
2022-12-22,125.3499984741211,-0.09302311928148893,-0.08882756559936855,-0.0016704490129968075,-0.08396483835074355,0.005533102257132837,168.18650016784667,189.76139999389648,255.87873401641846,152.55496215876028,168.64596126061994,7.857398121856988,-16.090999101859666,-12.769914885415176,-3.32108421644449,208.90290603699992,127.47009429869341,-0.026034908770993726,0.6280067848899494
2022-12-23,123.1500015258789,-0.017706675474399133,-0.017550833466474902,-0.09302311928148893,-0.0016704490129968075,-0.04833680500131505,165.20100021362305,187.79,255.09731742858887,148.03112206139392,165.27589016915763,8.967612654745764,-17.24476810776372,-13.664885529884884,-3.579882577878834,209.94443843395953,120.45756199328656,0.030087535063058654,0.6247893721396396
2022-12-27,109.0999984741211,-0.12113825810398889,-0.1140885333144338,-0.017706675474399133,-0.09302311928148893,-0.0023992055582815475,161.51000022888184,185.87219985961914,254.3172340774536,142.0417184325827,161.11471300656234,7.743780716905988,-19.072994573979628,-14.746507338703834,-4.326487235275794,211.91942372724802,111.10057673051566,-0.019843296327911805,0.7152057240530202
2022-12-28,112.70999908447266,0.032553261278161744,0.03308891531476843,-0.12113825810398889,-0.017706675474399133,-0.08396483835074355,158.10400009155273,183.7393997192383,253.60350074768067,137.52914622518117,157.5291786419631,12.378846721030598,-20.00003241678195,-15.79721235431946,-4.202820062462489,212.0950974159809,104.11290276712457,0.0796158694987141,0.743455147845162
2022-12-29,121.81999969482422,0.07772640277207259,0.0808269069678893,0.032553261278161744,-0.12113825810398889,-0.0016704490129968075,154.46000022888182,181.77199966430663,252.87611743927002,135.11235445128008,154.88405427550836,21.328591051131767,-19.77169982422828,-16.592109848301224,-3.1795899759270547,207.8860342981837,101.03396615957998,0.19453094261387185,0.7502023460366684
2022-12-30,123.18000030517578,0.011102159833173808,0.011164017515666869,0.07772640277207259,0.032553261278161744,-0.09302311928148893,150.8840003967285,179.7947998046875,252.09163414001466,133.27660765957174,152.5356058332615,17.430334071781417,-19.258998173689776,-17.125487513378935,-2.13351066031084,202.51333898804367,99.25466180541335,0.23170293434465028,0.7558183476663526
2023-01-03,108.0999984741211,-0.13058999220665155,-0.12242248574195735,0.011102159833173808,0.07772640277207259,-0.017706675474399133,146.546000289917,177.81119979858397,251.17946750640868,129.4032831695024,149.24407936221408,16.68154038168936,-19.84079619271168,-17.668549249245487,-2.1722469434661917,197.1876997567654,95.90430082306861,0.1204116151259513,0.8403530363192092
2023-01-04,113.63999938964844,0.04997884108534127,0.05124885285593783,-0.13058999220665155,0.011102159833173808,-0.12113825810398889,143.1055004119873,175.79519973754884,250.23868419647218,126.9781625879864,146.60674010498698,23.207610626229112,-19.62857751700058,-18.060554902796508,-1.5680226142040716,192.81778910611004,93.39321171786455,0.20363966539904624,0.8737757208487381
2023-01-05,110.33999633789062,-0.02946907696009933,-0.029039097760312105,0.04997884108534127,-0.13058999220665155,0.032553261278161744,139.6314998626709,173.77699966430663,249.2551174545288,124.41844470335629,143.92031464075762,23.433208247563726,-19.501869937401338,-18.348817909717475,-1.153052027683863,188.23944802652662,91.02355169881517,0.1986963590189035,0.8733101097809342
2023-01-06,113.05999755859376,0.02435215499827936,0.024651090365942707,-0.02946907696009933,0.04997884108534127,0.07772640277207259,136.58250007629394,171.5897996520996,248.16378414154053,122.67099129646974,141.63436522726403,25.019601108052186,-18.96337393079429,-18.471729113932838,-0.4916448168614522,183.7309828635191,89.43401728906876,0.25054868017859566,0.8894716363177202
2023-01-09,119.7699966430664,0.057654579278002285,0.05934901140427806,0.02435215499827936,-0.02946907696009933,0.011102159833173808,133.89899978637695,169.49239959716797,247.09745071411132,122.22468442671538,140.0147823691753,32.80262121721056,-17.79009794245991,-18.335402879638252,0.5453049371783436,178.24052981097333,89.55746976178058,0.3406797968465099,0.931436664696896
2023-01-10,118.8499984741211,-0.007711027963739906,-0.007681374256751861,0.057654579278002285,0.02435215499827936,-0.13058999220665155,130.8889995574951,167.36759963989257,246.00183406829834,121.7055019724701,138.44702059917128,32.59650152206929,-16.74151862670118,-18.01662602905084,1.2751074023496614,170.2148205124186,91.56317860257161,0.3469326158864744,0.9134911059757252
2023-01-11,123.22000122070312,0.036109204525613114,0.036769060182475055,-0.007711027963739906,0.057654579278002285,0.04997884108534127,128.65899925231935,165.2615995788574,244.9335340499878,121.93850185681364,137.3190932378033,41.046426291740055,-15.380591380989642,-17.489419099438603,2.1088277184489606,164.0260284835444,93.29197002109429,0.42310637690182074,0.9188016400731008
2023-01-12,123.55999755859376,0.002755462798387791,0.0027592625752508315,0.036109204525613114,-0.007711027963739906,-0.02946907696009933,126.78949928283691,163.18199966430663,243.73160076141357,122.18796273401058,136.29990096526925,41.40806613925005,-14.111938231258662,-16.813922925802615,2.7019846945439525,158.75928033474403,94.81971823092978,0.4494913381014461,0.9154581312186827
2023-01-13,122.4000015258789,-0.009432465746952078,-0.009388119582672938,0.002755462798387791,0.036109204525613114,0.02435215499827936,125.06949920654297,161.07359954833984,242.51098403930663,122.22058408660571,135.27027878457366,47.90691294370553,-13.04969469796795,-16.061077280235683,3.011382582267732,153.77595227257189,96.36304614051404,0.45350352628860424,0.9142540002157897
2023-01-17,131.49000549316406,0.07163646233055776,0.07426473736900463,-0.009432465746952078,0.002755462798387791,0.057654579278002285,123.7604995727539,159.40379974365234,241.34511741638184,123.64664891838392,134.99025854076555,55.39038461671222,-11.343609622381635,-15.117583748664874,3.773974126283239,148.29167369792015,99.22932544758767,0.6575445569986099,0.9603827310274231
2023-01-18,128.77999877929688,-0.020825332244057446,-0.020609982513142944,0.07163646233055776,-0.009432465746952078,-0.007711027963739906,122.6879997253418,157.6731997680664,240.19301734924318,124.43639505083208,134.53023929917526,64.90457191558207,-10.093844248343188,-14.112835848600538,4.018991600257349,144.01257867940637,101.3634207712772,0.6428398438036667,0.9503799071827658
2023-01-19,127.16999816894533,-0.012580752996881195,-0.012501946153228083,-0.020825332244057446,0.07163646233055776,0.036109204525613114,121.5529998779297,156.06719970703128,239.0212173461914,124.85694937669564,133.98503625249157,61.293343014868746,-9.12808687579593,-13.115886054039617,3.9877991782436872,138.81547432666125,104.29052542919815,0.6626938915303757,0.9503134557642091
2023-01-20,133.4199981689453,0.04797727392320404,0.049146812062518475,-0.012580752996881195,-0.020825332244057446,0.002755462798387791,121.33399963378906,154.79399963378907,237.77923393249512,126.1743414985802,133.9431815796363,59.483319434681434,-7.768840081056098,-12.046476859442915,4.277636778386817,137.8223890327263,104.84561023485183,0.8665002761256733,0.9259135522425896
2023-01-23,143.75,0.07457364612008015,0.07742468874848996,0.04797727392320404,-0.012580752996881195,-0.009432465746952078,121.64299926757812,153.8429995727539,236.67921730041505,128.8782889603371,134.6696125737373,64.66561815545359,-5.791323613400209,-10.795446210234374,5.004122596834165,139.58047952149175,103.70551901366447,1.1162236952873728,0.9645982272196353
2023-01-24,143.88999938964844,0.0009734348560736818,0.0009739087975544347,0.07457364612008015,0.04797727392320404,0.07163646233055776,122.56999931335449,153.16899963378907,235.6557339477539,131.18778287253883,135.35260418973073,82.4243471505205,-4.164821317191894,-9.469321231625878,5.304499914433984,143.050173446298,102.08982518041095,1.0205033887382706,0.8968582257065008
2023-01-25,144.42999267578125,0.0037457958683397114,0.003752820129427681,0.0009734348560736818,0.07457364612008015,-0.020825332244057446,123.63399887084961,152.24319946289063,234.61578384399414,133.22504591919153,136.02500333684557,80.67343274397948,-2.799957417654042,-8.135448468831513,5.3354910511774705,146.33205946744238,100.93593827425684,0.9581006759681784,0.8922737691107258
2023-01-26,160.27000427246094,0.1040650092615062,0.10967259156647335,0.0037457958683397114,0.0009734348560736818,-0.012580752996881195,126.1924991607666,151.5291995239258,233.70798393249513,137.38580874277145,137.82092933207633,89.79754438864394,-0.43512058930488706,-6.595382892926188,6.160262303621301,153.1320046268876,99.2529936946456,1.1324820096372972,0.8148094217774781
2023-01-27,177.89999389648438,0.10436164069972145,0.11000180416824756,0.1040650092615062,0.0037457958683397114,0.04797727392320404,129.45199890136718,151.26819946289064,232.97093391418457,143.61876030488114,140.7897489294399,91.75682434802775,2.8290113754412403,-4.710504039252703,7.539515414693943,164.17390452292437,94.73009327980999,1.1976574892398493,0.868483941719269
2023-01-30,166.66000366210938,-0.06526572943550507,-0.06318150994943417,0.10436164069972145,0.1040650092615062,0.07457364612008015,131.69399909973146,150.71299957275392,232.1593172454834,147.16356697522394,142.70606409482284,78.5323186184824,4.457502880401108,-2.876902655321941,7.334405535723049,169.95159655933753,93.43640164012538,0.9569811865381307,0.896454727511034
2023-01-31,173.22000122070312,0.03860663902242871,0.03936155894904236,-0.06526572943550507,0.10436164069972145,0.0009734348560736818,134.1959991455078,150.43899963378908,231.32146720886232,151.17224916683614,144.96635573377694,80.9588936238464,6.205893433059202,-1.0603434376457124,7.2662368707049145,176.44595328601716,91.94604500499847,0.9618230110429755,0.899905472310999
2023-02-01,181.41000366210932,0.046197213190127394,0.04728092820511609,0.03860663902242871,-0.06526572943550507,0.0037457958683397114,137.86149940490722,150.40379974365234,230.58685050964357,155.82421139687818,147.66588520994972,81.75270600824669,8.158326186928463,0.7833904872691226,7.37493569965934,183.18715519678142,92.53584361303301,0.9803957438273767,0.7150431687928117
2023-02-02,188.2700042724609,0.03711744228973287,0.0378148970391341,0.046197213190127394,0.03860663902242871,0.1040650092615062,141.59299964904784,150.56539978027342,229.85438385009766,160.8158718392755,150.6735977330987,82.96485518996299,10.142274106176814,2.655167211050661,7.487106895126153,190.6564945255937,92.52950477250197,0.975679573386102,0.7107397781706492
2023-02-03,189.97999572753903,0.009041655543147504,0.009082654784473565,0.03711744228973287,0.046197213190127394,0.10436164069972145,145.57499961853028,151.00759979248048,229.0907004547119,165.3026601297776,153.5851827697239,84.23505649192363,11.717477360053692,4.4676292408512674,7.249848119202425,196.83645679954046,94.31354243752011,0.9331226476084121,0.6840670529142855
2023-02-06,194.759994506836,0.024849222136682166,0.025160537355481516,0.009041655543147504,0.03711744228973287,-0.06526572943550507,149.65999946594238,151.504599609375,228.4358337402344,169.8345577262481,156.63516882432478,83.51520269669521,13.199388901923328,6.2139811730656795,6.985407728857648,202.99103042829537,96.32896850358938,0.9228307068799235,0.6840421940053405
2023-02-07,196.8099975585937,0.010470780820742084,0.010525791279408558,0.024849222136682166,0.009041655543147504,0.03860663902242871,153.51199951171876,151.77679962158203,227.73858367919922,173.9846253927628,159.61108206390026,86.29041553144161,14.373543328862553,7.845893604225055,6.527649724637498,208.8442905807304,98.17970844270712,0.8912543400098212,0.6766376328939433
2023-02-08,201.2899932861328,0.022507837028282126,0.02276304955598274,0.010470780820742084,0.024849222136682166,0.046197213190127394,157.63399925231934,152.14539947509766,227.0699503326416,178.18545122251206,162.69840882110267,88.3643964025895,15.487042401409383,9.374123363661921,6.112919037747462,214.3593046643894,100.90869384024927,0.8848017539675009,0.6657756327342517
2023-02-09,207.32000732421875,0.029516907690852447,0.029956849516678652,0.022507837028282126,0.010470780820742084,0.03711744228973287,161.83899955749513,152.63339965820313,226.44318367004394,182.66769062277461,166.0037124139261,88.33783830209778,16.663978208848505,10.832094332699238,5.831883876149266,220.2659163685356,103.41208274645463,0.8892127999310193,0.6649038822086232
2023-02-10,196.88999938964844,-0.05161833459581209,-0.05030873801899527,0.029516907690852447,0.022507837028282126,0.009041655543147504,165.50549964904786,152.954599609375,225.96693359375,184.85573812537058,168.29158552323887,77.53938730455408,16.564152602131713,11.978505986585734,4.585646615545979,223.0143511873976,107.99664811069812,0.7728666883538079,0.7161680738070243
2023-02-13,194.63999938964844,-0.011493498714308886,-0.011427700782035255,-0.05161833459581209,0.029516907690852447,0.024849222136682166,169.11749954223632,152.95339965820312,225.47095024108887,186.36100908910564,170.24331988371364,75.73790540881453,16.117689205391997,12.806342630346988,3.3113465750450093,224.2524101889599,113.9825888955127,0.7314549851268218,0.7174535151314966
2023-02-14,209.25,0.07237801403011461,0.0750616556523096,-0.011493498714308886,-0.05161833459581209,0.010470780820742084,173.00549926757813,153.2443997192383,225.05468360900878,189.8823923061663,173.13270359603115,78.76797675181484,16.74968871013516,13.595011846304624,3.1546768638305362,227.93470866601004,118.07628986914622,0.8299201019763499,0.7181221284629009
2023-02-15,214.2400054931641,0.023567198213512965,0.02384709913101113,0.07237801403011461,-0.011493498714308886,0.022507837028282126,177.27849960327148,153.6319998168945,224.67461700439452,193.62971741185828,176.1776889217447,76.50525612165067,17.452028490113577,14.366415175066416,3.0856133150471603,231.0049111955168,123.55208801102616,0.8439789183242931,0.6990364707432805
2023-02-16,202.0399932861328,-0.05863124321363247,-0.056945537220967624,0.023567198213512965,0.07237801403011461,0.029516907690852447,181.02199935913086,154.02379974365232,224.17991691589356,194.92360600790053,178.09341517095862,62.52334215856249,16.83019083694191,14.859170307441516,1.971020529500393,230.29673620260996,131.74726251565176,0.7132735279111229,0.7495519212779804
2023-02-17,208.3099975585937,0.030561678706295104,0.031033480898908783,-0.05863124321363247,0.023567198213512965,-0.05161833459581209,184.7664993286133,154.59359954833982,223.70605018615723,196.98305086185331,180.33168053300568,72.78195948084411,16.651370328847634,15.21761031172274,1.433760017124893,230.0289091075119,139.50408954971468,0.7600778255619568,0.7444318907789576
2023-02-21,197.3699951171875,-0.05394722804913001,-0.05251789433835974,0.030561678706295104,-0.05863124321363247,-0.011493498714308886,187.44749908447267,155.0601995849609,223.10520011901855,197.04258074728932,181.59377790961176,62.60569164228406,15.448802837677562,15.263848816913706,0.1849540207638558,228.650454919465,146.24454324948033,0.6204100025305463,0.7642050308914957
2023-02-22,200.8600006103516,0.017528035977254008,0.017682553475729224,-0.05394722804913001,0.030561678706295104,0.07237801403011461,190.2959991455078,155.60859954833984,222.65403350830078,197.6298761108374,183.02090551707397,60.67624764287922,14.608970593763416,15.132873172283649,-0.5239025785202323,226.37882002041144,154.21317827060417,0.6463854711008926,0.7621873379784765
2023-02-23,202.07000732421875,0.006006057267467722,0.006024129792842281,0.017528035977254008,-0.05394722804913001,0.023567198213512965,193.1779998779297,156.06899963378905,222.22163360595704,198.3129732205884,184.431950095381,58.0758399249634,13.881023125207378,14.882503162868396,-1.0014800376610182,222.38930077530975,163.96669898054964,0.6522014969057159,0.761720777718888
2023-02-24,196.8800048828125,-0.02601977738759486,-0.025684180003413215,0.006006057267467722,0.017528035977254008,-0.05863124321363247,195.00849990844728,156.65019958496092,221.89418365478517,198.09251655323823,185.35402822778335,53.879894602541604,12.738488325454881,14.453700195385693,-1.7152118699308119,219.78934792337157,170.227651893523,0.537761116432297,0.701628432162898
2023-02-27,207.6300048828125,0.05316324215501689,0.0546017865369246,-0.02601977738759486,0.006006057267467722,0.030561678706295104,196.49500045776367,157.58379974365232,221.59893371582032,199.5598224500958,187.00410057260032,56.781537664935584,12.555721877495472,14.07410453180765,-1.5183826543121786,220.50963313213376,172.48036778339358,0.731837908495948,0.6305132294639201
2023-02-28,205.7100067138672,-0.009290230436857878,-0.009247209573726933,0.05316324215501689,-0.02601977738759486,-0.05394722804913001,198.44750061035157,158.5619998168945,221.404150390625,200.50600464452214,188.38972324973122,54.69607637119288,12.116281394790917,13.682539904404305,-1.5662585096133874,218.2245816380654,178.67041958263775,0.683609150747236,0.5732756001206151
2023-03-01,202.7700042724609,-0.014395089751065942,-0.014291975817664948,-0.009290230436857878,0.05316324215501689,0.017528035977254008,199.92500076293945,159.46399993896483,221.20466705322266,200.85431227958964,189.4549292514149,50.7938264309811,11.399383028174725,13.225908529158389,-1.8265255009836636,215.79605097079235,184.05395055508654,0.5896287098919821,0.5697019595159409
2023-03-02,190.8999938964844,-0.06032265409146769,-0.05853928157947286,-0.014395089751065942,-0.009290230436857878,0.006006057267467722,200.3995002746582,160.27739990234375,220.8765170288086,199.32287868218881,189.56197107697562,41.71209180529883,9.760907605213191,12.53290834436935,-2.7720007391561587,214.3966522435356,186.4023483057808,0.1606628834460071,0.5993704434299243
2023-03-03,197.7899932861328,0.035456129089512615,0.036092192823141245,-0.06032265409146769,-0.014395089751065942,-0.02601977738759486,200.8754997253418,161.23579986572264,220.65818367004394,199.08705015971867,190.17145420357986,50.471102085909884,8.915595956138816,11.809445866723244,-2.8938499105844286,213.73731259833178,188.0136868523518,0.38005165097337884,0.5981273660354046
2023-03-06,193.8099975585937,-0.020327542733145184,-0.020122331071529276,0.035456129089512615,-0.06032265409146769,0.05316324215501689,201.06699981689454,162.35599975585936,220.35788368225099,198.27519591339177,190.4409759335809,49.573264040942774,7.834219979810882,11.014400689340773,-3.180180709529891,213.34664032341882,188.78735931037025,0.20451080166210361,0.6029112741717293
2023-03-07,187.7100067138672,-0.03198003067013687,-0.03147407730028129,-0.020327542733145184,0.035456129089512615,-0.009290230436857878,200.7145004272461,163.35879974365233,220.11341705322266,196.649782190388,190.2386819173058,37.8634299384748,6.411100273082212,10.09374060608906,-3.682640333006848,214.1104644265389,187.3185364279533,0.014611501118342935,0.6068273680005214
2023-03-08,182.0,-0.03089156736881823,-0.03041929843714275,-0.03198003067013687,-0.020327542733145184,-0.014395089751065942,199.9740005493164,164.49179977416992,219.84105041503906,194.39596954571292,189.62840918269058,31.980777959126684,4.767560363022341,9.028504557475717,-4.260944194453376,215.71143079958586,184.23657029904695,-0.07105894239018634,0.6134207253664181
2023-03-09,172.9199981689453,-0.05117763786639216,-0.04989011995084991,-0.03089156736881823,-0.03198003067013687,-0.06032265409146769,198.55550079345704,165.48719970703124,219.599150390625,191.0919739492871,188.39074910759834,33.13644541370495,2.70122484168877,7.763048614318328,-5.061823772629558,218.3776641118835,178.7333374750306,-0.1466373577065948,0.6269431831897899
2023-03-10,173.44000244140625,0.0030026831172517087,0.0030071956856769777,-0.05117763786639216,-0.03089156736881823,0.035456129089512615,196.86150054931642,166.77399978637695,219.34151710510253,188.37628602499774,187.2832863915841,28.36581244741126,1.0929996334136263,6.429038818137388,-5.336039184723762,219.1653364226525,174.55766467598033,-0.02505538152543153,0.6130361062914478
2023-03-13,174.47999572753906,0.005978365078895034,0.005996271168666301,0.0030026831172517087,-0.05117763786639216,-0.020327542733145184,195.74100036621093,168.00939971923827,219.16698371887207,186.2383952100041,186.33489449054372,33.80959565838019,-0.09649928053963208,5.123931198401985,-5.220430478941617,220.18755101022415,171.2944497221977,0.06515328178050102,0.5936151620912533
2023-03-14,183.259994506836,0.049095782155814074,0.050320947926932647,0.005978365078895034,0.0030026831172517087,-0.03198003067013687,195.1720001220703,169.23819961547852,218.98528366088868,185.78017971720902,186.1071241213802,38.41800239626014,-0.3269444041711722,4.033756077887354,-4.360700482058526,220.24808984875557,170.09591039538503,0.2624827924714696,0.6243974929973994
2023-03-15,180.4499969482422,-0.01545216538549687,-0.015333393227232595,0.049095782155814074,0.005978365078895034,-0.03089156736881823,193.73199996948242,170.38359954833984,218.70798362731932,184.96015159890644,185.68807766411072,36.06599003241953,-0.7279260652042865,3.0814196492690256,-3.809345714473312,218.71167212192546,168.75232781703937,0.23414376817709293,0.5580548641384346
2023-03-16,184.1300048828125,0.020188342220549882,0.020393505108375454,-0.01545216538549687,0.049095782155814074,-0.05117763786639216,192.22649993896485,171.90419967651368,218.36258361816405,184.83243671950737,185.57266486549605,41.619561737612244,-0.7402281459886808,2.3170900902174845,-3.0573182362061653,215.57833300689433,168.87466687103537,0.32664112421924235,0.5556916358744636
2023-03-17,180.1300048828125,-0.021963216854791676,-0.02172378153438792,0.020188342220549882,-0.01545216538549687,0.0030026831172517087,191.13100051879883,173.23399978637696,217.99946701049805,184.10898566770817,185.16950486677874,30.164456798613074,-1.0605191990705691,1.641568232359874,-2.702087431430443,214.59982271529486,167.6621783223028,0.26562531464342487,0.5254250649624298
2023-03-20,183.25,0.01717250122413543,0.017320796272765726,-0.021963216854791676,0.020188342220549882,0.005978365078895034,189.87800064086915,174.69219985961914,217.68176704406739,183.97683402652228,185.02731932109143,34.075435796138976,-1.0504852945691425,1.1031575269740708,-2.1536428215432135,212.12931037704905,167.62669090468924,0.3510649323690768,0.5152062015363925
2023-03-21,197.5800018310547,0.07529223411697607,0.07819919143822474,0.01717250122413543,-0.021963216854791676,0.049095782155814074,189.8885009765625,176.38259994506836,217.37800033569337,186.06962907337342,185.95714765516277,46.83188730962842,0.11248141821064905,0.9050223052213865,-0.7925408870107374,212.15488992395024,167.6221120291748,0.6727154967216752,0.5593922894110542
2023-03-22,191.1499938964844,-0.03308514667181837,-0.032543819591966616,0.07529223411697607,0.01717250122413543,-0.01545216538549687,189.40300064086915,177.81019989013672,217.1611669921875,186.85122366154434,186.3418029322977,50.163462793258276,0.5094207292466422,0.8259019900264377,-0.31648126077979555,211.0777043697799,167.7282969119584,0.5403002799361227,0.5672174692583699
2023-03-23,192.22000122070312,0.005582127533771847,0.0055977366381616545,-0.03308514667181837,0.07529223411697607,0.020188342220549882,188.91050033569337,179.27759994506835,216.93086700439454,187.67718943987646,186.77722502773514,46.05803868107925,0.8999644121413155,0.8407144744494133,0.05924993769190223,209.80697204082034,168.0140286305664,0.5791880306807432,0.5671353647226326
2023-03-24,190.41000366210932,-0.009460894526444835,-0.009416281069083987,0.005582127533771847,-0.03308514667181837,-0.021963216854791676,188.5870002746582,180.6213999938965,216.6884836578369,188.09762239714306,187.0463197413925,47.51752821917393,1.0513026557505611,0.8828321107096428,0.1684705450409183,209.16184172263542,168.012158826681,0.5443017602847757,0.5610399706286391
2023-03-27,191.8099975585937,0.007325624786097459,0.007352522816861606,-0.009460894526444835,0.005582127533771847,0.01717250122413543,187.79599990844727,181.9863999938965,216.43820030212402,188.66875703736622,187.39918476488887,53.214165837497475,1.2695722724773475,0.9601801430631838,0.3093921294141637,206.4113729176668,169.18062689922775,0.607814053689884,0.5239911632452374
2023-03-28,189.19000244140625,-0.013753472002494641,-0.01365932511618484,0.007325624786097459,-0.009460894526444835,0.07529223411697607,186.96999969482422,183.32220001220702,216.18561698913575,188.74894863798778,187.53183792611236,55.923547662028774,1.2171107118754207,1.0115662568256312,0.20554445504978958,203.59853325344255,170.3414661362059,0.5667528119288495,0.5248318697727821
2023-03-29,193.8800048828125,0.0244876221590413,0.024789906342217005,-0.013753472002494641,0.007325624786097459,-0.03308514667181837,186.5254997253418,184.57,215.9938670349121,189.53834190642235,188.00207251549756,68.6145697848348,1.5362693909247866,1.1165068836454624,0.4197625072793243,201.79549115718194,171.25550829350166,0.7408156281651701,0.5328864413884373
2023-03-30,195.27999877929688,0.0071949836717746535,0.007220929756684091,0.0244876221590413,-0.013753472002494641,0.005582127533771847,186.74449996948243,185.9,215.8915837097168,190.42167373301845,188.54117816466788,69.09758581268672,1.8804955683505682,1.2693046205864835,0.6111909477640847,202.3994360624375,171.08956387652736,0.7726136586931048,0.48722065573521484
2023-03-31,207.4600067138672,0.060504162532241994,0.06237201971890638,0.0071949836717746535,0.0244876221590413,-0.009460894526444835,187.22800064086914,187.50580017089842,215.8244337463379,193.0429557300721,189.94257287201597,74.13642231463653,3.100382858056122,1.6355202680804113,1.4648625899757106,204.7993271847933,169.65667409694498,1.075710832714389,0.5177777738500664
2023-04-03,194.7700042724609,-0.06311918518816914,-0.0611684277968263,0.060504162532241994,0.0071949836717746535,0.007325624786097459,187.2760009765625,188.73280029296876,215.6332837677002,193.30865550582422,190.30016038316006,57.96760903705494,3.008495122664158,1.910115238997161,1.098379883666997,204.92809349094335,169.62390846218165,0.712269545091982,0.5629822066981806
2023-04-04,192.5800018310547,-0.011307735857578445,-0.011244043709844886,-0.06311918518816914,0.060504162532241994,-0.013753472002494641,187.51950073242188,189.70940032958984,215.5306837463379,193.19655494047507,190.46903752744853,58.46948903417278,2.7275174130265327,2.073595673803035,0.6539217392234975,205.3304434339695,169.70855803087426,0.6420615737030331,0.5519614636539005
2023-04-05,185.5200042724609,-0.03734894534323159,-0.036660076287606036,-0.011307735857578445,-0.06311918518816914,0.0244876221590413,187.69550094604492,190.54200042724608,215.37448379516601,192.01554714539597,190.10244247152355,50.92678976385401,1.913104673872425,2.0414974738169134,-0.12839279994448827,205.3456362123457,170.04536567974412,0.4383716713566026,0.5574025885748116
2023-04-06,185.0599975585937,-0.002482632348555329,-0.00247955316555315,-0.03734894534323159,-0.011307735857578445,0.0071949836717746535,188.30250091552733,191.35460052490234,215.1146004486084,190.94546259358026,189.72892803352875,53.44995929566549,1.2165345600515138,1.8765048910638336,-0.6599703310123197,204.59596729993433,172.00903453112034,0.4004968224552651,0.5227155162474499
2023-04-10,184.509994506836,-0.0029764508462144105,-0.0029720256079845964,-0.002482632348555329,-0.03734894534323159,0.060504162532241994,188.85600051879882,191.83940032958984,214.8567170715332,189.955390580235,189.34234036488482,50.91462989140083,0.6130502153501709,1.6238139559211011,-1.0107637405709302,203.71235113779665,173.999649899801,0.35373238275605534,0.5232053099322636
2023-04-11,186.7899932861328,0.012281322445656238,0.012357047570191959,-0.0029764508462144105,-0.002482632348555329,-0.06311918518816914,189.47150039672852,192.01720031738282,214.61531700134276,189.46840638114236,189.1532776183106,40.506769927709364,0.31512876283176183,1.3620769173032334,-1.0469481544714716,202.75702913074912,176.1859716627079,0.3990816562787939,0.5241437559420313
2023-04-12,180.5399932861328,-0.03403263254550459,-0.03346003653646468,0.012281322445656238,-0.0029764508462144105,-0.011307735857578445,189.33550033569335,192.29480010986327,214.28948364257812,188.0948043665255,188.5152565566678,40.63548199853737,-0.4204521901422993,1.0055710958141268,-1.4260232859564261,202.9406011112828,175.7303995601039,0.17675700479405412,0.5109332803557293
2023-04-13,185.8999938964844,0.029256539212836878,0.029688716127604264,-0.03403263254550459,0.012281322445656238,-0.03734894534323159,189.60800018310547,192.5483999633789,213.99438362121583,187.7571412172884,188.32153339665422,44.814565908250984,-0.5643921793658251,0.6915784407781365,-1.2559706201439615,202.67128383977897,176.54471652643198,0.3580752594801536,0.5184589318543987
2023-04-14,185.0,-0.004853036816821199,-0.00484127986031857,0.029256539212836878,-0.03403263254550459,-0.002482632348555329,189.65149993896483,192.62019989013672,213.7560669708252,187.33296564539785,188.07549388579093,45.49391656494991,-0.7425282403930851,0.40475710454389224,-1.1472853449369773,202.64357803620027,176.6594218417294,0.3209870698069996,0.5140805263099831
2023-04-17,187.0399932861328,0.010966636750077955,0.011026990735853115,-0.004853036816821199,0.029256539212836878,-0.0029764508462144105,189.99699935913085,192.59559967041017,213.54881690979005,187.28789297474168,187.9987901376681,46.06889367362592,-0.7108971629264147,0.18162625104983085,-0.8925234139762456,202.27059656707803,177.72340215118368,0.37953792099828015,0.5084791059456076
2023-04-18,184.3099975585937,-0.014703352511067034,-0.014595786064656169,0.010966636750077955,-0.004853036816821199,0.012281322445656238,190.04999923706055,192.48219970703124,213.3480002593994,186.8297552184112,187.72554624292187,45.9855174557236,-0.8957910245106575,-0.03385720406226683,-0.8619338204483906,202.2095478297458,177.8904506443753,0.2639714322158374,0.5083549641038689
2023-04-19,180.58999633789065,-0.02038986113166723,-0.020183393575925912,-0.014703352511067034,0.010966636750077955,-0.03403263254550459,189.20049896240235,192.19879974365233,213.11463356018066,185.86979231371572,187.19698699069733,38.889810159328206,-1.3271946769816054,-0.29252469864613456,-1.034669978335471,201.51794192883477,176.88305599596993,0.15047523873351415,0.42826603471114005
2023-04-20,162.99000549316406,-0.102540365251667,-0.09745828230593878,-0.02038986113166723,-0.014703352511067034,0.029256539212836878,187.79249954223633,191.52239990234375,212.7642502593994,182.34982511055392,185.40387725013932,28.75937664800854,-3.0540521395853943,-0.8448301868339866,-2.209221952751408,204.73952130144042,170.84547778303224,-0.23176556923937952,0.544855441814971
2023-04-21,165.0800018310547,0.012741333042302827,0.012822849668400638,-0.102540365251667,-0.02038986113166723,-0.004853036816821199,186.4354995727539,190.79820007324219,212.43098358154296,179.6929292214002,183.89840499687378,17.854963690924237,-4.205475775473587,-1.5169593045619068,-2.6885164709116807,206.02944680535902,166.8415523401488,-0.04495139463688132,0.5478016201939493
2023-04-24,162.5500030517578,-0.015444550452118741,-0.015325895028073244,0.012741333042302827,-0.102540365251667,0.010966636750077955,185.04249954223633,189.90279998779297,212.02101692199707,177.05555596453215,182.31704188982815,21.108309530233797,-5.261485925296,-2.2658646287087256,-2.9956212965872746,207.23564418471688,162.84935489975578,-0.006744241359671273,0.5484810363127332
2023-04-25,160.6699981689453,-0.011633104865311444,-0.011565701922588656,-0.015444550452118741,0.012741333042302827,-0.014703352511067034,183.4854995727539,189.1783999633789,211.5705502319336,174.53470091905723,180.71355716976274,21.226317223312222,-6.178856250705508,-3.048462953108082,-3.1303932975974256,207.9342827478134,159.0367163976944,0.03340210757231164,0.5456174334687787
2023-04-26,153.75,-0.04402465397224694,-0.04306963495243776,-0.011633104865311444,-0.015444550452118741,-0.02038986113166723,181.7134994506836,188.36059997558593,211.16758354187013,171.33705462381766,178.7162566386692,21.280044802533638,-7.379202014851529,-3.9146107654567714,-3.4645912493947577,209.35076695683233,154.07623194453487,-0.005902029650042068,0.5596209399301981
2023-04-27,160.19000244140625,0.041032719267455574,0.041886194740853755,-0.04402465397224694,-0.011633104865311444,-0.102540365251667,180.02899932861328,187.37940002441405,210.80318351745606,169.62212351883127,177.34394151294603,29.71120571613514,-7.721817994114758,-4.676052211188369,-3.045765782926389,208.6338365827111,151.42416207451546,0.1532230421208746,0.5761280913593955
2023-04-28,164.30999755859375,0.025394246651119615,0.025719427270091355,0.041032719267455574,-0.04402465397224694,0.012741333042302827,178.48049926757812,186.38079986572265,210.43953353881835,168.80487337110242,176.378464182994,34.42799393882785,-7.573590811891592,-5.255559931329014,-2.3180308805625778,206.96192951221056,149.9990690229457,0.25123261740595126,0.5866666315519227
2023-05-01,161.8300018310547,-0.015208459761728233,-0.015093395194377579,0.025394246651119615,0.041032719267455574,-0.015444550452118741,176.1989990234375,185.5766000366211,210.05711685180665,167.7318162110951,175.30080030507258,30.817703581572204,-7.568984093977491,-5.718244763858709,-1.850739330118782,202.09955265490385,150.29844539197114,0.22261216117546537,0.5268306619345491
2023-05-02,160.30999755859375,-0.009436987371174365,-0.00939259874721976,-0.015208459761728233,0.025394246651119615,-0.011633104865311444,174.47599868774415,184.6166000366211,209.65833351135254,166.5899979568641,174.1903704720001,33.23387589360577,-7.6003725151360015,-6.094670314114168,-1.5057022010218333,199.75210452927283,149.19989284621548,0.21977484945731546,0.4915945649101582
2023-05-03,160.61000061035156,0.001869644402715088,0.0018713932775662467,-0.009436987371174365,-0.015208459761728233,-0.04402465397224694,172.87749862670898,183.88140014648437,209.25865020751954,165.66999836509294,173.18441714891503,27.12139922637597,-7.514418783822094,-6.378620008055754,-1.1357987757663404,197.36420468659043,148.39079256682754,0.24950697765641375,0.4932580978489969
2023-05-04,161.1999969482422,0.0036667412660127767,0.003673471985857102,0.001869644402715088,-0.009436987371174365,0.041032719267455574,171.66149826049804,183.08820007324218,208.83700019836425,164.9823058394236,172.29668231923557,28.347877220000683,-7.314376479811983,-6.565771302407001,-0.7486051774049827,195.9191162002825,147.40388032071357,0.2843666814642559,0.48346687770469393
2023-05-05,170.05999755859375,0.05350549046047228,0.05496278398315546,0.0036667412660127767,0.001869644402715088,0.025394246651119615,170.91149826049806,182.44799987792967,208.44980018615723,165.76348918083437,172.13100196659542,36.257688364466325,-6.3675127857610505,-6.526119599077811,0.1586068133167604,194.3381908841373,147.48480563685882,0.48182627151890217,0.5291355727426058
2023-05-08,171.7899932861328,0.01012145995502574,0.010172855182730478,0.05350549046047228,0.0036667412660127767,-0.015208459761728233,170.2754981994629,181.9461996459961,207.95021682739258,166.69064365857258,172.10574206433893,39.700553087319854,-5.415098405766344,-6.303915360415518,0.8888169546491742,192.82187093323054,147.72912546569526,0.5335862248121547,0.5315828682127905
2023-05-09,169.14999389648438,-0.015486902413259212,-0.015367597024416146,0.01012145995502574,0.05350549046047228,-0.009436987371174365,169.39349822998048,181.17659942626952,207.43475006103515,167.06900523363595,171.88679775560897,40.41875548562579,-4.817792521973018,-6.006690792727019,1.1888982707540006,190.55746770857877,148.2295287513822,0.4942471960720236,0.5297346884231554
2023-05-10,168.5399932861328,-0.003612788634512576,-0.0036062703657255835,-0.015486902413259212,0.01012145995502574,0.001869644402715088,168.79349822998046,180.43319915771485,206.93528343200683,167.29531108786622,171.63888631342556,56.4972944314519,-4.343575225559334,-5.674067679293483,1.3304924537341485,189.2970216144074,148.2899748455535,0.4938180151017315,0.5184775330976389
2023-05-11,172.0800018310547,0.020786425091438347,0.021003967520705658,-0.003612788634512576,-0.015486902413259212,0.0036667412660127767,168.10249862670898,179.81939910888673,206.5013835144043,168.03141735604908,171.67156153695365,57.92572398041512,-3.6401441809045707,-5.2672829796157,1.6271387987111297,187.05114413298588,149.15385312043207,0.6049548159795413,0.5122273484817043
2023-05-12,167.97999572753906,-0.024114596337054404,-0.023826162598143963,0.020786425091438347,-0.003612788634512576,0.05350549046047228,167.25149841308593,179.3609991455078,205.9671834564209,168.0235063362783,171.39811221773775,55.93701221436909,-3.374605881459445,-4.888747559984449,1.5141416785250046,184.45308015192487,150.049916674247,0.5211753001995242,0.5172597727808197
2023-05-15,166.35000610351562,-0.009750860107846383,-0.009703474612936969,-0.024114596337054404,0.020786425091438347,0.01012145995502574,166.21699905395508,178.73219940185547,205.39443351745606,167.7660447620071,171.02417843149905,56.24451238803762,-3.25813366949194,-4.5626247818859476,1.3044911123940075,180.67800177505265,151.7559963328575,0.5045988183574054,0.5140885558765798
2023-05-16,166.52000427246094,0.0010214088288270423,0.001021930644472091,-0.009750860107846383,-0.024114596337054404,-0.015486902413259212,165.32749938964844,178.18639953613283,204.74128356933593,167.57434622515385,170.69053590119992,66.48593555534632,-3.1161896760460763,-4.273337760717974,1.1571480846718973,177.02755672455612,153.62744205474075,0.5509614973960257,0.5135313771343336
2023-05-17,173.86000061035156,0.04313493317739194,0.04407876621166107,0.0010214088288270423,-0.009750860107846383,-0.003612788634512576,164.9909996032715,177.9093994140625,204.1242002105713,168.54136997672273,170.9253110648408,67.247037279892,-2.383941088118064,-3.895458426197992,1.511517338079928,175.12514194386466,154.85685726267832,0.9375802465076167,0.5373584188085733
2023-05-18,176.88999938964844,0.01727768584344739,0.01742780840135616,0.04313493317739194,0.0010214088288270423,0.020786425091438347,165.6859992980957,177.80719940185546,203.50571685791016,169.82577450178823,171.36713982964136,66.32071097892631,-1.5413653278531285,-3.4246398065290196,1.883274478675891,177.0715924257338,154.30040617045762,0.9920253150604622,0.38700449149276206
2023-05-19,180.13999938964844,0.018206255962432197,0.018373000232992265,0.01727768584344739,0.04313493317739194,-0.024114596337054404,166.4389991760254,177.95159942626952,202.86943351745606,171.4125783306898,172.01698127853078,73.28923772038102,-0.6044029478409811,-2.860592434791412,2.2561894869504306,179.52142154158605,153.35657681046473,1.0236415638777565,0.389104909285082
2023-05-22,188.8699951171875,0.0473245988875953,0.04846228354123516,0.018206255962432197,0.01727768584344739,-0.009750860107846383,167.75499877929687,178.26019927978516,202.27061683654784,174.09833475938174,173.26535267398683,80.69647925991575,0.8329820853949172,-2.121877530754146,2.9548596161490632,184.0828865787421,151.42711097985165,1.1465930130475315,0.40995399859965487
2023-05-23,185.7700042724609,-0.016549549453013596,-0.01641335799687582,0.0473245988875953,0.018206255962432197,0.0010214088288270423,169.00999908447267,178.4859994506836,201.7586167907715,175.8939762229324,174.19162316276268,75.5069094626193,1.7023530601697132,-1.357031412569374,3.0593844727390875,186.83483270093257,151.18516546801277,0.9701307610667298,0.4133552535101359
2023-05-24,182.8999938964844,-0.015569850375931848,-0.015449266889003166,-0.016549549453013596,0.0473245988875953,0.04313493317739194,170.46749877929688,178.47879943847656,201.22100006103517,176.97182509578656,174.83668766155688,71.02713255661355,2.1351374342296765,-0.6585976432095639,2.7937350774392407,187.7987639289751,153.13623362961866,0.8586724630261156,0.3773014678974462
2023-05-25,184.47000122070312,0.008547333224801211,0.00858396597381672,-0.015569850375931848,-0.016549549453013596,0.01727768584344739,171.6814987182617,178.55919952392577,200.72668334960937,178.125390653466,175.55026644371586,66.26044285271533,2.5751242097501574,-0.011853272617619703,2.586977482367777,189.37918097585066,153.98381646067276,0.8613044441725575,0.3574559750684681
2023-05-26,193.1699981689453,0.04608376548838008,0.047162123329924865,0.008547333224801211,-0.015569850375931848,0.018206255962432197,173.1244987487793,178.73999938964843,200.22075004577636,180.43994565584745,176.85543175669582,70.84633911052686,3.5845138991516308,0.7074201617362305,2.8770937374154,192.878295956905,153.3707015406536,1.00738344655883,0.37846062855144785
2023-05-30,201.16000366210932,0.04053000876950061,0.04136255924264187,0.04608376548838008,0.008547333224801211,0.0473245988875953,175.09099884033202,179.16059936523436,199.79340003967286,183.62764688758006,178.6557704163561,78.26241127107885,4.971876471223965,1.5603114236337774,3.4115650475901873,197.73046516091185,152.4515325197522,1.0757424767137715,0.38461546405556574
2023-05-31,203.92999267578125,0.013676132280176504,0.013770078361724059,0.04053000876950061,0.04608376548838008,-0.016549549453013596,177.2719985961914,179.57419921875,199.31290000915527,186.75108470114947,180.52793502816536,80.09865915225079,6.223149672984107,2.4928790735038433,3.7302705994802636,202.2041810768511,152.33981611553168,1.0346101188748493,0.377100940103078
2023-06-01,207.5200042724609,0.017450979367424006,0.017604137329555236,0.013676132280176504,0.04053000876950061,-0.015569850375931848,179.61749877929685,179.77299926757811,198.8038999938965,189.94630309673585,182.52734756477983,80.11557159002092,7.418955531956016,3.478094365194278,3.9408611667617377,206.68450115552463,152.55049640306908,1.0154339794507514,0.3755839436185332
2023-06-02,213.97000122070312,0.03060808282755737,0.031081326211683136,0.017450979367424006,0.013676132280176504,0.008547333224801211,182.2559989929199,180.2293994140625,198.34093338012696,193.6422566542693,184.85643302077415,87.57968224107499,8.785823633495141,4.539640218854451,4.24618341464069,211.92651888799452,152.58547909784528,1.0344362407523542,0.3790419770802415
2023-06-05,217.6100006103516,0.016868648629117584,0.017011727666879528,0.03060808282755737,0.017450979367424006,0.04608376548838008,184.63349914550778,180.73719940185546,197.90900001525878,197.32960187828195,187.2826232125947,90.5537950807304,10.046978665687249,5.641107908221011,4.4058707574662375,217.62385389664288,151.64314439437268,0.999790040355798,0.3497817170053349
2023-06-06,221.3099975585937,0.01685994991971048,0.017002881015874216,0.016868648629117584,0.03060808282755737,0.04053000876950061,187.10949935913084,181.35519927978515,197.5012000274658,201.01889352140682,189.80316946044647,91.05349677365658,11.215724060960355,6.75603113876888,4.459692922191475,223.31745140315263,150.90154731510904,0.9722788264561572,0.3500357535925595
2023-06-07,224.57000732421875,0.01462307267215519,0.01473051286244731,0.01685994991971048,0.016868648629117584,0.013676132280176504,189.88050003051757,182.01039947509764,197.14071678161622,204.6421417987625,192.37849078368887,90.47086935628869,12.263651015073634,7.857555114029832,4.406095901043802,228.69043346983034,151.0705665912048,0.9469153154816058,0.3338615612543213
2023-06-08,234.8600006103516,0.044802099330861545,0.04582087077762287,0.01462307267215519,0.01685994991971048,0.017450979367424006,193.19650039672848,182.92379943847655,196.86545013427735,209.29104315439162,195.5252692893676,91.46044785012822,13.765773865024016,9.03919886422867,4.726575000795346,235.5044516468271,150.88854914662986,0.9923838070925969,0.3437440576690627
2023-06-09,244.3999938964844,0.03981660778824774,0.0406199151040636,0.044802099330861545,0.01462307267215519,0.03060808282755737,196.81249999999997,183.93419921875,196.60518341064454,214.69242019163664,199.14561926026514,92.16535241496382,15.546800931371507,10.340719277657238,5.20608165371427,243.64187715500412,149.98312284499582,1.0080944568082866,0.3533284323736488
2023-06-12,249.8300018310547,0.02197449156261295,0.02221770896144193,0.03981660778824774,0.044802099330861545,0.016868648629117584,200.90500030517575,185.02519927978517,196.3688500213623,220.09820198231637,202.9000179692125,91.81069894245515,17.198184013103855,11.712212224746562,5.485971788357293,251.29563478436796,150.51436582598353,0.9854572881601791,0.317296836935398
2023-06-13,258.7099914550781,0.03492701634188564,0.035544128242966044,0.02197449156261295,0.03981660778824774,0.01685994991971048,205.52299957275392,186.05019897460937,196.1820499420166,226.03847728581817,207.03409007927664,96.35230034755057,19.004387206541537,13.170647221105558,5.8337399854359795,259.3885773677182,151.65742177778964,0.9937011172958817,0.3012489988554176
2023-06-14,256.7900085449219,-0.007449046704933148,-0.007421371317580694,0.03492701634188564,0.02197449156261295,0.01462307267215519,210.03649978637696,187.29059906005858,196.02555000305176,230.76948209491104,210.71971366932445,97.52993259669202,20.049768425586592,14.546471462001765,5.503296963584827,265.2523749275385,154.82062464521545,0.9233701688057806,0.3104622358151597
2023-06-15,255.8999938964844,-0.003471944208969137,-0.0034659239799891273,-0.007449046704933148,0.03492701634188564,0.044802099330861545,214.13849945068358,188.5569989013672,195.8809499359131,234.63571467976848,214.0664010935585,96.35302011189916,20.569313586209972,15.751039886843408,4.818273699366564,270.2210684577544,158.05593044361274,0.8723215179437979,0.31177455768543677
2023-06-16,260.5400085449219,0.01796971375181672,0.01813214052015355,-0.003471944208969137,-0.007449046704933148,0.03981660778824774,218.32099990844728,190.0573989868164,195.79514991760254,238.62099065902285,217.50889053440025,96.15016119041545,21.1121001246226,16.82325193439925,4.2888481902233515,275.1786100242778,161.46338979261677,0.8712696378766701,0.31172390539521005
2023-06-20,274.45001220703125,0.05201270640767318,0.05338912722001776,0.01796971375181672,-0.003471944208969137,0.02197449156261295,223.0365005493164,191.84519927978516,195.7893500518799,244.13314782025492,221.72675139903959,96.43898437690352,22.406396421215334,17.939880831762466,4.466515589452868,282.1593885895142,163.9136125091186,0.9348020991697722,0.3324697398252822
2023-06-21,259.4599914550781,-0.05616662426467672,-0.054618400747766804,0.05201270640767318,0.01796971375181672,0.03492701634188564,226.56600036621094,193.34419921875,195.70084999084472,246.4911237640739,224.52180621800542,80.46745155717282,21.96931754606848,18.74576817462367,3.223549371444811,285.5287427427761,167.6032579896458,0.7789387820429885,0.41636794239750863
2023-06-22,264.6099853515625,0.019654473293680905,0.019848894111198723,-0.05616662426467672,0.05201270640767318,-0.007449046704933148,230.50799942016602,194.9005990600586,195.67284996032714,249.27864093137984,227.49130096863928,80.79618630765529,21.78733996274056,19.354082532247048,2.433257430493512,288.52091642308585,172.49508241724618,0.7939171799418404,0.398417074416416
2023-06-23,256.6000061035156,-0.03073851253541729,-0.030270888067223778,0.019654473293680905,-0.05616662426467672,-0.003471944208969137,234.19300003051757,196.42179931640624,195.58374992370605,250.4050048040161,229.6475013490005,72.61538720573608,20.75750345501561,19.634766716800762,1.1227367382148472,288.73184006604043,179.65415999499467,0.7054224664331298,0.4183502689610544
2023-06-26,241.0500030517578,-0.06251408245574486,-0.060600166336257755,-0.03073851253541729,0.019654473293680905,0.01796971375181672,237.02200012207032,197.52479949951172,195.3704998779297,248.96577376520713,230.4921311047603,61.039940482675604,18.473642660446842,19.40254190552998,-0.9288992450831373,286.31891182939546,187.72508841474522,0.5408545159339966,0.5044232377377648
2023-06-27,250.2100067138672,0.03729619858071868,0.03800042956291749,-0.06251408245574486,-0.03073851253541729,0.05201270640767318,239.8740005493164,198.82899963378907,195.1752498626709,249.15719421884714,231.95271448321267,62.94571155204511,17.204479735634465,18.962929471550876,-1.758449735916411,284.9041155187391,194.8438855798937,0.6147677079169058,0.497786625651698
2023-06-28,256.239990234375,0.023813875097039847,0.0240996896954786,0.03729619858071868,-0.06251408245574486,-0.05616662426467672,242.62799987792968,200.21299957275392,194.95804985046388,250.24685514431295,233.75177194626173,63.8429877190675,16.49508319805122,18.469360216850944,-1.9742770187997252,284.3009376436106,200.95506211224875,0.6633193036807601,0.4889548936067365
2023-06-29,257.5,0.004905252914132209,0.004917303362650394,0.023813875097039847,0.03729619858071868,0.019654473293680905,245.30650024414064,201.67679962158203,194.7234497833252,251.3627235836494,235.51089995024233,60.74411506192801,15.851823633407065,17.94585290016217,-2.094029266755104,283.2237609063093,207.38923958197196,0.66079088445365,0.48957087771389013
2023-06-30,261.7699890136719,0.016446493545468958,0.016582481606492783,0.004905252914132209,0.023813875097039847,-0.03073851253541729,248.01899948120118,203.30039947509766,194.5716497039795,252.9638413421144,237.45601765864453,58.67718840679576,15.507823683469866,17.45824705682371,-1.9504233733538427,282.12483401526714,213.91316494713521,0.7015929198087175,0.48942630947276067
2023-07-03,279.82000732421875,0.06668035183063045,0.06895373445427366,0.016446493545468958,0.004905252914132209,-0.06251408245574486,251.31149978637694,205.63699951171876,194.45769981384277,257.09555918551507,240.59409096720557,63.304056297902015,16.501468218309498,17.266891289120867,-0.7654230708113694,284.2720708439804,218.3509287287735,0.9324637987615416,0.5235552397853126
2023-07-05,282.4800109863281,0.009461225032650612,0.009506123909958086,0.06668035183063045,0.016446493545468958,0.03729619858071868,254.55500030517578,207.9849996948242,194.3513498687744,261.00085946256326,243.6967517093628,61.16067935915678,17.30410775320047,17.274334581936788,0.029773171263681064,286.29630841507765,222.81369219527392,0.9398843706198894,0.5235675147872018
2023-07-06,276.5400085449219,-0.02125228365266279,-0.021028045208104085,0.009461225032650612,0.06668035183063045,0.023813875097039847,257.3165008544922,210.2647998046875,194.21729988098144,263.3914977829261,246.12958554903383,58.93583965284369,17.261912233892247,17.271850112327883,-0.009937878435636094,286.3763962305151,228.2566054784692,0.830756656926763,0.5371855514331046
2023-07-07,274.42999267578125,-0.007659314226953743,-0.007630056425625198,-0.02125228365266279,0.009461225032650612,0.004905252914132209,259.8095001220703,212.53999969482422,194.04409980773926,265.08972776644225,248.22591200286698,58.29230819656011,16.863815763575275,17.190243242577363,-0.32642747900208846,285.38706460567624,234.2319356384643,0.7858069728077908,0.541077882332439
2023-07-10,269.6099853515625,-0.01771977662648564,-0.01756370459810941,-0.007659314226953743,-0.02125228365266279,0.016446493545468958,261.54699935913084,214.85719940185547,193.84849967956544,265.7851520103069,249.80991743610366,54.05235190620954,15.975234574203228,16.947241508902536,-0.9720069346993085,284.583355002054,238.51064371620765,0.6750056761888166,0.5332375230040108
2023-07-11,269.7900085449219,0.0006674942605875906,0.000667717084456676,-0.01771977662648564,-0.007659314226953743,0.06668035183063045,262.8165000915527,217.04919952392578,193.6934497833252,266.40128378486304,251.28992418490503,47.62680733714539,15.111359599958007,16.58006512711363,-1.468705527155624,284.6406525649648,240.99234761814063,0.6597658479948957,0.5191047140856119
2023-07-12,271.989990234375,0.008121354742896705,0.008154422401772665,0.0006674942605875906,-0.01771977662648564,0.009461225032650612,263.92449951171875,219.2027993774414,193.61044975280763,267.2610847770956,252.8232624107917,57.33692272503092,14.43782236630392,16.15161657495169,-1.7137942086477693,285.2161844622083,242.63281456122922,0.6894047075515931,0.5153918365228577
2023-07-13,277.8999938964844,0.021496049775542363,0.02172875427149612,0.008121354742896705,0.0006674942605875906,-0.02125228365266279,264.8839996337891,221.52419921875,193.6232997894287,268.89784002623236,254.68079807639856,57.7132935453658,14.2170419498338,15.764701649928112,-1.5476597000943126,286.9033969078557,242.8646023597224,0.7955574601041623,0.5069240278439648
2023-07-14,281.3800048828125,0.012444771516691934,0.012522529912772917,0.021496049775542363,0.008121354742896705,-0.007659314226953743,266.1134994506836,223.9455993652344,193.65014976501465,270.81817308109083,256.6585170990959,65.18009172466449,14.159655981994945,15.443692516341478,-1.2840365343465336,288.96048667080044,243.26651223056678,0.834103251449423,0.5061024457939072
2023-07-17,290.3800048828125,0.03148434056863512,0.03198521516746822,0.012444771516691934,0.021496049775542363,-0.01771977662648564,267.8375,226.5409994506836,193.68734977722167,273.8276856659711,259.1564050830749,82.85597904463827,14.671280582896202,15.289210129652423,-0.6179295467562209,292.56562994918477,243.10937005081522,0.9558069075408526,0.5138841984210865
2023-07-18,293.3399963378906,0.010141906463636843,0.010193509901870401,0.03148434056863512,0.012444771516691934,0.0006674942605875906,269.4774993896484,229.18379943847657,193.71499977111816,276.8295796154972,261.688522953802,81.3125918501232,15.141056661695188,15.259579436060978,-0.11852277436578973,296.41940151914946,242.53559726014737,0.9428510064646304,0.5122793058617138
2023-07-19,291.260009765625,-0.00711596075110357,-0.007090702250741598,0.010141906463636843,0.03148434056863512,0.008121354742896705,270.3179992675781,231.60779968261718,193.8302498626709,279.04964579243995,263.8790034583815,76.97165420956142,15.17064233405847,15.241792015660478,-0.07114968160200696,298.91128888467335,241.72470965048285,0.8662049868778681,0.48394334784573534
2023-07-20,262.8999938964844,-0.1024426640636013,-0.09737009860008494,-0.00711596075110357,0.010141906463636843,0.021496049775542363,270.48999938964846,233.42999969482423,193.81849983215332,276.56508396229293,263.8064842315743,52.934139838882395,12.758599730718629,14.745153558672108,-1.986553827953479,298.8487009858005,242.13129779349643,0.3661785436926707,0.5777358886219823
2023-07-21,260.0199890136719,-0.011015199637560409,-0.010954754468143868,-0.1024426640636013,-0.00711596075110357,0.012444771516691934,270.26049957275393,235.24739959716797,193.90659980773927,274.01968473942816,263.5260031043223,49.03453672780953,10.493681635105872,13.894859173958862,-3.4011775388529895,298.89253514907983,241.62846399642805,0.32117040662750973,0.5746098586705976
2023-07-24,269.0599975585937,0.03417588510139714,0.03476659075024613,-0.011015199637560409,-0.1024426640636013,0.03148434056863512,270.8834991455078,237.2577996826172,194.0046997833252,273.2566559423767,263.9359286194535,43.408476866555006,9.320727322923233,12.980032803751737,-3.659305480828504,298.7972327765543,242.9697655144613,0.4673368383639306,0.5760625515595974
2023-07-25,265.2799987792969,-0.014148526638195588,-0.014048906614122947,0.03417588510139714,-0.011015199637560409,0.010141906463636843,272.0949989318848,239.12179962158203,194.12704978942872,272.0294779172875,264.0354893720345,39.60599374600271,7.993988545253046,11.982823952052,-3.9888354067989535,296.4307884191458,247.7592094446238,0.3599798836163635,0.5273306547037866
2023-07-26,264.3500061035156,-0.003511861575139069,-0.0035057022016762307,-0.014148526638195588,0.03417588510139714,-0.00711596075110357,272.8019989013672,241.04919982910155,194.25814979553223,270.8480207151688,264.05878690769975,42.1587572799677,6.7892338074690315,10.944105923135407,-4.154872115666375,295.2056200266331,250.39837777610128,0.31136993991744166,0.5136845484301161
2023-07-27,255.7100067138672,-0.03322998965193553,-0.032683938680391544,-0.003511861575139069,-0.014148526638195588,-0.1024426640636013,272.7754997253418,242.8363998413086,194.42134979248047,268.5190954841993,263.44035874519363,38.89153785766736,5.078736739005649,9.771032086309456,-4.692295347303807,295.2627015098733,250.28829794081028,0.12055098773530797,0.5224912888734953
2023-07-28,266.44000244140625,0.041105070589749985,0.04196157931177735,-0.03322998965193553,-0.003511861575139069,-0.011015199637560409,273.2224998474121,244.8347998046875,194.63874977111817,268.1992350160773,263.6625545745427,48.242218898693636,4.5366804415346,8.724161757354484,-4.187481315819884,294.7668438909246,251.67815580389964,0.34259215800890824,0.5425110047040023
2023-07-31,267.42999267578125,0.0037087357528333273,0.00371562162326855,0.041105070589749985,-0.03322998965193553,0.03417588510139714,273.50550003051757,246.7061996459961,194.89339973449708,268.08089004064715,263.9416240635233,48.7030026512529,4.139265977123841,7.807182601308355,-3.667916624184514,294.5595430932922,252.45145696774293,0.3557163738902404,0.5397982041389517
2023-08-01,261.07000732421875,-0.02406922380883306,-0.023781870118334214,0.0037087357528333273,0.041105070589749985,-0.014148526638195588,272.56800003051757,248.3897998046875,195.11254974365235,267.00229269965814,263.72891171246374,44.261096945771776,3.2733809871944004,6.900422278485564,-3.627041291291164,294.10248065852073,251.03351940251443,0.23303296919668928,0.4870395918789993
2023-08-02,254.1100006103516,-0.027021352113565888,-0.02665954157355055,-0.02406922380883306,0.0037087357528333273,-0.003511861575139069,271.1494995117188,249.86919982910158,195.2744997406006,265.0188631474571,263.01639977897395,37.63385151462418,2.002463368483177,5.920830496485087,-3.9183671280019103,293.65069350380367,248.64830551963388,0.12136456164590506,0.49139165069394136
2023-08-03,259.32000732421875,0.020295602012260324,0.020502958173047592,-0.027021352113565888,-0.02406922380883306,-0.03322998965193553,270.2884994506836,251.27820007324217,195.54614974975587,264.14211609772815,262.74259293047356,38.7357018950696,1.3995231672545856,5.016569030638987,-3.6170458633844014,293.2346405011148,247.3423584002524,0.26099484217502567,0.49560691740146645
2023-08-04,253.8600006103516,-0.02127991218642005,-0.021055092394165698,0.020295602012260324,-0.027021352113565888,0.041105070589749985,269.25999984741213,252.64,195.71869972229004,262.5602521765933,262.084623128983,30.652676262233243,0.47562904761025493,4.108381034033241,-3.632751986422986,293.2450082247496,245.27499147007464,0.1789661484627331,0.49956947429549053
2023-08-07,251.4499969482422,-0.009538785882980405,-0.00949343597382446,-0.02127991218642005,0.020295602012260324,0.0037087357528333273,268.3520004272461,254.01100006103516,195.87499969482423,260.85098214146234,261.29687304152077,27.67771577737288,-0.4458909000584299,3.197526647214907,-3.6434175472733368,293.6217761414295,243.08222471306263,0.165568787191152,0.49740624025646024
2023-08-08,249.6999969482422,-0.00698396541730477,-0.006959634206558429,-0.009538785882980405,-0.02127991218642005,-0.02406922380883306,267.3474998474121,255.31559997558594,196.01329971313476,259.13544595789,260.43784518275936,27.77539784226066,-1.3023992248693617,2.2975414727980534,-3.599940697667415,293.93921351599266,240.75578617883158,0.16817665233772885,0.49730020529378566
2023-08-09,242.19000244140625,-0.030537632908455258,-0.03007606967809695,-0.00698396541730477,-0.009538785882980405,-0.027021352113565888,265.85750045776365,256.29600006103516,196.1878497314453,256.52845464766176,259.08615312784434,35.74673558501128,-2.55769848018258,1.326493482201927,-3.884191962384507,294.60599740819663,237.1090035073307,0.08836981882628528,0.5038276950885846
2023-08-10,245.33999633789065,0.012922436522360333,0.013006292021680244,-0.030537632908455258,-0.00698396541730477,0.020295602012260324,264.229500579834,257.1795999145508,196.34234970092774,254.80715336923544,258.06791929155145,39.93417710076244,-3.2607659223160113,0.40904160129833933,-3.6698075236143506,293.783020346538,234.67598081312997,0.1804187049282556,0.49855812628705265
2023-08-11,242.6499938964844,-0.011024937980288016,-0.01096438608281991,0.012922436522360333,-0.030537632908455258,-0.02127991218642005,262.2930000305176,257.95399993896484,196.49934967041017,252.93682114265835,256.9258507437687,30.163727757619696,-3.98902960111036,-0.4705726391834006,-3.5184569619269594,292.1883777533442,232.397622307691,0.17147084883569172,0.4938358663246252
2023-08-14,239.759994506836,-0.011981650600334282,-0.011910156448968645,-0.011024937980288016,0.012922436522360333,-0.009538785882980405,259.7619995117187,258.59879974365236,196.5860496520996,250.90961704483954,255.65430583732925,30.57246266206954,-4.744688792489711,-1.3253958698446628,-3.4192929226450484,288.1798288576509,231.3441701657866,0.1480729621992411,0.4720599853870314
2023-08-15,232.9600067138672,-0.028771606269164137,-0.028361644764614558,-0.011981650600334282,-0.011024937980288016,-0.00698396541730477,256.7430000305176,258.9785998535156,196.6276496887207,248.14813853238226,253.9732466429987,28.06428271188132,-5.825108110616441,-2.2253383179990185,-3.599769792617422,282.87847564757584,230.6075244134593,0.045005538350954395,0.4707071434335048
2023-08-16,225.6000061035156,-0.032103247149655095,-0.03159340830287449,-0.028771606269164137,-0.011981650600334282,-0.030537632908455258,253.45999984741212,259.1383999633789,196.63019973754882,244.67919508178738,251.8715251215555,28.575486085008436,-7.192330039768109,-3.2187366623528364,-3.9735933774152725,277.77135722299244,229.14864247183178,-0.07298309825926519,0.4759316622622728
2023-08-17,219.22000122070312,-0.028687749322523545,-0.02828016272253575,-0.032103247149655095,-0.028771606269164137,0.012922436522360333,251.27600021362304,259.0966000366211,196.58369972229005,240.76239602623593,249.45289372149236,14.183849012020943,-8.690497695256425,-4.313088868933555,-4.3774088263228705,279.5428373690259,223.00916305822014,-0.06702486409578298,0.34585791494722457
2023-08-18,215.4900054931641,-0.017161267109647226,-0.017014851321818014,-0.028687749322523545,-0.032103247149655095,-0.011024937980288016,249.04950103759765,258.915,196.5234497833252,236.87433594422487,246.93712422309767,12.175942357058844,-10.062788278872802,-5.463028750921405,-4.599759527951397,281.16885411340013,216.93014796179517,-0.022418609509853887,0.34699906903987826
2023-08-21,231.27999877929688,0.07071456218373605,0.073274828918382,-0.017161267109647226,-0.028687749322523545,-0.011981650600334282,247.1605010986328,258.8433999633789,196.54074974060057,236.0136686880821,245.7773371531865,30.925848417240047,-9.763668465104388,-6.323156693758001,-3.4405117713463866,278.7643643656152,215.5566378316504,0.24875694491554756,0.42362492212929187
2023-08-22,233.19000244140625,0.00822448994977978,0.008258403978685713,0.07071456218373605,-0.017161267109647226,-0.028771606269164137,245.55600128173828,258.6192001342773,196.63179977416993,235.57925849628583,244.8449419893509,35.67907989326366,-9.265683493065069,-6.911662053619415,-2.3540214394456536,276.5388150811905,214.57318748228607,0.30043776978463677,0.4264481628632596
2023-08-23,236.8600006103516,0.015615669490355368,0.01573823118710882,0.00822448994977978,0.07071456218373605,-0.032103247149655095,244.18150100708007,258.3598001098633,196.7395497894287,235.77629574460363,244.25346485016576,34.29369824681815,-8.477169105562126,-7.2247634640079585,-1.2524056415541676,274.0736258536708,214.28937616048933,0.3775346276936965,0.43354001640021494
2023-08-24,230.0399932861328,-0.029216074210292504,-0.02879341090367593,0.015615669490355368,0.00822448994977978,-0.028687749322523545,242.89800033569335,257.78640014648437,196.85239974975585,234.89378767406964,243.20061510468182,33.65357389980046,-8.306827430612174,-7.441176257328802,-0.8656511732833714,272.91006518891345,212.88593548247326,0.28578603117704243,0.4303561058104432
2023-08-25,238.58999633789065,0.036493404628287436,0.037167463490241914,-0.029216074210292504,0.015615669490355368,-0.017161267109647226,241.50550003051757,257.4223999023437,197.05994972229004,235.46243516081134,242.8590877886232,41.86075753528406,-7.396652627811875,-7.4322715314254175,0.035618903613542585,269.4301771681031,213.58082289293202,0.44779700266072625,0.42402697006483225
2023-08-28,238.82000732421875,0.0009635784854130897,0.0009640428763089126,0.036493404628287436,-0.029216074210292504,0.07071456218373605,240.07500076293945,257.08080017089844,197.29754974365235,235.97898472441247,242.55989664311176,42.978839556029875,-6.580911918699286,-7.261999608880192,0.681087690180906,265.19868242807587,214.95131909780304,0.47502369566196523,0.4233459435887586
2023-08-29,257.17999267578125,0.07406603958973092,0.07687791972402569,0.0009635784854130897,0.036493404628287436,0.00822448994977978,239.88050003051757,257.01359985351564,197.6954997253418,239.2406782553923,243.6428667196058,58.48522161956359,-4.402188464213481,-6.690037379946849,2.2878489157333686,264.37209211770556,215.38890794332957,0.8531720719436889,0.5026304497644218
2023-08-30,256.8999938964844,-0.001089320005828064,-0.0010887269121663268,0.07406603958973092,0.0009635784854130897,0.015615669490355368,240.0199996948242,256.6625994873047,198.02639968872072,241.95749604632957,244.62487614011533,56.76339732883674,-2.6673800937857663,-5.885505922714633,3.2181258289288666,264.88183337263604,215.15816601701235,0.8394760503269892,0.49299021285770644
2023-08-31,258.0799865722656,0.004582681990043304,0.004593198535678855,-0.001089320005828064,0.07406603958973092,-0.029216074210292504,239.95799865722657,256.63499938964844,198.33694961547852,244.43787920416588,245.6215509869413,59.18999168627558,-1.1836717827754057,-4.9451390947267875,3.7614673119513817,264.62257852222626,215.29341879222687,0.8673686722869155,0.4877688796003764
2023-09-01,245.009994506836,-0.05197055872941719,-0.050643183297631955,0.004582681990043304,-0.001089320005828064,0.036493404628287436,239.51549835205077,256.2429995727539,198.6072496032715,244.52589694303822,245.5762505069335,52.788697243042606,-1.0503535638952712,-4.166181988560484,3.115828424665213,263.4362578804061,215.5947388236954,0.6148478615044003,0.5166388394341571
2023-09-05,256.489990234375,0.04579063580383233,0.04685521401135628,-0.05197055872941719,0.004582681990043304,0.0009635784854130897,239.76749801635742,256.2407992553711,198.91759956359863,246.36652668016697,246.38467567192916,61.90668340022278,-0.01814899176218887,-3.336575389200825,3.3184263974386363,264.31559919394044,215.2193968387744,0.8406066338297546,0.54230310667417
2023-09-06,251.9199981689453,-0.017978069897591802,-0.017817428513501543,0.04579063580383233,-0.05197055872941719,0.07406603958973092,239.87849807739258,256.45819915771483,199.24259956359865,247.2209069092098,246.79469956059702,63.705477639797486,0.4262073486127633,-2.5840188416381076,3.010226190250871,264.63489584240983,215.12210031237532,0.7431997620544036,0.5458404173059621
2023-09-07,251.4900054931641,-0.0017083203640210316,-0.0017068620153484204,-0.017978069897591802,0.04579063580383233,-0.001089320005828064,240.34349822998047,256.4837991333008,199.58419960021973,247.8776913067412,247.14250000004643,67.91385480680864,0.7351913066947873,-1.9201768119715288,2.655368118666316,265.626468962856,215.0605274971049,0.7204350782380528,0.5335937884666035
2023-09-08,248.5,-0.01196040362366727,-0.011889162304087542,-0.0017083203640210316,-0.017978069897591802,0.004582681990043304,240.50149841308593,256.3289993286133,199.9257495880127,247.9734311057041,247.24305555559852,68.47643854658664,0.7303755501055775,-1.3900663395561077,2.1204418896616852,265.95486191640356,215.0481349097683,0.6571207197404684,0.5340765820354009
2023-09-11,273.5799865722656,0.09615118904304938,0.10092549928477124,-0.01196040362366727,-0.0017083203640210316,-0.05197055872941719,242.047998046875,256.6505990600586,200.45429954528808,251.91290117748278,249.1939393346109,71.44595567677598,2.7189618428718916,-0.5682607030705079,3.2872225459423996,271.4960335043978,212.59996258935217,1.0353835669424163,0.6299266017852252
2023-09-12,267.4800109863281,-0.022549196320499374,-0.022296863386701782,0.09615118904304938,-0.01196040362366727,0.04579063580383233,243.43399887084962,256.7647994995117,200.94214958190918,254.30784114807437,250.548463160664,66.67640779892167,3.7593779874103745,0.29726703502566865,3.462110952384706,274.9643338707654,211.90366387093383,0.8813155190952257,0.6350234801969552
2023-09-13,271.29998779296875,0.01418033641106544,0.014281354305895722,-0.022549196320499374,0.09615118904304938,-0.017978069897591802,245.3509979248047,256.5943991088867,201.38264953613282,256.9220175549812,252.08561313342733,66.72494928182411,4.83640442155388,1.2050945123313108,3.631309909222569,278.80349602734975,211.89849982225962,0.887848312383431,0.622484056853141
2023-09-14,276.0400085449219,0.017320639037477315,0.017471511114000693,0.01418033641106544,-0.022549196320499374,-0.0017083203640210316,247.872998046875,256.4655990600586,201.84854957580566,259.863246938049,253.86001279353806,72.79938928498882,6.0032341445109125,2.1647224387672312,3.8385117057436813,282.63560573108924,213.11039036266078,0.9051337395905077,0.6051354357952511
2023-09-15,274.3900146484375,-0.0059953082833390835,-0.005977372284481253,0.017320639037477315,0.01418033641106544,-0.01196040362366727,250.63149871826172,256.4225991821289,202.30589965820312,262.0981342781087,255.38075367167875,69.04663173064498,6.71738060642997,3.075254072299779,3.6421265341301905,284.5665951758338,216.6964022606896,0.8500581759047047,0.5910462043991526
2023-09-18,265.2799987792969,-0.03376463807907184,-0.033200974462619715,-0.0059953082833390835,0.017320639037477315,0.09615118904304938,253.12099838256836,256.2395993041992,202.72814964294435,262.58765189367614,256.11403108705787,62.86214802846095,6.473620806618271,3.754927419163478,2.718693387454793,283.29857109861854,222.94342566651818,0.7014575610692118,0.6044092839801422
2023-09-19,266.5,0.004588376260533905,0.004598918977371191,-0.03376463807907184,-0.0059953082833390835,-0.022549196320499374,254.88199844360352,256.17739959716795,203.08714965820312,263.18955160234134,256.8833621176462,55.43631231195737,6.306189484695153,4.265179832269814,2.0410096524253394,283.7763759615629,225.98762092564414,0.7010425998825425,0.5608905039604375
2023-09-20,262.5899963378906,-0.014780377139554338,-0.014671683535119606,0.004588376260533905,-0.03376463807907184,0.01418033641106544,256.35199813842775,256.03339935302733,203.42659965515136,263.0973123308874,257.30607576359023,53.18411076641009,5.791236567297176,4.570391179275287,1.220845388021889,283.5408370119823,229.16315926487317,0.6147161566640184,0.5661911341639019
2023-09-21,255.6999969482422,-0.026588996104119158,-0.026238620989897266,-0.014780377139554338,0.004588376260533905,0.017320639037477315,257.29399795532225,255.7075994873047,203.73079963684083,261.9592638104805,257.18710696245336,48.748163880055515,4.772156848027123,4.610744313025655,0.16141253500146835,282.89867031452235,231.68932559612216,0.46887284897228293,0.5763508998966976
2023-09-22,244.8800048828125,-0.043236555785455495,-0.042315182614647506,-0.026588996104119158,-0.014780377139554338,-0.0059953082833390835,258.03599853515624,255.04719970703124,204.04294967651367,259.33168551391617,256.2754697713688,49.92996999700608,3.0562157425473515,4.299838598929994,-1.2436228563826424,281.043601753228,235.02839531708446,0.2140946510671285,0.5890214055048767
2023-09-25,246.9900054931641,0.008579557642105126,0.00861646752809131,-0.043236555785455495,-0.026588996104119158,-0.03376463807907184,258.45599899291994,254.35939971923827,204.3787996673584,257.43296551072353,255.58765760261292,44.30729286009364,1.8453079081106125,3.808932460766118,-1.9636245526555056,280.24325036362234,236.66874762221755,0.23686461626879818,0.5762436937414089
2023-09-26,244.1199951171875,-0.011687984544271047,-0.011619945391094122,0.008579557642105126,-0.043236555785455495,0.004588376260533905,258.7209983825684,253.43419952392577,204.72919967651367,255.3848162194103,254.73820112221105,45.22877083453506,0.646615097199259,3.1764689880527466,-2.5298538908534876,279.6131771037512,237.82881966138555,0.15056293409512275,0.5782134628162532
2023-09-27,240.5,-0.014939798128788435,-0.014828753029631048,-0.011687984544271047,0.008579557642105126,-0.014780377139554338,257.8869987487793,252.37739959716797,205.06449966430665,253.09484449334718,253.68351955760284,43.52996089990407,-0.5886750642556535,2.423440177591067,-3.0121152418467205,280.3135518609685,235.46044563659012,0.11235686416453354,0.5117323221908725
2023-09-28,246.3800048828125,0.0241549898062297,0.02444908475181906,-0.014939798128788435,-0.011687984544271047,-0.026588996104119158,257.3609992980957,251.47979949951173,205.4011496734619,252.06179224557263,253.14251847058134,48.79298811370946,-1.0807262250087035,1.722606897071113,-2.8033331220798168,280.3709151110038,234.35108348518762,0.26138560209066275,0.5209753870880798
2023-09-29,250.22000122070312,0.015465456415727708,0.015585665483353939,0.0241549898062297,-0.014939798128788435,-0.043236555785455495,256.9680000305176,251.2261996459961,205.81314964294432,251.7784397802081,252.9260357113311,32.457201815287505,-1.1475959311230213,1.1485663314322863,-2.2961622625553075,280.19368914050676,233.74231092052847,0.3547298472424605,0.5242461938333159
2023-10-02,251.6000061035156,0.005500013317317833,0.005515166158101215,0.015465456415727708,0.0241549898062297,0.008579557642105126,257.29750061035156,251.05779998779298,206.2663996887207,251.75098844533233,252.82781129593735,37.16456449315721,-1.0768228506050264,0.7034884950248238,-1.7803113456298503,279.98974396197696,234.60525725872617,0.37446162949711476,0.48946860991511526
2023-10-03,246.52999877929688,-0.020356864105244107,-0.020151062008054055,0.005500013317317833,0.015465456415727708,-0.011687984544271047,256.7995010375977,250.60720001220704,206.7150496673584,250.94775926594224,252.3613066650751,30.375557908887373,-1.4135473991328524,0.2800813161932885,-1.693628715326141,279.99787673277706,233.6011253424183,0.2786590235187284,0.4655026923692515
2023-10-04,261.1600036621094,0.05764957536105983,0.05934371052307452,-0.020356864105244107,0.005500013317317833,-0.014939798128788435,257.26150131225586,250.5248001098633,207.2324996948242,252.5188737884295,253.01306199818876,39.80822009435362,-0.49418820975927247,0.12522741100277635,-0.6194156207620488,280.41871033219417,234.10429229231755,0.5841747022816288,0.506621628287515
2023-10-05,260.04998779296875,-0.0042593870629195184,-0.00425032873937603,0.05764957536105983,-0.020356864105244107,0.0241549898062297,257.6895004272461,250.43879974365234,207.78159965515135,253.67750671220475,253.53431576076505,40.104874090864485,0.14319095143969207,0.1288201190901595,0.01437083234953257,280.7136040149486,234.66539683954363,0.5512612218914661,0.5069368374322137
2023-10-06,260.5299987792969,0.0018441397469999051,0.001845841218459432,-0.0042593870629195184,0.05764957536105983,0.015465456415727708,258.29100036621094,250.53519958496094,208.3348996734619,254.73173626098816,254.05251450287852,46.27918184456462,0.6792217581096338,0.23890044689405437,0.44032131121557944,280.9296020658051,235.6523986666168,0.5494508990174526,0.5043744214604755
2023-10-09,259.6700134277344,-0.0033063672235030548,-0.003300907210654902,0.0018441397469999051,-0.0042593870629195184,0.005500013317317833,257.5955017089844,250.3997998046875,208.9442497253418,255.49147120971833,254.46862553434931,44.6195185466197,1.0228456753690125,0.395689492589046,0.6271561827799665,279.0817473608425,236.1092560571263,0.5482753421040448,0.36276206597733446
2023-10-10,263.6199951171875,0.015097007960672728,0.015211543440507347,-0.0033063672235030548,0.0018441397469999051,-0.020356864105244107,257.40250091552736,250.32359985351562,209.57449966430664,256.74201334932894,255.14650476270768,50.81089483618247,1.5955085866212642,0.6356533113954896,0.9598552752257745,278.5820595017185,236.2229423293362,0.6467805425773577,0.3599180975748357
2023-10-11,262.989990234375,-0.0023926822540326844,-0.002389822071472425,0.015097007960672728,-0.0033063672235030548,0.05764957536105983,256.9870010375977,250.36199951171875,210.26269962310792,257.70324056241293,255.7275036865349,56.366804666496265,1.9757368758780274,0.9036700242919973,1.07206685158603,277.3280519676565,236.64595010753882,0.6475584820425001,0.3555957243026196
2023-10-12,258.8699951171875,-0.015789985181823882,-0.015665976919941982,-0.0023926822540326844,0.015097007960672728,-0.0042593870629195184,256.1285003662109,250.45719940185546,210.94129959106445,257.88274126314747,255.9602808295462,63.83776970013094,1.922460433601259,1.1074281061538498,0.8150323274474092,274.4308745581055,237.82612617431636,0.5748945115598907,0.35168584882591497
2023-10-13,251.1199951171875,-0.030395093236742683,-0.02993780718577166,-0.015789985181823882,-0.0023926822540326844,0.0018441397469999051,254.96499938964843,250.29319915771484,211.6513995742798,256.84231877915363,255.60174114714926,53.67502075373884,1.2405776320043742,1.1340580113239547,0.10651962068041954,271.22387751846026,238.7061212608366,0.38175677798927227,0.36467307454157377
2023-10-16,253.9199981689453,0.011088356477393282,0.01115006015531006,-0.030395093236742683,-0.015789985181823882,-0.0033063672235030548,254.39699935913086,250.29439910888672,212.35744956970214,256.3927309929677,255.47716759320824,58.731291197295405,0.9155633997594634,1.0903590890110564,-0.17479568925159295,269.9154647267288,238.87853399153292,0.4846311739309763,0.35133215429235254
2023-10-17,254.8500061035156,0.003655911168542643,0.0036626021631880334,0.011088356477393282,-0.030395093236742683,0.015097007960672728,253.81449966430665,250.36239929199218,213.0225996017456,256.1553887022828,255.43071118656434,63.42878520900504,0.7246775157184402,1.0172227743525333,-0.2925452586340931,268.2574518169258,239.3715475116875,0.5358481572280618,0.35110912449250714
2023-10-18,242.67999267578125,-0.048931487841958825,-0.04775363208267336,0.003655911168542643,0.011088356477393282,-0.0023926822540326844,252.81899948120116,250.22199920654296,213.62009956359864,254.08225085205177,254.48621351909892,46.902201740911416,-0.40396266704715345,0.732985686072596,-1.1369483531197493,267.4584710665145,238.1795278958878,0.15370994621173445,0.3864426410723017
2023-10-19,220.1100006103516,-0.09761624872658325,-0.09300310180733773,-0.048931487841958825,0.003655911168542643,-0.015789985181823882,251.03949966430665,249.78039916992188,214.1801495742798,248.85575081486712,251.93982737771023,30.809439089444467,-3.0840765628431086,-0.03042676371054498,-3.0536497991325637,271.6421984051245,230.4368009234888,-0.2506176604106202,0.5055406347465972
2023-10-20,211.9900054931641,-0.037588294506417,-0.036890623300491754,-0.09761624872658325,-0.048931487841958825,-0.030395093236742683,249.3949996948242,249.11339935302735,214.67189960479737,243.1840976884513,248.9805813121883,26.751970665302053,-5.796483623737004,-1.1836381357158368,-4.612845488021167,276.34162996648894,222.44836942315948,-0.19405699014233888,0.5006176886827017
2023-10-23,212.0800018310547,0.00042444095402800134,0.0004245310418349302,-0.037588294506417,-0.09761624872658325,0.011088356477393282,247.64949951171874,248.50199951171874,215.18059963226318,238.39885217192875,246.24720505432654,28.52512525579536,-7.848352882397791,-2.516581085052228,-5.331771797345563,279.3546006948945,215.944398328543,-0.06094281918801997,0.4980361934858065
2023-10-24,216.5200042724609,0.020719371046622158,0.020935507370200668,0.00042444095402800134,-0.037588294506417,0.003655911168542643,246.2694999694824,248.03719970703125,215.69789966583252,235.0328755720106,244.04519018159576,18.12339569707396,-9.012314609585161,-3.8157277899588147,-5.196586819626346,280.8900413096713,211.64895862929353,0.07034906813419577,0.5077157904657417
2023-10-25,212.4199981689453,-0.019117503387764197,-0.018935922882932776,0.020719371046622158,0.00042444095402800134,-0.048931487841958825,244.8654998779297,247.62639953613282,216.16114967346192,231.5539713561544,241.70258336584388,17.381185311852107,-10.148612009689487,-5.082304633904949,-5.066307375784538,282.6079547108511,207.12304504500824,0.07017234500757386,0.5089067329666033
2023-10-26,205.759994506836,-0.031855023921114146,-0.03135299745559916,-0.019117503387764197,0.020719371046622158,-0.09761624872658325,242.83449935913086,247.2295993041992,216.5956996536255,227.58566722549003,239.04016937628774,15.418605166485321,-11.454502150797708,-6.356744137283501,-5.097758013514207,284.4107801037634,201.25821861449833,0.05413875185214635,0.5033912049937457
2023-10-27,207.3000030517578,0.00745661981088352,0.007484489628865498,-0.031855023921114146,-0.019117503387764197,-0.037588294506417,240.6884994506836,246.99119934082032,217.01609966278076,224.4647958141466,236.68904594484107,17.215472910637885,-12.224250130694458,-7.5302453359656925,-4.694004794728765,285.0004018568951,196.37659704447208,0.12325589078922645,0.4990105975306033
2023-10-30,197.3600006103516,-0.04913755884950848,-0.04794984223383947,0.00745661981088352,-0.031855023921114146,0.00042444095402800134,237.97649917602538,246.62859924316408,217.38509967803955,220.29482732125507,233.7757833274715,11.413946840928745,-13.480956006216417,-8.720387470015838,-4.760568536200578,285.9634189400843,189.98957941196647,0.07679614814436778,0.5147992279475474
2023-10-31,200.83999633789065,0.017479077618859314,0.017632730628176496,-0.04913755884950848,0.00745661981088352,0.020719371046622158,235.69199905395507,246.01979919433595,217.7772996520996,217.30177640073748,231.33609540231734,14.97013949808202,-14.03431900157986,-9.783173776328644,-4.251145225251216,286.24601372410115,185.137984383809,0.15529935709887593,0.5242228508630166
2023-11-01,205.66000366210932,0.023715784675123197,0.023999240251476373,0.017479077618859314,-0.04913755884950848,-0.019117503387764197,232.91699905395507,245.46919921875,218.14814964294433,215.51073444094854,229.43416268082046,20.24383675542377,-13.923428239871924,-10.6112246690373,-3.3122035708346242,283.67733144269766,182.15666666521247,0.23151283581930715,0.47770349101515525
2023-11-02,218.509994506836,0.06060741733192334,0.06248172039245259,0.023715784675123197,0.017479077618859314,-0.031855023921114146,230.83999938964843,245.1021990966797,218.59679962158202,215.9721590664697,228.6249650383031,32.7478616147188,-12.652805971833402,-11.01954092959652,-1.6332650422368822,280.30873068320693,181.37126809608992,0.37537577212518924,0.5426259320454362
2023-11-03,219.9600067138672,0.006613987223154421,0.006635907937775576,0.06060741733192334,0.023715784675123197,0.00745661981088352,228.81149978637694,244.90059936523437,219.06074966430663,216.58567408914624,227.98311627353004,31.773304532297587,-11.397442184383806,-11.095121180553978,-0.30232100382982807,276.44733326691454,181.17566630583934,0.40709207307009565,0.5441175881002163
2023-11-06,219.2700042724609,-0.003141875517400063,-0.0031369449915678027,0.006613987223154421,0.06060741733192334,-0.04913755884950848,226.79149932861327,244.51419952392578,219.4899996948242,216.99864796350232,227.33770056974714,30.85450341869347,-10.33905260624482,-10.943907465692146,0.6048548594473253,272.29628041826663,181.28671823895988,0.41735489243060503,0.5441385793358202
2023-11-07,222.17999267578125,0.013183964542986846,0.013271256198382986,-0.003141875517400063,0.006613987223154421,0.017479077618859314,224.71949920654296,244.18139923095703,219.88214965820313,217.79577791923754,226.95564813315707,37.74802826760767,-9.159870213919532,-10.587100015337624,1.4272298014180915,266.8091739899583,182.62982442312762,0.46983219110352503,0.543081684828076
2023-11-08,222.1100006103516,-0.00031507378994064173,-0.0003150241594066516,0.013183964542986846,-0.003141875517400063,0.023715784675123197,222.6754997253418,243.47999938964844,220.27324966430663,218.45950448710124,226.59671127961593,51.63505549398706,-8.13720679251469,-10.097121370773039,1.9599145782583491,260.71547525761036,184.63552419307325,0.49256704155197845,0.5434441083546842
2023-11-09,209.97999572753903,-0.05616048965858237,-0.05461260118625755,-0.00031507378994064173,0.013183964542986846,0.06060741733192334,220.2309997558594,242.54159942626953,220.60099967956543,217.1549646779378,225.36584346094358,48.4578722176773,-8.210878783005768,-9.719872853219584,1.5089940702138165,254.5823162277623,185.87968328395647,0.3507916860085262,0.5689727466669259
2023-11-10,214.6499938964844,0.021996498496030515,0.022240205086035747,-0.05616048965858237,-0.00031507378994064173,0.006613987223154421,218.40749969482422,241.6729995727539,220.87289962768554,216.7695845577142,224.57207682653922,51.84228781591978,-7.802492268825006,-9.336396736340669,1.5339044675156632,249.5796060635306,187.23539332611784,0.4397296776500164,0.5749943033308929
2023-11-13,223.7100067138672,0.04134183399945281,0.04220830689495392,0.021996498496030515,-0.05616048965858237,-0.003141875517400063,216.89700012207032,241.24699981689454,221.10194969177246,217.83734181250696,224.50821978115613,54.83393839119856,-6.670877968649165,-8.803292982802368,2.132415014153203,243.40190682598768,190.39209341815297,0.6285234969491501,0.5977842801906933
2023-11-14,237.41000366210932,0.05943801947754124,0.06123998273248854,0.04134183399945281,0.021996498496030515,0.013183964542986846,216.025,240.8654000854492,221.45569969177245,220.84852055859963,225.46390747604156,64.88031474857891,-4.615386917441924,-7.96571176973028,3.350324852288356,238.03967378588146,194.01032621411855,0.9856988540939461,0.6413531984352494
2023-11-15,242.83999633789065,0.02261415546906551,0.022871793909365,0.05943801947754124,0.04134183399945281,-0.00031507378994064173,216.03300018310546,240.68380004882812,221.8037996673584,224.23182452464442,226.75102516951185,72.40754131574126,-2.519200644867425,-6.876409544757709,4.357208899890284,238.088537537777,193.97746282843391,1.107715779572862,0.6242538479031068
2023-11-16,233.58999633789065,-0.03883534904080814,-0.038090924639652135,0.02261415546906551,0.05943801947754124,-0.05616048965858237,216.7069999694824,240.32579986572264,222.0646996307373,225.67154326514384,227.2576156264288,64.5328878790215,-1.5860723612849483,-5.818342108063157,4.232269746778209,240.0721229895124,193.34187694945243,0.861286271720785,0.5300657501269063
2023-11-17,234.3000030517578,0.003034932397664385,0.0030395424675639937,-0.03883534904080814,0.02261415546906551,0.021996498496030515,217.8224998474121,240.04179992675782,222.2948496246338,226.9989986169306,227.77927395423094,72.74070542120978,-0.7802753373003384,-4.810728753910594,4.030453416610255,242.34119109041242,193.30380860441178,0.8360192238859765,0.5079917908275645
2023-11-20,235.6000061035156,0.005533119144943252,0.005548455120893081,0.003034932397664385,-0.03883534904080814,0.04134183399945281,218.99850006103514,239.2822003173828,222.52294967651366,228.32223053794368,228.35858744677057,71.98887019721747,-0.03635690882688891,-3.8558543848938527,3.8194974760669638,244.5902070296674,193.4067930924029,0.8243532380006717,0.5077046574614799
2023-11-21,241.1999969482422,0.023490974516940342,0.02376906069461704,0.005533119144943252,0.003034932397664385,0.05943801947754124,220.2324996948242,238.75660003662108,222.7551496887207,230.3034253702973,229.3098029653981,72.26258883676668,0.993622404899213,-2.88595902693524,3.879581431834453,247.63688613658505,192.82811325306338,0.8825573197556824,0.5089179625137596
2023-11-22,234.2100067138672,-0.029408274734311717,-0.028980059381488954,0.023490974516940342,0.005533119144943252,0.02261415546906551,221.3220001220703,238.01480041503908,222.94214973449706,230.9044378846927,229.67278102084026,60.613854800515405,1.231656863852436,-2.0624358487777052,3.294092712630141,249.1479523436949,193.49604790044572,0.731582489776956,0.5167434154241891
2023-11-24,235.4499969482422,0.005280386261856706,0.00529435207219775,-0.029408274734311717,0.023490974516940342,-0.03883534904080814,222.80650024414064,237.20300018310547,223.11294975280762,231.6037546637003,230.10072294138854,60.501692640067446,1.5030317223117606,-1.3493423345598121,2.8523740568715725,250.30270723325424,195.31029325502703,0.7299134696852444,0.49820742494563075
2023-11-27,236.0800018310547,0.0026721746625813217,0.0026757481035388775,0.005280386261856706,-0.029408274734311717,0.003034932397664385,224.24550018310546,236.4367999267578,223.2567497253418,232.2924080740625,230.5436324887712,61.405892226400844,1.7487755852912983,-0.72971875058959,2.4784943358808884,251.33411351031452,197.1568868558964,0.7184405215763131,0.49840549729173456
2023-11-28,246.72000122070312,0.04408335693193017,0.04506946504203557,0.0026721746625813217,0.005280386261856706,0.005533119144943252,226.71350021362304,236.06559997558594,223.50589973449706,234.5120377889303,231.74188202446987,65.07001577978761,2.7701557644604122,-0.02974384757958959,2.7998996120400017,252.44887109560378,200.9781293316423,0.8886965744311098,0.4693850922829206
2023-11-29,244.13999938964844,-0.010512266581044115,-0.010457205813430348,0.04408335693193017,0.0026721746625813217,0.023490974516940342,228.87850036621094,235.61839996337892,223.75339973449707,235.99326265057923,232.66026108855718,63.12403234943554,3.333001562022048,0.642805234340738,2.69019632768131,252.66026870853403,205.09673202388785,0.8208655219359247,0.47487220537869934
2023-11-30,240.0800018310547,-0.01676961998268328,-0.016629792613843564,-0.010512266581044115,0.04408335693193017,-0.029408274734311717,230.5995002746582,235.1682000732422,223.90754974365234,236.62199175526774,233.20987151392737,69.83918528590624,3.412120241340375,1.1966682357406655,2.2154520055997096,252.18705825672714,209.01194229258925,0.719582538336925,0.4808015580372666
2023-12-01,238.8300018310547,-0.005220199323597404,-0.005206597761023168,-0.01676961998268328,-0.010512266581044115,0.005280386261856706,231.61550064086913,234.83080017089844,224.0304997253418,236.96168561308113,233.6261774633442,66.68968264282947,3.3355081497369383,1.6244362185399202,1.7110719311970182,252.71450288475424,210.51649839698402,0.670967828402323,0.4398291312369795
2023-12-04,235.5800018310547,-0.01370144313218934,-0.01360800559009756,-0.005220199323597404,-0.01676961998268328,0.0026721746625813217,232.39650039672853,234.64480010986327,224.19819976806642,236.74911887738475,233.77090519428572,58.90739883233463,2.9782136830990282,1.895191711451742,1.0830219716472862,252.8246286987951,211.96837209466196,0.5779195574663615,0.4443890050691968
2023-12-05,238.72000122070312,0.013240755825754019,0.013328802806870987,-0.01370144313218934,-0.005220199323597404,0.04408335693193017,233.36900024414064,234.47940002441408,224.35024978637696,237.05233154558755,234.13750489994626,51.168180934969335,2.914826645641284,2.099118698289651,0.8157079473516333,253.00238570040722,213.73561478787406,0.6362730077418858,0.4449800660046057
2023-12-06,239.3699951171875,0.002719129460769398,0.002722829646282676,0.013240755825754019,-0.01370144313218934,-0.010512266581044115,234.22850036621094,234.38440002441405,224.56024978637694,237.40889517198755,234.52509676789006,46.61727168331674,2.88379840409749,2.256054639451219,0.6277437646462714,253.29638411795642,215.16061661446545,0.6348208017710908,0.44374196928561527
2023-12-07,242.63999938964844,0.013568409275163597,0.01366087788429815,0.002719129460769398,0.013240755825754019,-0.01676961998268328,235.25500030517577,234.42720001220704,224.76914978027344,238.21368043624307,235.12620066579808,59.98676515902854,3.087479770444986,2.4223396656499725,0.6651401047950136,253.7786474574399,216.73135315291165,0.6993397688848227,0.44480030772909407
2023-12-08,243.83999633789065,0.004933396614923965,0.0049455858525417895,0.013568409275163597,0.002719129460769398,-0.005220199323597404,236.94800033569337,234.3763998413086,224.9779997253418,239.079267498035,235.771667011879,60.41484607770595,3.307600486155991,2.5993918297511764,0.7082086564048145,251.51109328051763,222.3849073908691,0.7366254211351,0.3830135375874113
2023-12-11,239.7400054931641,-0.016957231787828677,-0.01681426716823431,0.004933396614923965,0.013568409275163597,-0.01370144313218934,238.20250091552734,234.16679992675782,225.19229972839355,239.18091949728563,236.06561801049273,54.25926210822012,3.1153014867929016,2.7025737611595213,0.41272772563338034,248.3229983976655,228.0820034333892,0.5759599308408664,0.3883471042571685
2023-12-12,237.009994506836,-0.011452714531076665,-0.011387381846063804,-0.016957231787828677,0.004933396614923965,0.013240755825754019,238.86750030517578,233.87499969482423,225.33919967651366,238.84693103721645,236.13557182503666,45.4187576744435,2.7113592121797865,2.7043308513635744,0.007028360816212054,246.3937551044669,231.34124550588467,0.376598265148109,0.3684789575294529
2023-12-13,239.2899932861328,0.009573866272891193,0.00961984233635782,-0.011452714531076665,-0.016957231787828677,0.002719129460769398,238.96149978637695,233.73019958496093,225.507099609375,238.91509446012665,236.36923267400675,56.192086705060404,2.5458617861199,2.6726370383148397,-0.12677525219493946,246.45801005517447,231.46498951757943,0.5219097612073675,0.3038187858190536
2023-12-14,251.0500030517578,0.04797595720291628,0.04914543063053567,0.009573866272891193,-0.011452714531076665,0.013568409275163597,239.37200012207032,233.5279995727539,225.74849960327148,240.78200347422376,237.45669714643276,65.13388001276601,3.3253063277909973,2.803170896210071,0.5221354315809261,248.4871451788983,230.25685506524235,1.1405823964885637,0.33964526953536234
2023-12-15,253.5,0.009711688394547188,0.009758999874367902,0.04797595720291628,0.009573866272891193,0.004933396614923965,240.36750030517578,233.39699981689452,226.06149963378905,242.73861832434318,238.6450899504007,66.3230865533067,4.09352837394249,3.061242391756555,1.0322859821859351,251.03970996324603,229.69529064710554,1.115266196766174,0.304799505402025
2023-12-18,252.0800018310547,-0.0056173183184346845,-0.005601570686174839,0.009711688394547188,0.04797595720291628,-0.016957231787828677,241.25650024414062,233.22799987792968,226.33294967651366,244.17575424845262,239.6402686082269,56.07159116953746,4.5354856402257155,3.3560910414503877,1.1793945987753278,252.73249836769799,229.78050212058326,0.9715712511618538,0.30673783977380875
2023-12-19,257.2200012207031,0.020185249870892544,0.0203903496997484,-0.0056173183184346845,0.009711688394547188,-0.011452714531076665,242.3375,233.17899963378906,226.64999969482423,246.1825614749527,240.94247102396588,64.00428553084417,5.240090450986827,3.732890923357676,1.507199527629151,255.51670418848872,229.1582958115113,1.0646206329249432,0.31228550661347304
2023-12-20,247.13999938964844,-0.0399767793773106,-0.03918825045959673,0.020185249870892544,-0.0056173183184346845,0.009573866272891193,242.6345001220703,232.84939971923828,226.94714965820313,246.3298596156751,241.40154719920162,56.695748667605585,4.928312416473489,3.9719752219808386,0.95633719449265,255.97253568478814,229.29646455935247,0.6688966582219872,0.34076229534040653
2023-12-21,254.5,0.029345860784192233,0.029780693649462897,-0.0399767793773106,0.020185249870892544,0.04797595720291628,243.64899978637695,232.67959991455078,227.3096496582031,247.58680429018662,242.3718029622237,63.31803304540574,5.215001327962909,4.220580443177253,0.9944208847856562,257.37008591788526,229.92791365486863,0.8954133116585223,0.3344924724943307
2023-12-22,252.5399932861328,-0.007731210565404946,-0.007701401626197146,0.029345860784192233,-0.0399767793773106,0.009711688394547188,244.50349960327148,232.5529998779297,227.70774963378906,248.34883336648605,243.12500224547625,64.7375642478723,5.223831121009795,4.421230578743762,0.802600542266033,258.20326288294586,230.8037363235971,0.7933077571779892,0.33709003091146833
2023-12-26,256.6099853515625,0.01598774007390915,0.01611622781987765,-0.007731210565404946,0.029345860784192233,-0.0056173183184346845,245.52999877929688,232.6627996826172,228.12359954833985,249.61977982572859,244.1238898829641,65.29842975659533,5.495889942764478,4.636162451547905,0.8597274912165727,259.64258638494147,231.41741117365225,0.8925568748226577,0.33995598144199224
2023-12-27,261.44000244140625,0.018647455510860632,0.018822405072142834,0.01598774007390915,-0.007731210565404946,0.020185249870892544,246.26599884033203,232.8131997680664,228.55839958190919,251.43827561275592,245.40656488729317,67.61372603652563,6.0317107254627444,4.915272106330873,1.1164386191318716,262.0734757609084,230.45852191975564,0.9799628579979899,0.3111129375780832
2023-12-28,253.17999267578125,-0.032104151730159784,-0.03159428430420175,0.018647455510860632,0.01598774007390915,-0.0399767793773106,246.71799850463867,232.7797994995117,228.9079995727539,251.70623208399059,245.9823743531071,57.79123937451626,5.723857730883481,5.076989231241394,0.6468684996420864,262.78437342400497,230.6516235852724,0.7011030554052777,0.3321836942141081
2023-12-29,248.47999572753903,-0.0187383270737913,-0.018563856087400077,-0.032104151730159784,0.018647455510860632,0.029345860784192233,247.13799819946288,232.89579956054686,229.2481495666504,251.2098880291519,246.16738334380577,53.26117334762116,5.042504685346131,5.070092322062342,-0.027587636716210895,262.9102159722146,231.36578042671115,0.5425430826346633,0.33371474598767625
2024-01-02,248.4199981689453,-0.00024148746074566403,-0.00024145830499577858,-0.0187383270737913,-0.032104151730159784,-0.007731210565404946,247.61749801635742,233.46199951171874,229.56959953308106,250.78067420450475,246.3342437012235,56.46794928354224,4.446430503281249,4.945359958306123,-0.4989294550248742,262.90179248564834,232.3332035470665,0.5262524434543012,0.33280827777259364
2024-01-03,238.4499969482422,-0.04096122279932548,-0.04013364984377277,-0.00024148746074566403,-0.0187383270737913,0.01598774007390915,247.7609977722168,233.99119934082032,229.8611994934082,248.8836469343105,245.7502254232249,50.96852429459424,3.1334215110856007,4.582972268862019,-1.449550757776418,262.6173328773288,232.9046626671048,0.18663197356221695,0.36256761047470354
2024-01-04,237.92999267578125,-0.0021831499656647054,-0.0021807686270334248,-0.04096122279932548,-0.00024148746074566403,0.018647455510860632,247.72149734497071,234.50819915771484,230.1345994567871,247.1984693560752,245.17094892341424,49.06310278023926,2.027520432660964,4.071881901621808,-2.044361468960844,262.68287659095057,232.76011809899083,0.17277399669484242,0.3595596927883326
2024-01-05,237.4900054931641,-0.0018509415250830851,-0.0018492295892124089,-0.0021831499656647054,-0.04096122279932548,-0.032104151730159784,247.62749786376952,234.92759918212892,230.33414947509766,245.70485953101195,244.60199015080315,38.93242295383808,1.1028693802088014,3.4780793973392066,-2.375210017130405,262.83146372782704,232.42353199971203,0.16661683993349768,0.3594392937034229
2024-01-08,240.4499969482422,0.012386614576639058,0.012463646412957274,-0.0018509415250830851,-0.0021831499656647054,-0.0187383270737913,247.51799774169922,235.48819915771483,230.58064949035645,244.89641913366276,244.2944350987616,39.43661797869104,0.6019840349011645,2.902860324851598,-2.3008762899504336,262.9036665231994,232.13232896019906,0.27030570156444395,0.35885441755050135
2024-01-09,234.9600067138672,-0.023096839566935645,-0.02283214932024613,0.012386614576639058,-0.0018509415250830851,-0.00024148746074566403,247.07399826049806,236.07219940185547,230.79434951782227,243.36774029984804,243.60299595913978,36.998787918116086,-0.23525565929173808,2.275237128022931,-2.510492787314669,263.390906196741,230.7570903242551,0.12879022195978101,0.3669754684805472
2024-01-10,233.94000244140625,-0.004350632806278706,-0.004341182513256769,-0.023096839566935645,0.012386614576639058,-0.04096122279932548,246.78399810791015,236.60499938964844,231.01199951171876,241.917319090857,242.8872186615299,31.140636488283192,-0.9698995706728795,1.626209788283769,-2.5961093589566486,263.83919917505665,229.72879704076365,0.12345809891255576,0.36279901987445534
2024-01-11,227.22000122070312,-0.029145966144498332,-0.028725319101363445,-0.004350632806278706,-0.023096839566935645,-0.0021831499656647054,246.29449844360352,237.20219940185547,231.1890495300293,239.65619326467947,241.72668403628344,32.93351785416874,-2.0704907716039713,0.8868696763062209,-2.957360447910192,265.0118198653605,227.5771770218465,-0.009541317186768752,0.3746572334346495
2024-01-12,218.88999938964844,-0.03734939877742937,-0.036660513098772496,-0.029145966144498332,-0.004350632806278706,-0.0018509415250830851,245.2744987487793,237.56319946289062,231.3375495147705,236.4613942069824,240.03507776616235,19.989887484115584,-3.5736835591799547,-0.0052409707910141545,-3.5684425883889404,267.49464875099136,223.05434874656723,-0.09370659866167017,0.3918784617549301
2024-01-16,219.91000366210932,0.004649070658851077,0.004659894354721805,-0.03734939877742937,-0.029145966144498332,0.012386614576639058,243.71749877929688,237.84819946289062,231.46769950866698,233.9150264308481,238.54433153623248,22.05858026622252,-4.62930510538439,-0.9300537977096893,-3.6992513076747002,268.4551017224509,218.97989583614287,0.0187994735808436,0.3419974501021985
2024-01-17,215.5500030517578,-0.020025473044372487,-0.019826295019532703,0.004649070658851077,-0.03734939877742937,-0.023096839566935645,241.81999893188475,237.78899963378908,231.5690495300293,231.08963821868036,236.84104794478992,15.013653077903697,-5.751409726109557,-1.8943249833896632,-3.857084742719894,269.09041135048153,214.549586513288,0.01834252674865276,0.33944126220508475
2024-01-18,211.8800048828125,-0.017172815629643214,-0.017026203279914,-0.020025473044372487,0.004649070658851077,-0.004350632806278706,239.80999908447265,237.62739959716797,231.591149520874,228.13431001316224,234.99208179205084,6.919326299928514,-6.857771778888605,-2.8870143424894517,-3.970757436399153,269.69677389406723,209.92322427487804,0.032736563587086584,0.34079204745756664
2024-01-19,212.19000244140625,0.0014620115002590317,0.0014630807600990448,-0.017172815629643214,-0.020025473044372487,-0.029145966144498332,237.55849914550782,237.48579956054687,231.67824951171875,225.68133961750746,233.30303887718827,8.654418586611143,-7.62169925968081,-3.8339513259277234,-3.7877479337530864,268.6818960516551,206.43510223936056,0.09245295780855181,0.32590943463638866
2024-01-22,208.8000030517578,-0.016105240597581734,-0.015976244642273096,0.0014620115002590317,-0.017172815629643214,-0.03734939877742937,235.6414993286133,237.2181997680664,231.75934951782227,223.08421091508444,231.48799918641564,8.88933926822267,-8.403788271331194,-4.747918715008418,-3.6558695563227763,268.92785152106524,202.35514713616135,0.09680928505373904,0.30688109325715673
2024-01-23,209.13999938964844,0.0016270106278732431,0.0016283349277841364,-0.016105240597581734,0.0014620115002590317,0.004649070658851077,233.3734992980957,236.95879974365235,231.8774494934082,220.9389476034789,229.83259179406252,9.538507869565123,-8.893644190583615,-5.577063810123458,-3.316580380460157,267.42213593361413,199.32486266257732,0.14413406375326487,0.27582971358379643
2024-01-24,207.8300018310547,-0.006283434610725192,-0.006263735117226887,0.0016270106278732431,-0.016105240597581734,-0.020025473044372487,231.13799972534179,236.91579986572265,231.9912995147705,218.92218671541363,228.2027703153212,11.609810933227678,-9.280583599907573,-6.317767768080281,-2.9628158318272915,265.7543556823108,196.5216437683728,0.16333836635980858,0.27602257431459887
2024-01-25,182.6300048828125,-0.12925817170128795,-0.12125293136804816,-0.006283434610725192,0.0016270106278732431,-0.017172815629643214,227.4390007019043,236.2754000854492,231.98189956665038,213.3387741257827,224.82700991291316,7.171610885553719,-11.488235787130463,-7.351861371890317,-4.136374415240146,266.16187333935096,188.71612806445765,-0.07858563643544889,0.49281687558514686
2024-01-26,183.25,0.003389065826718794,0.0033948152034783963,-0.12925817170128795,-0.006283434610725192,0.0014620115002590317,223.52950057983398,235.4661999511719,231.96419960021973,208.70973195258534,221.74723140084552,8.109340084222595,-13.037499448260178,-8.48898898716429,-4.548510461095887,263.5646297588555,183.49437140081244,-0.0030519621870046467,0.481011220160408
2024-01-29,190.92999267578125,0.041055489597857625,0.04190991910385411,0.003389065826718794,-0.12925817170128795,-0.016105240597581734,220.417000579834,234.5365997314453,232.01614959716798,205.97438744846164,219.46447297676667,14.3535695056093,-13.49008552830503,-9.489208295392439,-4.0008772329125915,260.42536301850424,180.40863814116375,0.13148944237277807,0.5205660604765734
2024-01-30,191.58999633789065,0.0034508226289791306,0.0034567835721344142,0.041055489597857625,0.003389065826718794,0.0016270106278732431,217.57250061035157,233.5115997314453,232.044599609375,203.76140420068148,217.3996969294425,16.447456801187812,-13.63829272876103,-10.319025182066158,-3.3192675466948725,257.2682353255207,177.87676589518242,0.17272926853609696,0.5238972616615039
2024-01-31,187.2899932861328,-0.022699471099276638,-0.02244377647032414,0.0034508226289791306,0.041055489597857625,-0.006283434610725192,214.51600036621093,232.58559967041015,232.05604957580567,201.2273409830586,215.16934851141957,15.653057634013209,-13.94200752836096,-11.043621651325118,-2.8983858770358424,253.6202798563569,175.41172087606498,0.151879443438679,0.5227069470055531
2024-02-01,188.8600006103516,0.008347821172369478,0.008382761388752824,-0.022699471099276638,0.0034508226289791306,-0.12925817170128795,212.0365005493164,231.67679962158203,232.06514961242675,199.32467323341137,213.22050792615528,19.439130044718766,-13.895834692743904,-11.614064259608877,-2.2817704331350264,251.03953132993445,173.03346976869835,0.2028884746248744,0.5184149730998519
2024-02-02,187.91000366210932,-0.005042858776995002,-0.005030164911427049,0.008347821172369478,-0.022699471099276638,0.003389065826718794,209.5355010986328,230.7229995727539,232.08314964294433,197.56857022244182,211.34565575844815,22.029612195791927,-13.777085536006325,-12.046668514888367,-1.7304170211179581,247.9580490301176,171.11295316714802,0.21858324602670615,0.5178208296964905
2024-02-05,181.0599975585937,-0.03713468972636423,-0.03645365318513316,-0.005042858776995002,0.008347821172369478,0.041055489597857625,206.7140007019043,229.52019958496095,232.08549964904785,195.02878981261904,209.10227366957002,18.264979964890628,-14.073483856950986,-12.452031583300892,-1.6214522736500943,244.77923721555146,168.64876418825713,0.16302582759320147,0.5239391835096612
2024-02-06,185.1000061035156,0.022067797990272177,0.02231309289405292,-0.03713468972636423,-0.005042858776995002,0.0034508226289791306,203.94650115966795,228.5379995727539,232.19604965209962,193.5012846266031,207.32432792393635,24.99589649082938,-13.823043297333243,-12.726233926107364,-1.0968093712258788,239.6600894388478,168.2329128804881,0.23614391658399392,0.5313734122064332
2024-02-07,187.5800018310547,0.013309178288648946,0.013398139631352501,0.022067797990272177,-0.03713468972636423,-0.022699471099276638,201.5775009155273,227.58059967041015,232.3085496520996,192.59031804267258,205.86178525038957,29.64823760977326,-13.271467207716995,-12.835280582429291,-0.4361866252877036,234.83002237847654,168.32497945257808,0.2895272528420292,0.5379452110133607
2024-02-08,189.5599975585937,0.010500153377802282,0.010555473441792085,0.013309178288648946,0.022067797990272177,0.008347821172369478,199.3585006713867,226.65019958496094,232.44359962463378,192.12411489127584,204.65424542136768,31.562647316819934,-12.530130530091839,-12.774250571961801,0.24412004186996228,229.27356645000302,169.4434348927704,0.33622795307712283,0.5430340462496783
2024-02-09,193.57000732421875,0.020933657774970457,0.02115430374167171,0.010500153377802282,0.013309178288648946,-0.005042858776995002,197.67600097656248,225.58719970703126,232.60809967041016,192.34655988095938,203.83319074750477,37.715765141189976,-11.486630866545397,-12.516726630878521,1.030095764333124,224.63193128968817,170.7200706634368,0.4238387693422625,0.5493090307198687
2024-02-12,188.1300048828125,-0.02850600281752684,-0.028103539988478476,0.020933657774970457,0.010500153377802282,-0.03713468972636423,196.1380012512207,224.46699981689454,232.77999969482423,191.6978591120137,202.66999179456462,34.34193555283595,-10.972132682550921,-12.207807841213002,1.2356751586620813,221.45801122925712,170.81799127318425,0.34186427305213085,0.5439156357610979
2024-02-13,184.0200042724609,-0.02208876860591097,-0.021846598116614824,-0.02850600281752684,0.020933657774970457,0.022067797990272177,194.34350128173827,223.34579986572265,232.8991497039795,190.51665067515944,201.28851123737175,32.9660948861126,-10.77186056221231,-11.920618385412865,1.1487578232005546,217.57040015923906,171.11660240423748,0.2777685031539568,0.5442282402774866
2024-02-14,188.7100067138672,0.025167010147113134,0.025486372853585237,-0.02208876860591097,-0.02850600281752684,0.013309178288648946,193.00150146484373,222.3433999633789,233.02114974975586,190.23870545034524,200.3567701615566,56.156337941559876,-10.11806471121136,-11.560107650572565,1.4420429393612046,214.07067686906274,171.93232606062472,0.39815703109773376,0.555510070209455
2024-02-15,200.4499969482422,0.06035334314528131,0.06221180550417671,0.025167010147113134,-0.02208876860591097,0.010500153377802282,192.43000106811522,221.64079986572267,233.2142497253418,191.8096733730986,200.36367584945924,64.21486992579179,-8.554002476360637,-10.958886615730181,2.4048841393695444,211.90264402451365,172.9573581117168,0.7059298241662597,0.6022286779132899
2024-02-16,199.9499969482422,-0.0024975038337594173,-0.0024943876658132247,0.06035334314528131,0.025167010147113134,0.020933657774970457,191.818000793457,220.86539978027344,233.41244972229003,193.06203084619762,200.33303296788762,58.458365015148566,-7.271002121690003,-10.221309716922146,2.950307595232143,209.34827511593332,174.2877264709807,0.7319414974687192,0.6020233684126512
2024-02-20,193.759994506836,-0.031447068575791784,-0.03095775211743812,-0.0024975038337594173,0.06035334314528131,-0.02850600281752684,191.06600036621091,219.9531997680664,233.57819969177245,193.16940987091124,199.84614123003195,51.843668123403,-6.6767313591207085,-9.512394045361859,2.8356626862411503,206.7187976994024,175.41320303301944,0.5860547186320657,0.6088867418890691
2024-02-21,194.7700042724609,0.005199145723306438,0.005212684735028006,-0.031447068575791784,-0.0024975038337594173,-0.02208876860591097,190.34750061035155,218.99579986572266,233.74604972839356,193.41565516345733,199.4701310850267,56.73146796836847,-6.054475921569377,-8.820810420603364,2.766334499033986,203.64984050690418,177.0451607137989,0.6662302909300745,0.6094359613797026
2024-02-22,197.41000366210932,0.013463405650618309,0.013554445406056326,0.005199145723306438,-0.031447068575791784,0.025167010147113134,189.82650070190428,218.06720001220702,233.88279975891112,194.0301703170961,199.3175290536995,57.549002305119004,-5.287358736603409,-8.114120083803373,2.826761347199964,200.87029347401582,178.78270792979274,0.8433377969276714,0.6122895025112072
2024-02-23,191.97000122070312,-0.027943686650054637,-0.027556873210525912,0.013463405650618309,0.005199145723306438,0.06035334314528131,190.2935005187988,217.1117999267578,233.98369979858398,193.71322122534332,198.7732677327368,53.321331688287486,-5.06004650739348,-7.503305368521395,2.443258861127915,200.83443546273776,179.75256557485983,0.5795233397616365,0.404676787353435
2024-02-26,199.3999938964844,0.037973710740030475,0.03870392576202164,-0.027943686650054637,0.013463405650618309,-0.0024975038337594173,191.10100021362302,216.35959991455078,234.134949798584,194.5881093285958,198.81969189301438,64.86223072075886,-4.231582564418574,-6.8489608077008315,2.617378243282258,201.84250777247723,180.35949265476881,0.8863048849237428,0.42385777560876076
2024-02-27,199.72999572753903,0.0016536061675660274,0.001654974128163511,0.037973710740030475,-0.027943686650054637,-0.031447068575791784,191.5410003662109,215.5683999633789,234.29089981079102,195.37916877458707,198.88712180668287,62.614233693897546,-3.5079530320957986,-6.180759252579826,2.672806220484027,202.95302767207065,180.12897306035117,0.8587879323213378,0.40089932107790077
2024-02-28,202.0399932861328,0.011499231283567918,0.01156560160219966,0.0016536061675660274,0.037973710740030475,0.005199145723306438,192.06350021362303,214.5881997680664,234.4406997680664,196.40391100713256,199.12066784219766,62.504314790203594,-2.716756835065098,-5.48795876907688,2.771201934011782,204.40410136128912,179.72289906595694,0.9042142255929153,0.4022339956935676
2024-02-29,201.8800048828125,-0.0007921787106965236,-0.0007918650199801869,0.011499231283567918,0.0016536061675660274,0.013463405650618309,192.793000793457,213.55579986572266,234.61019981384277,197.24638698800638,199.3250631785395,61.00000653948109,-2.078676190533116,-4.8061022533681275,2.7274260628350113,205.65922379357235,179.92677779334164,0.853134097290014,0.39128644449830435
2024-03-01,202.63999938964844,0.0037575170226514664,0.003764585340074067,-0.0007921787106965236,0.011499231283567918,-0.027943686650054637,193.48200073242185,212.56699981689454,234.79164978027345,198.07617351133592,199.570614008992,58.59715136404938,-1.494440497656086,-4.143769902225719,2.6493294045696327,206.9243847664863,180.0396166983574,0.8406389310861537,0.39091024496699844
2024-03-04,188.13999938964844,-0.07424463938175002,-0.07155546804023882,0.0037575170226514664,-0.0007921787106965236,0.037973710740030475,193.4935005187988,211.18539978027343,234.89974975585938,196.5475313387686,198.72390181496655,50.00808486466431,-2.1763704761979454,-3.7502900170201645,1.573919540822219,206.91619302898607,180.07080800861155,0.30058020679951913,0.4784053214484323
2024-03-05,180.7400054931641,-0.040126798433230214,-0.03933237971984116,-0.07424463938175002,0.0037575170226514664,0.0016536061675660274,193.47750091552734,209.85739990234376,234.93414978027343,194.11560428559866,197.3917613466849,47.48079876392046,-3.2761570610862236,-3.6554634258333767,0.37930636474715307,206.96321048506243,179.99179134599225,0.027741000327564914,0.48159804437208953
2024-03-06,176.5399932861328,-0.023512123304642838,-0.02323786698783814,-0.040126798433230214,-0.07424463938175002,0.011499231283567918,193.04950027465821,208.2981997680664,234.93239974975586,191.41166413183467,195.84718593479212,40.58194073136397,-4.435521802957453,-3.811475101258192,-0.6240467016992608,208.10650617483014,177.99249437448628,-0.04823339706391715,0.4809627370283449
2024-03-07,178.64999389648438,0.01188110874296599,0.011951969472048907,-0.023512123304642838,-0.040126798433230214,-0.0007921787106965236,192.60299987792968,206.82039978027345,234.92494972229005,189.4483302494731,194.57331985788042,30.17460463275515,-5.124989608407333,-4.07417800268802,-1.0508116057193124,208.8272954694477,176.37870428641165,0.0699965553900579,0.4803717289661296
2024-03-08,175.33999633789062,-0.018701625030085045,-0.018527834714126334,0.01188110874296599,-0.023512123304642838,0.0037575170226514664,191.89199981689453,205.195,234.85729972839354,187.27781733999888,193.14862922677005,28.707385819806774,-5.870811886771179,-4.433504779504652,-1.4373071072665269,209.83326599128517,173.95073364250388,0.03871696350421969,0.4811224599533138
2024-03-11,177.77000427246094,0.013763678693560029,0.013858834181150304,-0.018701625030085045,0.01188110874296599,-0.07424463938175002,191.10199966430665,203.5216000366211,234.81729972839355,185.81507686806998,192.00947182274717,35.202673888915456,-6.194394954677193,-4.785682814539161,-1.4087121401380323,210.0928891468546,172.1111101817587,0.1489897062457919,0.47686851614817044
2024-03-12,177.5399932861328,-0.0012947061441473569,-0.0012938683737420131,0.013763678693560029,-0.018701625030085045,-0.040126798433230214,190.57249908447267,202.00880004882814,234.7904997253418,184.5419870862335,190.93765859781277,33.82158592833039,-6.39567151157928,-5.107680553947185,-1.2879909576320951,210.4806766827238,170.66432148622152,0.17268461078314093,0.46822037268721073
2024-03-13,169.47999572753906,-0.04646099727496628,-0.04539820808488959,-0.0012947061441473569,0.013763678693560029,-0.023512123304642838,189.84549865722656,200.42880004882812,234.71554969787599,182.22475764643434,189.3482020889036,26.19736764424006,-7.123444442469264,-5.510833331651602,-1.612611110817662,211.72546647098693,167.96553084346618,0.03460848061943738,0.4890014884615291
2024-03-14,162.5,-0.042056898779332184,-0.04118477639544138,-0.04646099727496628,-0.0012947061441473569,0.01188110874296599,188.5349983215332,198.7104000854492,234.56219970703125,179.1901795469829,187.35944637861445,25.52731655618129,-8.169266831631546,-6.042520031647591,-2.1267467999839553,213.6080303512912,163.4619662917752,-0.01918328606276058,0.49380757819562787
2024-03-15,163.57000732421875,0.006563076277915342,0.006584660456730784,-0.042056898779332184,-0.04646099727496628,-0.018701625030085045,186.69099884033204,197.21280029296875,234.3742497253418,176.78707612809612,185.59726570791847,16.731678262589384,-8.81018957982235,-6.596053941282543,-2.2141356385398065,213.4428697774543,159.9391279032098,0.06786215867934986,0.42839105724463555
2024-03-18,173.8000030517578,0.060664152342604714,0.06254200201423088,0.006563076277915342,-0.042056898779332184,0.013763678693560029,185.3834991455078,195.93020050048827,234.2235997772217,176.32752642404407,184.72339440005473,29.662750842524545,-8.395867976010663,-6.956016748228167,-1.439851227782496,211.96241035872058,158.80458793229505,0.28209235132265925,0.4966223291960965
2024-03-19,171.32000732421875,-0.014372034891457558,-0.014269250195585559,0.060664152342604714,0.006563076277915342,-0.0012947061441473569,184.26149978637696,194.60680053710936,234.04259979248047,175.55713887022478,183.73055091295575,25.969972745682156,-8.173412042730973,-7.199495807128729,-0.9739162356022444,211.2430586056523,157.27994096710162,0.2601789327881059,0.48911964197678665
2024-03-20,175.66000366210938,0.025017133837829976,0.025332688257929448,-0.014372034891457558,0.060664152342604714,-0.04646099727496628,183.30599975585938,193.31100067138672,233.8510498046875,175.5729642228224,183.13273259807823,30.748899507551187,-7.559768375255828,-7.27155032075415,-0.28821805450167837,210.0732968310746,156.53870268064415,0.35717653761855367,0.5001551973694656
2024-03-21,172.82000732421875,-0.016299696542812377,-0.016167575308454918,0.025017133837829976,-0.014372034891457558,-0.042056898779332184,182.07649993896484,192.06820068359374,233.62709983825684,175.149432392268,182.3688270222368,28.754639004008638,-7.219394629968775,-7.261119182597075,0.04172455262829988,208.370860472937,155.78213940499268,0.3239833099803519,0.49659926212810707
2024-03-22,170.8300018310547,-0.01158171211632812,-0.01151490226146512,-0.016299696542812377,0.025017133837829976,0.006563076277915342,181.0194999694824,190.80600067138673,233.37469985961914,174.48490461361982,181.51409923029738,34.99220259391416,-7.029194616677557,-7.214734269413172,0.18553965273561435,207.33889847424624,154.70010146471859,0.3064260827126536,0.4906554561221849
2024-03-25,172.6300048828125,0.010481683435756076,0.010536808713131895,-0.01158171211632812,-0.016299696542812377,0.060664152342604714,179.68100051879884,189.7142007446289,233.11499984741212,174.19953542426484,180.85601816752072,42.21240916746006,-6.656482743255879,-7.103083964181714,0.4466012209258352,204.75808361564356,154.60391742195412,0.3594135608045754,0.46724624388606456
2024-03-26,177.6699981689453,0.0287772826285837,0.029195349264770964,0.010481683435756076,-0.01158171211632812,-0.014372034891457558,178.57800064086913,188.88980072021485,232.82904983520507,174.73345276960032,180.62001668614477,51.067855608203004,-5.886563916544446,-6.859779954654261,0.9732160381098147,201.81515422154007,155.3408470601982,0.480462269856513,0.48369899968998775
2024-03-27,179.8300018310547,0.012084083617363902,0.012157391142962881,0.0287772826285837,0.010481683435756076,0.025017133837829976,177.46750106811524,188.08820068359375,232.50619987487792,175.5175372405933,180.5614970672492,51.1140556882344,-5.043959826655907,-6.496615929054591,1.4526561023986835,197.9422528015762,156.9927493346543,0.5576930258714327,0.4839816294520018
2024-03-28,175.7899932861328,-0.02272190773999231,-0.022465709302040393,0.012084083617363902,0.0287772826285837,-0.016299696542812377,176.16300048828126,187.29300048828125,232.13599983215332,175.55945355529167,180.20805234272208,50.4190694727975,-4.648598787430416,-6.127012500729756,1.4784137132993402,193.1092479083031,159.2167530682594,0.4889944011525602,0.48720775985546977
2024-04-01,175.22000122070312,-0.0032477284143495326,-0.003242460249155976,-0.02272190773999231,0.012084083617363902,-0.01158171211632812,174.792000579834,186.55980041503906,231.71854988098144,175.50723011920113,179.8385670744244,47.54003187182029,-4.331336955223264,-5.767877391628458,1.4365404364051937,186.2751474483102,163.30885371135778,0.5186360344325163,0.48580422899909526
2024-04-02,166.6300048828125,-0.05026651935105258,-0.049024062767074494,-0.0032477284143495326,-0.02272190773999231,0.010481683435756076,173.71650085449218,185.64860046386718,231.2677498626709,174.14150315975672,178.8601550602309,40.93704043313777,-4.718651900474185,-5.558032293397604,0.8393803929234185,183.8903864431363,163.54261526584807,0.15173109575807067,0.447940244780137
2024-04-03,168.3800048828125,0.010447544054431742,0.01050231020055925,-0.05026651935105258,-0.0032477284143495326,0.0287772826285837,173.0985008239746,184.8402005004883,230.83014991760254,173.25511880945763,178.0838476396814,48.97922136548063,-4.828728830223781,-5.41217160076284,0.583442770539059,182.97321967623677,163.22378197171244,0.2610820109535999,0.4326546741253483
2024-04-04,171.11000061035156,0.016083269202606634,0.016213301154368365,0.010447544054431742,-0.05026651935105258,0.012084083617363902,172.82700119018554,184.07960052490233,230.38299987792968,172.92510062497976,177.56726637824957,58.67419142697532,-4.642165753269808,-5.258170431264234,0.6160046779944262,182.60139163463765,163.05261074573343,0.4121684063271414,0.43124131125286136
2024-04-05,164.89999389648438,-0.03696743555877544,-0.036292482565110196,0.016083269202606634,0.010447544054431742,-0.02272190773999231,172.13950119018554,183.22100036621094,229.83524978637695,171.69046882059584,176.62894989811883,51.21415632558702,-4.938481077522994,-5.194232560515986,0.25575148299299233,182.1214421599633,162.1575602204078,0.13736976026906153,0.44566319641925056
2024-04-08,172.97999572753906,0.04783676362708771,0.04899940648952894,-0.03696743555877544,0.016083269202606634,-0.0032477284143495326,172.02150115966796,183.02800018310546,229.40284980773924,171.88885757551017,176.35865699659442,49.220821550446225,-4.469799421084247,-5.049345932629639,0.5795465115453924,181.89939485132425,162.14360746801168,0.5485171534433867,0.4779745113148473
2024-04-09,176.8800048828125,0.022295607975213145,0.02254601255405486,0.04783676362708771,-0.03696743555877544,-0.05026651935105258,171.97700119018555,182.90060028076172,228.9641999053955,172.65672639201821,176.3972753585365,55.14433445543582,-3.7405489665182756,-4.787586539407367,1.0470375728890913,181.75335169230883,162.20065068806227,0.750758383282294,0.48233306281581645
2024-04-10,171.75999450683594,-0.02937344256551801,-0.028946236061948905,0.022295607975213145,0.04783676362708771,0.010447544054431742,171.6880012512207,182.51720031738282,228.5399998474121,172.5187676404517,176.05377307322536,46.4428971646554,-3.5350054327736586,-4.537070318080625,1.0020648853069662,181.107138321578,162.2688641808634,0.5038216481551059,0.49331190199747077
2024-04-11,174.60000610351562,0.016399556773736196,0.01653476762638495,-0.02937344256551801,0.022295607975213145,0.016083269202606634,171.94400177001953,182.1774005126953,228.2077498626709,172.83895817323076,175.94608663102463,51.62349284073253,-3.1071284577938627,-4.251081946023272,1.1439534882294096,181.38873785357453,162.49926568646453,0.6406076522413731,0.4673676803187068
2024-04-12,171.0500030517578,-0.020541749097701737,-0.020332204625772565,0.016399556773736196,-0.02937344256551801,-0.03696743555877544,172.37150192260742,181.8526007080078,227.81194984436036,172.56373430838875,175.58341377330115,50.195105607100786,-3.0196794649124,-4.004801449801098,0.9851219848886981,180.727645268546,164.01535857666883,0.42092650783139635,0.4465570375914528
2024-04-15,161.47999572753906,-0.05757465973833702,-0.05594859487563397,-0.020541749097701737,0.016399556773736196,0.04783676362708771,172.26700134277343,181.30500061035156,227.33814987182618,170.8585437574888,174.5387161402817,41.309429259798144,-3.680172382792904,-3.9398756363994596,0.2597032536065558,181.1238698376397,163.41013284790716,-0.10896272884072253,0.49440996289531536
2024-04-16,157.11000061035156,-0.02743506868222295,-0.027062145360474688,-0.05757465973833702,-0.020541749097701737,0.022295607975213145,171.43250122070313,180.6890005493164,226.83619987487793,168.74338327331384,173.2477001751017,33.80593563621993,-4.50431690178786,-4.05276388947714,-0.4515530123107201,182.54026366231034,160.32473877909592,-0.1447068293746843,0.44605400813638146
2024-04-17,155.4499969482422,-0.01062208397137564,-0.010565868854054306,-0.02743506868222295,-0.05757465973833702,-0.02937344256551801,170.6390007019043,180.1768005371094,226.30459991455078,166.69824691561053,171.92935178792692,30.644657973669027,-5.2311048723163935,-4.288432086044991,-0.9426727862714026,183.84905478487977,157.42894661892885,-0.07490316308534435,0.4452121654296165
2024-04-18,149.92999267578125,-0.036155647217109545,-0.03550983840996058,-0.01062208397137564,-0.02743506868222295,0.016399556773736196,169.35250015258788,179.47340026855468,225.6551498413086,164.11851549409832,170.2997696314717,29.941059824786777,-6.181254137373372,-4.666996496310667,-1.5142576410627049,185.24325967594606,153.4617406292297,-0.11112583851819824,0.4437143553193244
2024-04-19,147.0500030517578,-0.01939578390268632,-0.0192088959161848,-0.036155647217109545,-0.01062208397137564,-0.020541749097701737,168.06399993896486,178.66280029296874,224.97799980163575,161.492590502969,168.57756469964102,28.905209307193743,-7.084974196672022,-5.150592036382939,-1.9343821602890827,186.71099911352246,149.41700076440725,-0.06346859595186291,0.4446251118769407
2024-04-22,142.0500030517578,-0.0345935559693179,-0.03400203941675628,-0.01939578390268632,-0.036155647217109545,-0.05757465973833702,166.625,177.71260040283204,224.30554977416992,158.50142320278266,166.61256013313113,30.547652048620392,-8.111136930348465,-5.742701015176045,-2.3684359151724204,188.53048163849937,144.71951836150063,-0.06093258650499354,0.454428206529461
2024-04-23,144.67999267578125,0.018345226676437152,0.018514534090260826,-0.0345935559693179,-0.01939578390268632,-0.02743506868222295,165.22749938964844,176.73480010986327,223.6567997741699,156.37504927555167,164.98792550666076,31.501715719785295,-8.612876231109084,-6.316736058362653,-2.296140172746431,189.00608861484602,141.44891016445087,0.06794100526171012,0.45977673584775985
2024-04-24,162.1300048828125,0.11387415621830609,0.12061109407252757,0.018345226676437152,-0.0345935559693179,-0.01062208397137564,164.45049972534179,176.2148001098633,223.11939987182618,157.2604270612841,164.77622768267202,44.300589839604605,-7.5158006213879105,-6.556548970967705,-0.9592516504202058,187.52226569292378,141.3787337577598,0.44971137350756335,0.6225201971322017
2024-04-25,170.17999267578125,0.04845814470471284,0.04965143743002587,0.11387415621830609,0.018345226676437152,-0.036155647217109545,163.96799926757814,175.93799987792968,222.62134979248046,159.2480525404375,165.17650657105048,53.27461988366077,-5.928454030612983,-6.43092998289676,0.5024759522837776,186.06871227685892,141.86728625829736,0.6405383031215894,0.6482880311793197
2024-04-26,168.2899932861328,-0.011168015552988686,-0.011105884774887609,0.04845814470471284,0.11387415621830609,-0.01939578390268632,163.59299926757814,175.529599609375,222.10284980773926,160.63912034746753,165.40713521661212,46.84938802906037,-4.768014869144594,-6.098346960146327,1.3303320910017336,185.09553174234537,142.0904667928109,0.609219554116858,0.6448571329191485
2024-04-29,194.0500030517578,0.14242723171122051,0.1530691710339953,-0.011168015552988686,0.04845814470471284,-0.0345935559693179,164.53449935913085,175.40159973144532,221.68359985351563,165.77925614812756,167.5288291303266,58.915772107371524,-1.749572982199055,-5.228592164556874,3.4790191823578187,189.54362714576396,139.52537157249773,1.0900946235398585,0.8240765154986975
2024-04-30,183.27999877929688,-0.05710084205665045,-0.05550118063944742,0.14242723171122051,-0.011168015552988686,0.018345226676437152,165.36699905395508,175.0681997680664,221.19309982299805,168.47167809138438,168.69558243765772,55.65038369246765,-0.22390434627334344,-4.227654600900168,4.003750254626825,191.74106819832775,138.99292990958241,0.839594918540733,0.8304990388761365
2024-05-01,179.99000549316406,-0.018113707174260838,-0.017950640048260635,-0.05710084205665045,0.14242723171122051,0.11387415621830609,165.94749908447267,174.79279998779296,220.6411498260498,170.24372846088895,169.53220636769524,52.63209269546756,0.7115220931937074,-3.239819262081393,3.9513413552751,193.10037716335088,138.79462100559445,0.7585822830253643,0.8340860284166628
2024-05-02,180.00999450683594,0.00011105007606901516,0.0001110562423569661,-0.018113707174260838,-0.05710084205665045,0.04845814470471284,166.3924987792969,174.49759979248046,220.07449981689453,171.74623092949616,170.30833882244642,54.531657284398186,1.4378921070497483,-2.304276988255165,3.7421690953049134,194.1857812080154,138.59921635057836,0.7449781842512461,0.832773801920302
2024-05-03,181.19000244140625,0.006533843535574036,0.006555235656792835,0.00011105007606901516,-0.018113707174260838,-0.011168015552988686,167.20699920654297,174.1731997680664,219.52414978027343,173.1991188544054,171.1143879794064,60.89311914017799,2.0847308749990248,-1.4264754156043271,3.5112062906033517,195.76049997322818,138.65349843985777,0.7448561973034484,0.8196173698751545
2024-05-06,184.759994506836,0.01951143790875135,0.019703030064168292,0.006533843535574036,0.00011105007606901516,0.14242723171122051,167.7959991455078,174.02899963378906,219.1334497833252,174.97771510862552,172.1251736481049,65.41764200188818,2.8525414605206265,-0.5706720403793364,3.423213500899963,197.32039820896168,138.27160008205394,0.7872877331875434,0.8059020867064206
2024-05-07,177.80999755859375,-0.03834210509362053,-0.0376163517800121,0.01951143790875135,0.006533843535574036,-0.05710084205665045,167.84249877929688,173.59719970703125,218.7223998260498,175.4134508701591,172.5462717155485,61.77338153714983,2.8671791546105965,0.11689819861865025,2.750280955991946,197.42999942946977,138.25499812912398,0.6684410403086655,0.8156247069254423
2024-05-08,174.72000122070312,-0.017530851194269642,-0.017378079862311324,-0.03834210509362053,0.01951143790875135,-0.018113707174260838,167.99049911499023,173.09699981689454,218.25069984436035,175.3067663087043,172.70728871593033,63.3956646752563,2.5994775927739795,0.6134140774497161,1.9860635153242634,197.6899093873841,138.29108884259637,0.6132935308141133,0.8109876844878399
2024-05-09,171.97000122070312,-0.015864649448707812,-0.01573946875450305,-0.017530851194269642,-0.03834210509362053,0.00011105007606901516,167.8589988708496,172.49559997558595,217.78414985656738,174.79341783362722,172.652674827395,63.48485061163151,2.1407430062322135,0.9188798632062156,1.2218631430259979,197.45830938238436,138.25968835931485,0.569444224862121,0.8108717336445375
2024-05-10,168.47000122070312,-0.020562350450525728,-0.02035238689978358,-0.015864649448707812,-0.017530851194269642,0.006533843535574036,167.72999877929686,171.82739990234376,217.30474983215333,173.82058450856198,172.34284715282524,64.53245565339944,1.4777373557367355,1.0306513617123196,0.44708599402441584,197.29321957747334,138.1667779811204,0.5125155923716523,0.8108784031364497
2024-05-13,171.88999938964844,0.020097034145307512,0.020300339194899042,-0.020562350450525728,-0.015864649448707812,0.01951143790875135,168.25049896240233,171.21239990234375,216.88564979553223,173.5235714133445,172.3093028740714,64.83804696126388,1.214268539273121,1.06737479722448,0.14689374204864092,197.71680004270738,138.7841978820973,0.561756995174374,0.7851625980667243
2024-05-14,177.5500030517578,0.03239754278801776,0.03292805679333921,0.020097034145307512,-0.020562350450525728,-0.03834210509362053,169.27249908447266,171.00059997558594,216.441199798584,174.14302243463885,172.69750288723336,59.64956338653539,1.445519547405496,1.1430037472606833,0.3025158001448127,198.52900231015352,140.0159958587918,0.6414643421914363,0.7829984697825985
2024-05-15,173.99000549316406,-0.020254418706909572,-0.02005067585133169,0.03239754278801776,0.020097034145307512,-0.017530851194269642,170.19949951171876,170.86559997558595,215.9739998626709,174.11948136671964,172.793243821006,52.52619904740301,1.3262375457136386,1.1796505069512744,0.14658703876236423,198.7789763780977,141.62002264533982,0.566315174332398,0.7864682009648877
2024-05-16,174.83999633789062,0.004873391179277019,0.004885285464054867,-0.020254418706909572,0.03239754278801776,-0.015864649448707812,171.44499969482422,170.8316000366211,215.54284980773926,174.23032982382287,172.94485511855302,54.40366063311373,1.2854747052698485,1.2008153466149893,0.08465935865485918,198.43190394422393,144.4580954454245,0.5629008168497489,0.7708835544316479
2024-05-17,177.4600067138672,0.01487402019069651,0.014985188920464187,0.004873391179277019,-0.020254418706909572,-0.020562350450525728,172.9654998779297,170.80780029296875,215.15959983825684,174.727203191522,173.27931079227997,33.80831284133478,1.447892399242022,1.2502307571403959,0.19766164210162618,197.47851591206845,148.45248384379093,0.5916759249387773,0.7644875292319508
2024-05-20,174.9499969482422,-0.014245067870223688,-0.014144086952910362,0.01487402019069651,0.004873391179277019,0.020097034145307512,174.6104995727539,170.8000003051758,214.73774978637695,174.76147915409433,173.40306532235124,40.30718576631853,1.3584138317430927,1.2718673720609353,0.08654645968215746,194.3363447157228,154.884654429785,0.5086053949280166,0.7522716731636424
2024-05-21,186.6000061035156,0.06446711975223281,0.0665905079079252,-0.014245067870223688,0.01487402019069651,0.03239754278801776,176.7065002441406,170.97660034179688,214.40144981384276,176.58279099246684,174.38061649132638,56.438730152501634,2.202174501140462,1.4579287978768405,0.7442457032636214,191.2762326682505,162.13676782003074,0.8395225653905384,0.776155045316131
2024-05-22,180.11000061035156,-0.035399542384592496,-0.03478030697149992,0.06446711975223281,-0.014245067870223688,-0.020254418706909572,177.6055000305176,171.02800048828124,214.04474983215331,177.12543862598756,174.80501531495787,50.08651044276344,2.3204233110296855,1.6304277005074095,0.689995610522276,190.51214315256198,164.6988569084732,0.5970237015214405,0.6947288467462301
2024-05-23,173.74000549316406,-0.036007818288810785,-0.03536724832380789,-0.035399542384592496,0.06446711975223281,0.004873391179277019,177.78350067138672,171.11320068359376,213.66494987487792,176.60460275939934,174.7261256985287,44.08636585287273,1.8784770608706367,1.6800375725800551,0.19843948829058156,190.3527365331766,165.21426480959684,0.33915111377157114,0.6897469910342661
2024-05-24,179.24000549316406,0.03116576011599187,0.03165649721483632,-0.036007818288810785,-0.035399542384592496,0.01487402019069651,178.33100128173828,171.44800079345703,213.3501998901367,177.0100493338247,175.060487164798,45.74862301914301,1.9495621690267058,1.7339424918693855,0.21561967715732022,190.08668625508304,166.57531630839352,0.5386623243769669,0.6961525053320133
2024-05-28,176.75,-0.013989415788236143,-0.01389201861667555,0.03116576011599187,-0.036007818288810785,-0.014245067870223688,177.46600112915038,171.71160064697267,213.00724990844728,176.97004174400553,175.18563626370184,49.123389701153975,1.7844054803036897,1.7440350895562466,0.040370390747443086,186.60676761540267,168.3252346428981,0.4608347325015221,0.4637095644966824
2024-05-29,176.19000244140625,-0.0031733327174769638,-0.0031683030189180172,-0.013989415788236143,0.03116576011599187,0.06446711975223281,177.11150131225585,171.75940063476563,212.67494995117187,176.8500356974518,175.2600337583466,51.26877320227937,1.590001939105207,1.7132284594660387,-0.12322652036083181,185.8436784491573,168.3793241753544,0.44723544561668205,0.420316425581646
2024-05-30,178.7899932861328,0.014648923152829736,0.014756744473008343,-0.0031733327174769638,-0.013989415788236143,-0.035399542384592496,177.0515007019043,171.90880035400392,212.37009994506835,177.148490711095,175.5215122418863,55.90168778856152,1.6269784692086944,1.6959784614145699,-0.0689999922058755,185.71663235135006,168.38636905245855,0.6003154166930463,0.4197175612094386
2024-05-31,178.0800018310547,-0.003978997402597566,-0.003971091681523098,0.014648923152829736,-0.0031733327174769638,-0.036007818288810785,176.95500106811522,171.9572003173828,212.09569992065428,177.29180011416574,175.71102998923212,58.73795203707173,1.580770124933622,1.6729367941183804,-0.09216666918475847,185.52385889629613,168.3861432399343,0.5656447326760171,0.41991103078715397
2024-06-03,176.2899932861328,-0.010102569596006488,-0.0100517100545634,-0.003978997402597566,0.014648923152829736,0.03116576011599187,176.71000061035156,172.0266000366211,211.84914985656738,177.13767598677606,175.75391615937292,54.122931585398014,1.3837598274031393,1.6151014007753322,-0.23134157337219285,185.04605780671838,168.37394341398473,0.47480779496079994,0.42034667250151525
2024-06-04,174.77000427246094,-0.008659479988969872,-0.008622094682395387,-0.010102569596006488,-0.003978997402597566,-0.013989415788236143,176.21050109863282,172.10540008544922,211.62689987182617,176.77341879995834,175.68103379737943,47.17594604799853,1.092385002578908,1.5105581211360475,-0.41817311855713957,183.66630737468603,168.7546948225796,0.4033976492389218,0.4136254503324392
2024-06-05,175.0,0.0013151256990527008,0.0013159908560766986,-0.008659479988969872,-0.010102569596006488,-0.0031733327174769638,176.07000122070312,172.15279998779297,211.42444984436034,176.5005851384263,175.63058684942538,51.10045164553191,0.8699982890009039,1.3824461547090188,-0.5124478657081148,183.50477151049066,168.63523093091558,0.4280407343470395,0.3917797444128505
2024-06-06,177.94000244140625,0.016660454613497404,0.01680001395089281,0.0013151256990527008,-0.008659479988969872,0.014648923152829736,176.2310012817383,172.1582000732422,211.1577498626709,176.72203395426936,175.8016546710536,53.230518334394475,0.920379283215766,1.2900327804103684,-0.3696534971946024,183.68212028164876,168.7798822818278,0.6146808391926432,0.39120809915642746
2024-06-07,177.47999572753906,-0.0025885260992180074,-0.0025851787543875737,0.016660454613497404,0.0013151256990527008,-0.003978997402597566,176.5065010070801,172.11119995117187,210.87919982910157,176.83864345784934,175.92597623079325,50.0218125387131,0.9126672270560903,1.2145596697395127,-0.3018924426834224,183.69716662005453,169.31583539410565,0.5676915582545274,0.38646608731588944
2024-06-10,173.7899932861328,-0.02101026729322036,-0.020791089307163446,-0.0025885260992180074,0.016660454613497404,-0.010102569596006488,176.77250061035156,172.07119995117188,210.56384979248048,176.36962035450836,175.76775527192953,48.76595355094747,0.6018650825788256,1.0920207523073753,-0.4901556697285496,183.0466063155729,170.49839490513023,0.2623161399929322,0.38680953173965
2024-06-11,170.66000366210938,-0.01817434057762428,-0.018010183238054034,-0.02101026729322036,-0.0025885260992180074,-0.008659479988969872,176.71100082397462,171.98,210.26694984436034,175.49121778644698,175.38940330083173,29.287928102833533,0.1018144856152503,0.8939794989689503,-0.7921650133537,183.20681433729138,170.21518731065785,0.03423869470233593,0.3863320498543345
2024-06-12,177.2899932861328,0.03811347747393242,0.03884911216309472,-0.01817434057762428,-0.02101026729322036,0.0013151256990527008,176.69800033569337,172.1931997680664,209.96044982910155,175.76795247870632,175.53018774418737,46.349029118158136,0.2377647345189473,0.7627365460789497,-0.5249718115600024,183.18778169569708,170.20821897568965,0.5456096220812521,0.39323118492437065
2024-06-13,182.47000122070312,0.028799010597446485,0.029217711832219218,0.03811347747393242,-0.01817434057762428,0.016660454613497404,177.12200012207032,172.47499969482422,209.67869979858398,176.79903690055198,176.04424800170705,61.66176996352645,0.7547888988449358,0.761147016632147,-0.006358117787211182,183.96527168117794,170.2787285629627,0.890748858381575,0.3983585508374512
2024-06-14,178.00999450683594,-0.024746085007725318,-0.024442410719736185,0.028799010597446485,0.03811347747393242,-0.0025885260992180074,177.28050003051757,172.6129995727539,209.28284980773927,176.98533807074952,176.18985885393883,48.30995943567195,0.7954792168106906,0.7680134566678558,0.02746576014283475,184.04764644128068,170.51335361975447,0.5538997113434777,0.4096146514511454
2024-06-17,187.44000244140625,0.051619109593938894,0.052974598199923895,-0.024746085007725318,0.028799010597446485,-0.02101026729322036,177.77949981689454,173.06379974365234,208.93554985046387,178.5937479739275,177.02320282338087,62.33557091412606,1.5705451505466215,0.9285197954436091,0.6420253551030124,185.93232994789813,169.62666968589096,1.0924631366827298,0.4454423458383474
2024-06-18,184.8600006103516,-0.013860022086213543,-0.013764414198944364,0.051619109593938894,-0.024746085007725318,-0.01817434057762428,178.275,173.30139984130858,208.5694499206543,179.55778684106966,177.60370636315648,59.55898557800207,1.9540804779131804,1.1336319319375234,0.820448545975657,186.894964981148,169.655035018852,0.8819621439735014,0.4452497196317282
2024-06-20,181.57000732421875,-0.017957490517488288,-0.017797215597047944,-0.013860022086213543,0.051619109593938894,0.03811347747393242,178.02350006103515,173.39519989013672,208.2522499847412,179.8673592230926,177.89750643434627,53.01912949987688,1.9698527887463229,1.3008761032992835,0.6689766854470394,185.88050276488082,170.16649735718948,0.7256908516429386,0.3859022608497505
2024-06-21,183.009994506836,0.00789947152070144,0.007930754665036455,-0.017957490517488288,-0.013860022086213543,0.028799010597446485,178.1684997558594,173.62019989013672,207.8848500061035,180.35084157443774,178.27620925453067,55.27046593312237,2.0746323199070673,1.4556273466208403,0.6190049732862271,186.29021176950533,170.04678774221344,0.7980587555211278,0.36531323647098934
2024-06-24,182.5800018310547,-0.0023523229758261356,-0.00234955843225948,0.00789947152070144,-0.017957490517488288,-0.024746085007725318,178.6104995727539,173.7797998046875,207.53815002441405,180.69378930622494,178.59500870464356,56.92580077607838,2.0987806015813817,1.5842579976129485,0.5145226039684332,186.67945229964596,170.54154684586183,0.7459738204359102,0.3389195756727482
2024-06-25,187.3500061035156,0.02579011465212662,0.026125557150967094,-0.0023523229758261356,0.00789947152070144,0.051619109593938894,179.0159996032715,174.10579986572264,207.21745002746582,181.71782265965427,179.24352703048595,62.92643323995967,2.4742956291683242,1.762265523924024,0.7120301052443003,187.98327440163274,170.04872480491025,0.964690036139359,0.3333771355772191
2024-06-26,196.3699951171875,0.047022052078928164,0.0481451226037759,0.02579011465212662,-0.0023523229758261356,-0.013860022086213543,179.99699935913085,174.80359985351564,206.95680000305177,183.97200303773633,180.51215429616755,68.59878322738494,3.459848741568777,2.1017821674529746,1.3580665741158024,191.77330275459295,168.22069596366876,1.1951670319722678,0.36307159233270064
2024-06-27,197.4199981689453,0.005332819818052439,0.0053470646120412635,0.047022052078928164,0.02579011465212662,-0.017957490517488288,181.05849914550782,175.6097998046875,206.57600006103516,186.0409253656146,181.76458717563258,67.53059929215232,4.276338189982027,2.536693371958785,1.7396448180232422,195.01533715235885,167.1016611386568,1.0861463397155602,0.36170299014004276
2024-06-28,197.8800048828125,0.0023273813203096337,0.002330091774560339,0.005332819818052439,0.047022052078928164,0.00789947152070144,182.01299972534179,176.4583999633789,206.2280000305176,187.8623222144143,182.95832182060886,68.35854540521075,4.904000393805433,3.0101547763281147,1.893845617477318,197.8068280553415,166.21917139534207,1.0023166272908008,0.3602961657037269
2024-07-01,209.8600006103516,0.0587798336030084,0.06054171938510833,0.0023273813203096337,0.005332819818052439,-0.0023523229758261356,183.60199966430665,177.65700012207031,205.9208000946045,191.2465804291739,184.9510387679972,78.24590533763873,6.295541661176685,3.667232153297829,2.628309507878856,203.57225324301876,163.63174608559453,1.157427829910869,0.4054282849574788
2024-07-02,231.259994506836,0.09710195030947986,0.10197271435359379,0.0587798336030084,0.0023273813203096337,0.02579011465212662,186.35049972534182,179.3411999511719,205.69690002441405,197.40249028727578,188.38133178568896,86.8972270507254,9.021158501586825,4.738017422955629,4.283141078631196,215.22805016241358,157.47294928827006,1.2775849076838819,0.5070544183939825
2024-07-03,246.38999938964844,0.06337304899541396,0.06542422054051023,0.09710195030947986,0.0587798336030084,0.047022052078928164,189.9314994812012,181.4279998779297,205.5568999481201,204.93903014917927,192.678270126723,88.1262468697759,12.260760022456282,6.2425659428557605,6.018194079600521,228.79766343255318,151.06533552984922,1.2263194276017984,0.5291552674975099
2024-07-05,251.5200042724609,0.02060688228437289,0.02082067005771493,0.06337304899541396,0.09710195030947986,0.005332819818052439,193.75749969482425,183.56480010986328,205.48809997558592,212.10533386045336,197.03691710048136,88.11969145468983,15.068416759971996,8.007736106279008,7.060680653692987,240.66766584553943,146.84733354410906,1.11567149849837,0.5259086949263525
2024-07-08,252.94000244140625,0.005629789876539415,0.005645666924397386,0.02060688228437289,0.06337304899541396,0.0023273813203096337,197.50749969482425,185.38100006103517,205.42029998779296,218.38759056521533,201.1778863849943,92.80248031636754,17.209704180221024,9.848129721067412,7.361574459153612,250.66823497023103,144.34676441941747,1.021366968114775,0.5277736811631211
2024-07-09,262.3299865722656,0.0364508858978897,0.03712336538398886,0.005629789876539415,0.02060688228437289,0.0587798336030084,201.74999923706054,187.22399993896485,205.41899993896484,225.1479591816846,205.70767158405144,92.79918768580792,19.44028759763316,11.766561296380562,7.6737263012525965,261.3357283194911,142.16427015462992,1.0083430904352872,0.5261719996481194
2024-07-10,263.260009765625,0.0035389720904070512,0.003545241645880992,0.0364508858978897,0.005629789876539415,0.09710195030947986,206.22350006103517,189.1234002685547,205.45680000305177,231.0113515792139,209.9708077456495,95.66637140974417,21.040543833564413,13.621357803817332,7.419186029747081,270.2402019012319,142.20679822083844,0.9454814764353889,0.5079822493078503
2024-07-11,241.02999877929688,-0.08822077208547265,-0.08444127539962887,0.0035389720904070512,0.0364508858978897,0.06337304899541396,209.74199981689452,190.06300018310546,205.43754997253419,232.5526819176882,212.27148856295673,78.3737316987002,20.28119335473147,14.953324914000161,5.32786844073131,273.2620576687298,146.2219419650592,0.7462844022858391,0.6262743469477482
2024-07-12,248.22999572753903,0.029434316513726,0.029871787680814554,-0.08822077208547265,0.0035389720904070512,0.02060688228437289,213.28899993896485,191.3620001220703,205.44374992370606,234.96457634997293,214.93508168625914,79.50063152663796,20.02949466371379,15.968558863942889,4.060935799770903,277.1009905860843,149.4770092918454,0.7737808007103085,0.6231919656185043
2024-07-15,252.63999938964844,0.017609829570940913,0.01776579679334911,0.029434316513726,-0.08822077208547265,0.005629789876539415,216.7974998474121,192.815,205.48634994506835,237.6838722022307,217.72803855317687,80.58853720308522,19.95583364905383,16.766013820965078,3.1898198280887513,281.1883413958862,152.406658298938,0.7783198563669472,0.6216049887152955
2024-07-16,256.5599975585937,0.015396997777534508,0.015516142251486453,0.017609829570940913,0.029434316513726,0.0364508858978897,220.725,194.34600006103517,205.56664993286134,240.587891487825,220.60447996098554,80.44338140202575,19.98341152683946,17.409493362139955,2.5739181646995064,284.7355875493936,156.71441245060637,0.7799146120236885,0.6025134230252014
2024-07-17,248.5,-0.03191970033228875,-0.03141564404151875,0.015396997777534508,0.017609829570940913,0.0035389720904070512,223.7779998779297,195.69220001220702,205.57724990844727,241.80513895123653,222.67081477869033,73.1257185343551,19.1343241725462,17.754459524221204,1.3798646483249968,286.9229145123931,160.63308524346627,0.695756065751156,0.6140579893399367
2024-07-18,249.22999572753903,0.002933302220995548,0.002937608561525362,-0.03191970033228875,0.015396997777534508,-0.08822077208547265,226.99649963378906,196.9816000366211,205.57229988098143,242.94742460912923,224.63816151564208,73.0491995755399,18.309263093487147,17.865420238074393,0.44384285541275403,288.3249506120009,165.66804865557717,0.6812657562608981,0.6067666406692394
2024-07-19,239.1999969482422,-0.04107613843938718,-0.0402439471622098,0.002933302220995548,-0.03191970033228875,0.029434316513726,229.87799911499025,198.20940002441407,205.51029983520507,242.37089727668507,225.716815992131,66.93997613593586,16.65408128455408,17.62315244737033,-0.9690711628162489,287.52465078209815,172.23134744788234,0.5808546339090402,0.6285490258870036
2024-07-22,251.509994506836,0.050182719021710745,0.051463201152370575,-0.04107613843938718,0.002933302220995548,0.017609829570940913,233.30299911499023,199.74519989013672,205.53519981384278,243.77691223516985,227.62742180803505,67.02918921670727,16.149490427134793,17.328420043323224,-1.1789296161884302,287.24569580366466,179.36030242631583,0.6687623766468873,0.6410944345853908
2024-07-23,246.3800048828125,-0.020607648987956816,-0.020396762498772425,0.050182719021710745,-0.04107613843938718,0.015396997777534508,236.4929992675781,201.2333999633789,205.46129981994628,244.1773880271149,229.01650203579635,57.130734656980195,15.160885991318537,16.89491323292229,-1.7340272416037514,285.08644176569686,187.89955676945934,0.6017318912486718,0.6511822559104853
2024-07-24,215.9900054931641,-0.1316429436033912,-0.12334604589403686,-0.020607648987956816,0.050182719021710745,-0.03191970033228875,237.92499923706055,202.18380004882812,205.24099990844726,239.84086763727632,228.05157636597173,37.46702085980157,11.789291271304592,15.873788840598749,-4.084497569294157,281.88816349263874,193.96183498148235,0.25052985703692526,0.8313875208631559
2024-07-25,220.25,0.01953112906763447,0.01972310939623889,-0.1316429436033912,-0.020607648987956816,0.002933302220995548,239.11899948120117,203.15100006103515,205.0395999145508,236.82688800077227,227.47368182034418,37.01519504855353,9.353206180428089,14.569672308564618,-5.216466128136529,279.479698455226,198.75830050717633,0.2662453827503731,0.8195269625727823
2024-07-26,219.8000030517578,-0.0020452089625195087,-0.0020431189477511102,0.01953112906763447,-0.1316429436033912,-0.04107613843938718,240.2379997253418,203.99600006103515,204.8402498626709,234.2073672393854,226.90526117081927,36.126924419801206,7.3021060685661325,13.116159060564922,-5.814052991998789,276.7923782077441,203.68362124293955,0.22044393145101462,0.8199936901251699
2024-07-29,232.1000061035156,0.054450283723543685,0.055959976710561854,-0.0020452089625195087,0.01953112906763447,0.050182719021710745,241.94899978637696,205.1582000732422,204.68264991760253,233.88315783386696,227.29005709175973,37.646105859948364,6.593100742107225,11.811547396873383,-5.218446654766158,272.93468093971245,210.96331863304147,0.34107185454270456,0.8381023474392167
2024-07-30,222.6199951171875,-0.04170207944562903,-0.04084450985365362,0.054450283723543685,-0.0020452089625195087,-0.020607648987956816,242.58699951171874,206.11380004882812,204.4807999420166,232.15036356976242,226.94412657512476,34.4766934517294,5.206236994637663,10.49048531642624,-5.284248321788576,271.22741906884363,213.94657995459383,0.15141913590501116,0.8331974147046294
2024-07-31,232.07000732421875,0.04157282172336867,0.04244907202543402,-0.04170207944562903,0.054450283723543685,-0.1316429436033912,242.62750015258788,207.20600006103516,204.34680000305175,232.138001070448,227.323821445428,46.20725032785987,4.814179625020017,9.355224178144995,-4.541044553124978,271.20269377514603,214.05230653002977,0.31526821886458295,0.7709652892780626
2024-08-01,216.8600006103516,-0.0677870949965208,-0.06554059651757438,0.04157282172336867,-0.04170207944562903,0.01953112906763447,241.15100021362304,208.04420013427733,204.17550003051758,229.7875394612024,226.5487236057927,37.5644200813544,3.2388158554097117,8.13194251359794,-4.893126658188228,271.8782540890612,210.42374633818486,0.10473201247104534,0.7689382909969918
2024-08-02,207.6699981689453,-0.043301714320780456,-0.04237758192170549,-0.0677870949965208,0.04157282172336867,-0.0020452089625195087,238.95849990844727,208.46559997558595,203.94425003051757,226.3848408008552,225.15029949935956,32.82407762481817,1.234541301495625,6.752462271177477,-5.517920969681852,272.6821437208304,205.2348560960641,0.036104373632173066,0.7726404194659494
2024-08-05,198.8800048828125,-0.04324862022379944,-0.04232673647438423,-0.043301714320780456,-0.0677870949965208,0.054450283723543685,236.25550003051757,208.84100006103515,203.66440002441405,222.15332758269477,223.2043517499857,28.75976093889315,-1.051024167290933,5.191764983483795,-6.242789150774728,273.7192478565377,198.79175220449744,0.001177841025474805,0.7793312488617068
2024-08-06,200.63999938964844,0.008810602088580683,0.008849529684359148,-0.04324862022379944,-0.043301714320780456,-0.04170207944562903,233.1710006713867,209.37899993896485,203.4542000579834,218.84358478376458,221.53291824181258,31.518380371643673,-2.6893334580479973,3.6155452951774367,-6.3048787532254345,271.7376380590771,194.60436328369636,0.07824944712289753,0.7625240629563151
2024-08-07,191.759994506836,-0.04526769292244079,-0.044258397676563144,0.008810602088580683,-0.04324862022379944,0.04157282172336867,229.59599990844725,209.62939971923828,203.31245002746581,214.67687858731404,219.32751648366616,29.121558097147158,-4.650637896352123,1.962308656871525,-6.612946553223647,269.6459465443444,189.54605327255013,0.027639752612073316,0.7678028220212793
2024-08-08,198.83999633789065,0.03625590132901241,0.0369211620456229,-0.04526769292244079,0.008810602088580683,-0.0677870949965208,227.48649978637695,210.0711996459961,203.24669998168946,212.24043516432582,217.8099223987939,35.01633567249303,-5.569487234468085,0.45594947860360313,-6.025436713071688,269.4016702129212,185.57132935983273,0.15828000748930604,0.7387642677368145
2024-08-09,200.0,0.0058169037389324395,0.005833854775063152,0.03625590132901241,-0.04526769292244079,-0.043301714320780456,225.075,210.54739959716798,203.1862999725342,210.3572912928911,216.49066888777213,29.15081816029145,-6.13337759488104,-0.8619159360933255,-5.2714616587877146,267.51156716041316,182.6384328395868,0.20455904332206298,0.7268653104474683
2024-08-12,197.4900054931641,-0.01262938858524463,-0.012549972534179554,0.0058169037389324395,0.03625590132901241,-0.04324862022379944,222.31750030517577,210.92139984130858,203.0911499786377,208.37770886216384,215.0832123400234,29.782486254661308,-6.7055034778595655,-2.0306334444465737,-4.674870033412992,264.3779136048518,180.25708700549973,0.20485911972478282,0.7190721043536336
2024-08-13,207.8300018310547,0.051032468678537876,0.052357061371637315,-0.01262938858524463,0.0058169037389324395,0.008810602088580683,219.88100051879883,211.51639984130858,203.06819999694824,208.2934462419932,214.54593748750722,45.95478763720576,-6.2524912455140225,-2.8750050046600633,-3.377486240853959,259.14188399189976,180.62011704569792,0.3465266491519385,0.7478367065571879
2024-08-14,201.3800048828125,-0.03152675190710158,-0.0310349655555765,0.051032468678537876,-0.01262938858524463,-0.04526769292244079,217.52500076293944,212.01820007324218,203.04630004882813,207.22983987904232,213.57068322049278,40.84425435989648,-6.340843341450466,-3.568172672018144,-2.7726706694323218,255.1770241904862,179.87297733539268,0.2856025465511233,0.7476889407877827
2024-08-15,214.13999938964844,0.061436309145650216,0.06336276788880446,-0.03152675190710158,0.051032468678537876,0.03625590132901241,215.77050094604493,212.80559997558595,203.08050003051758,208.2929413422125,213.6128547885784,47.546808736343344,-5.319913446365916,-3.9185208268876988,-1.4013926194782176,250.34655521040767,181.1944466816822,0.4764215207448202,0.7893222383987398
2024-08-16,216.1199951171875,0.00920378250292453,0.009246267550119258,0.061436309145650216,-0.03152675190710158,0.0058169037389324395,214.6165008544922,213.62799987792968,203.17430000305177,209.4971034614394,213.7985688869939,42.393369341980744,-4.301465425554511,-3.9951097466210617,-0.3063556789334494,247.3938624238191,181.8391392851653,0.5229349494698543,0.7811644221228463
2024-08-19,222.72000122070312,0.0300815962441386,0.030538618603692225,0.00920378250292453,0.061436309145650216,-0.01262938858524463,213.17700119018554,214.52359985351563,203.2837000274658,211.53139542440303,214.45941572652794,50.04894582024801,-2.9280203021249065,-3.781691857721831,0.8536715555969243,241.33550727349973,185.01849510687134,0.6694514617054287,0.7654057429990578
2024-08-20,221.1000061035156,-0.007300267158314843,-0.007273684933138069,0.0300815962441386,0.00920378250292453,0.051032468678537876,211.9130012512207,215.39600006103515,203.36090003967286,213.00348937503574,214.95131131000852,44.18530542655218,-1.9478219349727794,-3.414917873172021,1.4670959381992414,235.73100679651387,188.09499570592752,0.6928583993908425,0.7635106185204371
2024-08-21,223.2700042724609,0.00976670507756732,0.009814554993405888,-0.007300267158314843,0.0300815962441386,-0.03152675190710158,212.27700119018556,216.3856002807617,203.38470008850098,214.58295320540884,215.5675107887087,53.94267769389308,-0.9845575832998463,-2.928845815197586,1.9442882318977395,236.57502895794562,187.9789734224255,0.7262118388238379,0.6011726026800267
2024-08-22,210.66000366210932,-0.0581363437538179,-0.056478704568677096,0.00976670507756732,-0.007300267158314843,0.061436309145650216,211.79750137329103,217.18560028076172,203.33820007324218,213.97942250643968,215.2039917422939,51.764848502752265,-1.2245692358542328,-2.5879904993289156,1.3634212634746827,235.80986572413917,187.78513702244288,0.4763143334291958,0.6329224459552372
2024-08-23,220.32000732421875,0.0448355914315171,0.0458558981020607,-0.0581363437538179,0.00976670507756732,0.00920378250292453,211.82350158691406,218.04620056152345,203.343450088501,214.9548970937903,215.58295585947354,62.52629458132823,-0.6280587656832495,-2.1960041525997824,1.567945386916533,235.8734467778244,187.77355639600373,0.6766429334840218,0.6546051567698161
2024-08-26,213.2100067138672,-0.032803441227522996,-0.0322712435275504,0.0448355914315171,-0.0581363437538179,0.0300815962441386,210.87900161743164,218.66100067138672,203.2986001586914,214.68645241995597,215.40718184868788,56.91191484477417,-0.7207294287319144,-1.900949207826209,1.1802197790942945,232.98088774659436,188.77711548826892,0.5527331713414237,0.6314123753820086
2024-08-27,209.2100067138672,-0.018939062709292416,-0.018760845523390857,-0.032803441227522996,0.0448355914315171,-0.007300267158314843,210.20850219726563,219.28500091552735,203.234100189209,213.84392231132693,214.9481318387012,60.13946233729568,-1.1042095273742518,-1.7416012717358176,0.6373917443615658,231.6133060648371,188.80369832969416,0.4766759020644152,0.6185408348518625
2024-08-28,205.75,-0.01667672472989858,-0.01653843794670573,-0.018939062709292416,-0.032803441227522996,0.00976670507756732,208.8925018310547,219.6512008666992,203.21295021057128,212.59870349419973,214.26678873953813,54.19143775087316,-1.6680852453384034,-1.7268980664563347,0.05881282111793129,227.7191483001509,190.06585536195848,0.41654111537567035,0.5969160702934357
2024-08-29,206.27999877929688,0.0025726237078790366,0.002575935743848623,-0.01667672472989858,-0.018939062709292416,-0.0581363437538179,208.36350173950194,220.07960083007814,203.17110023498535,211.62659507652236,213.67517466840917,53.83863063353457,-2.0485795918868064,-1.7912343715424293,-0.2573452203443771,226.83880386225727,189.88819961674662,0.44361383250023023,0.5508191358147569
2024-08-30,214.1100006103516,0.03725544123667223,0.03795812428442069,0.0025726237078790366,-0.01667672472989858,0.0448355914315171,208.68550186157228,220.73040069580077,203.12310020446776,212.00865746634224,213.70738399744192,59.5385652253719,-1.6987265310996804,-1.7727328034538796,0.07400627235419921,227.33358552776733,190.03741819537723,0.6454438655971058,0.5458774374887163
2024-09-03,210.6000061035156,-0.01652927582030035,-0.01639341692041585,0.03725544123667223,0.0025726237078790366,-0.032803441227522996,209.27150192260743,221.28220092773438,202.9890502166748,211.79194187206122,213.4772078571511,51.72499969117529,-1.6852659850898704,-1.7552394397810778,0.06997345469120742,227.3500847738156,191.19291907139925,0.5367424867270331,0.5246352994027765
2024-09-04,219.41000366210932,0.04098151366314106,0.041832845694521836,-0.01652927582030035,0.03725544123667223,-0.018939062709292416,210.21000213623046,222.01880096435548,202.8719002532959,212.96395137822245,213.91667421307392,60.90744108334635,-0.9527228348514711,-1.5947361187951565,0.6420132839436854,228.35060926695704,192.06939500550388,0.7535747965760167,0.5416256748497906
2024-09-05,230.1699981689453,0.04787601603580388,0.04904058305110981,0.04098151366314106,-0.01652927582030035,-0.01667672472989858,212.13050231933593,222.87520080566406,202.85480026245116,215.61103549987212,215.12062413573105,59.93800371508497,0.49041136414106745,-1.1777066222079118,1.6681179863489792,230.1793831397147,194.08162149895716,0.9997400123901646,0.5289416430002464
2024-09-06,210.72999572753903,-0.08824048544582787,-0.08445932396079381,0.04787601603580388,0.04098151366314106,0.0025726237078790366,212.72500228881836,223.1624008178711,202.73695022583007,214.86010630412855,214.7953924017909,47.2530836020198,0.06471390233764396,-0.9292225172988007,0.9939364196364446,229.68082870441754,195.76917587321918,0.44117047107052415,0.6208746354378111
2024-09-09,216.2700042724609,0.025949973905266994,0.026289605928169646,-0.08824048544582787,0.04787601603580388,0.03725544123667223,213.53850250244142,223.5394009399414,202.6403002166748,215.077013683872,214.90462291072942,46.67697231044787,0.1723907731425811,-0.7088998592105243,0.8812906323531055,229.45295101006116,197.62405399482168,0.5858182980299841,0.6262174799084556
2024-09-10,226.1699981689453,0.044759273955983725,0.04577608406578748,0.025949973905266994,-0.08824048544582787,-0.01652927582030035,214.97250213623047,224.10520080566405,202.56515022277833,216.78362668157558,215.73909515207873,52.406717923332884,1.044531529496851,-0.35821358146904925,1.4027451109659002,229.93845835415507,200.00654591830587,0.8740989172246706,0.6391142736470584
2024-09-11,228.1300048828125,0.008628742512625562,0.008666077418469476,0.044759273955983725,0.025949973905266994,0.04098151366314106,215.98750228881835,224.4706008911133,202.53475021362306,218.5292233279197,216.6569403173183,52.3116438977551,1.8722830106014214,0.08788573694504492,1.7843972736563765,231.6510995628654,200.3239050147713,0.8876026171240056,0.6175329372656848
2024-09-12,229.8099975585937,0.007337206636804795,0.007364189890953554,0.008628742512625562,0.044759273955983725,0.04787601603580388,217.40900192260742,224.44160095214843,202.5065502166748,220.2647270557157,217.63124085370904,60.16561917407167,2.633486202006651,0.5970058299573662,2.036480372049285,232.6452018823711,202.17280196284372,0.9069582858171746,0.6025551809129308
2024-09-13,230.2899932861328,0.002086485160728214,0.0020886633855723424,0.007337206636804795,0.008628742512625562,-0.08824048544582787,218.21650161743165,224.11960083007813,202.4776001739502,221.80707570654909,218.56892621907377,55.86400812031126,3.2381494874753116,1.1252345614609554,2.1129149260143563,234.40529530201772,202.02770793284557,0.8728965821646355,0.5666825377802343
2024-09-16,226.77999877929688,-0.0153589759450266,-0.015241628421408637,0.002086485160728214,0.007337206636804795,0.025949973905266994,218.7495018005371,223.62480072021484,202.37790016174316,222.57214079466414,219.17715381612734,58.33435327259929,3.3949869785367923,1.5791850448761229,1.8158019336606694,235.34450615220777,202.15449744886644,0.74195525377947,0.5701780045645789
2024-09-17,227.8699951171875,0.004794890315022082,0.004806404196833203,-0.0153589759450266,0.002086485160728214,0.044759273955983725,219.00700149536132,223.12340057373046,202.29655014038087,223.3871953058216,219.82106798657622,61.88534524231834,3.5661273192453677,1.976573499749972,1.5895538194953958,236.01606852406962,201.99793446665302,0.7605373242067601,0.5608892396864819
2024-09-18,227.1999969482422,-0.0029445960609886415,-0.0029402649901351108,0.004794890315022082,-0.0153589759450266,0.008628742512625562,219.31200103759767,222.42080078125,202.2321501159668,223.97378017388633,220.36765531707002,64.16589862122657,3.606124856816308,2.3024837711632395,1.3036410856530685,236.69377447642887,201.93022759876646,0.7269042321372856,0.5602323188806614
2024-09-19,243.9199981689453,0.07100962175825201,0.07359155565707187,-0.0029445960609886415,0.004794890315022082,0.007337206636804795,220.34450073242186,222.0340005493164,202.25760009765625,227.04242909620308,222.11227330609782,70.47878571225766,4.93015579010526,2.8280181749516435,2.102137615153617,240.88286200686358,199.80613945798015,1.0739381326849382,0.6121885708690437
2024-09-20,238.25,-0.023519752638904136,-0.02324531900421767,0.07100962175825201,-0.0029445960609886415,0.002086485160728214,221.7240005493164,221.97840057373048,202.27095008850097,228.7666707737103,223.3076604686091,63.44996998061106,5.459010305101202,3.3542166009815553,2.104793704119647,243.20800867216605,200.23999242646676,0.8846116459318204,0.5765660805785077
2024-09-23,250.0,0.048140375327935025,0.04931794333683115,-0.023519752638904136,0.07100962175825201,-0.0153589759450266,223.20800018310547,222.01380065917968,202.32735008239746,232.0333368085241,225.2848708042677,70.1061450043107,6.748466004256386,4.033066481636522,2.7153995226198644,248.11176537530886,198.30423499090207,1.0379106253636354,0.5796180225295842
2024-09-24,254.2700042724609,0.016935793509053217,0.017080017089843746,0.048140375327935025,-0.023519752638904136,0.004794890315022082,225.2610000610351,222.04640075683594,202.40185012817383,235.4543625722067,227.43191772783757,68.65368439221952,8.022444844369119,4.830942154183042,3.191502690186077,253.2705107699111,197.2514893521591,1.0178420378873856,0.5617038885904952
2024-09-25,257.0199890136719,0.010757148762662677,0.010815214909361659,0.016935793509053217,0.048140375327935025,-0.0029445960609886415,227.6514991760254,222.0556005859375,202.47375007629395,238.77215125550902,229.62362671197346,65.71461895258915,9.148524543535558,5.6944586320535455,3.4540659114820125,257.9595302454615,197.34346810658928,0.9845001275464392,0.5520571935161415
2024-09-26,254.22000122070312,-0.010953821465680538,-0.01089404681602335,0.010757148762662677,0.016935793509053217,0.07100962175825201,230.07499923706055,222.17000061035156,202.52565010070802,241.14874355784656,231.44558037928675,81.61072033102208,9.703163178559805,6.496199541354798,3.206963637205007,260.75838110490184,199.39161736921926,0.8934540541788929,0.5487129915756942
2024-09-27,260.4599914550781,0.024249227064234113,0.024545630573566513,-0.010953821465680538,0.010757148762662677,-0.023519752638904136,232.78399887084962,222.39460052490233,202.62925003051757,244.11970477280525,233.59479601453057,81.79595805355754,10.524908758274677,7.301941384738775,3.2229673735359015,264.1804594776511,201.38753826404817,0.9407502000119244,0.5499126346969891
2024-09-30,261.6300048828125,0.004482044837533062,0.004492104223754234,0.024249227064234113,-0.010953821465680538,0.048140375327935025,235.15999908447264,222.84320068359375,202.75235008239747,246.81359709742176,235.67147815292182,79.18040464946327,11.142118944499941,8.06997689669101,3.0721420478089314,267.7748829003011,202.54511526864414,0.9057964141128348,0.5419285606374391
2024-10-01,258.0199890136719,-0.013894251852425751,-0.013798172234708361,0.004482044837533062,0.024249227064234113,0.016935793509053217,237.53099822998047,222.97340057373046,202.84600006103517,248.53765739222948,237.32692340186628,73.9464805261485,11.210733990363195,8.698128315425446,2.512605674937749,269.5167638647402,205.54523259522074,0.8202829505107345,0.5402945298007356
2024-10-02,249.0200042724609,-0.03550382703625739,-0.03488095932262858,-0.013894251852425751,0.004482044837533062,0.010757148762662677,239.011498260498,223.02620056152344,202.83585006713867,248.61186460457276,238.19307754042885,63.774570700003046,10.418787064143913,9.04226006516914,1.3765269989747733,270.1967273021504,207.82626921884557,0.6604686949484178,0.5505295260618303
2024-10-03,240.66000366210932,-0.034148067454407176,-0.03357160254966762,-0.03550382703625739,-0.013894251852425751,-0.010953821465680538,239.5359985351562,223.51960052490233,202.7716500854492,247.3885013826553,238.37581280870148,56.68084935709961,9.012688573953824,9.036345766926077,-0.023657192972253327,270.44675755369184,208.62523951662055,0.5181814546559519,0.5453973568108293
2024-10-04,250.0800018310547,0.03839570976808356,0.03914235030998836,-0.034148067454407176,-0.03550382703625739,0.024249227064234113,241.50349884033199,224.11620056152344,202.76165008544922,247.80257837471675,239.24278977332023,63.94876099945829,8.55978860139652,8.941034333820166,-0.3812457324236469,269.5728693673469,213.43412831331705,0.6527733402939759,0.4422882104463869
2024-10-07,240.8300018310547,-0.03768957599969925,-0.03698816351676526,0.03839570976808356,-0.034148067454407176,0.004482044837533062,242.73149871826166,224.53680053710937,202.67970008850097,246.72987429107644,239.36036103685612,57.06806822983856,7.3695132542203226,8.626730117900198,-1.2572168636798757,268.1792370918874,217.28376034463597,0.4626391772170662,0.46614656817842565
2024-10-08,244.5,0.015124010919583781,0.015238957526229946,-0.03768957599969925,0.03839570976808356,-0.013894251852425751,243.6479988098144,224.78480041503906,202.66650009155273,246.3868167078339,239.74107503412603,59.136040968601336,6.6457416737078745,8.230532429061734,-1.5847907553538594,267.8753645573651,219.42063306226368,0.5175834467325804,0.4442977798670745
2024-10-09,241.0500030517578,-0.014210915403026646,-0.014110416966225725,0.015124010919583781,-0.03768957599969925,-0.03550382703625739,244.29399871826166,225.15340057373047,202.59925010681152,245.56576845305295,239.83803266506172,48.23731970031962,5.727735787991236,7.7299731008476344,-2.0022373128563986,267.44421786633296,221.14377957019033,0.4299359620365819,0.44844868106273456
2024-10-10,238.7700042724609,-0.009503630132407265,-0.009458613360014523,-0.014210915403026646,0.015124010919583781,-0.034148067454407176,244.74199905395508,225.2874005126953,202.53040016174316,244.5202662714234,239.758919450795,50.333250735314664,4.761346820628404,7.136247844803789,-2.3749010241753847,267.04325797709805,222.4407401308121,0.36610633054224656,0.4501472132595235
2024-10-11,217.8000030517578,-0.09192353886888893,-0.08782510719719294,-0.009503630132407265,-0.014210915403026646,0.03839570976808356,244.11749954223632,225.30620056152344,202.33635025024415,240.409456545321,238.1323330508663,31.545159224739976,2.277123494454713,6.164422974733974,-3.8872994802792604,268.7050654861184,219.52993359835423,-0.0351789711625942,0.5599604659696462
2024-10-14,219.16000366210932,0.00622484886936322,0.006244263504570746,-0.09192353886888893,-0.009503630132407265,-0.03768957599969925,243.73649978637695,225.53600067138672,202.12495025634766,237.1403099479038,236.7269753183658,29.1829642157481,0.4133346295380136,5.014205305694782,-4.600870676156768,269.6553583832604,217.8176411894935,0.025895478143802993,0.5587738906098209
2024-10-15,219.57000732421875,0.0018690482583790414,0.0018707960177877236,0.00622484886936322,-0.09192353886888893,0.015124010919583781,243.3215003967285,225.94980072021485,201.95690032958984,234.43718646733686,235.4560888002808,27.161857452111363,-1.0189023329439522,3.8075837779670354,-4.826486110910988,270.5430794712435,216.09992132221348,0.06373777936442318,0.5584186168566587
2024-10-16,221.3300018310547,0.007983687088569507,0.008015641700267029,0.0018690482583790414,0.00622484886936322,-0.014210915403026646,243.02800064086915,226.36360076904296,201.82115036010742,232.42069652329343,234.40971198774557,29.68499034615307,-1.9890154644521374,2.648263929483201,-4.637279393935339,271.0949076885633,214.961093593175,0.1134593887929472,0.5594822042172641
2024-10-17,220.88999938964844,-0.0019899714413276278,-0.001987992760882462,0.007983687088569507,0.0018690482583790414,-0.009503630132407265,241.8765007019043,226.94620086669923,201.68350036621095,230.64674311811729,233.40825179529395,23.672663177145523,-2.761508677176664,1.5663094081512279,-4.327818085327892,271.6284398193671,212.12456158444147,0.14730868079892856,0.4900274151362233
2024-10-18,220.6999969482422,-0.0008605378505268966,-0.0008601676940163117,-0.0019899714413276278,0.007983687088569507,-0.09192353886888893,240.9990005493164,227.38340087890626,201.59475036621095,229.11647447659806,232.46689958440123,22.407975633665657,-3.3504251078031757,0.5829625049603472,-3.933387612763523,272.20118539004386,209.79681570858895,0.17471823359980834,0.4852214416554784
2024-10-21,218.8500061035156,-0.008417707909120924,-0.008382378207102748,-0.0008605378505268966,-0.0019899714413276278,0.00622484886936322,239.44150085449218,227.76040100097657,201.4993504333496,227.53701780381613,231.45824080803933,22.952632621495113,-3.921223004223208,-0.3178745968763639,-3.603348407346844,271.83880895360574,207.04419275537862,0.1822036156834278,0.4447260202102377
2024-10-22,217.97000122070312,-0.0040291472851928115,-0.004021041161845984,-0.008417707909120924,-0.0008605378505268966,0.0018690482583790414,237.6265007019043,228.17000091552734,201.4017504119873,226.0651690987218,230.45911194971814,25.851604997402333,-4.393942850996325,-1.133088247700356,-3.260854603295969,270.58832148438063,204.66467991942793,0.20182928287063515,0.43611997744494
2024-10-23,213.6499938964844,-0.02001831071853799,-0.019819274670942244,-0.0040291472851928115,-0.008417707909120924,0.007983687088569507,235.45800094604493,228.28640075683595,201.2677503967285,224.15514214453142,229.21399209392305,27.585054136410875,-5.058849949391629,-1.9182405880386109,-3.140609361353018,268.7525568627326,202.16344502935726,0.17249890486405212,0.43251033092609775
2024-10-24,260.4800109863281,0.19818699146920754,0.21919035070290405,-0.02001831071853799,-0.0040291472851928115,-0.0019899714413276278,235.77100143432617,229.46840087890624,201.39535041809083,229.74358350480784,231.52999349336048,55.32459919124996,-1.7864099885526343,-1.8918744681414157,0.10546447958878136,269.9150749774489,201.62692789120342,0.8618345292162543,0.8536298536088139
2024-10-25,269.19000244140625,0.032891334056112616,0.03343823359841336,0.19818699146920754,-0.02001831071853799,-0.0008605378505268966,236.20750198364257,230.5694009399414,201.5716004180908,235.8122633412076,234.3196237858083,64.60049298829496,1.4926395553993075,-1.214971663433271,2.7076112188325787,271.8699755423221,200.54502842496308,0.962425866275005,0.8572660689761712
2024-10-28,262.510009765625,-0.02512824530239814,-0.024815158866218545,0.032891334056112616,0.19818699146920754,-0.008417707909120924,236.2515022277832,231.49720123291016,201.74805046081542,239.91960894496412,236.40780052505397,58.99331313660829,3.511808419910153,-0.26961564676458616,3.7814240666747394,272.0479637937858,200.45504066178054,0.8667751837625846,0.8623959194153005
2024-10-29,259.5199890136719,-0.01145548515134625,-0.01139012091242797,-0.02512824530239814,0.032891334056112616,-0.0040291472851928115,236.3265022277832,232.23320098876954,201.95120040893553,242.93505203245763,238.11981448717384,59.26556669307522,4.815237545283793,0.7473549916450897,4.067882553638704,272.3207403585777,200.33226409698872,0.8221833269759599,0.8619118052608651
2024-10-30,257.54998779296875,-0.007619899978935549,-0.007590942139718337,-0.01145548515134625,-0.02512824530239814,-0.02001831071853799,236.75300140380858,232.96220062255858,202.13940032958985,245.18350368792088,239.5590865838994,59.45047183828271,5.624417104021489,1.7227674141203697,3.9016496899011197,273.5731987012645,199.93280410635265,0.7824127505503226,0.8521816511657558
2024-10-31,249.8500061035156,-0.030353066395916374,-0.029897037679701866,-0.007619899978935549,-0.01145548515134625,0.19818699146920754,237.2125015258789,233.4938006591797,202.31090034484862,245.9014271364739,240.3213769186858,68.61424017568253,5.580050217788113,2.4942239748539183,3.0858262429341945,274.46483305609434,199.96016999566348,0.6696203171523155,0.850169340927692
2024-11-01,248.97999572753903,-0.0034882074251497285,-0.003482130697311736,-0.030353066395916374,-0.007619899978935549,0.032891334056112616,237.15750122070312,234.26020050048828,202.49640029907226,246.37505307356082,240.96275608971195,67.41821531750307,5.412296983848876,3.07783857665291,2.3344584071959655,274.3330104936446,199.98199194776163,0.6590091802110295,0.8392346524270161
2024-11-04,242.83999633789065,-0.02496977961188871,-0.024660613282231014,-0.0034882074251497285,-0.030353066395916374,-0.02512824530239814,237.25800094604492,234.71060028076172,202.6496502685547,245.83119819115004,241.10181092291037,62.73950764225776,4.7293872682396625,3.4081483149702607,1.3212389532694018,274.48614341978765,200.02985847230218,0.5749701035417326,0.8328931215994402
2024-11-05,251.44000244140625,0.034801627017114346,0.03541429020427689,-0.02496977961188871,-0.0034882074251497285,-0.01145548515134625,237.60500106811523,235.4752001953125,202.86285026550294,246.6940911527279,241.86760288724338,65.33563808283017,4.826488265484528,3.691816305073114,1.134671960411414,275.2444645315929,199.96553760463757,0.683783190569592,0.8403970558427057
2024-11-06,288.5299987792969,0.13759466024737685,0.14751032444224466,0.034801627017114346,-0.02496977961188871,-0.007619899978935549,239.9790008544922,237.0616000366211,203.25980026245117,253.13038463373852,245.32407665702513,75.08529448880748,7.806307976713384,4.514714639401168,3.291593337312216,283.98434407106544,195.97365763791896,1.0516488950655367,0.9663192334546441
2024-11-07,296.9100036621094,0.028630012464395397,0.02904379065700735,0.13759466024737685,0.034801627017114346,-0.030353066395916374,242.8860008239746,238.88480010986328,203.70520027160646,259.8657106381033,249.14525643517953,76.64498754575317,10.720454202923747,5.755862552105684,4.964591650818063,293.7084948733289,192.0635067746203,1.0314969665368199,0.9661203816440914
2024-11-08,321.2200012207031,0.07869717552417867,0.08187665372925301,0.028630012464395397,0.13759466024737685,-0.0034882074251497285,248.05700073242187,241.1836001586914,204.3981502532959,269.3048322661956,254.48412641929238,80.93309224691001,14.820705846903223,7.568831211065193,7.25187463583803,308.303898996321,187.81010246852273,1.107193088744634,0.913693466219394
2024-11-11,350.0,0.08580690404849912,0.08959591143118995,0.07869717552417867,0.028630012464395397,-0.02496977961188871,254.5990005493164,243.90140014648438,205.2319002532959,281.71947345601166,261.55937631415964,84.13921013504782,20.16009714185202,10.087084397222558,10.073012744629462,328.50136144373295,180.69663965489985,1.1454529888901783,0.9416817049449424
2024-11-12,328.489990234375,-0.06342678815128278,-0.06145717075892854,0.08580690404849912,0.07869717552417867,0.034801627017114346,260.04499969482424,246.25919982910156,205.91970024108886,288.9149375757599,266.5171995675089,77.27013227229108,22.397738008250997,12.549215119428247,9.84852288882275,338.9614443139901,181.12855507565837,0.9336548033166715,0.9888323037373643
2024-11-13,330.239990234375,0.005313266949669512,0.005327407385385952,-0.06342678815128278,0.08580690404849912,0.13759466024737685,265.49049911499026,248.47579956054688,206.61295021057128,295.2726379847776,271.2374062835731,71.07806823079387,24.03523170120451,14.8464184357835,9.18881326542101,348.1024534014357,182.87854482854482,0.8918893559573406,0.9893131009420942
2024-11-14,311.17999267578125,-0.059448133931949705,-0.05771559508909463,0.005313266949669512,-0.06342678815128278,0.028630012464395397,270.0049987792969,250.0959994506836,207.23240020751953,297.71992332185505,274.1961163866996,61.94050678301402,23.52380693515545,16.581896135657892,6.941910799497556,352.2219163738793,187.78808118471449,0.7504046314380286,1.0265803480570266
2024-11-15,320.7200012207031,0.030196972790488486,0.030657525449785616,-0.059448133931949705,0.005313266949669512,0.07869717552417867,275.0059989929199,252.29579956054687,207.8917002105713,301.25839684475477,277.64233007810725,66.28797938283424,23.61606676664752,17.98873026185582,5.6273365047917,356.7617720238089,193.25022596203092,0.7795766007283152,1.0252780294411
2024-11-18,338.739990234375,0.054664350493325395,0.056186046847983784,0.030196972790488486,-0.059448133931949705,0.08580690404849912,281.00049819946287,254.74519927978517,208.64585014343263,307.0247958277733,282.1680826822752,70.44703714678606,24.856713145498077,19.362326838584274,5.494386306913803,363.0003392787027,199.00065712022302,0.8520707557171731,1.0276076733604833
2024-11-19,346.0,0.02120595242401374,0.021432396454288627,0.054664350493325395,0.030196972790488486,-0.06342678815128278,287.40199813842776,257.14179931640626,209.47055015563964,313.02098108503895,286.8963728539585,72.22250335829823,26.124608231080458,20.714783117083513,5.409825113996945,368.6700845223604,206.1339117544951,0.8605228354014592,1.0230753317722483
2024-11-20,342.0299987792969,-0.01154032611298051,-0.011473991967350106,0.02120595242401374,0.054664350493325395,0.005313266949669512,293.82099838256835,259.41979919433595,210.25520011901855,317.48390688415554,290.9803451447243,73.60200195782551,26.503561739431234,21.87253884155306,4.631022897878175,370.7244551497655,216.9175416153712,0.8134384488246559,1.0187693539455551
2024-11-21,339.6400146484375,-0.007012172684276001,-0.006987644766217049,-0.01154032611298051,0.02120595242401374,-0.059448133931949705,297.7789985656738,261.6163995361328,211.01550018310547,320.8925388478912,294.5847651079623,73.0335410353259,26.307773739928905,22.759585821228228,3.548187918700677,375.60014086959137,219.95785626175626,0.7689565768598103,0.7859613490492632
2024-11-22,352.5599975585937,0.0373345373484672,0.038040225983177356,-0.007012172684276001,-0.01154032611298051,0.030196972790488486,301.9474983215332,264.06179962158205,211.83050018310547,325.7644555726147,298.8792267709721,76.9476393696871,26.885228801642597,23.584714417311105,3.3005143843314926,382.21378900715723,221.68120763590917,0.8152786730564925,0.787589253957207
2024-11-25,338.5899963378906,-0.04043088853449338,-0.03962446482142756,0.0373345373484672,-0.007012172684276001,0.054664350493325395,305.75149765014646,266.2979995727539,212.55560012817384,327.73761569034946,301.82076525741047,70.85427172374894,25.916850432938986,24.05114162043668,1.8657088125023051,385.35666369049284,226.1463316098001,0.7062585904983892,0.799326890862179
2024-11-26,338.2300109863281,-0.001063755153845317,-0.001063189566898104,-0.04043088853449338,0.0373345373484672,0.02120595242401374,309.6869987487793,268.50519989013674,213.3061001586914,329.35183035126926,304.5177464225155,64.42922444015068,24.834083928753785,24.207730082100106,0.6263538466536787,387.4293596816847,231.9446378158739,0.6835743852838644,0.7960016728150816
2024-11-27,332.8900146484375,-0.015914020837727676,-0.015788061864523528,-0.001063755153845317,-0.04043088853449338,-0.01154032611298051,313.45400009155276,270.61900024414064,214.05045021057128,329.89616639698744,306.6193959207319,60.63365026429153,23.276770476255535,24.021538160931193,-0.7447676846756579,387.7857044548281,239.12229572827744,0.6307383889779836,0.7994222306706514
2024-11-29,345.1600036621094,0.03619593916712737,0.03685898787510977,-0.015914020837727676,-0.001063755153845317,-0.007012172684276001,318.2194999694824,272.64380035400393,214.8327001953125,332.24444905316,309.4742557534266,57.617414251095624,22.77019329973342,23.77126918869164,-1.0010758889582192,387.4260004685638,249.01299947040098,0.6946385346632615,0.7865414741298811
2024-12-02,357.0899963378906,0.03397975234247804,0.034563659025395044,0.03619593916712737,-0.015914020837727676,0.0373345373484672,323.625,275.0206002807617,215.61590019226074,336.06684094311856,313.00134764857205,52.526908186845354,23.065493294546513,23.630114009862616,-0.5646207153161029,386.67507459818165,260.57492540181835,0.7653842723514854,0.7853728391201698
2024-12-03,351.4200134277344,-0.016005713052796626,-0.01587830229999254,0.03397975234247804,0.03619593916712737,-0.04043088853449338,329.0540008544922,277.0490005493164,216.3732502746582,338.4288674792133,315.8471747433248,59.21255034667943,22.58169273588851,23.420429755067797,-0.8387370191792876,380.4341045332134,277.673897175771,0.7176524663427739,0.7794858153093606
2024-12-04,357.92999267578125,0.018355288553428408,0.018524782309774723,-0.016005713052796626,0.03397975234247804,-0.001063755153845317,334.3785003662109,279.1222003173828,217.19410026550293,341.4290405863776,318.9644205160993,60.71512417482493,22.464620070278272,23.229267818109896,-0.7646477478316243,372.1659412195517,296.5910595128701,0.8116312163210193,0.7771005560185034
2024-12-05,369.489990234375,0.03178623389945424,0.03229681165351517,0.018355288553428408,-0.016005713052796626,-0.015914020837727676,338.42649993896487,281.37160034179686,218.0677001953125,345.7461097629926,322.7070553100457,73.95450066320814,23.039054452946914,23.1912251450773,-0.1521706921303867,372.7177797015458,304.13522017638394,0.9529357100475877,0.6389966091141227
2024-12-06,389.2200012207031,0.05202108959673976,0.053397958017247005,0.03178623389945424,0.018355288553428408,0.03619593916712737,343.04199981689453,284.07160034179685,219.02675018310546,352.4344007564865,327.63394019231663,75.96666062021762,24.800460564169896,23.513072228895822,1.2873883352740734,378.629667399115,307.45433223467404,1.1487921875902736,0.6521518222751085
2024-12-09,389.7900085449219,0.0014634148953150045,0.0014644862094215227,0.05202108959673976,0.03178623389945424,0.03397975234247804,346.47050018310546,286.65820068359375,220.01585021972656,358.1814173393227,332.2380934036207,72.30233888267458,25.943323935701983,23.999122570257054,1.944201365444929,386.1796382029057,306.7613621633052,1.045460195336095,0.6057753421111625
2024-12-10,400.989990234375,0.028328310501358537,0.02873337295448497,0.0014634148953150045,0.05202108959673976,-0.016005713052796626,349.0199996948242,289.445400390625,221.023800201416,364.76735163086926,337.3308265021951,73.22410682064239,27.436525128674134,24.686603081940472,2.749922046733662,395.6310279179859,302.40897147166254,1.057485991198604,0.5408439380412747
2024-12-11,424.7699890136719,0.0576113551148347,0.05930322291934931,0.028328310501358537,0.0014634148953150045,0.018355288553428408,353.83399963378906,292.780400390625,222.14900016784668,373.9985266128389,343.80780150304525,79.93489725372496,30.19072510979362,25.787427487511103,4.4032976222825155,410.35205535557,297.31594391200815,1.1275515715639306,0.501625049286812
2024-12-12,418.1000061035156,-0.01582716714006912,-0.015702575706076027,0.0576113551148347,0.028328310501358537,0.03178623389945424,358.2270004272461,296.1620004272461,223.2293002319336,380.78336961140457,349.31092776974674,77.53370740670854,31.472441841657826,26.92443035834045,4.548011483317374,420.39883978916487,296.0551610653273,0.9815122593344302,0.511357459526659
2024-12-13,436.2300109863281,0.04244899941747966,0.04336284290396253,-0.01582716714006912,0.0576113551148347,0.05202108959673976,364.47950134277346,300.07340057373045,224.40105026245118,389.31362213062357,355.7493783783824,78.32624548429872,33.56424375224117,28.252393037120598,5.3118507151205705,431.67838449412943,297.2806181914175,1.033866831402144,0.4469288703377005
2024-12-16,463.0199890136719,0.05960057359180242,0.06141250567967771,0.04244899941747966,-0.01582716714006912,0.0014634148953150045,371.59450073242186,304.3322003173828,225.7029502105713,400.6530631895541,363.695349536552,88.76084970914071,36.95771365300209,29.993457160296895,6.964256492705193,448.68965252611747,294.49934893872626,1.0929392844695474,0.4701256428019583
2024-12-17,479.8599853515625,0.035724138195772255,0.036369912179738284,0.05960057359180242,0.04244899941747966,0.028328310501358537,378.65050048828124,309.112799987793,227.16155014038085,412.8387435221707,372.3001373747009,90.01075073216194,40.53860614746981,32.10248695773148,8.436119189738328,467.95029148420446,289.350709492358,1.0666837723500482,0.45530030409544614
2024-12-18,440.1300048828125,-0.08642421525210743,-0.0827949436951747,0.035724138195772255,0.05960057359180242,0.0576113551148347,383.35700073242185,313.02540008544923,228.4585001373291,417.0373991161156,377.3245720049314,75.36665003488056,39.7128271111842,33.62455498842202,6.088272122762177,475.2943954255945,291.41960603924923,0.8087590438029166,0.5851761912806701
2024-12-19,436.1700134277344,-0.009038042516689774,-0.008997322180141931,-0.08642421525210743,0.035724138195772255,-0.01582716714006912,388.0640014648437,316.92780029296875,229.7566502380371,419.98087824098,381.68349359180564,72.40854414524134,38.297384649174376,34.55912092057249,3.7382637286018863,480.7291912961251,295.39881163356233,0.759568949518578,0.5839053451405615
2024-12-20,421.05999755859375,-0.0352567708528249,-0.034642491239586515,-0.009038042516689774,-0.08642421525210743,0.04244899941747966,392.13500061035154,320.5736001586914,230.96870025634766,420.146896597536,384.60027166341956,65.50788596763405,35.54662493411644,34.75662172328128,0.7900032108351596,482.9788461092584,301.29115511144465,0.6592017422280426,0.6044493218551451
2024-12-23,430.6000061035156,0.02240426356053564,0.022657123925894362,-0.0352567708528249,-0.009038042516689774,0.05960057359180242,396.03700103759763,324.82960021972656,232.24500030517578,421.75506729076363,388.007659399723,68.84161848367734,33.74740789104061,34.55477895683315,-0.8073710657925375,486.4264902882807,305.64751178691455,0.69118929287266,0.5980274352300136
2024-12-24,462.2799987792969,0.07099116636191981,0.07357174228224572,0.02240426356053564,-0.0352567708528249,0.035724138195772255,402.221501159668,329.69200012207034,233.66755027770995,427.98967213515334,393.5093141685803,72.17476930228491,34.480357966573024,34.539894758781124,-0.0595367922080996,492.9863789702857,311.45662334905023,0.8308465734121399,0.604165497511938
2024-12-26,454.1300048828125,-0.017787254049436575,-0.017629994630971146,0.07099116636191981,0.02240426356053564,-0.08642421525210743,408.01650085449216,334.38320007324216,235.05050033569336,432.0112617886394,397.9997357029679,68.25082696760646,34.011526085671505,34.4342210241592,-0.42269493848769457,496.3456591489661,319.68734256001824,0.7610321717013651,0.6131218317396373
2024-12-27,431.6600036621094,-0.05074526160258332,-0.04947922616674816,-0.017787254049436575,0.07099116636191981,-0.009038042516689774,412.95500030517576,338.5898001098633,236.3614003753662,431.95722207686555,400.4930888851265,59.04441530244565,31.46413319173905,33.84020345767517,-2.3760702659361215,494.37262639715823,331.5373742131933,0.6148707242815052,0.6477043438437228
2024-12-30,417.4100036621094,-0.03356928885086787,-0.03301209257078741,-0.05074526160258332,-0.017787254049436575,-0.0352567708528249,416.56750030517577,342.5202001953125,237.63595039367675,429.71918847459534,401.74619368342155,55.56182103592152,27.97299479117379,32.666761724374894,-4.693766933201104,491.4704186556474,341.66458195470415,0.5056239688351762,0.6617436377185474
2024-12-31,403.8399963378906,-0.03305021011916344,-0.03251001941775111,-0.03356928885086787,-0.05074526160258332,0.02240426356053564,418.9050003051758,346.1830001831055,238.8373003387451,425.7377742997177,401.90129017634524,50.56847780843158,23.836484123372486,30.900706204174412,-7.064222080801926,488.7390318925444,349.0709687178072,0.39213708828740956,0.6715620860705281
2025-01-02,379.2799987792969,-0.06274403546918701,-0.06081615932376483,-0.03305021011916344,-0.03356928885086787,0.07099116636191981,420.2979995727539,349.39160003662107,239.8647003173828,418.59042421965296,400.22563896174904,40.95446429351641,18.364785257903918,28.393522014920315,-10.028736757016397,485.41630518836655,355.17969395714124,0.18505015290491056,0.7113300477018997
2025-01-03,410.4400024414063,0.07895504556688626,0.08215567328200035,-0.06274403546918701,-0.03305021011916344,-0.017787254049436575,422.92350006103516,353.24100006103515,241.06030029296875,417.3365131768458,400.9822584787607,48.612016300374236,16.35425469808513,25.98566855155328,-9.631413853468153,481.34378667187667,364.50321345019364,0.39315785368543377,0.7587066238309185
2025-01-06,411.0499877929688,0.0014850709586745647,0.0014861742226248698,0.07895504556688626,-0.06274403546918701,-0.05074526160258332,425.00149993896486,357.18899993896486,242.23725021362304,416.3693554254801,401.7280162057391,45.128080676389274,14.641339219740985,23.716802685190824,-9.07546346544984,478.1366713969336,371.8663284809961,0.36871678623421733,0.753098290313069
2025-01-07,394.3599853515625,-0.04145067133894495,-0.040603340073111616,0.0014850709586745647,0.07895504556688626,-0.03356928885086787,425.2584991455078,359.86659942626954,243.34495010375977,412.98329849103123,401.18223614246676,36.175094620846224,11.801062348564471,21.333654617865555,-9.532592269301084,477.710304416158,372.8066938748576,0.205458052067897,0.7493150260149675
2025-01-08,394.9400024414063,0.0014697002488740785,0.0014707807875760093,-0.04145067133894495,0.0014850709586745647,-0.03305021011916344,425.51599884033203,362.38159942626953,244.46550010681153,410.20740679108894,400.71984846090675,31.703011332508012,9.487558330182196,18.964435360328885,-9.476877030146689,477.2807149412064,373.7512827394577,0.20466372944708114,0.7493151161777627
2025-01-10,394.739990234375,-0.00050656522430214,-0.0005064369418009695,0.0014697002488740785,-0.04145067133894495,-0.06274403546918701,425.20349884033203,365.02619903564454,245.57605003356935,407.82780424390216,400.2768959996822,38.21222465549842,7.550908244219954,16.6817299371071,-9.130821692887146,477.6624395550904,372.7445581255737,0.20964426472505293,0.7421479312727748
2025-01-13,403.30999755859375,0.021478195369560783,0.021710512074366584,-0.00050656522430214,0.0014697002488740785,0.07895504556688626,424.1304992675781,367.901999206543,246.70425003051758,407.13275706154707,400.5015701892312,41.665819128359104,6.6311868723158796,14.671621324148857,-8.040434451832978,477.49681644923965,370.76418208591656,0.3049284379310797,0.7150258897140701
2025-01-14,396.3599853515625,-0.017382638722844804,-0.017232432245921525,0.021478195369560783,-0.00050656522430214,0.0014850709586745647,423.04349822998046,370.67819915771486,247.78689994812012,405.4754075677033,400.19478612718166,43.464915127949986,5.2806214405216565,12.793421347423418,-7.512799906901762,477.79466984066624,368.29232661929467,0.2563201654555084,0.7154289615774511
2025-01-15,428.2200012207031,0.07731423282838396,0.08038151439752794,-0.017382638722844804,0.021478195369560783,-0.04145067133894495,422.6429977416992,374.24559906005857,249.04904998779296,408.974575822011,402.270727985961,49.436818662368495,6.703847836049988,11.575506645148733,-4.871658809098745,477.1044477818215,368.18154770157696,0.5512013862548213,0.7542433273495692
2025-01-16,413.8200073242188,-0.03420597069137606,-0.03362756026209668,0.07731423282838396,-0.017382638722844804,0.0014697002488740785,420.18299865722656,377.5423992919922,250.24205001831055,409.72002682235063,403.1262301591653,37.511602166146666,6.593796663185344,10.579164648756056,-3.9853679855707114,471.30771127886305,369.0582860355901,0.43776990611077904,0.7274245189136793
2025-01-17,426.5,0.030181252561434033,0.030641323404759113,-0.03420597069137606,0.07731423282838396,-0.00050656522430214,417.51499938964844,381.21559936523437,251.54139999389648,412.3015611573736,404.85762051774566,43.04205537951531,7.443940639627954,9.952119846930437,-2.508179207302483,460.43829574188965,374.5917030374072,0.6046634505493008,0.7235019490654946
2025-01-21,424.0700073242188,-0.005713813715474756,-0.0056975209279747085,0.030181252561434033,-0.03420597069137606,0.021478195369560783,416.7119995117188,384.66819946289064,252.8198500061035,414.1120913368883,406.2807602811881,47.8740701851142,7.831331055700161,9.527962088684383,-1.6966310329842216,458.4381190249733,374.98587999846427,0.5881702863617922,0.6581205667816064
2025-01-22,415.1099853515625,-0.02135504315494337,-0.02112863871036752,-0.005713813715474756,0.030181252561434033,-0.017382638722844804,415.6589981079102,387.1997991943359,254.03984992980958,414.265613492992,406.93477695306774,49.33609932920196,7.330836539924235,9.088536978932353,-1.7577004390081186,456.368117454675,374.9498787611454,0.4932568824239217,0.6613470458223802
2025-01-23,412.3800048828125,-0.006598243859181292,-0.006576523247056931,-0.02135504315494337,-0.005713813715474756,0.07731423282838396,415.2249984741211,389.50919921875,255.27724998474122,413.9755198606567,407.33812717008584,52.629636249266795,6.6373926905708345,8.59830812126005,-1.9609154306892158,455.8767098469391,374.5732871013031,0.46500770207166586,0.6502362122270783
2025-01-24,406.5799865722656,-0.014164587635274254,-0.014064741844588391,-0.006598243859181292,-0.02135504315494337,-0.03420597069137606,414.0239974975586,391.2163989257813,256.4452499389648,412.83774550859647,407.28196860728434,59.504239353593654,5.555776901312129,7.989801877270467,-2.434024975958338,454.1793932353407,373.8686017597765,0.40730995438442524,0.6456884788393952
2025-01-27,397.1499938964844,-0.023466650856007368,-0.023193450212053546,-0.014164587635274254,-0.006598243859181292,0.030181252561434033,410.76749725341796,392.1593988037109,257.5465998840332,410.42424526057926,406.5314519620399,44.548361793278204,3.8927932985393454,7.170400161524243,-3.2776068629848973,444.49444897361735,377.04054553321856,0.29812134417149344,0.5867423673106545
2025-01-28,398.0899963378906,0.0023640734639690623,0.0023668700890153715,-0.023466650856007368,-0.014164587635274254,-0.005713813715474756,407.9654968261719,393.55139892578126,258.6782498931885,408.52666850324255,405.90615895284367,44.69809161610992,2.6205095503988787,6.26042203929917,-3.6399124889002916,435.21308436696364,380.71790928538013,0.3187821128476628,0.5864587236881496
2025-01-29,389.1000061035156,-0.02284170549807513,-0.02258280870425211,0.0023640734639690623,-0.023466650856007368,-0.02135504315494337,405.8374969482422,394.72859924316407,259.75074989318847,405.53795121097687,404.6612587417824,47.70346797534398,0.8766924691944951,5.183676125278235,-4.30698365608374,431.91615042359683,379.7588434728875,0.1790959536974535,0.5666198224601096
2025-01-30,400.2799987792969,0.028327903495885404,0.028732954254456988,-0.02284170549807513,0.0023640734639690623,-0.006598243859181292,404.9809967041016,396.5105993652344,260.8968998718262,404.7290354522569,404.33672096678345,52.1339495060041,0.3923144854734346,4.2254037973172744,-3.83308931184384,430.5801242161963,379.3818691920069,0.4081805049296377,0.5680985835918277
2025-01-31,404.6000061035156,0.010734640646320742,0.010792463618949588,0.028327903495885404,-0.02284170549807513,-0.014164587635274254,405.0189971923828,398.1881994628906,262.1124999237061,404.70918478321977,404.3562235695043,53.81461400724498,0.35296121371544587,3.450915280596909,-3.097954066881463,430.6132490380698,379.42474534669583,0.49181474240010276,0.5576189956336092
2025-02-03,383.6799926757813,-0.05309008706919777,-0.05170542044525328,0.010734640646320742,0.028327903495885404,-0.023466650856007368,405.23899688720707,399.0869995117188,263.2453498840332,401.47392445899845,402.82465091071003,43.06801286828971,-1.35072645171158,2.4905869341352114,-3.8413133858467914,429.962526199876,380.51546757453815,0.06399824760499667,0.5440785330536366
2025-02-04,392.2099914550781,0.021988536096152256,0.02223206563315605,-0.05309008706919777,0.010734640646320742,0.0023640734639690623,404.3274963378907,400.0111993408203,264.4291498565674,400.04870399685683,402.0383798399225,48.55067629138028,-1.9896758430656973,1.59453437869503,-3.5842102217607272,429.5821536121897,379.0728390635917,0.260093658147873,0.46741024820885496
2025-02-05,378.1700134277344,-0.03645352337012321,-0.035797094243459227,0.021988536096152256,-0.05309008706919777,-0.02284170549807513,402.68349761962895,400.73399963378904,265.5703499603271,396.6827516016072,400.27035269827894,30.035900462279898,-3.587601096671733,0.5581072836216774,-4.14570838029341,430.2687970105785,375.0981982286794,0.05567848214224586,0.48252187684595255
2025-02-06,374.3200073242188,-0.010232799351092567,-0.010180622383618165,-0.03645352337012321,0.021988536096152256,0.028327903495885404,401.68149871826176,401.4275994873047,266.70669998168944,393.2423294050859,398.348104892793,32.79616541805096,-5.105775487707092,-0.5746692706440766,-4.531106217063016,431.8725856431836,371.49041179333994,0.046861438574825165,0.46285377475061834
2025-02-07,361.6199951171875,-0.03451714290429049,-0.03392822173149601,-0.010232799351092567,-0.03645352337012321,0.010734640646320742,400.0154983520508,401.6087994384766,267.8045499420166,388.37735489925535,395.6275041686741,21.747082065754427,-7.250149269418728,-1.909765270399007,-5.340383999019721,435.0601266526008,364.97087005150087,-0.04780868134162492,0.47608722593543834
2025-02-10,350.7300109863281,-0.030577195209388917,-0.030114441341470455,-0.03451714290429049,-0.010232799351092567,-0.05309008706919777,397.8149993896485,401.85159973144533,268.8348000335693,382.5854558357281,392.3017639329447,20.254705927930658,-9.716308097216597,-3.471073835762525,-6.245234261454073,439.2065386617575,356.4234601175395,-0.0687755182741875,0.4847074124699521
2025-02-11,328.5,-0.06547989008634725,-0.06338211812502892,-0.030577195209388917,-0.03451714290429049,0.021988536096152256,394.0744995117188,401.65699951171877,269.66665000915526,374.26461647638536,387.57570734531913,18.28634452795525,-13.311090868933775,-5.439077242396776,-7.872013626536999,445.64464608697455,342.504352936463,-0.1357796503062738,0.5167609194439152
2025-02-12,336.510009765625,0.024091057420887543,0.0243835913717656,-0.06547989008634725,-0.030577195209388917,-0.03645352337012321,391.08200073242193,401.7293994140625,270.4983000946045,368.4562154439607,383.7930630801566,23.253195383482577,-15.336847636195955,-7.418631321156612,-7.918216315039343,448.68659875767213,333.47740270717173,0.026322612798408588,0.529978341891944
2025-02-13,355.94000244140625,0.05613428883532556,0.05773971683431944,0.024091057420887543,-0.06547989008634725,-0.010232799351092567,387.46800079345707,401.94499938964844,271.43655014038086,366.53064421279845,381.72987340321214,33.71285638932625,-15.19922919041369,-8.974750895008029,-6.22447829540566,444.3268013293034,330.6092002576107,0.22275181629821625,0.4883582055518436
2025-02-14,355.8399963378906,-0.00028100285016493403,-0.0002809633725618932,0.05613428883532556,0.024091057420887543,-0.03451714290429049,384.5690002441407,401.9199993896484,272.2455001068115,364.8859291551203,379.8121047317068,35.865326702848634,-14.926175576586502,-10.165035831323724,-4.761139745262778,441.6823750741129,327.4556254141685,0.24849145238066436,0.4801369631323108
2025-02-18,354.1099853515625,-0.004873623368530301,-0.004861766535893763,-0.00028100285016493403,0.05613428883532556,-0.030577195209388917,380.9494995117188,401.973798828125,273.09965003967284,363.22809164688067,377.90824403688134,35.03266847033041,-14.680152390000671,-11.068059143059115,-3.6120932469415568,436.0125842187167,325.88641480472086,0.25628395772798696,0.45927318311728954
2025-02-19,360.55999755859375,0.018050813649058695,0.018214714280444966,-0.004873623368530301,-0.00028100285016493403,-0.06547989008634725,377.7739990234375,402.0263989257812,274.0025,362.8176156332981,376.6231887421934,40.116359070776106,-13.805573108895317,-11.615561936226355,-2.190011172668962,429.59638433438965,325.95161371248537,0.33391345881172946,0.4693704739497448
2025-02-20,354.3999938964844,-0.01723217010242546,-0.01708454543992588,0.018050813649058695,-0.004873623368530301,0.024091057420887543,374.7384994506836,401.72459899902344,274.8744499969482,361.52259690455753,374.97702616102976,33.539039318522725,-13.454429256472224,-11.983335400275529,-1.4710938561966955,424.4206285668788,325.0563703344884,0.2953136679525943,0.4680539478480866
2025-02-21,337.79998779296875,-0.04797223327197698,-0.046839747148427646,-0.01723217010242546,0.018050813649058695,0.05613428883532556,371.0094985961914,400.6961987304687,275.65749992370604,357.8729647335439,372.2231714670993,27.974149823875933,-14.35020673355541,-12.456709666931506,-1.8934970666239046,419.9862987840482,322.0326984083346,0.16096692029855636,0.4890891046286481
2025-02-24,330.5299987792969,-0.021756545199510743,-0.021521578674915554,-0.04797223327197698,-0.01723217010242546,-0.00028100285016493403,367.20699920654295,399.51099853515626,276.38634994506833,353.66635458673665,369.1347883050399,30.741363177259984,-15.468433718303231,-13.059054477205851,-2.4093792410973798,416.36432623432034,318.04967217876555,0.12694268947413528,0.49069155637164175
2025-02-25,302.79998779296875,-0.08762494178787733,-0.0838955952220366,-0.021756545199510743,-0.04797223327197698,-0.004873623368530301,362.4894989013672,397.5471984863281,277.01129989624025,345.84075969538776,364.22109937821983,21.559900466005004,-18.380339682832073,-14.123311518331096,-4.257028164500976,417.3283773652531,307.6506204374813,-0.04422622034207819,0.5612123773493608
2025-02-26,290.79998779296875,-0.04043677756749929,-0.039630120487999076,-0.08762494178787733,-0.021756545199510743,0.018050813649058695,357.12499847412107,394.86779846191405,277.5916998291016,337.3729486334771,358.7824985200531,21.84337908444151,-21.409549886575974,-15.580559191980072,-5.828990694595902,417.96321464341776,296.2867823048244,-0.04509332174194042,0.5656498004608903
2025-02-27,281.95001220703125,-0.030905910133740465,-0.030433204805490277,-0.04043677756749929,-0.08762494178787733,-0.01723217010242546,351.7674987792969,392.14479858398437,278.1415998840332,328.84634302940856,353.09120323760703,21.16141709776828,-24.244860208198475,-17.313419395223754,-6.931440812974721,419.25775848105536,284.2772390775384,-0.017241205477584825,0.5677203071020814
2025-02-28,292.9800109863281,0.03837459125197188,0.03912040539724382,-0.030905910133740465,-0.04043677756749929,-0.04797223327197698,346.4024993896484,389.27979858398436,278.7641499328613,323.32844579201156,348.6385223301049,28.344277078331075,-25.310076538093313,-18.912750823797666,-6.397325714295647,414.7095209600492,278.09547781924766,0.10895317073472227,0.579154269827399
2025-03-03,284.6499938964844,-0.028844050845269347,-0.02843203214376444,0.03837459125197188,-0.030905910133740465,-0.021756545199510743,340.4049987792969,385.71239868164065,279.3279499053955,317.37791473116124,343.8986313350219,28.809646464369692,-26.52071660386065,-20.434343979810265,-6.086372624050384,408.25903027832925,272.5509672802645,0.08915481032539983,0.5722813561430379
2025-03-04,272.0400085449219,-0.045311188236941684,-0.04429996705409467,-0.028844050845269347,0.03837459125197188,-0.08762494178787733,334.82299957275393,381.5559991455078,279.80039993286135,310.40285224097056,338.57577038760707,30.704038144673333,-28.172918146636505,-21.982058813175517,-6.190859333460988,405.9754349652694,263.67056418023844,0.05881347784171427,0.5665169399354196
2025-03-05,279.1000061035156,0.025621016692865903,0.025952056083059283,-0.045311188236941684,-0.028844050845269347,-0.04043677756749929,329.1675003051758,378.33539916992186,280.32594993591306,305.58702975828515,334.1701582184151,30.25111756059266,-28.583128460129956,-23.302272742566405,-5.280855717563551,399.08439799983853,259.25060261051306,0.1419499730929696,0.5699851635572054
2025-03-06,263.45001220703125,-0.05770651942025788,-0.056073068986891905,0.025621016692865903,-0.045311188236941684,-0.030905910133740465,323.43150024414064,374.8809991455078,280.76900001525877,299.1044116734769,328.93162888423853,17.334186109577004,-29.82721721076166,-24.607261636205457,-5.219955574556202,395.2196062609271,251.64339422735415,0.08223241031680315,0.5844100988074841
2025-03-07,262.6700134277344,-0.0029651004058366417,-0.0029607088371812473,-0.05770651942025788,0.025621016692865903,0.03837459125197188,317.84900054931643,371.7131994628906,281.19505004882814,293.49911963567035,324.0233610726456,17.25132410890818,-30.524241436975274,-25.79065759635942,-4.733583840615854,390.33610990272877,245.3618911959041,0.11938758757397946,0.586269868591584
2025-03-10,222.1499938964844,-0.167545740677576,-0.1542620682219511,-0.0029651004058366417,-0.05770651942025788,-0.028844050845269347,310.87550048828126,367.54419921875,281.43105003356936,282.522331060411,316.4771857262633,13.555019546319073,-33.95485466585234,-27.423497010258004,-6.531357655594334,391.9578052659997,229.79319571056283,-0.04713236651962309,0.7911989368985263
2025-03-11,230.5800018310547,0.037245079838722016,0.037947369642955975,-0.167545740677576,-0.0029651004058366417,-0.045311188236941684,304.8680000305176,362.91019927978516,281.65095001220703,274.53120348666386,310.1144313636553,14.490221644285782,-35.58322787699143,-29.05544318360469,-6.527784693386739,391.1543038359188,218.58169622511633,0.06952613031726189,0.8202271053013828
2025-03-12,248.08999633789065,0.07319368705023727,0.07593891216839133,0.037245079838722016,-0.167545740677576,0.025621016692865903,300.8474998474121,358.7893991088867,281.9908499908447,270.4633254637757,305.5200287691542,22.65267267859464,-35.056703305378505,-30.255695207959455,-4.80100809741905,389.94505892816693,211.7499407666573,0.20393406927285204,0.8668038581754637
2025-03-13,240.67999267578125,-0.030323348875332203,-0.02986820819658209,0.07319368705023727,0.037245079838722016,-0.05770651942025788,296.0559989929199,354.96979888916013,282.3255499267578,265.88127426562266,300.717063132608,23.77686603346288,-34.835788866985354,-31.171713939764636,-3.6640749272207174,387.35818794346557,204.75381004237425,0.19674327114362294,0.8565171771798593
2025-03-14,249.97999572753903,0.037912677650069934,0.038640532386444715,-0.030323348875332203,0.07319368705023727,-0.0029651004058366417,290.75799865722655,351.62119873046873,282.6792498779297,263.4349237213021,296.95876184334367,28.486726092886983,-33.52383812204158,-31.642138776220026,-1.8816993458215556,379.69553340791646,201.82046390653665,0.27074919467918357,0.8381960243313457
2025-03-17,238.009994506836,-0.049068231054899894,-0.04788383640805205,0.037912677650069934,-0.030323348875332203,-0.167545740677576,284.86649856567385,348.30459869384765,282.9855498504639,259.5233961498458,292.5921864850838,31.105280128499572,-33.06879033523802,-31.927469088023628,-1.1413212472143925,371.2249245025936,198.50807262875412,0.22870913549846278,0.8426507787082194
2025-03-18,225.3099975585937,-0.054835445634435626,-0.053359090968247314,-0.049068231054899894,0.037912677650069934,0.037245079838722016,278.4264991760254,345.2251986694336,283.23114982604983,254.25979636657624,287.6083206386771,30.978799722248354,-33.34852427210089,-32.21168012483908,-1.1368441472618116,362.21481481176363,194.63818354028717,0.1830315706049596,0.8493064928805705
2025-03-19,235.8600006103516,0.045761190368065634,0.04682438935722,-0.054835445634435626,-0.049068231054899894,0.07319368705023727,272.1914993286133,341.7335986328125,283.5164998626709,251.42905855792628,283.77511174769006,36.74431810950781,-32.34605318976378,-32.23855473782402,-0.10749845193976171,348.46770035969917,195.9152982975274,0.2618424998417591,0.8722854803674538
2025-03-20,236.259994506836,0.0016944590202753241,0.0016958954271573123,0.045761190368065634,-0.054835445634435626,-0.030323348875332203,266.28449935913085,338.2377987670898,283.8073998260498,249.09535639622007,280.2554734335527,32.62467505429437,-31.16011703733264,-32.022867197725745,0.8627501603931051,333.51663922125624,199.05235949700543,0.27671017973050666,0.8760126158282455
2025-03-21,248.7100067138672,0.05135471581314038,0.052696235065183394,0.0016944590202753241,0.045761190368065634,0.037912677650069934,261.83000030517576,335.3247991943359,284.16949989318846,249.0360718297042,277.91877219505744,39.261388582534835,-28.88270036535323,-31.394833831251244,2.512133465898014,320.3527074842855,203.30729312606604,0.3879068123834855,0.9048374343706804
2025-03-24,278.3900146484375,0.11273547481030481,0.11933580126800525,0.05135471581314038,0.0016944590202753241,-0.049068231054899894,259.22300109863284,332.9937994384766,284.68759994506837,253.55206303258626,277.95367904345596,51.72170840154182,-24.401616010869702,-29.99619026717494,5.594574256305236,308.82547313255816,209.62052906470754,0.6932062331157154,1.0117491476876306
2025-03-25,288.1400146484375,0.034423463077927825,0.03502280788451673,0.11273547481030481,0.05135471581314038,-0.054835445634435626,258.49000244140626,330.86179992675784,285.25330001831054,258.87328635810184,278.7082224216027,52.41582222755767,-19.83493606350089,-27.96393942644013,8.12900336293924,305.7594852285157,211.22051965429685,0.8136274236442133,0.9774600012537248
2025-03-26,272.0599975585937,-0.05742390273973801,-0.05580626179068948,0.034423463077927825,0.11273547481030481,0.045761190368065634,257.5530029296875,328.23679992675784,285.7238999938965,260.9020111581775,278.2157613206391,52.29562806093097,-17.313750162461588,-25.833901573644425,8.520151411182837,302.8266022225647,212.27940363681034,0.6602147261924074,0.9880115898262872
2025-03-27,273.1300048828125,0.003925268964187849,0.003932982922226103,-0.05742390273973801,0.034423463077927825,0.0016944590202753241,257.11200256347655,325.77220031738284,286.20215003967286,262.7832409619675,277.83903862154085,52.78457769354657,-15.05579765957333,-23.678280790830208,8.622483131256878,301.5490865744357,212.67491855251743,0.6802323743316006,0.9828404753090904
2025-03-28,263.54998779296875,-0.035704833212183235,-0.03507493471452938,0.003925268964187849,-0.05742390273973801,0.05135471581314038,255.6405014038086,322.47880004882813,286.65095001220703,262.9012020128908,276.780590412017,63.194791082677135,-13.879388399126185,-21.718502312489406,7.839113913363221,296.9129871552049,214.36801565241228,0.5958203297567625,0.9780543849964775
2025-03-31,259.1600036621094,-0.016797411271064034,-0.016657121359109794,-0.035704833212183235,0.003925268964187849,0.11273547481030481,254.36600189208986,319.38559997558593,287.09345001220703,262.3256330358475,275.4753617638757,59.34964471211321,-13.149728728028208,-20.004747595597166,6.855018867568958,293.3790500246729,215.35295375950682,0.5614410049905284,0.975137489948085
2025-04-01,268.4599914550781,0.03525624951763979,0.035885119854736525,-0.016797411271064034,-0.035704833212183235,0.034423463077927825,254.18700103759767,316.2247998046875,287.54930000305177,263.2693804849599,274.9557047039648,57.04210403488999,-11.68632421900486,-18.341062920278706,6.654738701273846,292.8902290992043,215.48377297599103,0.6843901805136401,0.9725578834014771
2025-04-02,282.760009765625,0.05189662060946535,0.05326685079977622,0.03525624951763979,-0.016797411271064034,-0.05742390273973801,254.37000122070313,313.39859985351563,288.05075004577634,266.26793883583144,275.5338013751989,63.88595670219327,-9.265862539367447,-16.526022844096453,7.2601603047290055,293.6002354563258,215.1397669850805,0.8618383766766117,0.9863505220502364
2025-04-03,267.2799987792969,-0.05630172235818194,-0.05474611137253549,0.05189662060946535,0.03525624951763979,0.003925268964187849,254.5615005493164,310.44200012207034,288.49710006713866,266.42364036559536,274.9224085903173,55.48509723870204,-8.498768224721914,-14.920571920221546,6.421803695499632,294.01511506976175,215.10788602887106,0.6611829281622548,0.985260149620673
2025-04-04,239.42999267578125,-0.11003572551557192,-0.10419786826814681,-0.05630172235818194,0.05189662060946535,-0.035704833212183235,253.39949951171874,306.9829998779297,288.75705001831057,262.2707714902393,272.29334074479607,50.409032623187755,-10.022569254556743,-13.940971387088585,3.918402132531842,293.2148659982171,213.58413302522044,0.3245714146487303,1.0609696267709392
2025-04-07,233.2899932861328,-0.02597878190231111,-0.025644236634809525,-0.11003572551557192,-0.05630172235818194,-0.016797411271064034,253.95649948120118,303.517200012207,288.99919998168946,257.8121902280691,269.4042038960062,52.38893324369188,-11.592013667937124,-13.471179843258293,1.8791661753211688,292.2123056460384,215.70069331636398,0.2298905935216708,0.8754389995797703
2025-04-08,221.8600006103516,-0.050235731001905815,-0.048994783337158454,-0.02597878190231111,-0.11003572551557192,0.03525624951763979,253.520499420166,300.0114001464844,289.20064994812014,252.28108413303562,265.8824110600318,45.83085306145373,-13.601326926996194,-13.497209260005874,-0.10411766699031944,293.0748045996272,213.96619424070482,0.09978441453884612,0.8843462005684117
2025-04-09,272.20001220703125,0.20449058000160122,0.22689989839624514,-0.050235731001905815,-0.02597878190231111,0.05189662060946535,254.72600021362305,297.4936004638672,289.64660003662107,255.34553460595802,266.35038151536514,58.24917501770582,-11.00484690940712,-12.998736789886125,1.9938898804790046,295.0456407653829,214.40635966186318,0.7166935487802295,1.1229033945562195
2025-04-10,252.3999938964844,-0.07552202857803939,-0.07274069589492616,0.20449058000160122,-0.050235731001905815,-0.05630172235818194,255.3120002746582,294.75960021972656,289.99569999694825,254.89237449680826,265.3170194695221,50.81930500742747,-10.42464497271385,-12.483918426451671,2.0592734537378217,295.1093838801784,215.51461666913798,0.4634146002280175,1.1526356897286256
2025-04-11,252.3099975585937,-0.0003566259450702648,-0.0003565623615966462,-0.07552202857803939,0.20449058000160122,-0.11003572551557192,255.42850036621093,291.8002001953125,290.32049995422364,254.49508573708295,264.3535363650089,43.333331253062866,-9.858450627925947,-11.958824866746527,2.1003742388205797,295.1737710578053,215.6832296746165,0.4607688820159836,1.144966709047297
2025-04-14,252.3500061035156,0.00015855643290693837,0.00015856900364252802,-0.0003566259450702648,-0.07552202857803939,-0.02597878190231111,256.14550094604493,288.7552001953125,290.6004000091553,254.16507348576488,263.4643859752686,40.37334069252826,-9.299312489503734,-11.426922391297968,2.1276099017942336,295.0767549582576,217.21424693383227,0.4512538840729521,1.1299569715426132
2025-04-15,254.1100006103516,0.006950209565496565,0.006974418324816822,0.00015855643290693837,-0.0003566259450702648,-0.050235731001905815,257.5855010986328,286.1638003540039,290.8838500213623,254.1566007357013,262.7714685408303,44.7689015000425,-8.614867805129023,-10.86451147406418,2.249643668935157,293.7463844243199,221.42461777294565,0.45194392159922236,1.1091601535052276
2025-04-16,241.5500030517578,-0.05069074290399683,-0.049427403598542696,0.006950209565496565,0.00015855643290693837,0.20449058000160122,257.8700012207031,283.1506005859375,291.10220001220705,252.21712416894076,261.19950813423236,41.374414302614916,-8.982383965291604,-10.488085972309666,1.505702007018062,293.3951326171849,222.3448698242213,0.27030347915107894,1.1161367562176745
2025-04-17,241.3699951171875,-0.0007454979855451015,-0.0007452201709629014,-0.05069074290399683,0.006950209565496565,-0.07552202857803939,258.1255012512207,280.41460021972654,291.25974998474123,250.54833508405562,259.73065531815496,43.613961675018615,-9.182320234099336,-10.2269328246676,1.0446125905682635,293.0649022325377,223.1861002699038,0.2602204722543345,1.116155788603369
2025-04-21,227.5,-0.05918076725792799,-0.05746362595919796,-0.0007454979855451015,-0.05069074290399683,-0.0003566259450702648,257.0650009155273,277.4782000732422,291.240950012207,247.0024373788163,257.343199368662,41.35634054436055,-10.340761989845703,-10.24969865770322,-0.09106333214248252,294.4122895219616,219.71771230909303,0.10418812156508486,1.119067322198093
2025-04-22,237.97000122070312,0.04499438204493094,0.04602198338770602,-0.05918076725792799,-0.0007454979855451015,0.00015855643290693837,255.04400024414062,275.0052001953125,291.1988500213623,245.61283181602965,255.90814765399838,41.7286146868468,-10.29531583796873,-10.258822093756322,-0.036493744212407364,291.90381652737364,218.1841839609076,0.268392781827236,1.0485922942512305
2025-04-23,250.7400054931641,0.05227194715975201,0.05366224400956132,0.04499438204493094,-0.05918076725792799,0.006950209565496565,253.17399978637695,273.0054000854492,291.19495002746584,246.40162776635802,255.52532230875138,41.240836944125626,-9.123694542393366,-10.031796583483732,0.9081020410903662,286.5988847334255,219.7491148393284,0.46359008718999667,1.0599865310194145
2025-04-24,259.510009765625,0.03437870754426389,0.0349764859229853,0.05227194715975201,0.04499438204493094,-0.05069074290399683,252.5465003967285,271.6256002807617,291.2278000640869,248.41830192009138,255.82048434259386,47.793494819188545,-7.402182422502477,-9.505873751287481,2.103691328785004,284.93362563634406,220.15937515711298,0.6075042832202162,1.0520698948399312
2025-04-25,284.95001220703125,0.09351849398026,0.09803091011549903,0.03437870754426389,0.05227194715975201,-0.0007454979855451015,253.13750076293945,270.59440032958986,291.34090019226073,254.03856504115905,257.978227147367,63.10607237476126,-3.939662106207976,-8.392631422271581,4.452969316063605,287.4785740017415,218.7964275241374,0.9631845839946956,1.1058622271391432
2025-04-28,285.8800048828125,0.0032583903115033577,0.0032637046356942534,0.09351849398026,0.03437870754426389,-0.05918076725792799,254.25400161743164,269.19320037841794,291.4540001678467,258.9372480937211,260.0450254981408,65.60997418280343,-1.1077774044196644,-6.935660618701198,5.827883214281534,291.3610712655767,217.14693196928656,0.926145254331095,1.0967988039215875
2025-04-29,292.0299987792969,0.021284373105168935,0.021512501019458785,0.0032583903115033577,0.09351849398026,0.04499438204493094,255.89750137329102,267.9170004272461,291.7090001678467,264.0284405068866,262.4142827782264,71.50211001793515,1.6141577286602455,-5.22569694922891,6.839854677889155,296.6518998093502,215.14310293723182,0.9432956784124201,1.09552013997313
2025-04-30,282.1600036621094,-0.03438223363024816,-0.03379788089732105,0.021284373105168935,0.0032583903115033577,0.05227194715975201,256.5825019836426,266.47800079345706,291.8786502075195,266.81791176153627,263.8769287696251,54.05867582077851,2.9409829919111417,-3.5923609610008995,6.533343952912041,298.66485999278467,214.50014397450056,0.8038981522008611,1.0987129830309301
2025-05-01,280.5199890136719,-0.005829314402079844,-0.005812356915055328,-0.03438223363024816,0.021284373105168935,0.03437870754426389,256.4705009460449,264.8772006225586,292.0180501556396,268.9259236464802,265.10974804696195,63.449393925151625,3.8161755995182602,-2.1106536488970677,5.926829248415328,298.270484706138,214.67051718595184,0.7876734140096397,1.08328236215589
2025-05-02,287.2099914550781,0.02356864125337387,0.023848576584252656,-0.005829314402079844,-0.03438223363024816,0.09351849398026,257.467000579834,263.5334005737305,292.17130012512206,271.7388571554953,266.7468031142298,65.70091294610741,4.992054041265476,-0.690112110864559,5.682166152130035,301.2549930557322,213.67900810393581,0.8396249655840613,1.0655691026968355
2025-05-05,280.260009765625,-0.024495847170982712,-0.024198258752220814,0.02356864125337387,-0.005829314402079844,0.0032583903115033577,259.50850143432615,262.3826010131836,292.3301001739502,273.0498037108998,267.7477813847035,61.82126495051266,5.302022326196322,0.5083147765476174,4.793707549648705,303.5621229544072,215.4548799142451,0.7355255665171552,0.9847822134437343
2025-05-06,275.3500061035156,-0.01767474071206643,-0.017519458684867262,-0.024495847170982712,0.02356864125337387,0.021284373105168935,261.6115020751953,261.279001159668,292.46070022583007,273.4036810020715,268.31090914165253,58.762378724413026,5.092771860418964,1.4252061933218867,3.667565667097077,304.3925070083275,218.83049714206305,0.6605678039797563,0.9814316998110304
2025-05-07,276.2200012207031,0.0031546161942166075,0.003159597232260225,-0.01767474071206643,-0.024495847170982712,-0.03438223363024816,264.3295021057129,260.74740142822264,292.64580024719237,273.83696103570713,268.8967678141748,65.8296045603313,4.940193221532354,2.1282035989639803,2.811989622568374,303.2058085550501,225.45319565637564,0.6529273251625086,0.9572045799917965
2025-05-08,284.82000732421875,0.030659773437438274,0.031134624811778533,0.0031546161942166075,-0.01767474071206643,-0.005829314402079844,264.96050186157225,260.6278018188477,292.8123503112793,275.5266604647089,270.076267037141,68.42195154140563,5.450393427567917,2.792641564684768,2.657751862883149,304.77308087332887,225.14792284981564,0.7494124464629885,0.6360647173331887
2025-05-09,298.260009765625,0.046108194570086934,0.04718770485146129,0.030659773437438274,0.0031546161942166075,0.02356864125337387,267.2535026550293,260.95400177001954,293.07175033569337,279.024098818696,272.16395168369536,80.11064245345744,6.860147135000659,3.606142678747946,3.254004456252713,309.2431772993113,225.26382801074732,0.86921585334096,0.5831004459264418
2025-05-12,318.3800048828125,0.06528003118679684,0.06745790403815088,0.046108194570086934,0.030659773437438274,-0.024495847170982712,270.55700302124023,261.4620016479492,293.5837003326416,285.07885359779084,275.5873630317781,81.62013665827344,9.491490566012715,4.783212256200899,4.708278309811815,317.67885912258294,223.43514691989753,1.0074397086430726,0.6157388199590849
2025-05-13,334.07000732421875,0.04810492051681205,0.049280740626853614,0.06528003118679684,0.046108194570086934,-0.01767474071206643,274.6430030822754,262.4504019165039,294.1528003692627,292.6159541710874,279.9194107571441,82.0327542532396,12.696543413943346,6.365878487749389,6.330664926193957,328.7690320972597,220.51697406729113,1.048968817068508,0.6273044101927017
2025-05-14,347.67999267578125,0.0399319216619113,0.04073991993646375,0.04810492051681205,0.06528003118679684,0.0031546161942166075,279.3215026855469,263.9632015991211,294.7922003173828,301.08734471027105,284.9387131214876,82.67734062021431,16.148631588783473,8.322429107956207,7.826202480827266,341.5447997577351,217.09820561335863,1.0492998057538514,0.6332660861957099
2025-05-15,342.82000732421875,-0.01407694599861275,-0.013978329078298546,0.0399319216619113,0.04810492051681205,0.030659773437438274,284.38500289916993,265.23760162353517,295.34580032348634,307.5077543431861,289.22621639576397,75.30832561918703,18.281537947422123,10.31425087584939,7.967287071572732,350.05299083293835,218.7170149654015,0.9449276296083972,0.5945250504726848
2025-05-16,349.9800109863281,0.020670491941373468,0.0208856061756566,-0.01407694599861275,0.0399319216619113,0.046108194570086934,289.815503692627,266.9682015991211,295.982600402832,314.0419476729002,293.7264974765465,76.58428318983707,20.31545019635371,12.314490739950255,8.000959456403454,358.40422372679495,221.226783658459,0.9385889346216824,0.5906523990829721
2025-05-19,342.0899963378906,-0.02280219175263177,-0.022544186527114873,0.020670491941373468,-0.01407694599861275,0.06528003118679684,295.5450035095215,268.55660125732425,296.5327003479004,318.35703208289874,297.30897887368315,70.46606809288325,21.048053209215595,14.061203233803326,6.9868499754122695,361.3018389252193,229.78816809382374,0.8539175245746216,0.5389892649988439
2025-05-20,343.82000732421875,0.005044436283555748,0.005057180873010214,-0.02280219175263177,0.020670491941373468,0.04810492051681205,300.83750381469724,270.9900015258789,297.1675003814697,322.27441288925564,300.7542402403895,77.00595728982744,21.52017264886615,15.552997116815892,5.967175532050259,364.07340398409207,237.60160364530242,0.8398583984285904,0.5334338559165848
2025-05-21,334.6199951171875,-0.027122740878422213,-0.026758222357769146,0.005044436283555748,-0.02280219175263177,0.0399319216619113,305.03150329589846,273.07080139160155,297.80225036621096,324.1737332320144,303.2628146757079,72.22313734840559,20.910918556306513,16.624581404714014,4.286337151592498,365.33582858577677,244.72717800602015,0.745326447805024,0.5409595618272376
2025-05-22,341.0400085449219,0.019004252475032086,0.019185982671137136,-0.027122740878422213,0.005044436283555748,-0.01407694599861275,309.1080032348633,274.9298016357422,298.5130503845215,326.7685448186155,306.0611253326867,72.16138809359762,20.707419485928824,17.441149020956978,3.2662704649718464,367.44631667811575,250.7696897916109,0.7736795377288362,0.5361711434562227
2025-05-23,339.3399963378906,-0.004997253689502847,-0.004984788190348977,0.019004252475032086,-0.027122740878422213,0.020670491941373468,311.82750244140624,276.9030017089844,299.2065503692627,328.7026142831194,308.5262268886277,75.4216716220507,20.176387394491655,17.988196695663916,2.1881906988277393,370.4940996460345,253.16090523677798,0.7344817597015316,0.44841558105844664
2025-05-27,362.8900146484375,0.06709725458197968,0.06939947711644767,-0.004997253689502847,0.019004252475032086,-0.02280219175263177,315.6780029296875,279.16120208740233,300.0622004699707,333.96221433932214,312.5531741300951,82.4606835128877,21.409040209227044,18.67236539837654,2.736674810850502,377.21273625219555,254.14326960717946,0.8836208363113266,0.49310585711364596
2025-05-28,356.8999938964844,-0.016644185010272462,-0.016506435862546853,0.06709725458197968,-0.004997253689502847,0.005044436283555748,318.9215026855469,281.5390020751953,300.85250045776365,337.49110350196247,315.83812374242024,78.82250100954775,21.652979759542234,19.26848827060968,2.3844914889325537,382.0264358478474,255.81656952324641,0.8009153905072687,0.5018608542518734
2025-05-29,358.42999267578125,0.0042777491260106125,0.004286911755287504,-0.016644185010272462,0.06709725458197968,-0.027122740878422213,322.7350021362305,284.20140197753904,301.64465042114256,340.7124710671654,318.9930769967433,77.69581737872778,21.719394070422084,19.758669430572162,1.9607246398499214,385.7041043495816,259.7658999228794,0.7834325826864217,0.47450100041962867
2025-05-30,346.4599914550781,-0.03396601533337422,-0.03339564619395741,0.0042777491260106125,-0.016644185010272462,0.019004252475032086,326.0320022583008,286.4134017944336,302.3895003509522,341.5967049729981,321.0276632529162,68.33813513135067,20.569041720081884,19.920743888474107,0.6482978316077777,386.55190033198164,265.51210418461994,0.6687708493156,0.4984032318279132
2025-06-02,342.69000244140625,-0.010941091649071494,-0.01088145559849063,-0.03396601533337422,0.0042777491260106125,-0.004997253689502847,328.8060028076172,288.542001953125,303.0638003540039,341.7649045835224,322.63228097058214,60.56312814670069,19.13262361294028,19.76311983336734,-0.6304962204270623,386.86960616385346,270.7423994513809,0.6195585429706015,0.5014972798178517
2025-06-03,344.2699890136719,0.004599945784019605,0.004610541775392996,-0.010941091649071494,-0.03396601533337422,0.06709725458197968,332.00650177001955,290.4532015991211,303.7782502746582,342.1503021881608,324.23507415895915,55.05149385220444,17.91522802920167,19.39354147253421,-1.4783134433325387,385.6949249495688,278.3180785904703,0.6142097915843026,0.48625582448005295
2025-06-04,332.04998779296875,-0.03614067809813415,-0.03549540073392177,0.004599945784019605,-0.010941091649071494,-0.016644185010272462,334.8415008544922,291.5264010620117,304.3678002166748,340.5964076658236,324.81395665036723,42.151253313194665,15.782451015456388,18.671323381118647,-2.888872365662259,381.4550774069395,288.2279243020449,0.4700568668188056,0.5044175149988209
2025-06-05,284.70001220703125,-0.15384948606327908,-0.14259893789082123,-0.03614067809813415,0.004599945784019605,0.0042777491260106125,335.26550140380857,291.4576010131836,304.710700302124,331.9969622106248,321.8425533582683,29.54386486514356,10.15440885235654,16.967940475366227,-6.813531623009688,379.73906386501,290.79193894260715,-0.06848930463902539,0.7686893517259216
2025-06-06,295.1400146484375,0.0360138325066553,0.036670186138995975,-0.15384948606327908,-0.03614067809813415,-0.03396601533337422,335.78150177001953,291.9192013549805,305.0728003692627,326.3266625856729,319.8645875279105,31.13390164793597,6.4620750577624335,14.86676739184547,-8.404692334083036,377.9715381026775,293.59146543736153,0.018352072499606752,0.7716114239514182
2025-06-09,308.5799865722656,0.04453121583281344,0.04553761352840424,0.0360138325066553,-0.15384948606327908,-0.010941091649071494,336.29750061035156,292.62820098876955,305.51020027160644,323.59640473745645,319.02869116082564,38.89588226109567,4.567713576630808,12.806956628802538,-8.23924305217173,376.7729148712804,295.8220863494227,0.15760061330809147,0.7704292285419867
2025-06-10,326.0899963378906,0.05519232015438431,0.05674382827003055,0.04453121583281344,0.0360138325066553,0.004599945784019605,336.6830001831055,293.87900115966795,306.0243002319336,323.98003421444633,319.55175080357117,44.68110351055573,4.428283410875167,11.131221985217065,-6.702938574341898,376.58265141488715,296.78334895132383,0.36725443057535906,0.760151455193984
2025-06-11,326.42999267578125,0.0010421025390305668,0.0010426457165473302,0.05519232015438431,0.04453121583281344,-0.03614067809813415,336.3009994506836,295.2244009399414,306.60315017700196,324.3569509008056,320.0612502015127,47.40510659397059,4.295700699292922,9.764117728032238,-5.4684170287393155,376.4514880498155,296.1505108515517,0.3770748860187498,0.7397143536002482
2025-06-12,319.1099853515625,-0.022679683166052338,-0.022424432461661592,0.0010421025390305668,0.05519232015438431,-0.15384948606327908,334.8724990844727,296.2374008178711,307.0971000671387,323.5497254316913,319.9907861385534,43.09116490011074,3.5589392931378825,8.523082041053367,-4.964142747915485,375.349992383893,294.3950057850524,0.30529286218008067,0.7268628962590162
2025-06-13,325.3099975585937,0.019242741328905938,0.019429076154419578,-0.022679683166052338,0.0010421025390305668,0.0360138325066553,333.9969985961914,297.0884005737305,307.6576000213623,323.82053652813784,320.3848017992971,45.70185665282675,3.435734728840714,7.505612578610838,-4.069877849770124,374.50815100268164,293.4858461897012,0.3927825978580901,0.7305242466098137
2025-06-16,329.1300048828125,0.01167425797647222,0.011742668079331775,0.019242741328905938,-0.022679683166052338,0.04453121583281344,332.9544982910156,298.3254006958008,308.257200012207,324.6373778134724,321.0325946202983,38.23528911304182,3.6047831931741143,6.725446701523493,-3.120663508349379,372.8015051368078,293.10749144522345,0.45201027993138976,0.7274112503730269
2025-06-17,316.3500061035156,-0.03960360944657592,-0.03882963749794621,0.01167425797647222,0.019242741328905938,0.05519232015438431,331.66749877929686,299.86380096435545,308.8102000427246,323.36239755040214,320.68573621164774,36.507619953184836,2.6766613387544,5.915689628969675,-3.239028290215275,371.9326679132372,291.40232964535653,0.3097922720151967,0.7358516640925861
2025-06-18,322.04998779296875,0.017857560202303197,0.0180179597897272,-0.03960360944657592,0.01167425797647222,0.0010421025390305668,330.57899780273436,301.63900085449217,309.389049987793,323.16048835695085,320.7867918843382,38.221957172621586,2.3736964726126644,5.207290997698273,-2.8335945250856085,370.63741470315114,290.5205809023176,0.3935428473001279,0.739317379707559
2025-06-20,322.1600036621094,0.00034155282181088666,0.0003416111576173275,0.017857560202303197,-0.03960360944657592,-0.022679683166052338,329.9559982299805,303.64500091552736,309.92930000305176,323.0065676346676,320.8885112752842,41.47846988266417,2.118056359383388,4.589444070035296,-2.471387710651908,370.13717178803665,289.7748246719243,0.4029894615122803,0.7339736196531517
2025-06-23,348.67999267578125,0.07910624722725408,0.0823193093872907,0.00034155282181088666,0.017857560202303197,0.019242741328905938,330.33799743652344,305.17460052490236,310.6196999359131,326.95632533330047,322.94713952717285,51.81152598637165,4.009185806127618,4.473392417253761,-0.4642066111261425,371.10386572143005,289.5721291516168,0.7249675526480673,0.7858465114059129
2025-06-24,340.4700012207031,-0.023827555571310416,-0.023545920693855638,0.07910624722725408,0.00034155282181088666,0.01167425797647222,330.3944976806641,306.9360006713867,311.22499992370604,329.03535239290085,324.24512928224914,48.895095180223414,4.790223110651709,4.536758555933351,0.2534645547183585,371.2159929258921,289.573002435436,0.6234092906140773,0.790614878254705
2025-06-25,327.54998779296875,-0.03868634165630777,-0.037947582404945,-0.023827555571310416,0.07910624722725408,-0.03960360944657592,328.62749633789065,308.44080047607423,311.7118998718262,328.8068347621421,324.4899336163765,48.69686067996979,4.316901145765598,4.492787073899801,-0.17588592813420245,366.477784497422,290.7772081783593,0.48576617778469194,0.7604316279098624
2025-06-26,325.7799987792969,-0.005418374727754274,-0.0054037218123500486,-0.03868634165630777,-0.023827555571310416,0.017857560202303197,327.0714965820313,309.90940032958986,312.287149887085,328.3411676878582,324.5854939988151,66.16304332425506,3.7556736890431353,4.345364396928468,-0.5896907078853326,362.50984010307525,291.6331530609873,0.48177824251340245,0.7592188836501047
2025-06-27,323.6300048828125,-0.006621400161764133,-0.006599526995335614,-0.005418374727754274,-0.03868634165630777,0.00034155282181088666,325.3314971923828,311.29980041503904,312.8239498901367,327.6163734101589,324.51471702725934,61.99174825498201,3.1016563828995345,4.096622794122681,-0.9949664112231469,357.55881002852504,293.1041843562406,0.47360170365085286,0.7585212486574409
2025-06-30,317.6600036621094,-0.01861926308527601,-0.018446995428822777,-0.006621400161764133,-0.005418374727754274,0.07910624722725408,323.89149780273436,312.8220004272461,313.2813999176025,326.08462421815125,324.00696048169266,54.07834014212659,2.0776637364585895,3.6928309825898635,-1.615167246131274,354.6856022226452,293.09739338282355,0.39882001347316604,0.752710848375783
2025-07-01,300.7099914550781,-0.0548353231730864,-0.05335897504131726,-0.01861926308527601,-0.006621400161764133,-0.023827555571310416,321.792497253418,314.0088003540039,313.6442998504639,322.18083456229385,322.28125907231384,38.54279403887823,-0.10042451001999098,2.9341798840678925,-3.0346043940878835,352.9126295496508,290.6723649571852,0.16127223371585747,0.7736516749251336
2025-07-02,315.6499938964844,0.04848766871497916,0.04968242780731846,-0.0548353231730864,-0.01861926308527601,-0.03868634165630777,320.3614974975586,315.7718002319336,314.07349983215335,321.176089844477,321.7900542444746,45.7003839284171,-0.6139643999975988,2.2245510272547944,-2.838515427252393,349.7114191069712,291.011575888146,0.41973566976132487,0.7973506688390433
2025-07-03,315.3500061035156,-0.0009508330128998894,-0.0009503811144286889,0.04848766871497916,-0.0548353231730864,-0.005418374727754274,319.52649841308596,317.3194003295898,314.49879989624026,320.2797692689445,321.3130136414406,48.41136582541748,-1.0332443724960854,1.5729919473046183,-2.6062363198007037,348.4229916949939,290.630005131178,0.427733578797514,0.78847070934839
2025-07-07,293.94000244140625,-0.07030747928005848,-0.06789282780315342,-0.0009508330128998894,0.04848766871497916,-0.006621400161764133,319.9884979248047,318.1834002685547,314.8345999145508,316.2274974493232,319.2853831821788,38.25533583506661,-3.0578857328555955,0.6468164112725755,-3.704702144128171,346.7576889851916,293.2193068644178,0.013461287929147818,0.6118844479698142
2025-07-08,297.8099975585937,0.013080017887538436,0.013165935514200422,-0.07030747928005848,-0.0009508330128998894,-0.01861926308527601,320.1219970703125,318.94940002441405,315.18429992675783,313.39403592767246,317.69461387672806,38.278438230674524,-4.300577949055594,-0.3426624607930584,-3.957915488262535,346.3913823717646,293.85261176886036,0.07532315172815594,0.6000768235406233
2025-07-09,295.8800048828125,-0.006501707849529535,-0.0064806174796112614,0.013080017887538436,-0.07030747928005848,-0.0548353231730864,319.4869979858398,319.1679998779297,315.52769996643065,310.6995696130786,316.0787169142158,41.66191189007403,-5.379147301137209,-1.3499594288618886,-4.029187872275321,347.4880301912045,291.48596578047517,0.07846209150631753,0.5772643176712553
2025-07-10,309.8699951171875,0.046198855706690405,0.0472826483827995,-0.006501707849529535,0.013080017887538436,0.04848766871497916,318.6759979248047,319.6477996826172,315.8574499511719,310.5719427675569,315.61881159591746,45.35256611793704,-5.046868828360573,-2.0893413087616253,-2.9575275195989477,346.8110380991098,290.54095775049956,0.34350470528811555,0.5662022891980171
2025-07-11,313.510009765625,0.01167844971117151,0.01174690904506881,0.046198855706690405,-0.006501707849529535,-0.0009508330128998894,318.0299987792969,320.07739990234376,316.23375,311.023953074952,315.4626040529329,46.78606101384958,-4.438650977980899,-2.55920324260548,-1.879447735375419,346.0082760965264,290.05172146206735,0.4192232430463404,0.5683522420944379
2025-07-14,316.8999938964844,0.01075495879659973,0.010813001260769006,0.01167844971117151,0.046198855706690405,-0.07030747928005848,317.919499206543,320.77219970703123,316.5682499694824,311.92795935518774,315.5690773746774,35.74120298548742,-3.6411180194896815,-2.7755861979823204,-0.8655318215073611,345.897273636357,289.94172477672896,0.4817800856065916,0.564611167852538
2025-07-15,310.7799987792969,-0.019500985006087518,-0.01931207079538977,0.01075495879659973,0.01167844971117151,0.013080017887538436,317.1929992675781,321.37739990234377,316.8507999420166,311.7513500358199,315.21433081205663,36.424321412823225,-3.4629807762367477,-2.913065113633206,-0.5499156626035417,345.1172852526977,289.2687132824585,0.3851716299622018,0.5635298648075161
2025-07-16,321.6700134277344,0.03444095462458378,0.03504091219258654,-0.019500985006087518,0.01075495879659973,-0.006501707849529535,316.8199996948242,322.06660034179686,317.17405006408694,313.2772982499606,315.6925295243291,47.26054060940192,-2.415231274368466,-2.813498345780258,0.39826707141179174,344.26815668809985,289.3718427015486,0.5883486227162417,0.576651365159677
2025-07-17,319.4100036621094,-0.007050661595447646,-0.007025863995037018,0.03444095462458378,-0.019500985006087518,0.046198855706690405,316.9729995727539,322.84960021972654,317.50000007629393,314.2207913902912,315.96789797897947,47.045730794249636,-1.7471065886882684,-2.6002199943618605,0.8531134056735921,344.44422979975167,289.50176934575614,0.5443555688845793,0.559169661339765
2025-07-18,329.6499938964844,0.031555911584314186,0.03205907804067243,-0.007050661595447646,0.03444095462458378,0.01167844971117151,317.3529998779297,323.93559997558594,317.84595008850096,316.5945148527824,316.9813865654613,52.5970618337774,-0.38687171267889653,-2.1575503380252674,1.7706786253463709,345.32560941103293,289.3803903448264,0.7198041981746864,0.5668765163698349
2025-07-21,328.489990234375,-0.003525100711992725,-0.0035188948387289143,0.031555911584314186,-0.007050661595447646,0.01075495879659973,317.669499206543,324.9809997558594,318.18025001525876,318.42458798841204,317.8338757261216,54.8744202580245,0.590712262290424,-1.6078978179621293,2.1986100802525534,346.01191499984736,289.3270834132386,0.6908886508959524,0.5671172308723086
2025-07-22,332.1099853515625,0.010959828902223289,0.0110201078413521,-0.003525100711992725,0.031555911584314186,-0.019500985006087518,316.840998840332,325.92679931640623,318.55069999694825,320.5300337365891,318.89136532800615,66.05973842159534,1.6386684085829302,-0.9585845726531175,2.5972529812360476,342.1757605201194,291.50623716054463,0.8013445854399412,0.48876983866051965
2025-07-23,332.5599975585937,0.001354092368731555,0.0013550095657461902,0.010959828902223289,-0.003525100711992725,0.03444095462458378,316.44549865722655,326.6127990722656,318.9683999633789,322.38079740151284,319.903856604346,60.153720363367015,2.476940797166833,-0.2714794986891274,2.7484202958559605,340.4385545334658,292.4524427809873,0.8358158915748125,0.48228176406524004
2025-07-24,305.29998779296875,-0.08552542784602506,-0.08197020076301276,0.001354092368731555,0.010959828902223289,-0.007050661595447646,315.33299865722654,326.35119873046875,319.2915998840332,319.75298053865987,318.82208854424397,45.44134205348423,0.9308919944159015,-0.031005200068121602,0.9618971944840231,339.2212321725439,291.44476514190916,0.2900009881889232,0.5539359872840242
2025-07-25,316.0599975585937,0.03463720149934859,0.0352440556693423,-0.08552542784602506,0.001354092368731555,0.031555911584314186,314.8469985961914,325.9909985351562,319.6214998626709,319.18482931095735,318.6174892119736,61.10664356345222,0.5673400989837774,0.08866385974225818,0.47867623924151914,338.23048972249717,291.4635074698856,0.5259370800504147,0.5701238331566773
2025-07-28,325.5899963378906,0.029706848621968117,0.030152499060024818,0.03463720149934859,-0.08552542784602506,-0.003525100711992725,314.9449981689453,325.54919860839846,320.04529983520507,320.17023962279325,319.1339712213008,63.19840046628906,1.036268401492464,0.2781847680922993,0.7580836334001646,338.499280804141,291.3907155337496,0.7259673608789761,0.5803004858458375
2025-07-29,321.20001220703125,-0.013574889801361277,-0.013483166498468035,0.029706848621968117,0.03463720149934859,0.010959828902223289,315.1219985961914,325.1167987060547,320.4287998962402,320.32866617421445,319.28701129431784,61.75487671976594,1.0416548798966119,0.4308787904531618,0.6107760894434501,338.8149798240064,291.42901736837644,0.6282661213546312,0.578392128745892
2025-07-30,319.0400085449219,-0.006747506520358081,-0.006724793213012448,-0.013574889801361277,0.029706848621968117,0.001354092368731555,316.0384994506836,324.49799865722656,320.81874992370604,320.13041115432327,319.2687147943626,54.78252371740737,0.8616963599606606,0.5170423043546616,0.34465405560599904,338.7832748287311,293.2937240726361,0.5659823859402722,0.5413130440520143
